pageUrl,viewport,run,status,totalRequests,totalTransferredBytes,totalTransferred,documentBytes,imageBytes,jsBytes,cssBytes,fontBytes,audioVideoBytes,fetchXhrBytes,largestRequestUrl,largestRequestBytes,largestTop20,autoAudioRequests,spriteSheetRequests,r2Requests,repeatedApiCalls,errorRequests,imageRequestCount,tarotAlbumImageCount,jsRequestCount,fetchXhrRequestCount,suspectedCause,priority,measuredAt
/,mobile,cold,200,44,1809470,1.73 MB,310985,1030841,288454,177689,0,0,630,http://localhost:3100/,310985,303.7 KB http://localhost:3100/ | 233.6 KB http://localhost:3100/fuctionassets/veda.webp | 151.5 KB http://localhost:3100/fuctionassets/sukyo.webp | 123.8 KB http://localhost:3100/fuctionassets/jumsung.webp | 117.5 KB http://localhost:3100/fuctionassets/jami.webp | 116.9 KB http://localhost:3100/styles/fortune-ui.css?v=build-20260630-mobile-card-tap | 110.7 KB http://localhost:3100/fuctionassets/UNSETAMA2.webp | 80.6 KB http://localhost:3100/js/core/index-inline-runtime.js?v=build-20260630-mobile-card-tap | 76.4 KB http://localhost:3100/icons/%EA%BF%80%EA%BF%80%20%EC%9A%B4%EC%84%B8%20%EB%A1%9C%EA%B3%A0.webp?v=build-20260630-mobile-card-tap | 76.4 KB http://localhost:3100/icons/%EA%BF%80%EA%BF%80%20%EC%9A%B4%EC%84%B8%20%EB%A1%9C%EA%B3%A0.webp?v=20260511-mobile-logo-fix4 | 70.1 KB http://localhost:3100/js/destiny-profile.js?v=build-20260630-mobile-card-tap | 69.4 KB http://localhost:3100/fuctionassets/%EC%9E%90%EB%8A%94%20%EC%97%B0%EC%9D%B4.png?v=build-20260630-mobile-card-tap | 47.4 KB http://localhost:3100/icons/neo.webp?v=build-20260630-mobile-card-tap | 44.9 KB http://localhost:3100/js/services/destiny-flower-engine.js?v=20260625-df-i18n | 40.0 KB http://localhost:3100/styles/cosmic-main.css?v=build-20260630-mobile-card-tap | 28.6 KB http://localhost:3100/js/dream-ledger.js?v=build-20260630-mobile-card-tap | 15.5 KB http://localhost:3100/styles/core-ui.css?v=build-20260630-mobile-card-tap | 13.0 KB http://localhost:3100/js/mobile-interaction-patch.js?v=build-20260630-mobile-card-tap | 10.7 KB https://static.cloudflareinsights.com/beacon.min.js/v8c78df7c7c0f484497ecbca7046644da1771523124516 | 6.6 KB http://localhost:3100/js/core/uiBindings.js?v=20260627-astrology-ai,,,https://assets.code-destiny.com/Mulmaru.woff2 | https://assets.code-destiny.com/netmarbleM.ttf | https://assets.code-destiny.com/Galmuri11-Bold.woff2 | https://assets.code-destiny.com/The%20Jamsil%20OTF%204%20Medium.otf,,net::ERR_FAILED https://assets.code-destiny.com/Mulmaru.woff2 | net::ERR_FAILED https://assets.code-destiny.com/netmarbleM.ttf | net::ERR_FAILED https://assets.code-destiny.com/Galmuri11-Bold.woff2 | net::ERR_FAILED https://assets.code-destiny.com/The%20Jamsil%20OTF%204%20Medium.otf | net::ERR_ABORTED https://cdn.jsdelivr.net/npm/lunar-javascript@latest/lunar.js | net::ERR_ABORTED http://localhost:3100/api/sukuyo/calendar/?year=2026&month=6,9,3,22,2,none,normal,2026-06-30T13:07:51.541Z
/,mobile,repeat,200,48,1995743,1.90 MB,310985,1187329,288328,177689,0,0,30541,http://localhost:3100/,310985,303.7 KB http://localhost:3100/ | 233.6 KB http://localhost:3100/fuctionassets/veda.webp | 151.5 KB http://localhost:3100/fuctionassets/sukyo.webp | 123.8 KB http://localhost:3100/fuctionassets/jumsung.webp | 117.5 KB http://localhost:3100/fuctionassets/jami.webp | 116.9 KB http://localhost:3100/styles/fortune-ui.css?v=build-20260630-mobile-card-tap | 110.7 KB http://localhost:3100/fuctionassets/UNSETAMA2.webp | 80.6 KB http://localhost:3100/js/core/index-inline-runtime.js?v=build-20260630-mobile-card-tap | 76.4 KB http://localhost:3100/icons/%EA%BF%80%EA%BF%80%20%EC%9A%B4%EC%84%B8%20%EB%A1%9C%EA%B3%A0.webp | 76.4 KB http://localhost:3100/icons/%EA%BF%80%EA%BF%80%20%EC%9A%B4%EC%84%B8%20%EB%A1%9C%EA%B3%A0.webp?v=build-20260630-mobile-card-tap | 76.4 KB http://localhost:3100/icons/%EA%BF%80%EA%BF%80%20%EC%9A%B4%EC%84%B8%20%EB%A1%9C%EA%B3%A0.webp?v=20260511-mobile-logo-fix4 | 76.4 KB http://localhost:3100/icons/%EA%BF%80%EA%BF%80%20%EC%9A%B4%EC%84%B8%20%EB%A1%9C%EA%B3%A0.webp | 70.1 KB http://localhost:3100/js/destiny-profile.js?v=build-20260630-mobile-card-tap | 69.4 KB http://localhost:3100/fuctionassets/%EC%9E%90%EB%8A%94%20%EC%97%B0%EC%9D%B4.png?v=build-20260630-mobile-card-tap | 47.4 KB http://localhost:3100/icons/neo.webp?v=build-20260630-mobile-card-tap | 44.9 KB http://localhost:3100/js/services/destiny-flower-engine.js?v=20260625-df-i18n | 40.0 KB http://localhost:3100/styles/cosmic-main.css?v=build-20260630-mobile-card-tap | 28.6 KB http://localhost:3100/js/dream-ledger.js?v=build-20260630-mobile-card-tap | 28.5 KB http://localhost:3100/api/sukuyo/calendar/?year=2026&month=6 | 15.5 KB http://localhost:3100/styles/core-ui.css?v=build-20260630-mobile-card-tap,,,https://assets.code-destiny.com/Mulmaru.woff2 | https://assets.code-destiny.com/netmarbleM.ttf | https://assets.code-destiny.com/Galmuri11-Bold.woff2 | https://assets.code-destiny.com/The%20Jamsil%20OTF%204%20Medium.otf,,net::ERR_FAILED https://assets.code-destiny.com/Mulmaru.woff2 | net::ERR_FAILED https://assets.code-destiny.com/netmarbleM.ttf | net::ERR_FAILED https://assets.code-destiny.com/Galmuri11-Bold.woff2 | net::ERR_FAILED https://assets.code-destiny.com/The%20Jamsil%20OTF%204%20Medium.otf | net::ERR_BLOCKED_BY_ORB https://cdn.jsdelivr.net/npm/lunar-javascript@latest/lunar.js | net::ERR_ABORTED http://localhost:3100/cdn-cgi/rum/ | net::ERR_ABORTED http://localhost:3100/favicon.ico,11,3,22,4,none,normal,2026-06-30T13:08:29.498Z
/music,mobile,error,MEASURE_FAILED,0,0,0 B,0,0,0,0,0,0,0,,0,,,,,,Page.navigate timed out after 45000ms,0,0,0,0,measurement failed,unknown,2026-06-30T13:09:41.321Z
/fortune-tea-house,mobile,cold,200,32,3748945,3.58 MB,21938,883509,2699329,144169,0,0,0,http://localhost:3100/_next/static/chunks/main-app.js?v=1782825038640,1768527,1.69 MB http://localhost:3100/_next/static/chunks/main-app.js?v=1782825038640 | 603.8 KB http://localhost:3100/_next/static/chunks/app/layout.js | 264.8 KB https://assets.code-destiny.com/DestinyCafe/nobackground/talking-flower-pig-yeoni1-cutout.webp | 216.0 KB https://assets.code-destiny.com/DestinyCafe/%EC%9A%B4%EB%AA%85%EC%9D%98%20%EC%B0%BB%EC%A7%91%20%EB%AA%A8%EB%B0%94%EC%9D%BC.webp | 109.7 KB https://assets.code-destiny.com/DestinyCafe/%EB%A1%9C%EB%94%A9%20%EB%B0%B0%EA%B2%BD%20%EB%AA%A8%EB%B0%94%EC%9D%BC.webp | 103.5 KB https://assets.code-destiny.com/DestinyCafe/%EB%A1%9C%EB%94%A9%20%EB%B0%B0%EA%B2%BD%20%EB%8D%B0%EC%8A%A4%ED%81%AC%ED%83%91.webp | 92.4 KB http://localhost:3100/images/fortune-tea-house/honey-drop-counter.png | 78.0 KB http://localhost:3100/_next/static/css/app/layout.css?v=1782825038640 | 76.4 KB http://localhost:3100/icons/%EA%BF%80%EA%BF%80%20%EC%9A%B4%EC%84%B8%20%EB%A1%9C%EA%B3%A0.webp | 65.4 KB http://localhost:3100/_next/static/chunks/_app-pages-browser_app_components_DeferredAdsense_tsx.js | 62.8 KB http://localhost:3100/_next/static/css/app/fortune-tea-house/page.css?v=1782825038640 | 61.8 KB http://localhost:3100/_next/static/chunks/_app-pages-browser_app_components_DevPaymentTester_tsx.js | 61.1 KB http://localhost:3100/_next/static/chunks/app-pages-internals.js | 40.7 KB http://localhost:3100/_next/static/chunks/app/fortune-tea-house/page.js | 28.3 KB http://localhost:3100/_next/static/chunks/webpack.js?v=1782825038640 | 24.0 KB http://localhost:3100/_next/static/chunks/_app-pages-browser_app_components_AppVersionGuard_tsx.js | 21.4 KB http://localhost:3100/fortune-tea-house/ | 13.6 KB http://localhost:3100/_next/static/chunks/_app-pages-browser_app_components_LocaleRuntimeBridge_tsx.js | 3.6 KB http://localhost:3100/_next/static/chunks/_app-pages-browser_app_components_LegacyAuthTokenCleanup_tsx.js | 3.6 KB http://localhost:3100/_next/static/chunks/_app-pages-browser_app_components_BuildInfoLogger_tsx.js,,,https://assets.code-destiny.com/DestinyCafe/%EB%A1%9C%EB%94%A9%20%EB%B0%B0%EA%B2%BD%20%EB%8D%B0%EC%8A%A4%ED%81%AC%ED%83%91.webp | https://assets.code-destiny.com/DestinyCafe/%EB%A1%9C%EB%94%A9%20%EB%B0%B0%EA%B2%BD%20%EB%AA%A8%EB%B0%94%EC%9D%BC.webp | https://assets.code-destiny.com/DestinyCafe/nobackground/talking-flower-pig-yeoni1-cutout.webp | https://assets.code-destiny.com/DestinyCafe/%EC%9A%B4%EB%AA%85%EC%9D%98%20%EC%B0%BB%EC%A7%91%20%EB%AA%A8%EB%B0%94%EC%9D%BC.webp | https://assets.code-destiny.com/DestinyCafe/nobackground/%EC%98%A4%EB%B2%84%EB%A0%88%EC%9D%B4-Photoroom.png | https://assets.code-destiny.com/DestinyCafe/nobackground/%EC%98%A4%EB%B2%84%EB%A0%88%EC%9D%B42-Photoroom.png | https://assets.code-destiny.com/The%20Jamsil%20OTF%204%20Medium.otf | https://assets.code-destiny.com/netmarbleM.ttf | https://assets.code-destiny.com/Mulmaru.woff2 | https://assets.code-destiny.com/DestinyCafe/nobackground/%EC%98%A4%EB%B2%84%EB%A0%88%EC%9D%B4-Photoroom.png | https://assets.code-destiny.com/DestinyCafe/nobackground/%EC%98%A4%EB%B2%84%EB%A0%88%EC%9D%B42-Photoroom.png,,net::ERR_BLOCKED_BY_ORB https://assets.code-destiny.com/DestinyCafe/nobackground/%EC%98%A4%EB%B2%84%EB%A0%88%EC%9D%B4-Photoroom.png | net::ERR_BLOCKED_BY_ORB https://assets.code-destiny.com/DestinyCafe/nobackground/%EC%98%A4%EB%B2%84%EB%A0%88%EC%9D%B42-Photoroom.png | net::ERR_FAILED https://assets.code-destiny.com/The%20Jamsil%20OTF%204%20Medium.otf | net::ERR_FAILED https://assets.code-destiny.com/netmarbleM.ttf | net::ERR_FAILED https://assets.code-destiny.com/Mulmaru.woff2 | net::ERR_ABORTED http://localhost:3100/_next/static/chunks/_app-pages-browser_src_features_fortune-tea-house_FortuneTeaHousePage_tsx.js | net::ERR_BLOCKED_BY_ORB https://assets.code-destiny.com/DestinyCafe/nobackground/%EC%98%A4%EB%B2%84%EB%A0%88%EC%9D%B4-Photoroom.png | net::ERR_BLOCKED_BY_ORB https://assets.code-destiny.com/DestinyCafe/nobackground/%EC%98%A4%EB%B2%84%EB%A0%88%EC%9D%B42-Photoroom.png | net::ERR_ABORTED http://localhost:3100/version.json?t=1782825056460,10,0,13,2,JS transferred >= 1.5MB,watch,2026-06-30T13:10:58.227Z
/fortune-tea-house,mobile,repeat,200,66,10383909,9.90 MB,44177,2992852,6995557,288338,60280,0,2705,http://localhost:3100/_next/static/chunks/_app-pages-browser_src_features_fortune-tea-house_FortuneTeaHousePage_tsx.js,1774987,1.69 MB http://localhost:3100/_next/static/chunks/_app-pages-browser_src_features_fortune-tea-house_FortuneTeaHousePage_tsx.js | 1.69 MB http://localhost:3100/_next/static/chunks/main-app.js?v=1782825082230 | 1.69 MB http://localhost:3100/_next/static/chunks/main-app.js?v=1782825095641 | 603.8 KB http://localhost:3100/_next/static/chunks/app/layout.js | 603.8 KB http://localhost:3100/_next/static/chunks/app/layout.js | 291.1 KB https://assets.code-destiny.com/DestinyCafe/nobackground/talking-flower-pig-yeoni3-cutout.webp | 291.0 KB https://assets.code-destiny.com/DestinyCafe/nobackground/talking-flower-pig-yeoni2-cutout.webp | 264.9 KB https://assets.code-destiny.com/DestinyCafe/nobackground/talking-flower-pig-yeoni1-cutout.webp | 264.9 KB https://assets.code-destiny.com/DestinyCafe/nobackground/talking-flower-pig-yeoni1-cutout.webp | 264.8 KB https://assets.code-destiny.com/DestinyCafe/nobackground/talking-flower-pig-yeoni1-cutout.webp | 216.6 KB https://assets.code-destiny.com/DestinyCafe/%EC%9A%B4%EB%AA%85%EC%9D%98%20%EC%B0%BB%EC%A7%91%20%EB%AA%A8%EB%B0%94%EC%9D%BC.webp | 215.9 KB https://assets.code-destiny.com/DestinyCafe/%EC%9A%B4%EB%AA%85%EC%9D%98%20%EC%B0%BB%EC%A7%91%20%EB%AA%A8%EB%B0%94%EC%9D%BC.webp | 109.6 KB https://assets.code-destiny.com/DestinyCafe/%EB%A1%9C%EB%94%A9%20%EB%B0%B0%EA%B2%BD%20%EB%AA%A8%EB%B0%94%EC%9D%BC.webp | 109.6 KB https://assets.code-destiny.com/DestinyCafe/%EB%A1%9C%EB%94%A9%20%EB%B0%B0%EA%B2%BD%20%EB%AA%A8%EB%B0%94%EC%9D%BC.webp | 109.6 KB https://assets.code-destiny.com/DestinyCafe/%EB%A1%9C%EB%94%A9%20%EB%B0%B0%EA%B2%BD%20%EB%AA%A8%EB%B0%94%EC%9D%BC.webp | 109.5 KB https://assets.code-destiny.com/DestinyCafe/%EB%A1%9C%EB%94%A9%20%EB%B0%B0%EA%B2%BD%20%EB%AA%A8%EB%B0%94%EC%9D%BC.webp | 103.5 KB https://assets.code-destiny.com/DestinyCafe/%EB%A1%9C%EB%94%A9%20%EB%B0%B0%EA%B2%BD%20%EB%8D%B0%EC%8A%A4%ED%81%AC%ED%83%91.webp | 103.5 KB https://assets.code-destiny.com/DestinyCafe/%EB%A1%9C%EB%94%A9%20%EB%B0%B0%EA%B2%BD%20%EB%8D%B0%EC%8A%A4%ED%81%AC%ED%83%91.webp | 103.5 KB https://assets.code-destiny.com/DestinyCafe/%EB%A1%9C%EB%94%A9%20%EB%B0%B0%EA%B2%BD%20%EB%8D%B0%EC%8A%A4%ED%81%AC%ED%83%91.webp | 103.5 KB https://assets.code-destiny.com/DestinyCafe/%EB%A1%9C%EB%94%A9%20%EB%B0%B0%EA%B2%BD%20%EB%8D%B0%EC%8A%A4%ED%81%AC%ED%83%91.webp,,,https://assets.code-destiny.com/DestinyCafe/%EB%A1%9C%EB%94%A9%20%EB%B0%B0%EA%B2%BD%20%EB%8D%B0%EC%8A%A4%ED%81%AC%ED%83%91.webp | https://assets.code-destiny.com/DestinyCafe/%EB%A1%9C%EB%94%A9%20%EB%B0%B0%EA%B2%BD%20%EB%AA%A8%EB%B0%94%EC%9D%BC.webp | https://assets.code-destiny.com/DestinyCafe/nobackground/talking-flower-pig-yeoni1-cutout.webp | https://assets.code-destiny.com/DestinyCafe/%EC%9A%B4%EB%AA%85%EC%9D%98%20%EC%B0%BB%EC%A7%91%20%EB%AA%A8%EB%B0%94%EC%9D%BC.webp | https://assets.code-destiny.com/DestinyCafe/nobackground/%EC%98%A4%EB%B2%84%EB%A0%88%EC%9D%B4-Photoroom.png | https://assets.code-destiny.com/DestinyCafe/nobackground/%EC%98%A4%EB%B2%84%EB%A0%88%EC%9D%B42-Photoroom.png | https://assets.code-destiny.com/The%20Jamsil%20OTF%204%20Medium.otf | https://assets.code-destiny.com/netmarbleM.ttf | https://assets.code-destiny.com/Mulmaru.woff2 | https://assets.code-destiny.com/DestinyCafe/nobackground/%EC%98%A4%EB%B2%84%EB%A0%88%EC%9D%B4-Photoroom.png | https://assets.code-destiny.com/DestinyCafe/nobackground/%EC%98%A4%EB%B2%84%EB%A0%88%EC%9D%B42-Photoroom.png | https://assets.code-destiny.com/DestinyCafe/%EB%A1%9C%EB%94%A9%20%EB%B0%B0%EA%B2%BD%20%EB%8D%B0%EC%8A%A4%ED%81%AC%ED%83%91.webp | https://assets.code-destiny.com/DestinyCafe/%EB%A1%9C%EB%94%A9%20%EB%B0%B0%EA%B2%BD%20%EB%AA%A8%EB%B0%94%EC%9D%BC.webp | https://assets.code-destiny.com/DestinyCafe/nobackground/talking-flower-pig-yeoni1-cutout.webp | https://assets.code-destiny.com/DestinyCafe/%EB%A1%9C%EB%94%A9%20%EB%B0%B0%EA%B2%BD%20%EB%AA%A8%EB%B0%94%EC%9D%BC.webp | https://assets.code-destiny.com/DestinyCafe/%EB%A1%9C%EB%94%A9%20%EB%B0%B0%EA%B2%BD%20%EB%8D%B0%EC%8A%A4%ED%81%AC%ED%83%91.webp | https://assets.code-destiny.com/DestinyCafe/nobackground/talking-flower-pig-yeoni2-cutout.webp | https://assets.code-destiny.com/DestinyCafe/nobackground/talking-flower-pig-yeoni3-cutout.webp | https://assets.code-destiny.com/DestinyCafe/%EB%A1%9C%EB%94%A9%20%EB%B0%B0%EA%B2%BD%20%EB%8D%B0%EC%8A%A4%ED%81%AC%ED%83%91.webp | https://assets.code-destiny.com/DestinyCafe/%EB%A1%9C%EB%94%A9%20%EB%B0%B0%EA%B2%BD%20%EB%AA%A8%EB%B0%94%EC%9D%BC.webp | https://assets.code-destiny.com/DestinyCafe/nobackground/talking-flower-pig-yeoni1-cutout.webp | https://assets.code-destiny.com/DestinyCafe/%EC%9A%B4%EB%AA%85%EC%9D%98%20%EC%B0%BB%EC%A7%91%20%EB%AA%A8%EB%B0%94%EC%9D%BC.webp | https://assets.code-destiny.com/DestinyCafe/nobackground/%EC%98%A4%EB%B2%84%EB%A0%88%EC%9D%B4-Photoroom.png | https://assets.code-destiny.com/DestinyCafe/nobackground/%EC%98%A4%EB%B2%84%EB%A0%88%EC%9D%B42-Photoroom.png | https://assets.code-destiny.com/The%20Jamsil%20OTF%204%20Medium.otf | https://assets.code-destiny.com/netmarbleM.ttf | https://assets.code-destiny.com/Mulmaru.woff2 | https://assets.code-destiny.com/DestinyCafe/nobackground/%EC%98%A4%EB%B2%84%EB%A0%88%EC%9D%B4-Photoroom.png | https://assets.code-destiny.com/DestinyCafe/nobackground/%EC%98%A4%EB%B2%84%EB%A0%88%EC%9D%B42-Photoroom.png,,net::ERR_BLOCKED_BY_ORB https://assets.code-destiny.com/DestinyCafe/nobackground/%EC%98%A4%EB%B2%84%EB%A0%88%EC%9D%B4-Photoroom.png | net::ERR_BLOCKED_BY_ORB https://assets.code-destiny.com/DestinyCafe/nobackground/%EC%98%A4%EB%B2%84%EB%A0%88%EC%9D%B42-Photoroom.png | net::ERR_FAILED https://assets.code-destiny.com/The%20Jamsil%20OTF%204%20Medium.otf | net::ERR_FAILED https://assets.code-destiny.com/netmarbleM.ttf | net::ERR_FAILED https://assets.code-destiny.com/Mulmaru.woff2 | net::ERR_BLOCKED_BY_ORB https://assets.code-destiny.com/DestinyCafe/nobackground/%EC%98%A4%EB%B2%84%EB%A0%88%EC%9D%B4-Photoroom.png | net::ERR_BLOCKED_BY_ORB https://assets.code-destiny.com/DestinyCafe/nobackground/%EC%98%A4%EB%B2%84%EB%A0%88%EC%9D%B42-Photoroom.png | 500 http://localhost:3100/api/fortune-tea-house/honey-drops/balance/ | net::ERR_BLOCKED_BY_ORB https://assets.code-destiny.com/DestinyCafe/nobackground/%EC%98%A4%EB%B2%84%EB%A0%88%EC%9D%B4-Photoroom.png | net::ERR_BLOCKED_BY_ORB https://assets.code-destiny.com/DestinyCafe/nobackground/%EC%98%A4%EB%B2%84%EB%A0%88%EC%9D%B42-Photoroom.png | net::ERR_FAILED https://assets.code-destiny.com/The%20Jamsil%20OTF%204%20Medium.otf | net::ERR_FAILED https://assets.code-destiny.com/netmarbleM.ttf | net::ERR_FAILED https://assets.code-destiny.com/Mulmaru.woff2 | net::ERR_ABORTED http://localhost:3100/_next/static/chunks/_app-pages-browser_node_modules_next_dist_client_dev_noop-turbopack-hmr_js.js | net::ERR_ABORTED http://localhost:3100/_next/static/chunks/_app-pages-browser_app_components_LocaleRuntimeBridge_tsx.js | net::ERR_ABORTED http://localhost:3100/_next/static/chunks/_app-pages-browser_src_features_fortune-tea-house_FortuneTeaHousePage_tsx.js | net::ERR_ABORTED https://assets.code-destiny.com/DestinyCafe/nobackground/%EC%98%A4%EB%B2%84%EB%A0%88%EC%9D%B4-Photoroom.png | net::ERR_ABORTED https://assets.code-destiny.com/DestinyCafe/nobackground/%EC%98%A4%EB%B2%84%EB%A0%88%EC%9D%B42-Photoroom.png,26,0,22,4,initial load >= 5MB; JS transferred >= 3MB,high,2026-06-30T13:11:38.243Z
/neo-operation-room,mobile,cold,200,21,11504297,10.97 MB,14945,8340977,3052466,95909,0,0,0,https://assets.code-destiny.com/DestinyWar/%EB%84%A4%EC%98%A4%20%EB%B0%98%EC%8B%A0%EC%83%81%20%EB%B0%B0%EA%B2%BD%EC%97%86%EC%9D%8C-Photoroom.png,2074358,1.98 MB https://assets.code-destiny.com/DestinyWar/%EB%84%A4%EC%98%A4%20%EB%B0%98%EC%8B%A0%EC%83%81%20%EB%B0%B0%EA%B2%BD%EC%97%86%EC%9D%8C-Photoroom.png | 1.98 MB https://assets.code-destiny.com/DestinyWar/%EB%84%A4%EC%98%A4%20%EB%B0%98%EC%8B%A0%EC%83%81%20%EB%B0%B0%EA%B2%BD%EC%97%86%EC%9D%8C-Photoroom.png | 1.69 MB http://localhost:3100/_next/static/chunks/main-app.js?v=1782825122561 | 1.33 MB https://assets.code-destiny.com/DestinyWar/%EC%9E%91%EC%A0%84%EC%8B%A4%20%EC%97%90%EC%85%8B1-Photoroom.png | 1.33 MB https://assets.code-destiny.com/DestinyWar/%EC%9E%91%EC%A0%84%EC%8B%A4%20%EC%97%90%EC%85%8B1-Photoroom.png | 1.33 MB https://assets.code-destiny.com/DestinyWar/%EC%9E%91%EC%A0%84%EC%8B%A4%20%EC%97%90%EC%85%8B1-Photoroom.png | 603.8 KB http://localhost:3100/_next/static/chunks/app/layout.js | 478.7 KB http://localhost:3100/_next/static/chunks/app/neo-operation-room/page.js | 78.0 KB http://localhost:3100/_next/static/css/app/layout.css?v=1782825122561 | 65.4 KB http://localhost:3100/_next/static/chunks/_app-pages-browser_app_components_DeferredAdsense_tsx.js | 61.1 KB http://localhost:3100/_next/static/chunks/app-pages-internals.js | 28.3 KB http://localhost:3100/_next/static/chunks/webpack.js?v=1782825122561 | 15.7 KB http://localhost:3100/_next/static/css/app/neo-operation-room/page.css?v=1782825122561 | 14.6 KB http://localhost:3100/neo-operation-room/ | 13.6 KB http://localhost:3100/_next/static/chunks/_app-pages-browser_app_components_LocaleRuntimeBridge_tsx.js | 2.9 KB http://localhost:3100/_next/static/chunks/_app-pages-browser_node_modules_next_dist_client_dev_noop-turbopack-hmr_js.js | 0 B https://assets.code-destiny.com/DestinyWar/%EB%84%A4%EC%98%A4%20%EB%B0%98%EC%8B%A0%EC%83%81%20%EB%B0%B0%EA%B2%BD%EC%97%86%EC%9D%8C-Photoroom.png | 0 B https://assets.code-destiny.com/DestinyWar/%EB%84%A4%EC%98%A4%20%EC%A0%84%EB%9E%B5%EC%8B%A4%20%EB%AA%A8%EB%B0%94%EC%9D%BC1.png | 0 B https://assets.code-destiny.com/Mulmaru.woff2 | 0 B https://assets.code-destiny.com/The%20Jamsil%20OTF%204%20Medium.otf,,,https://assets.code-destiny.com/DestinyWar/%EB%84%A4%EC%98%A4%20%EB%B0%98%EC%8B%A0%EC%83%81%20%EB%B0%B0%EA%B2%BD%EC%97%86%EC%9D%8C-Photoroom.png | https://assets.code-destiny.com/DestinyWar/%EB%84%A4%EC%98%A4%20%EC%A0%84%EB%9E%B5%EC%8B%A4%20%EB%AA%A8%EB%B0%94%EC%9D%BC1.png | https://assets.code-destiny.com/Mulmaru.woff2 | https://assets.code-destiny.com/The%20Jamsil%20OTF%204%20Medium.otf | https://assets.code-destiny.com/DestinyWar/%EC%9E%91%EC%A0%84%EC%8B%A4%20%EC%97%90%EC%85%8B1-Photoroom.png | https://assets.code-destiny.com/DestinyWar/%EB%84%A4%EC%98%A4%20%EB%B0%98%EC%8B%A0%EC%83%81%20%EB%B0%B0%EA%B2%BD%EC%97%86%EC%9D%8C-Photoroom.png | https://assets.code-destiny.com/DestinyWar/%EC%9E%91%EC%A0%84%EC%8B%A4%20%EC%97%90%EC%85%8B1-Photoroom.png | https://assets.code-destiny.com/DestinyWar/%EB%84%A4%EC%98%A4%20%EC%A0%84%EB%9E%B5%EC%8B%A4%20%EB%AA%A8%EB%B0%94%EC%9D%BC1.png | https://assets.code-destiny.com/DestinyWar/%EB%84%A4%EC%98%A4%20%EB%B0%98%EC%8B%A0%EC%83%81%20%EB%B0%B0%EA%B2%BD%EC%97%86%EC%9D%8C-Photoroom.png | https://assets.code-destiny.com/DestinyWar/%EC%9E%91%EC%A0%84%EC%8B%A4%20%EC%97%90%EC%85%8B1-Photoroom.png,,net::ERR_BLOCKED_BY_ORB https://assets.code-destiny.com/DestinyWar/%EB%84%A4%EC%98%A4%20%EB%B0%98%EC%8B%A0%EC%83%81%20%EB%B0%B0%EA%B2%BD%EC%97%86%EC%9D%8C-Photoroom.png | net::ERR_BLOCKED_BY_ORB https://assets.code-destiny.com/DestinyWar/%EB%84%A4%EC%98%A4%20%EC%A0%84%EB%9E%B5%EC%8B%A4%20%EB%AA%A8%EB%B0%94%EC%9D%BC1.png | net::ERR_FAILED https://assets.code-destiny.com/Mulmaru.woff2 | net::ERR_FAILED https://assets.code-destiny.com/The%20Jamsil%20OTF%204%20Medium.otf | net::ERR_BLOCKED_BY_ORB https://assets.code-destiny.com/DestinyWar/%EB%84%A4%EC%98%A4%20%EC%A0%84%EB%9E%B5%EC%8B%A4%20%EB%AA%A8%EB%B0%94%EC%9D%BC1.png,8,0,8,0,initial load >= 10MB; JS transferred >= 1.5MB,high,2026-06-30T13:12:06.028Z
/neo-operation-room,mobile,repeat,200,38,22189958,21.16 MB,14946,18834441,3243138,95909,0,0,1524,https://assets.code-destiny.com/DestinyWar/%EB%84%A4%EC%98%A4%20%EB%B0%98%EC%8B%A0%EC%83%81%20%EB%B0%B0%EA%B2%BD%EC%97%86%EC%9D%8C-Photoroom.png,2074357,1.98 MB https://assets.code-destiny.com/DestinyWar/%EB%84%A4%EC%98%A4%20%EB%B0%98%EC%8B%A0%EC%83%81%20%EB%B0%B0%EA%B2%BD%EC%97%86%EC%9D%8C-Photoroom.png | 1.98 MB https://assets.code-destiny.com/DestinyWar/%EB%84%A4%EC%98%A4%20%EB%B0%98%EC%8B%A0%EC%83%81%20%EB%B0%B0%EA%B2%BD%EC%97%86%EC%9D%8C-Photoroom.png | 1.98 MB https://assets.code-destiny.com/DestinyWar/%EB%84%A4%EC%98%A4%20%EB%B0%98%EC%8B%A0%EC%83%81%20%EB%B0%B0%EA%B2%BD%EC%97%86%EC%9D%8C-Photoroom.png | 1.98 MB https://assets.code-destiny.com/DestinyWar/%EB%84%A4%EC%98%A4%20%EB%B0%98%EC%8B%A0%EC%83%81%20%EB%B0%B0%EA%B2%BD%EC%97%86%EC%9D%8C-Photoroom.png | 1.98 MB https://assets.code-destiny.com/DestinyWar/%EB%84%A4%EC%98%A4%20%EB%B0%98%EC%8B%A0%EC%83%81%20%EB%B0%B0%EA%B2%BD%EC%97%86%EC%9D%8C-Photoroom.png | 1.69 MB http://localhost:3100/_next/static/chunks/main-app.js?v=1782825146583 | 1.33 MB https://assets.code-destiny.com/DestinyWar/%EC%9E%91%EC%A0%84%EC%8B%A4%20%EC%97%90%EC%85%8B1-Photoroom.png | 1.33 MB https://assets.code-destiny.com/DestinyWar/%EC%9E%91%EC%A0%84%EC%8B%A4%20%EC%97%90%EC%85%8B1-Photoroom.png | 1.33 MB https://assets.code-destiny.com/DestinyWar/%EC%9E%91%EC%A0%84%EC%8B%A4%20%EC%97%90%EC%85%8B1-Photoroom.png | 1.33 MB https://assets.code-destiny.com/DestinyWar/%EC%9E%91%EC%A0%84%EC%8B%A4%20%EC%97%90%EC%85%8B1-Photoroom.png | 1.33 MB https://assets.code-destiny.com/DestinyWar/%EC%9E%91%EC%A0%84%EC%8B%A4%20%EC%97%90%EC%85%8B1-Photoroom.png | 1.33 MB https://assets.code-destiny.com/DestinyWar/%EC%9E%91%EC%A0%84%EC%8B%A4%20%EC%97%90%EC%85%8B1-Photoroom.png | 603.8 KB http://localhost:3100/_next/static/chunks/app/layout.js | 478.7 KB http://localhost:3100/_next/static/chunks/app/neo-operation-room/page.js | 78.0 KB http://localhost:3100/_next/static/css/app/layout.css?v=1782825146583 | 76.4 KB http://localhost:3100/icons/%EA%BF%80%EA%BF%80%20%EC%9A%B4%EC%84%B8%20%EB%A1%9C%EA%B3%A0.webp | 65.4 KB http://localhost:3100/_next/static/chunks/_app-pages-browser_app_components_DeferredAdsense_tsx.js | 61.8 KB http://localhost:3100/_next/static/chunks/_app-pages-browser_app_components_DevPaymentTester_tsx.js | 61.8 KB http://localhost:3100/_next/static/chunks/_app-pages-browser_app_components_DevPaymentTester_tsx.js | 61.1 KB http://localhost:3100/_next/static/chunks/app-pages-internals.js,,,https://assets.code-destiny.com/DestinyWar/%EB%84%A4%EC%98%A4%20%EB%B0%98%EC%8B%A0%EC%83%81%20%EB%B0%B0%EA%B2%BD%EC%97%86%EC%9D%8C-Photoroom.png | https://assets.code-destiny.com/DestinyWar/%EC%9E%91%EC%A0%84%EC%8B%A4%20%EC%97%90%EC%85%8B1-Photoroom.png | https://assets.code-destiny.com/DestinyWar/%EB%84%A4%EC%98%A4%20%EB%B0%98%EC%8B%A0%EC%83%81%20%EB%B0%B0%EA%B2%BD%EC%97%86%EC%9D%8C-Photoroom.png | https://assets.code-destiny.com/DestinyWar/%EC%9E%91%EC%A0%84%EC%8B%A4%20%EC%97%90%EC%85%8B1-Photoroom.png | https://assets.code-destiny.com/DestinyWar/%EB%84%A4%EC%98%A4%20%EB%B0%98%EC%8B%A0%EC%83%81%20%EB%B0%B0%EA%B2%BD%EC%97%86%EC%9D%8C-Photoroom.png | https://assets.code-destiny.com/DestinyWar/%EC%9E%91%EC%A0%84%EC%8B%A4%20%EC%97%90%EC%85%8B1-Photoroom.png | https://assets.code-destiny.com/DestinyWar/%EB%84%A4%EC%98%A4%20%EB%B0%98%EC%8B%A0%EC%83%81%20%EB%B0%B0%EA%B2%BD%EC%97%86%EC%9D%8C-Photoroom.png | https://assets.code-destiny.com/DestinyWar/%EB%84%A4%EC%98%A4%20%EC%A0%84%EB%9E%B5%EC%8B%A4%20%EB%AA%A8%EB%B0%94%EC%9D%BC1.png | https://assets.code-destiny.com/Mulmaru.woff2 | https://assets.code-destiny.com/The%20Jamsil%20OTF%204%20Medium.otf | https://assets.code-destiny.com/DestinyWar/%EC%9E%91%EC%A0%84%EC%8B%A4%20%EC%97%90%EC%85%8B1-Photoroom.png | https://assets.code-destiny.com/DestinyWar/%EB%84%A4%EC%98%A4%20%EB%B0%98%EC%8B%A0%EC%83%81%20%EB%B0%B0%EA%B2%BD%EC%97%86%EC%9D%8C-Photoroom.png | https://assets.code-destiny.com/DestinyWar/%EC%9E%91%EC%A0%84%EC%8B%A4%20%EC%97%90%EC%85%8B1-Photoroom.png | https://assets.code-destiny.com/DestinyWar/%EB%84%A4%EC%98%A4%20%EC%A0%84%EB%9E%B5%EC%8B%A4%20%EB%AA%A8%EB%B0%94%EC%9D%BC1.png | https://assets.code-destiny.com/DestinyWar/%EB%84%A4%EC%98%A4%20%EB%B0%98%EC%8B%A0%EC%83%81%20%EB%B0%B0%EA%B2%BD%EC%97%86%EC%9D%8C-Photoroom.png | https://assets.code-destiny.com/DestinyWar/%EC%9E%91%EC%A0%84%EC%8B%A4%20%EC%97%90%EC%85%8B1-Photoroom.png,,net::ERR_BLOCKED_BY_ORB https://assets.code-destiny.com/DestinyWar/%EB%84%A4%EC%98%A4%20%EB%B0%98%EC%8B%A0%EC%83%81%20%EB%B0%B0%EA%B2%BD%EC%97%86%EC%9D%8C-Photoroom.png | net::ERR_BLOCKED_BY_ORB https://assets.code-destiny.com/DestinyWar/%EB%84%A4%EC%98%A4%20%EC%A0%84%EB%9E%B5%EC%8B%A4%20%EB%AA%A8%EB%B0%94%EC%9D%BC1.png | net::ERR_FAILED https://assets.code-destiny.com/Mulmaru.woff2 | net::ERR_FAILED https://assets.code-destiny.com/The%20Jamsil%20OTF%204%20Medium.otf | net::ERR_BLOCKED_BY_ORB https://assets.code-destiny.com/DestinyWar/%EB%84%A4%EC%98%A4%20%EC%A0%84%EB%9E%B5%EC%8B%A4%20%EB%AA%A8%EB%B0%94%EC%9D%BC1.png,15,0,16,2,initial load >= 20MB; JS transferred >= 3MB,very-high,2026-06-30T13:12:32.146Z
/neo-operation-room/result,mobile,cold,200,22,13472052,12.85 MB,14763,10555163,2818483,83643,0,0,0,https://assets.code-destiny.com/DestinyWar/%EC%82%AC%EC%9E%90%20%ED%9C%98%EC%9E%A5%20c%EB%B6%80%ED%84%B0ex-Photoroom.png,2501487,2.39 MB https://assets.code-destiny.com/DestinyWar/%EC%82%AC%EC%9E%90%20%ED%9C%98%EC%9E%A5%20c%EB%B6%80%ED%84%B0ex-Photoroom.png | 1.82 MB https://assets.code-destiny.com/DestinyWar/%EC%82%AC%EC%9E%90%20%ED%9C%98%EC%9E%A5%20%EB%8F%84%EC%9E%A5-Photoroom.png | 1.82 MB https://assets.code-destiny.com/DestinyWar/%EC%82%AC%EC%9E%90%20%ED%9C%98%EC%9E%A5%20%EB%8F%84%EC%9E%A5-Photoroom.png | 1.69 MB http://localhost:3100/_next/static/chunks/main-app.js?v=1782825162662 | 1.50 MB https://assets.code-destiny.com/DestinyWar/%EC%9E%91%EC%A0%84%EC%8B%A4%20%EC%97%90%EC%85%8B2-Photoroom.png | 1.33 MB https://assets.code-destiny.com/DestinyWar/%EC%9E%91%EC%A0%84%EC%8B%A4%20%EC%97%90%EC%85%8B1-Photoroom.png | 1.12 MB https://assets.code-destiny.com/DestinyWar/%EB%84%A4%EC%98%A4%20%EC%A0%84%EC%8B%A0%EC%83%81%20%EB%B0%B0%EA%B2%BD%EC%97%86%EC%9D%8C-Photoroom.png | 603.8 KB http://localhost:3100/_next/static/chunks/app/layout.js | 250.2 KB http://localhost:3100/_next/static/chunks/app/neo-operation-room/result/page.js | 78.0 KB http://localhost:3100/_next/static/css/app/layout.css?v=1782825162662 | 76.4 KB http://localhost:3100/icons/%EA%BF%80%EA%BF%80%20%EC%9A%B4%EC%84%B8%20%EB%A1%9C%EA%B3%A0.webp | 65.4 KB http://localhost:3100/_next/static/chunks/_app-pages-browser_app_components_DeferredAdsense_tsx.js | 61.1 KB http://localhost:3100/_next/static/chunks/app-pages-internals.js | 28.3 KB http://localhost:3100/_next/static/chunks/webpack.js?v=1782825162662 | 14.4 KB http://localhost:3100/neo-operation-room/result/ | 13.6 KB http://localhost:3100/_next/static/chunks/_app-pages-browser_app_components_LocaleRuntimeBridge_tsx.js | 3.7 KB http://localhost:3100/_next/static/css/app/neo-operation-room/result/page.css?v=1782825162662 | 2.9 KB http://localhost:3100/_next/static/chunks/_app-pages-browser_node_modules_next_dist_client_dev_noop-turbopack-hmr_js.js | 0 B https://assets.code-destiny.com/DestinyWar/%EB%84%A4%EC%98%A4%20%EC%A0%84%EC%8B%A0%EC%83%81%20%EB%B0%B0%EA%B2%BD%EC%97%86%EC%9D%8C-Photoroom.png | 0 B https://assets.code-destiny.com/DestinyWar/%EB%84%A4%EC%98%A4%20%EC%A0%84%EB%9E%B5%EC%8B%A4%20%EB%AA%A8%EB%B0%94%EC%9D%BC1.png,,,https://assets.code-destiny.com/DestinyWar/%EB%84%A4%EC%98%A4%20%EC%A0%84%EC%8B%A0%EC%83%81%20%EB%B0%B0%EA%B2%BD%EC%97%86%EC%9D%8C-Photoroom.png | https://assets.code-destiny.com/DestinyWar/%EB%84%A4%EC%98%A4%20%EC%A0%84%EB%9E%B5%EC%8B%A4%20%EB%AA%A8%EB%B0%94%EC%9D%BC1.png | https://assets.code-destiny.com/Mulmaru.woff2 | https://assets.code-destiny.com/DestinyWar/%EC%9E%91%EC%A0%84%EC%8B%A4%20%EC%97%90%EC%85%8B1-Photoroom.png | https://assets.code-destiny.com/DestinyWar/%EC%9E%91%EC%A0%84%EC%8B%A4%20%EC%97%90%EC%85%8B2-Photoroom.png | https://assets.code-destiny.com/DestinyWar/%EC%82%AC%EC%9E%90%20%ED%9C%98%EC%9E%A5%20c%EB%B6%80%ED%84%B0ex-Photoroom.png | https://assets.code-destiny.com/DestinyWar/%EB%84%A4%EC%98%A4%20%EC%A0%84%EC%8B%A0%EC%83%81%20%EB%B0%B0%EA%B2%BD%EC%97%86%EC%9D%8C-Photoroom.png | https://assets.code-destiny.com/DestinyWar/%EB%84%A4%EC%98%A4%20%EC%A0%84%EB%9E%B5%EC%8B%A4%20%EB%AA%A8%EB%B0%94%EC%9D%BC1.png | https://assets.code-destiny.com/DestinyWar/%EC%82%AC%EC%9E%90%20%ED%9C%98%EC%9E%A5%20%EB%8F%84%EC%9E%A5-Photoroom.png | https://assets.code-destiny.com/DestinyWar/%EC%82%AC%EC%9E%90%20%ED%9C%98%EC%9E%A5%20%EB%8F%84%EC%9E%A5-Photoroom.png,,net::ERR_BLOCKED_BY_ORB https://assets.code-destiny.com/DestinyWar/%EB%84%A4%EC%98%A4%20%EC%A0%84%EC%8B%A0%EC%83%81%20%EB%B0%B0%EA%B2%BD%EC%97%86%EC%9D%8C-Photoroom.png | net::ERR_BLOCKED_BY_ORB https://assets.code-destiny.com/DestinyWar/%EB%84%A4%EC%98%A4%20%EC%A0%84%EB%9E%B5%EC%8B%A4%20%EB%AA%A8%EB%B0%94%EC%9D%BC1.png | net::ERR_FAILED https://assets.code-destiny.com/Mulmaru.woff2 | net::ERR_BLOCKED_BY_ORB https://assets.code-destiny.com/DestinyWar/%EB%84%A4%EC%98%A4%20%EC%A0%84%EB%9E%B5%EC%8B%A4%20%EB%AA%A8%EB%B0%94%EC%9D%BC1.png,10,0,8,0,initial load >= 10MB; JS transferred >= 1.5MB,high,2026-06-30T13:12:46.755Z
/neo-operation-room/result,mobile,repeat,200,23,13472597,12.85 MB,14758,10554951,2818483,83643,0,0,762,https://assets.code-destiny.com/DestinyWar/%EC%82%AC%EC%9E%90%20%ED%9C%98%EC%9E%A5%20c%EB%B6%80%ED%84%B0ex-Photoroom.png,2501490,2.39 MB https://assets.code-destiny.com/DestinyWar/%EC%82%AC%EC%9E%90%20%ED%9C%98%EC%9E%A5%20c%EB%B6%80%ED%84%B0ex-Photoroom.png | 1.82 MB https://assets.code-destiny.com/DestinyWar/%EC%82%AC%EC%9E%90%20%ED%9C%98%EC%9E%A5%20%EB%8F%84%EC%9E%A5-Photoroom.png | 1.82 MB https://assets.code-destiny.com/DestinyWar/%EC%82%AC%EC%9E%90%20%ED%9C%98%EC%9E%A5%20%EB%8F%84%EC%9E%A5-Photoroom.png | 1.69 MB http://localhost:3100/_next/static/chunks/main-app.js?v=1782825170212 | 1.50 MB https://assets.code-destiny.com/DestinyWar/%EC%9E%91%EC%A0%84%EC%8B%A4%20%EC%97%90%EC%85%8B2-Photoroom.png | 1.33 MB https://assets.code-destiny.com/DestinyWar/%EC%9E%91%EC%A0%84%EC%8B%A4%20%EC%97%90%EC%85%8B1-Photoroom.png | 1.12 MB https://assets.code-destiny.com/DestinyWar/%EB%84%A4%EC%98%A4%20%EC%A0%84%EC%8B%A0%EC%83%81%20%EB%B0%B0%EA%B2%BD%EC%97%86%EC%9D%8C-Photoroom.png | 603.8 KB http://localhost:3100/_next/static/chunks/app/layout.js | 250.2 KB http://localhost:3100/_next/static/chunks/app/neo-operation-room/result/page.js | 78.0 KB http://localhost:3100/_next/static/css/app/layout.css?v=1782825170212 | 76.4 KB http://localhost:3100/icons/%EA%BF%80%EA%BF%80%20%EC%9A%B4%EC%84%B8%20%EB%A1%9C%EA%B3%A0.webp | 65.4 KB http://localhost:3100/_next/static/chunks/_app-pages-browser_app_components_DeferredAdsense_tsx.js | 61.1 KB http://localhost:3100/_next/static/chunks/app-pages-internals.js | 28.3 KB http://localhost:3100/_next/static/chunks/webpack.js?v=1782825170212 | 14.4 KB http://localhost:3100/neo-operation-room/result/ | 13.6 KB http://localhost:3100/_next/static/chunks/_app-pages-browser_app_components_LocaleRuntimeBridge_tsx.js | 3.7 KB http://localhost:3100/_next/static/css/app/neo-operation-room/result/page.css?v=1782825170212 | 2.9 KB http://localhost:3100/_next/static/chunks/_app-pages-browser_node_modules_next_dist_client_dev_noop-turbopack-hmr_js.js | 762 B http://localhost:3100/version.json?t=1782825167368 | 0 B https://assets.code-destiny.com/DestinyWar/%EB%84%A4%EC%98%A4%20%EC%A0%84%EC%8B%A0%EC%83%81%20%EB%B0%B0%EA%B2%BD%EC%97%86%EC%9D%8C-Photoroom.png,,,https://assets.code-destiny.com/DestinyWar/%EB%84%A4%EC%98%A4%20%EC%A0%84%EC%8B%A0%EC%83%81%20%EB%B0%B0%EA%B2%BD%EC%97%86%EC%9D%8C-Photoroom.png | https://assets.code-destiny.com/DestinyWar/%EB%84%A4%EC%98%A4%20%EC%A0%84%EB%9E%B5%EC%8B%A4%20%EB%AA%A8%EB%B0%94%EC%9D%BC1.png | https://assets.code-destiny.com/Mulmaru.woff2 | https://assets.code-destiny.com/DestinyWar/%EC%9E%91%EC%A0%84%EC%8B%A4%20%EC%97%90%EC%85%8B1-Photoroom.png | https://assets.code-destiny.com/DestinyWar/%EC%9E%91%EC%A0%84%EC%8B%A4%20%EC%97%90%EC%85%8B2-Photoroom.png | https://assets.code-destiny.com/DestinyWar/%EC%82%AC%EC%9E%90%20%ED%9C%98%EC%9E%A5%20c%EB%B6%80%ED%84%B0ex-Photoroom.png | https://assets.code-destiny.com/DestinyWar/%EB%84%A4%EC%98%A4%20%EC%A0%84%EC%8B%A0%EC%83%81%20%EB%B0%B0%EA%B2%BD%EC%97%86%EC%9D%8C-Photoroom.png | https://assets.code-destiny.com/DestinyWar/%EC%82%AC%EC%9E%90%20%ED%9C%98%EC%9E%A5%20%EB%8F%84%EC%9E%A5-Photoroom.png | https://assets.code-destiny.com/DestinyWar/%EB%84%A4%EC%98%A4%20%EC%A0%84%EB%9E%B5%EC%8B%A4%20%EB%AA%A8%EB%B0%94%EC%9D%BC1.png | https://assets.code-destiny.com/DestinyWar/%EC%82%AC%EC%9E%90%20%ED%9C%98%EC%9E%A5%20%EB%8F%84%EC%9E%A5-Photoroom.png,,net::ERR_BLOCKED_BY_ORB https://assets.code-destiny.com/DestinyWar/%EB%84%A4%EC%98%A4%20%EC%A0%84%EC%8B%A0%EC%83%81%20%EB%B0%B0%EA%B2%BD%EC%97%86%EC%9D%8C-Photoroom.png | net::ERR_BLOCKED_BY_ORB https://assets.code-destiny.com/DestinyWar/%EB%84%A4%EC%98%A4%20%EC%A0%84%EB%9E%B5%EC%8B%A4%20%EB%AA%A8%EB%B0%94%EC%9D%BC1.png | net::ERR_FAILED https://assets.code-destiny.com/Mulmaru.woff2 | net::ERR_BLOCKED_BY_ORB https://assets.code-destiny.com/DestinyWar/%EB%84%A4%EC%98%A4%20%EC%A0%84%EB%9E%B5%EC%8B%A4%20%EB%AA%A8%EB%B0%94%EC%9D%BC1.png,10,0,8,1,initial load >= 10MB; JS transferred >= 1.5MB,high,2026-06-30T13:12:53.705Z
/login,mobile,cold,200,12,2931482,2.80 MB,18381,78244,2755019,79838,0,0,0,http://localhost:3100/_next/static/chunks/main-app.js?v=1782825180221,1768527,1.69 MB http://localhost:3100/_next/static/chunks/main-app.js?v=1782825180221 | 603.8 KB http://localhost:3100/_next/static/chunks/app/layout.js | 161.1 KB http://localhost:3100/_next/static/chunks/_app-pages-browser_app_login_LoginClient_tsx.js | 78.0 KB http://localhost:3100/_next/static/css/app/layout.css?v=1782825180221 | 76.4 KB http://localhost:3100/icons/%EA%BF%80%EA%BF%80%20%EC%9A%B4%EC%84%B8%20%EB%A1%9C%EA%B3%A0.webp | 65.4 KB http://localhost:3100/_next/static/chunks/_app-pages-browser_app_components_DeferredAdsense_tsx.js | 61.1 KB http://localhost:3100/_next/static/chunks/app-pages-internals.js | 28.3 KB http://localhost:3100/_next/static/chunks/webpack.js?v=1782825180221 | 27.1 KB http://localhost:3100/_next/static/chunks/app/login/page.js | 18.0 KB http://localhost:3100/login/ | 13.6 KB http://localhost:3100/_next/static/chunks/_app-pages-browser_app_components_LocaleRuntimeBridge_tsx.js | 2.9 KB http://localhost:3100/_next/static/chunks/_app-pages-browser_node_modules_next_dist_client_dev_noop-turbopack-hmr_js.js,,,,,,1,0,9,0,JS transferred >= 1.5MB,watch,2026-06-30T13:13:04.572Z
/login,mobile,repeat,200,24,3123677,2.98 MB,18381,78244,2945690,79838,0,0,1524,http://localhost:3100/_next/static/chunks/main-app.js?v=1782825207164,1768527,1.69 MB http://localhost:3100/_next/static/chunks/main-app.js?v=1782825207164 | 603.8 KB http://localhost:3100/_next/static/chunks/app/layout.js | 161.1 KB http://localhost:3100/_next/static/chunks/_app-pages-browser_app_login_LoginClient_tsx.js | 78.0 KB http://localhost:3100/_next/static/css/app/layout.css?v=1782825207164 | 76.4 KB http://localhost:3100/icons/%EA%BF%80%EA%BF%80%20%EC%9A%B4%EC%84%B8%20%EB%A1%9C%EA%B3%A0.webp | 65.4 KB http://localhost:3100/_next/static/chunks/_app-pages-browser_app_components_DeferredAdsense_tsx.js | 61.8 KB http://localhost:3100/_next/static/chunks/_app-pages-browser_app_components_DevPaymentTester_tsx.js | 61.8 KB http://localhost:3100/_next/static/chunks/_app-pages-browser_app_components_DevPaymentTester_tsx.js | 61.1 KB http://localhost:3100/_next/static/chunks/app-pages-internals.js | 28.3 KB http://localhost:3100/_next/static/chunks/webpack.js?v=1782825207164 | 27.1 KB http://localhost:3100/_next/static/chunks/app/login/page.js | 24.0 KB http://localhost:3100/_next/static/chunks/_app-pages-browser_app_components_AppVersionGuard_tsx.js | 24.0 KB http://localhost:3100/_next/static/chunks/_app-pages-browser_app_components_AppVersionGuard_tsx.js | 18.0 KB http://localhost:3100/login/ | 13.6 KB http://localhost:3100/_next/static/chunks/_app-pages-browser_app_components_LocaleRuntimeBridge_tsx.js | 3.6 KB http://localhost:3100/_next/static/chunks/_app-pages-browser_app_components_LegacyAuthTokenCleanup_tsx.js | 3.6 KB http://localhost:3100/_next/static/chunks/_app-pages-browser_app_components_LegacyAuthTokenCleanup_tsx.js | 3.6 KB http://localhost:3100/_next/static/chunks/_app-pages-browser_app_components_BuildInfoLogger_tsx.js | 3.6 KB http://localhost:3100/_next/static/chunks/_app-pages-browser_app_components_BuildInfoLogger_tsx.js | 2.9 KB http://localhost:3100/_next/static/chunks/_app-pages-browser_node_modules_next_dist_client_dev_noop-turbopack-hmr_js.js,,,,,,1,0,17,4,JS transferred >= 1.5MB,watch,2026-06-30T13:13:43.329Z
/points,mobile,cold,200,12,2931571,2.80 MB,18473,78244,2755016,79838,0,0,0,http://localhost:3100/_next/static/chunks/main-app.js?v=1782825238837,1768527,1.69 MB http://localhost:3100/_next/static/chunks/main-app.js?v=1782825238837 | 603.8 KB http://localhost:3100/_next/static/chunks/app/layout.js | 161.1 KB http://localhost:3100/_next/static/chunks/_app-pages-browser_app_login_LoginClient_tsx.js | 78.0 KB http://localhost:3100/_next/static/css/app/layout.css?v=1782825238837 | 76.4 KB http://localhost:3100/icons/%EA%BF%80%EA%BF%80%20%EC%9A%B4%EC%84%B8%20%EB%A1%9C%EA%B3%A0.webp | 65.4 KB http://localhost:3100/_next/static/chunks/_app-pages-browser_app_components_DeferredAdsense_tsx.js | 61.1 KB http://localhost:3100/_next/static/chunks/app-pages-internals.js | 28.3 KB http://localhost:3100/_next/static/chunks/webpack.js?v=1782825238837 | 27.1 KB http://localhost:3100/_next/static/chunks/app/login/page.js | 18.0 KB http://localhost:3100/login/?returnTo=%2Fpoints%2F&next=%2Fpoints%2F&redirect=%2Fpoints%2F | 13.6 KB http://localhost:3100/_next/static/chunks/_app-pages-browser_app_components_LocaleRuntimeBridge_tsx.js | 2.9 KB http://localhost:3100/_next/static/chunks/_app-pages-browser_node_modules_next_dist_client_dev_noop-turbopack-hmr_js.js,,,,,,1,0,9,0,JS transferred >= 1.5MB,watch,2026-06-30T13:14:13.256Z
/points,mobile,repeat,200,17,3027668,2.89 MB,18474,78244,2850350,79838,0,0,762,http://localhost:3100/_next/static/chunks/main-app.js?v=1782825263020,1768527,1.69 MB http://localhost:3100/_next/static/chunks/main-app.js?v=1782825263020 | 603.8 KB http://localhost:3100/_next/static/chunks/app/layout.js | 161.1 KB http://localhost:3100/_next/static/chunks/_app-pages-browser_app_login_LoginClient_tsx.js | 78.0 KB http://localhost:3100/_next/static/css/app/layout.css?v=1782825263020 | 76.4 KB http://localhost:3100/icons/%EA%BF%80%EA%BF%80%20%EC%9A%B4%EC%84%B8%20%EB%A1%9C%EA%B3%A0.webp | 65.4 KB http://localhost:3100/_next/static/chunks/_app-pages-browser_app_components_DeferredAdsense_tsx.js | 61.8 KB http://localhost:3100/_next/static/chunks/_app-pages-browser_app_components_DevPaymentTester_tsx.js | 61.1 KB http://localhost:3100/_next/static/chunks/app-pages-internals.js | 28.3 KB http://localhost:3100/_next/static/chunks/webpack.js?v=1782825263020 | 27.1 KB http://localhost:3100/_next/static/chunks/app/login/page.js | 24.0 KB http://localhost:3100/_next/static/chunks/_app-pages-browser_app_components_AppVersionGuard_tsx.js | 18.0 KB http://localhost:3100/login/?returnTo=%2Fpoints%2F&next=%2Fpoints%2F&redirect=%2Fpoints%2F | 13.6 KB http://localhost:3100/_next/static/chunks/_app-pages-browser_app_components_LocaleRuntimeBridge_tsx.js | 3.6 KB http://localhost:3100/_next/static/chunks/_app-pages-browser_app_components_LegacyAuthTokenCleanup_tsx.js | 3.6 KB http://localhost:3100/_next/static/chunks/_app-pages-browser_app_components_BuildInfoLogger_tsx.js | 2.9 KB http://localhost:3100/_next/static/chunks/_app-pages-browser_node_modules_next_dist_client_dev_noop-turbopack-hmr_js.js | 762 B http://localhost:3100/version.json?t=1782825253904,,,,,,1,0,13,1,JS transferred >= 1.5MB,watch,2026-06-30T13:14:28.659Z
/premium-unlock,mobile,cold,200,12,4394302,4.19 MB,25620,78244,4210600,79838,0,0,0,http://localhost:3100/_next/static/chunks/main-app.js?v=1782825297406,1768527,1.69 MB http://localhost:3100/_next/static/chunks/main-app.js?v=1782825297406 | 1.05 MB http://localhost:3100/_next/static/chunks/_app-pages-browser_app_components_OhangRadarChart_tsx.js | 603.8 KB http://localhost:3100/_next/static/chunks/app/layout.js | 535.0 KB http://localhost:3100/_next/static/chunks/app/premium-unlock/page.js | 78.0 KB http://localhost:3100/_next/static/css/app/layout.css?v=1782825297406 | 76.4 KB http://localhost:3100/icons/%EA%BF%80%EA%BF%80%20%EC%9A%B4%EC%84%B8%20%EB%A1%9C%EA%B3%A0.webp | 65.4 KB http://localhost:3100/_next/static/chunks/_app-pages-browser_app_components_DeferredAdsense_tsx.js | 61.1 KB http://localhost:3100/_next/static/chunks/app-pages-internals.js | 28.3 KB http://localhost:3100/_next/static/chunks/webpack.js?v=1782825297406 | 25.0 KB http://localhost:3100/premium-unlock/ | 13.6 KB http://localhost:3100/_next/static/chunks/_app-pages-browser_app_components_LocaleRuntimeBridge_tsx.js | 2.9 KB http://localhost:3100/_next/static/chunks/_app-pages-browser_node_modules_next_dist_client_dev_noop-turbopack-hmr_js.js,,,,,,1,0,9,0,JS transferred >= 3MB,high,2026-06-30T13:15:04.762Z
/premium-unlock,mobile,repeat,200,25,4731044,4.51 MB,25621,234681,4308512,159676,0,0,1683,http://localhost:3100/_next/static/chunks/main-app.js?v=1782825315943,1768527,1.69 MB http://localhost:3100/_next/static/chunks/main-app.js?v=1782825315943 | 1.05 MB http://localhost:3100/_next/static/chunks/_app-pages-browser_app_components_OhangRadarChart_tsx.js | 603.8 KB http://localhost:3100/_next/static/chunks/app/layout.js | 535.0 KB http://localhost:3100/_next/static/chunks/app/premium-unlock/page.js | 78.0 KB http://localhost:3100/_next/static/css/app/layout.css?v=1782825310844 | 78.0 KB http://localhost:3100/_next/static/css/app/layout.css?v=1782825315943 | 76.4 KB http://localhost:3100/icons/%EA%BF%80%EA%BF%80%20%EC%9A%B4%EC%84%B8%20%EB%A1%9C%EA%B3%A0.webp | 76.4 KB http://localhost:3100/icons/%EA%BF%80%EA%BF%80%20%EC%9A%B4%EC%84%B8%20%EB%A1%9C%EA%B3%A0.webp | 76.4 KB http://localhost:3100/icons/%EA%BF%80%EA%BF%80%20%EC%9A%B4%EC%84%B8%20%EB%A1%9C%EA%B3%A0.webp | 65.4 KB http://localhost:3100/_next/static/chunks/_app-pages-browser_app_components_DeferredAdsense_tsx.js | 61.8 KB http://localhost:3100/_next/static/chunks/_app-pages-browser_app_components_DevPaymentTester_tsx.js | 61.1 KB http://localhost:3100/_next/static/chunks/app-pages-internals.js | 28.3 KB http://localhost:3100/_next/static/chunks/webpack.js?v=1782825315943 | 25.0 KB http://localhost:3100/premium-unlock/ | 24.0 KB http://localhost:3100/_next/static/chunks/_app-pages-browser_app_components_AppVersionGuard_tsx.js | 13.6 KB http://localhost:3100/_next/static/chunks/_app-pages-browser_app_components_LocaleRuntimeBridge_tsx.js | 3.6 KB http://localhost:3100/_next/static/chunks/_app-pages-browser_app_components_LegacyAuthTokenCleanup_tsx.js | 3.6 KB http://localhost:3100/_next/static/chunks/_app-pages-browser_app_components_BuildInfoLogger_tsx.js | 2.9 KB http://localhost:3100/_next/static/chunks/_app-pages-browser_node_modules_next_dist_client_dev_noop-turbopack-hmr_js.js | 1.4 KB http://localhost:3100/_next/static/webpack/app/layout.f5938869f6eabb95.hot-update.js,,,,,200 http://localhost:3100/premium-unlock/?_rsc=itKdf4iMm_9LzOvC,3,0,15,3,JS transferred >= 3MB,high,2026-06-30T13:15:24.026Z
/life-book-ai,mobile,cold,200,12,3023717,2.88 MB,13912,78244,2851723,79838,0,0,0,http://localhost:3100/_next/static/chunks/main-app.js?v=1782825355810,1768527,1.69 MB http://localhost:3100/_next/static/chunks/main-app.js?v=1782825355810 | 603.8 KB http://localhost:3100/_next/static/chunks/app/layout.js | 255.2 KB http://localhost:3100/_next/static/chunks/_app-pages-browser_app_life-book-ai_LifeBookAiClient_tsx.js | 78.0 KB http://localhost:3100/_next/static/css/app/layout.css?v=1782825355810 | 76.4 KB http://localhost:3100/icons/%EA%BF%80%EA%BF%80%20%EC%9A%B4%EC%84%B8%20%EB%A1%9C%EA%B3%A0.webp | 65.4 KB http://localhost:3100/_next/static/chunks/_app-pages-browser_app_components_DeferredAdsense_tsx.js | 61.1 KB http://localhost:3100/_next/static/chunks/app-pages-internals.js | 28.3 KB http://localhost:3100/_next/static/chunks/webpack.js?v=1782825355810 | 27.4 KB http://localhost:3100/_next/static/chunks/app/life-book-ai/page.js | 13.6 KB http://localhost:3100/_next/static/chunks/_app-pages-browser_app_components_LocaleRuntimeBridge_tsx.js | 13.6 KB http://localhost:3100/life-book-ai/ | 2.9 KB http://localhost:3100/_next/static/chunks/_app-pages-browser_node_modules_next_dist_client_dev_noop-turbopack-hmr_js.js,,,,,,1,0,9,0,JS transferred >= 1.5MB,watch,2026-06-30T13:16:00.809Z
/life-book-ai,mobile,repeat,200,13,2545212,2.43 MB,13912,0,2450700,79838,0,0,762,http://localhost:3100/_next/static/chunks/main-app.js?v=1782825368862,1768527,1.69 MB http://localhost:3100/_next/static/chunks/main-app.js?v=1782825368862 | 456.2 KB http://localhost:3100/_next/static/chunks/app/layout.js | 78.0 KB http://localhost:3100/_next/static/css/app/layout.css?v=1782825368862 | 61.8 KB http://localhost:3100/_next/static/chunks/_app-pages-browser_app_components_DevPaymentTester_tsx.js | 61.1 KB http://localhost:3100/_next/static/chunks/app-pages-internals.js | 28.3 KB http://localhost:3100/_next/static/chunks/webpack.js?v=1782825368862 | 27.4 KB http://localhost:3100/_next/static/chunks/app/life-book-ai/page.js | 24.0 KB http://localhost:3100/_next/static/chunks/_app-pages-browser_app_components_AppVersionGuard_tsx.js | 13.6 KB http://localhost:3100/life-book-ai/ | 3.6 KB http://localhost:3100/_next/static/chunks/_app-pages-browser_app_components_LegacyAuthTokenCleanup_tsx.js | 3.6 KB http://localhost:3100/_next/static/chunks/_app-pages-browser_app_components_BuildInfoLogger_tsx.js | 762 B http://localhost:3100/version.json?t=1782825361728 | 0 B http://localhost:3100/icons/%EA%BF%80%EA%BF%80%20%EC%9A%B4%EC%84%B8%20%EB%A1%9C%EA%B3%A0.webp,,,,,net::ERR_ABORTED http://localhost:3100/icons/%EA%BF%80%EA%BF%80%20%EC%9A%B4%EC%84%B8%20%EB%A1%9C%EA%B3%A0.webp,0,0,9,1,JS transferred >= 1.5MB,watch,2026-06-30T13:16:17.064Z
/love-secret-ai,mobile,cold,200,13,3037295,2.90 MB,13837,78244,2865376,79838,0,0,0,http://localhost:3100/_next/static/chunks/main-app.js?v=1782825393950,1768527,1.69 MB http://localhost:3100/_next/static/chunks/main-app.js?v=1782825393950 | 603.8 KB http://localhost:3100/_next/static/chunks/app/layout.js | 268.6 KB http://localhost:3100/_next/static/chunks/_app-pages-browser_app_love-secret-ai_LoveSecretAiClient_tsx.js | 78.0 KB http://localhost:3100/_next/static/css/app/layout.css?v=1782825393950 | 76.4 KB http://localhost:3100/icons/%EA%BF%80%EA%BF%80%20%EC%9A%B4%EC%84%B8%20%EB%A1%9C%EA%B3%A0.webp | 65.4 KB http://localhost:3100/_next/static/chunks/_app-pages-browser_app_components_DeferredAdsense_tsx.js | 61.1 KB http://localhost:3100/_next/static/chunks/app-pages-internals.js | 28.3 KB http://localhost:3100/_next/static/chunks/webpack.js?v=1782825393950 | 27.3 KB http://localhost:3100/_next/static/chunks/app/love-secret-ai/page.js | 13.6 KB http://localhost:3100/_next/static/chunks/_app-pages-browser_app_components_LocaleRuntimeBridge_tsx.js | 13.5 KB http://localhost:3100/love-secret-ai/ | 2.9 KB http://localhost:3100/_next/static/chunks/_app-pages-browser_node_modules_next_dist_client_dev_noop-turbopack-hmr_js.js | 0 B https://assets.code-destiny.com/Mulmaru.woff2,,,https://assets.code-destiny.com/Mulmaru.woff2,,net::ERR_FAILED https://assets.code-destiny.com/Mulmaru.woff2,1,0,9,0,JS transferred >= 1.5MB,watch,2026-06-30T13:16:41.718Z
/love-secret-ai,mobile,repeat,200,18,3133388,2.99 MB,13832,78244,2960712,79838,0,0,762,http://localhost:3100/_next/static/chunks/main-app.js?v=1782825407613,1768527,1.69 MB http://localhost:3100/_next/static/chunks/main-app.js?v=1782825407613 | 603.8 KB http://localhost:3100/_next/static/chunks/app/layout.js | 268.6 KB http://localhost:3100/_next/static/chunks/_app-pages-browser_app_love-secret-ai_LoveSecretAiClient_tsx.js | 78.0 KB http://localhost:3100/_next/static/css/app/layout.css?v=1782825407613 | 76.4 KB http://localhost:3100/icons/%EA%BF%80%EA%BF%80%20%EC%9A%B4%EC%84%B8%20%EB%A1%9C%EA%B3%A0.webp | 65.4 KB http://localhost:3100/_next/static/chunks/_app-pages-browser_app_components_DeferredAdsense_tsx.js | 61.8 KB http://localhost:3100/_next/static/chunks/_app-pages-browser_app_components_DevPaymentTester_tsx.js | 61.1 KB http://localhost:3100/_next/static/chunks/app-pages-internals.js | 28.3 KB http://localhost:3100/_next/static/chunks/webpack.js?v=1782825407613 | 27.3 KB http://localhost:3100/_next/static/chunks/app/love-secret-ai/page.js | 24.0 KB http://localhost:3100/_next/static/chunks/_app-pages-browser_app_components_AppVersionGuard_tsx.js | 13.6 KB http://localhost:3100/_next/static/chunks/_app-pages-browser_app_components_LocaleRuntimeBridge_tsx.js | 13.5 KB http://localhost:3100/love-secret-ai/ | 3.6 KB http://localhost:3100/_next/static/chunks/_app-pages-browser_app_components_LegacyAuthTokenCleanup_tsx.js | 3.6 KB http://localhost:3100/_next/static/chunks/_app-pages-browser_app_components_BuildInfoLogger_tsx.js | 2.9 KB http://localhost:3100/_next/static/chunks/_app-pages-browser_node_modules_next_dist_client_dev_noop-turbopack-hmr_js.js | 762 B http://localhost:3100/version.json?t=1782825402635 | 0 B https://assets.code-destiny.com/Mulmaru.woff2,,,https://assets.code-destiny.com/Mulmaru.woff2,,net::ERR_FAILED https://assets.code-destiny.com/Mulmaru.woff2,1,0,13,1,JS transferred >= 1.5MB,watch,2026-06-30T13:16:51.580Z
/karma-destiny-ai,mobile,cold,200,13,3084159,2.94 MB,18895,78244,2907182,79838,0,0,0,http://localhost:3100/_next/static/chunks/main-app.js?v=1782825446703,1768527,1.69 MB http://localhost:3100/_next/static/chunks/main-app.js?v=1782825446703 | 603.8 KB http://localhost:3100/_next/static/chunks/app/layout.js | 308.0 KB http://localhost:3100/_next/static/chunks/_app-pages-browser_app_karma-destiny-ai_KarmaDestinyAiClient_tsx.js | 78.0 KB http://localhost:3100/_next/static/css/app/layout.css?v=1782825446703 | 76.4 KB http://localhost:3100/icons/%EA%BF%80%EA%BF%80%20%EC%9A%B4%EC%84%B8%20%EB%A1%9C%EA%B3%A0.webp | 65.4 KB http://localhost:3100/_next/static/chunks/_app-pages-browser_app_components_DeferredAdsense_tsx.js | 61.1 KB http://localhost:3100/_next/static/chunks/app-pages-internals.js | 28.8 KB http://localhost:3100/_next/static/chunks/app/karma-destiny-ai/page.js | 28.3 KB http://localhost:3100/_next/static/chunks/webpack.js?v=1782825446703 | 18.5 KB http://localhost:3100/karma-destiny-ai/ | 13.6 KB http://localhost:3100/_next/static/chunks/_app-pages-browser_app_components_LocaleRuntimeBridge_tsx.js | 2.9 KB http://localhost:3100/_next/static/chunks/_app-pages-browser_node_modules_next_dist_client_dev_noop-turbopack-hmr_js.js | 0 B https://assets.code-destiny.com/Mulmaru.woff2,,,https://assets.code-destiny.com/Mulmaru.woff2,,net::ERR_FAILED https://assets.code-destiny.com/Mulmaru.woff2,1,0,9,0,JS transferred >= 1.5MB,watch,2026-06-30T13:17:32.434Z
/karma-destiny-ai,mobile,repeat,200,18,3180259,3.03 MB,18897,78244,3002518,79838,0,0,762,http://localhost:3100/_next/static/chunks/main-app.js?v=1782825459788,1768527,1.69 MB http://localhost:3100/_next/static/chunks/main-app.js?v=1782825459788 | 603.8 KB http://localhost:3100/_next/static/chunks/app/layout.js | 308.0 KB http://localhost:3100/_next/static/chunks/_app-pages-browser_app_karma-destiny-ai_KarmaDestinyAiClient_tsx.js | 78.0 KB http://localhost:3100/_next/static/css/app/layout.css?v=1782825459788 | 76.4 KB http://localhost:3100/icons/%EA%BF%80%EA%BF%80%20%EC%9A%B4%EC%84%B8%20%EB%A1%9C%EA%B3%A0.webp | 65.4 KB http://localhost:3100/_next/static/chunks/_app-pages-browser_app_components_DeferredAdsense_tsx.js | 61.8 KB http://localhost:3100/_next/static/chunks/_app-pages-browser_app_components_DevPaymentTester_tsx.js | 61.1 KB http://localhost:3100/_next/static/chunks/app-pages-internals.js | 28.8 KB http://localhost:3100/_next/static/chunks/app/karma-destiny-ai/page.js | 28.3 KB http://localhost:3100/_next/static/chunks/webpack.js?v=1782825459788 | 24.0 KB http://localhost:3100/_next/static/chunks/_app-pages-browser_app_components_AppVersionGuard_tsx.js | 18.5 KB http://localhost:3100/karma-destiny-ai/ | 13.6 KB http://localhost:3100/_next/static/chunks/_app-pages-browser_app_components_LocaleRuntimeBridge_tsx.js | 3.6 KB http://localhost:3100/_next/static/chunks/_app-pages-browser_app_components_LegacyAuthTokenCleanup_tsx.js | 3.6 KB http://localhost:3100/_next/static/chunks/_app-pages-browser_app_components_BuildInfoLogger_tsx.js | 2.9 KB http://localhost:3100/_next/static/chunks/_app-pages-browser_node_modules_next_dist_client_dev_noop-turbopack-hmr_js.js | 762 B http://localhost:3100/version.json?t=1782825453097 | 0 B https://assets.code-destiny.com/Mulmaru.woff2,,,https://assets.code-destiny.com/Mulmaru.woff2,,net::ERR_FAILED https://assets.code-destiny.com/Mulmaru.woff2,1,0,13,1,JS transferred >= 1.5MB,watch,2026-06-30T13:17:43.932Z
/ziwei-ai,mobile,cold,200,14,3038742,2.90 MB,14557,78244,2866103,79838,0,0,0,http://localhost:3100/_next/static/chunks/main-app.js?v=1782825481802,1768527,1.69 MB http://localhost:3100/_next/static/chunks/main-app.js?v=1782825481802 | 603.8 KB http://localhost:3100/_next/static/chunks/app/layout.js | 267.9 KB http://localhost:3100/_next/static/chunks/_app-pages-browser_app_ziwei-ai_ZiweiAiClient_tsx.js | 78.0 KB http://localhost:3100/_next/static/css/app/layout.css?v=1782825481802 | 76.4 KB http://localhost:3100/icons/%EA%BF%80%EA%BF%80%20%EC%9A%B4%EC%84%B8%20%EB%A1%9C%EA%B3%A0.webp | 65.4 KB http://localhost:3100/_next/static/chunks/_app-pages-browser_app_components_DeferredAdsense_tsx.js | 61.1 KB http://localhost:3100/_next/static/chunks/app-pages-internals.js | 28.7 KB http://localhost:3100/_next/static/chunks/app/ziwei-ai/page.js | 28.3 KB http://localhost:3100/_next/static/chunks/webpack.js?v=1782825481802 | 14.2 KB http://localhost:3100/ziwei-ai/ | 13.6 KB http://localhost:3100/_next/static/chunks/_app-pages-browser_app_components_LocaleRuntimeBridge_tsx.js | 2.9 KB http://localhost:3100/_next/static/chunks/_app-pages-browser_node_modules_next_dist_client_dev_noop-turbopack-hmr_js.js | 0 B https://assets.code-destiny.com/The%20Jamsil%20OTF%204%20Medium.otf | 0 B https://assets.code-destiny.com/Mulmaru.woff2,,,https://assets.code-destiny.com/The%20Jamsil%20OTF%204%20Medium.otf | https://assets.code-destiny.com/Mulmaru.woff2,,net::ERR_FAILED https://assets.code-destiny.com/The%20Jamsil%20OTF%204%20Medium.otf | net::ERR_FAILED https://assets.code-destiny.com/Mulmaru.woff2,1,0,9,0,JS transferred >= 1.5MB,watch,2026-06-30T13:18:07.989Z
/ziwei-ai,mobile,repeat,200,19,3134835,2.99 MB,14552,78244,2961439,79838,0,0,762,http://localhost:3100/_next/static/chunks/main-app.js?v=1782825493100,1768527,1.69 MB http://localhost:3100/_next/static/chunks/main-app.js?v=1782825493100 | 603.8 KB http://localhost:3100/_next/static/chunks/app/layout.js | 267.9 KB http://localhost:3100/_next/static/chunks/_app-pages-browser_app_ziwei-ai_ZiweiAiClient_tsx.js | 78.0 KB http://localhost:3100/_next/static/css/app/layout.css?v=1782825493100 | 76.4 KB http://localhost:3100/icons/%EA%BF%80%EA%BF%80%20%EC%9A%B4%EC%84%B8%20%EB%A1%9C%EA%B3%A0.webp | 65.4 KB http://localhost:3100/_next/static/chunks/_app-pages-browser_app_components_DeferredAdsense_tsx.js | 61.8 KB http://localhost:3100/_next/static/chunks/_app-pages-browser_app_components_DevPaymentTester_tsx.js | 61.1 KB http://localhost:3100/_next/static/chunks/app-pages-internals.js | 28.7 KB http://localhost:3100/_next/static/chunks/app/ziwei-ai/page.js | 28.3 KB http://localhost:3100/_next/static/chunks/webpack.js?v=1782825493100 | 24.0 KB http://localhost:3100/_next/static/chunks/_app-pages-browser_app_components_AppVersionGuard_tsx.js | 14.2 KB http://localhost:3100/ziwei-ai/ | 13.6 KB http://localhost:3100/_next/static/chunks/_app-pages-browser_app_components_LocaleRuntimeBridge_tsx.js | 3.6 KB http://localhost:3100/_next/static/chunks/_app-pages-browser_app_components_LegacyAuthTokenCleanup_tsx.js | 3.6 KB http://localhost:3100/_next/static/chunks/_app-pages-browser_app_components_BuildInfoLogger_tsx.js | 2.9 KB http://localhost:3100/_next/static/chunks/_app-pages-browser_node_modules_next_dist_client_dev_noop-turbopack-hmr_js.js | 762 B http://localhost:3100/version.json?t=1782825489087 | 0 B https://assets.code-destiny.com/The%20Jamsil%20OTF%204%20Medium.otf | 0 B https://assets.code-destiny.com/Mulmaru.woff2,,,https://assets.code-destiny.com/The%20Jamsil%20OTF%204%20Medium.otf | https://assets.code-destiny.com/Mulmaru.woff2,,net::ERR_FAILED https://assets.code-destiny.com/The%20Jamsil%20OTF%204%20Medium.otf | net::ERR_FAILED https://assets.code-destiny.com/Mulmaru.woff2,1,0,13,1,JS transferred >= 1.5MB,watch,2026-06-30T13:18:17.640Z
/astrology-ai,mobile,cold,200,14,3028107,2.89 MB,13576,78244,2856449,79838,0,0,0,http://localhost:3100/_next/static/chunks/main-app.js?v=1782825513217,1768527,1.69 MB http://localhost:3100/_next/static/chunks/main-app.js?v=1782825513217 | 603.8 KB http://localhost:3100/_next/static/chunks/app/layout.js | 259.9 KB http://localhost:3100/_next/static/chunks/_app-pages-browser_app_astrology-ai_AstrologyAiClient_tsx.js | 78.0 KB http://localhost:3100/_next/static/css/app/layout.css?v=1782825513217 | 76.4 KB http://localhost:3100/icons/%EA%BF%80%EA%BF%80%20%EC%9A%B4%EC%84%B8%20%EB%A1%9C%EA%B3%A0.webp | 65.4 KB http://localhost:3100/_next/static/chunks/_app-pages-browser_app_components_DeferredAdsense_tsx.js | 61.1 KB http://localhost:3100/_next/static/chunks/app-pages-internals.js | 28.3 KB http://localhost:3100/_next/static/chunks/webpack.js?v=1782825513217 | 27.3 KB http://localhost:3100/_next/static/chunks/app/astrology-ai/page.js | 13.6 KB http://localhost:3100/_next/static/chunks/_app-pages-browser_app_components_LocaleRuntimeBridge_tsx.js | 13.3 KB http://localhost:3100/astrology-ai/ | 2.9 KB http://localhost:3100/_next/static/chunks/_app-pages-browser_node_modules_next_dist_client_dev_noop-turbopack-hmr_js.js | 0 B https://assets.code-destiny.com/The%20Jamsil%20OTF%204%20Medium.otf | 0 B https://assets.code-destiny.com/Mulmaru.woff2,,,https://assets.code-destiny.com/The%20Jamsil%20OTF%204%20Medium.otf | https://assets.code-destiny.com/Mulmaru.woff2,,net::ERR_FAILED https://assets.code-destiny.com/The%20Jamsil%20OTF%204%20Medium.otf | net::ERR_FAILED https://assets.code-destiny.com/Mulmaru.woff2,1,0,9,0,JS transferred >= 1.5MB,watch,2026-06-30T13:18:38.263Z
/astrology-ai,mobile,repeat,200,28,3223587,3.07 MB,13577,78244,3049698,79838,0,0,2230,http://localhost:3100/_next/static/chunks/main-app.js?v=1782825531975,1768527,1.69 MB http://localhost:3100/_next/static/chunks/main-app.js?v=1782825531975 | 603.8 KB http://localhost:3100/_next/static/chunks/app/layout.js | 259.9 KB http://localhost:3100/_next/static/chunks/_app-pages-browser_app_astrology-ai_AstrologyAiClient_tsx.js | 78.0 KB http://localhost:3100/_next/static/css/app/layout.css?v=1782825531975 | 76.4 KB http://localhost:3100/icons/%EA%BF%80%EA%BF%80%20%EC%9A%B4%EC%84%B8%20%EB%A1%9C%EA%B3%A0.webp | 65.4 KB http://localhost:3100/_next/static/chunks/_app-pages-browser_app_components_DeferredAdsense_tsx.js | 61.8 KB http://localhost:3100/_next/static/chunks/_app-pages-browser_app_components_DevPaymentTester_tsx.js | 61.8 KB http://localhost:3100/_next/static/chunks/_app-pages-browser_app_components_DevPaymentTester_tsx.js | 61.1 KB http://localhost:3100/_next/static/chunks/app-pages-internals.js | 28.3 KB http://localhost:3100/_next/static/chunks/webpack.js?v=1782825531975 | 27.3 KB http://localhost:3100/_next/static/chunks/app/astrology-ai/page.js | 24.0 KB http://localhost:3100/_next/static/chunks/_app-pages-browser_app_components_AppVersionGuard_tsx.js | 24.0 KB http://localhost:3100/_next/static/chunks/_app-pages-browser_app_components_AppVersionGuard_tsx.js | 13.6 KB http://localhost:3100/_next/static/chunks/_app-pages-browser_app_components_LocaleRuntimeBridge_tsx.js | 13.3 KB http://localhost:3100/astrology-ai/ | 3.6 KB http://localhost:3100/_next/static/chunks/_app-pages-browser_app_components_LegacyAuthTokenCleanup_tsx.js | 3.6 KB http://localhost:3100/_next/static/chunks/_app-pages-browser_app_components_LegacyAuthTokenCleanup_tsx.js | 3.6 KB http://localhost:3100/_next/static/chunks/_app-pages-browser_app_components_BuildInfoLogger_tsx.js | 3.6 KB http://localhost:3100/_next/static/chunks/_app-pages-browser_app_components_BuildInfoLogger_tsx.js | 2.9 KB http://localhost:3100/_next/static/chunks/_app-pages-browser_node_modules_next_dist_client_dev_noop-turbopack-hmr_js.js,,,https://assets.code-destiny.com/The%20Jamsil%20OTF%204%20Medium.otf | https://assets.code-destiny.com/Mulmaru.woff2,,net::ERR_FAILED https://assets.code-destiny.com/The%20Jamsil%20OTF%204%20Medium.otf | net::ERR_FAILED https://assets.code-destiny.com/Mulmaru.woff2,1,0,19,4,JS transferred >= 1.5MB,watch,2026-06-30T13:19:09.908Z
/vedic-ai,mobile,cold,200,21,3059324,2.92 MB,14514,78244,2880598,85968,0,0,0,http://localhost:3100/_next/static/chunks/main-app.js?v=1782825583781,1768527,1.69 MB http://localhost:3100/_next/static/chunks/main-app.js?v=1782825583781 | 603.8 KB http://localhost:3100/_next/static/chunks/app/layout.js | 278.5 KB http://localhost:3100/_next/static/chunks/_app-pages-browser_app_vedic-ai_VedicAiClient_tsx.js | 78.0 KB http://localhost:3100/_next/static/css/app/layout.css?v=1782825583781 | 76.4 KB http://localhost:3100/icons/%EA%BF%80%EA%BF%80%20%EC%9A%B4%EC%84%B8%20%EB%A1%9C%EA%B3%A0.webp | 65.4 KB http://localhost:3100/_next/static/chunks/_app-pages-browser_app_components_DeferredAdsense_tsx.js | 61.1 KB http://localhost:3100/_next/static/chunks/app-pages-internals.js | 28.7 KB http://localhost:3100/_next/static/chunks/app/vedic-ai/page.js | 28.4 KB http://localhost:3100/_next/static/chunks/webpack.js?v=1782825583781 | 14.2 KB http://localhost:3100/vedic-ai/ | 13.6 KB http://localhost:3100/_next/static/chunks/_app-pages-browser_app_components_LocaleRuntimeBridge_tsx.js | 6.0 KB http://localhost:3100/_next/static/css/_app-pages-browser_app_vedic-ai_VedicAiClient_tsx.css | 3.6 KB http://localhost:3100/_next/static/chunks/_app-pages-browser_app_components_LegacyAuthTokenCleanup_tsx.js | 2.9 KB http://localhost:3100/_next/static/chunks/_app-pages-browser_node_modules_next_dist_client_dev_noop-turbopack-hmr_js.js | 0 B https://assets.code-destiny.com/Mulmaru.woff2 | 0 B https://assets.code-destiny.com/The%20Jamsil%20OTF%204%20Medium.otf | 0 B http://localhost:3100/_next/static/chunks/_app-pages-browser_app_components_BuildInfoLogger_tsx.js | 0 B http://localhost:3100/_next/static/chunks/_app-pages-browser_app_components_AppVersionGuard_tsx.js | 0 B http://localhost:3100/_next/static/chunks/_app-pages-browser_app_components_DevPaymentTester_tsx.js | 0 B http://localhost:3100/__nextjs_original-stack-frames,,,https://assets.code-destiny.com/Mulmaru.woff2 | https://assets.code-destiny.com/The%20Jamsil%20OTF%204%20Medium.otf,,net::ERR_FAILED https://assets.code-destiny.com/Mulmaru.woff2 | net::ERR_FAILED https://assets.code-destiny.com/The%20Jamsil%20OTF%204%20Medium.otf | net::ERR_ABORTED http://localhost:3100/_next/static/chunks/_app-pages-browser_app_components_BuildInfoLogger_tsx.js | net::ERR_ABORTED http://localhost:3100/_next/static/chunks/_app-pages-browser_app_components_AppVersionGuard_tsx.js | net::ERR_ABORTED http://localhost:3100/_next/static/chunks/_app-pages-browser_app_components_DevPaymentTester_tsx.js,1,0,13,1,JS transferred >= 1.5MB,watch,2026-06-30T13:19:50.058Z
/vedic-ai,mobile,repeat,200,29,3184240,3.04 MB,14922,78244,2880648,85968,120560,0,3898,http://localhost:3100/_next/static/chunks/main-app.js?v=1782825615647,1768527,1.69 MB http://localhost:3100/_next/static/chunks/main-app.js?v=1782825615647 | 603.8 KB http://localhost:3100/_next/static/chunks/app/layout.js | 278.5 KB http://localhost:3100/_next/static/chunks/_app-pages-browser_app_vedic-ai_VedicAiClient_tsx.js | 78.0 KB http://localhost:3100/_next/static/css/app/layout.css?v=1782825615647 | 76.4 KB http://localhost:3100/icons/%EA%BF%80%EA%BF%80%20%EC%9A%B4%EC%84%B8%20%EB%A1%9C%EA%B3%A0.webp | 65.4 KB http://localhost:3100/_next/static/chunks/_app-pages-browser_app_components_DeferredAdsense_tsx.js | 61.1 KB http://localhost:3100/_next/static/chunks/app-pages-internals.js | 30.9 KB http://localhost:3100/__nextjs_font/geist-mono-latin.woff2 | 30.9 KB http://localhost:3100/__nextjs_font/geist-mono-latin.woff2 | 28.7 KB http://localhost:3100/_next/static/chunks/app/vedic-ai/page.js | 28.4 KB http://localhost:3100/_next/static/chunks/webpack.js?v=1782825615647 | 28.0 KB http://localhost:3100/__nextjs_font/geist-latin.woff2 | 28.0 KB http://localhost:3100/__nextjs_font/geist-latin.woff2 | 14.2 KB http://localhost:3100/vedic-ai/ | 13.6 KB http://localhost:3100/_next/static/chunks/_app-pages-browser_app_components_LocaleRuntimeBridge_tsx.js | 6.0 KB http://localhost:3100/_next/static/css/_app-pages-browser_app_vedic-ai_VedicAiClient_tsx.css | 2.9 KB http://localhost:3100/_next/static/chunks/_app-pages-browser_node_modules_next_dist_client_dev_noop-turbopack-hmr_js.js | 1.7 KB http://localhost:3100/__nextjs_original-stack-frames | 1.7 KB http://localhost:3100/__nextjs_original-stack-frames | 1.4 KB http://localhost:3100/_next/static/webpack/app/layout.64b0bc5b65e96226.hot-update.js,,,https://assets.code-destiny.com/Mulmaru.woff2 | https://assets.code-destiny.com/The%20Jamsil%20OTF%204%20Medium.otf,,net::ERR_FAILED https://assets.code-destiny.com/Mulmaru.woff2 | net::ERR_FAILED https://assets.code-destiny.com/The%20Jamsil%20OTF%204%20Medium.otf | 404 http://localhost:3100/_next/static/chunks/_app-pages-browser_app_components_LegacyAuthTokenCleanup_tsx.js | 404 http://localhost:3100/_next/static/chunks/_app-pages-browser_app_components_BuildInfoLogger_tsx.js | 404 http://localhost:3100/_next/static/chunks/_app-pages-browser_app_components_AppVersionGuard_tsx.js | 404 http://localhost:3100/_next/static/chunks/_app-pages-browser_app_components_DevPaymentTester_tsx.js,1,0,15,3,JS transferred >= 1.5MB,watch,2026-06-30T13:20:31.659Z
/sukuyo-compatibility-ai,mobile,cold,200,8,774621,756.5 KB,18708,78244,677369,300,0,0,0,http://localhost:3100/_next/static/chunks/app/layout.js,618286,603.8 KB http://localhost:3100/_next/static/chunks/app/layout.js | 76.4 KB http://localhost:3100/icons/%EA%BF%80%EA%BF%80%20%EC%9A%B4%EC%84%B8%20%EB%A1%9C%EA%B3%A0.webp | 28.7 KB http://localhost:3100/_next/static/chunks/app/sukuyo-compatibility-ai/page.js | 28.5 KB http://localhost:3100/_next/static/chunks/webpack.js?v=1782825683946 | 18.3 KB http://localhost:3100/sukuyo-compatibility-ai/ | 300 B http://localhost:3100/_next/static/css/app/layout.css?v=1782825683946 | 300 B http://localhost:3100/_next/static/chunks/main-app.js?v=1782825683946 | 300 B http://localhost:3100/_next/static/chunks/app-pages-internals.js,,,,,404 http://localhost:3100/_next/static/css/app/layout.css?v=1782825683946 | 404 http://localhost:3100/_next/static/chunks/main-app.js?v=1782825683946 | 404 http://localhost:3100/_next/static/chunks/app-pages-internals.js,1,0,5,0,none,normal,2026-06-30T13:21:28.508Z
/sukuyo-compatibility-ai,mobile,repeat,200,8,774617,756.5 KB,18704,78244,677369,300,0,0,0,http://localhost:3100/_next/static/chunks/app/layout.js,618286,603.8 KB http://localhost:3100/_next/static/chunks/app/layout.js | 76.4 KB http://localhost:3100/icons/%EA%BF%80%EA%BF%80%20%EC%9A%B4%EC%84%B8%20%EB%A1%9C%EA%B3%A0.webp | 28.7 KB http://localhost:3100/_next/static/chunks/app/sukuyo-compatibility-ai/page.js | 28.5 KB http://localhost:3100/_next/static/chunks/webpack.js?v=1782825699900 | 18.3 KB http://localhost:3100/sukuyo-compatibility-ai/ | 300 B http://localhost:3100/_next/static/css/app/layout.css?v=1782825699900 | 300 B http://localhost:3100/_next/static/chunks/main-app.js?v=1782825699900 | 300 B http://localhost:3100/_next/static/chunks/app-pages-internals.js,,,,,404 http://localhost:3100/_next/static/css/app/layout.css?v=1782825699900 | 404 http://localhost:3100/_next/static/chunks/main-app.js?v=1782825699900 | 404 http://localhost:3100/_next/static/chunks/app-pages-internals.js,1,0,5,0,none,normal,2026-06-30T13:21:43.883Z
/saju/destiny-bias,mobile,cold,404,7,742245,724.8 KB,15622,78244,648079,300,0,0,0,http://localhost:3100/_next/static/chunks/app/layout.js,618285,603.8 KB http://localhost:3100/_next/static/chunks/app/layout.js | 76.4 KB http://localhost:3100/icons/%EA%BF%80%EA%BF%80%20%EC%9A%B4%EC%84%B8%20%EB%A1%9C%EA%B3%A0.webp | 28.5 KB http://localhost:3100/_next/static/chunks/webpack.js?v=1782825727214 | 15.3 KB http://localhost:3100/saju/destiny-bias/ | 300 B http://localhost:3100/_next/static/css/app/layout.css?v=1782825727214 | 300 B http://localhost:3100/_next/static/chunks/main-app.js?v=1782825727214 | 300 B http://localhost:3100/_next/static/chunks/app-pages-internals.js,,,,,404 http://localhost:3100/saju/destiny-bias/ | 404 http://localhost:3100/_next/static/css/app/layout.css?v=1782825727214 | 404 http://localhost:3100/_next/static/chunks/main-app.js?v=1782825727214 | 404 http://localhost:3100/_next/static/chunks/app-pages-internals.js,1,0,4,0,none,normal,2026-06-30T13:22:10.051Z
/saju/destiny-bias,mobile,repeat,200,10,1841976,1.76 MB,16929,78244,1739069,7734,0,0,0,http://localhost:3100/_next/static/chunks/_app-pages-browser_app_saju_destiny-bias_DestinyBiasClient_tsx.js,1061805,1.01 MB http://localhost:3100/_next/static/chunks/_app-pages-browser_app_saju_destiny-bias_DestinyBiasClient_tsx.js | 603.8 KB http://localhost:3100/_next/static/chunks/app/layout.js | 76.4 KB http://localhost:3100/icons/%EA%BF%80%EA%BF%80%20%EC%9A%B4%EC%84%B8%20%EB%A1%9C%EA%B3%A0.webp | 28.5 KB http://localhost:3100/_next/static/chunks/webpack.js?v=1782825743236 | 28.5 KB http://localhost:3100/_next/static/chunks/app/saju/destiny-bias/page.js | 16.5 KB http://localhost:3100/saju/destiny-bias/ | 7.3 KB http://localhost:3100/_next/static/css/_app-pages-browser_app_saju_destiny-bias_DestinyBiasClient_tsx.css | 300 B http://localhost:3100/_next/static/css/app/layout.css?v=1782825743236 | 300 B http://localhost:3100/_next/static/chunks/main-app.js?v=1782825743236 | 300 B http://localhost:3100/_next/static/chunks/app-pages-internals.js,,,,,404 http://localhost:3100/_next/static/css/app/layout.css?v=1782825743236 | 404 http://localhost:3100/_next/static/chunks/main-app.js?v=1782825743236 | 404 http://localhost:3100/_next/static/chunks/app-pages-internals.js,1,0,6,0,JS transferred >= 1.5MB,watch,2026-06-30T13:22:26.522Z
/saju/love-simulation,mobile,cold,200,8,745431,728.0 KB,18509,78244,648378,300,0,0,0,http://localhost:3100/_next/static/chunks/app/layout.js,618285,603.8 KB http://localhost:3100/_next/static/chunks/app/layout.js | 76.4 KB http://localhost:3100/icons/%EA%BF%80%EA%BF%80%20%EC%9A%B4%EC%84%B8%20%EB%A1%9C%EA%B3%A0.webp | 28.5 KB http://localhost:3100/_next/static/chunks/webpack.js?v=1782825762120 | 18.1 KB http://localhost:3100/login/?returnTo=%2Fsaju%2Flove-simulation%2F&next=%2Fsaju%2Flove-simulation%2F&redirect=%2Fsaju%2Flove-simulation%2F | 300 B http://localhost:3100/_next/static/css/app/layout.css?v=1782825762120 | 300 B http://localhost:3100/_next/static/chunks/main-app.js?v=1782825762120 | 300 B http://localhost:3100/_next/static/chunks/app-pages-internals.js | 300 B http://localhost:3100/_next/static/chunks/app/login/page.js,,,,,404 http://localhost:3100/_next/static/css/app/layout.css?v=1782825762120 | 404 http://localhost:3100/_next/static/chunks/main-app.js?v=1782825762120 | 404 http://localhost:3100/_next/static/chunks/app-pages-internals.js | 404 http://localhost:3100/_next/static/chunks/app/login/page.js,1,0,5,0,none,normal,2026-06-30T13:22:44.721Z
/saju/love-simulation,mobile,repeat,200,8,745431,728.0 KB,18509,78244,648378,300,0,0,0,http://localhost:3100/_next/static/chunks/app/layout.js,618285,603.8 KB http://localhost:3100/_next/static/chunks/app/layout.js | 76.4 KB http://localhost:3100/icons/%EA%BF%80%EA%BF%80%20%EC%9A%B4%EC%84%B8%20%EB%A1%9C%EA%B3%A0.webp | 28.5 KB http://localhost:3100/_next/static/chunks/webpack.js?v=1782825772688 | 18.1 KB http://localhost:3100/login/?returnTo=%2Fsaju%2Flove-simulation%2F&next=%2Fsaju%2Flove-simulation%2F&redirect=%2Fsaju%2Flove-simulation%2F | 300 B http://localhost:3100/_next/static/css/app/layout.css?v=1782825772688 | 300 B http://localhost:3100/_next/static/chunks/main-app.js?v=1782825772688 | 300 B http://localhost:3100/_next/static/chunks/app-pages-internals.js | 300 B http://localhost:3100/_next/static/chunks/app/login/page.js,,,,,404 http://localhost:3100/_next/static/css/app/layout.css?v=1782825772688 | 404 http://localhost:3100/_next/static/chunks/main-app.js?v=1782825772688 | 404 http://localhost:3100/_next/static/chunks/app-pages-internals.js | 404 http://localhost:3100/_next/static/chunks/app/login/page.js,1,0,5,0,none,normal,2026-06-30T13:22:54.852Z
/tarot/prompt-maker,mobile,cold,200,9,1820425,1.74 MB,20108,78244,1721773,300,0,0,0,http://localhost:3100/_next/static/chunks/_app-pages-browser_app_tarot_prompt-maker_TarotPromptMakerClient_tsx.js,1047185,1022.6 KB http://localhost:3100/_next/static/chunks/_app-pages-browser_app_tarot_prompt-maker_TarotPromptMakerClient_tsx.js | 603.8 KB http://localhost:3100/_next/static/chunks/app/layout.js | 76.4 KB http://localhost:3100/icons/%EA%BF%80%EA%BF%80%20%EC%9A%B4%EC%84%B8%20%EB%A1%9C%EA%B3%A0.webp | 28.5 KB http://localhost:3100/_next/static/chunks/webpack.js?v=1782825795324 | 25.9 KB http://localhost:3100/_next/static/chunks/app/tarot/prompt-maker/page.js | 19.6 KB http://localhost:3100/tarot/prompt-maker/ | 300 B http://localhost:3100/_next/static/css/app/layout.css?v=1782825795324 | 300 B http://localhost:3100/_next/static/chunks/main-app.js?v=1782825795324 | 300 B http://localhost:3100/_next/static/chunks/app-pages-internals.js,,,,,404 http://localhost:3100/_next/static/css/app/layout.css?v=1782825795324 | 404 http://localhost:3100/_next/static/chunks/main-app.js?v=1782825795324 | 404 http://localhost:3100/_next/static/chunks/app-pages-internals.js,1,0,6,0,JS transferred >= 1.5MB,watch,2026-06-30T13:23:18.473Z
/tarot/prompt-maker,mobile,repeat,200,9,1820423,1.74 MB,20106,78244,1721773,300,0,0,0,http://localhost:3100/_next/static/chunks/_app-pages-browser_app_tarot_prompt-maker_TarotPromptMakerClient_tsx.js,1047185,1022.6 KB http://localhost:3100/_next/static/chunks/_app-pages-browser_app_tarot_prompt-maker_TarotPromptMakerClient_tsx.js | 603.8 KB http://localhost:3100/_next/static/chunks/app/layout.js | 76.4 KB http://localhost:3100/icons/%EA%BF%80%EA%BF%80%20%EC%9A%B4%EC%84%B8%20%EB%A1%9C%EA%B3%A0.webp | 28.5 KB http://localhost:3100/_next/static/chunks/webpack.js?v=1782825805821 | 25.9 KB http://localhost:3100/_next/static/chunks/app/tarot/prompt-maker/page.js | 19.6 KB http://localhost:3100/tarot/prompt-maker/ | 300 B http://localhost:3100/_next/static/css/app/layout.css?v=1782825805821 | 300 B http://localhost:3100/_next/static/chunks/main-app.js?v=1782825805821 | 300 B http://localhost:3100/_next/static/chunks/app-pages-internals.js,,,,,404 http://localhost:3100/_next/static/css/app/layout.css?v=1782825805821 | 404 http://localhost:3100/_next/static/chunks/main-app.js?v=1782825805821 | 404 http://localhost:3100/_next/static/chunks/app-pages-internals.js,1,0,6,0,JS transferred >= 1.5MB,watch,2026-06-30T13:23:28.757Z
/tarot/mindscan,mobile,cold,200,8,2395203,2.28 MB,18496,78244,2218625,79838,0,0,0,http://localhost:3100/_next/static/chunks/main-app.js?v=1782825828259,1760586,1.68 MB http://localhost:3100/_next/static/chunks/main-app.js?v=1782825828259 | 358.1 KB http://localhost:3100/_next/static/chunks/app/layout.js | 78.0 KB http://localhost:3100/_next/static/css/app/layout.css?v=1782825828259 | 76.4 KB http://localhost:3100/icons/%EA%BF%80%EA%BF%80%20%EC%9A%B4%EC%84%B8%20%EB%A1%9C%EA%B3%A0.webp | 61.1 KB http://localhost:3100/_next/static/chunks/app-pages-internals.js | 27.9 KB http://localhost:3100/_next/static/chunks/webpack.js?v=1782825828259 | 18.1 KB http://localhost:3100/login/?returnTo=%2Ftarot%2Fmindscan%2F&next=%2Ftarot%2Fmindscan%2F&redirect=%2Ftarot%2Fmindscan%2F | 300 B http://localhost:3100/_next/static/chunks/app/login/page.js,,,,,404 http://localhost:3100/_next/static/chunks/app/login/page.js,1,0,5,0,JS transferred >= 1.5MB,watch,2026-06-30T13:23:56.340Z
/tarot/mindscan,mobile,repeat,200,9,2652988,2.53 MB,18503,78244,2476403,79838,0,0,0,http://localhost:3100/_next/static/chunks/main-app.js?v=1782825852327,1760586,1.68 MB http://localhost:3100/_next/static/chunks/main-app.js?v=1782825852327 | 606.8 KB http://localhost:3100/_next/static/chunks/app/layout.js | 78.0 KB http://localhost:3100/_next/static/css/app/layout.css?v=1782825852327 | 76.4 KB http://localhost:3100/icons/%EA%BF%80%EA%BF%80%20%EC%9A%B4%EC%84%B8%20%EB%A1%9C%EA%B3%A0.webp | 61.1 KB http://localhost:3100/_next/static/chunks/app-pages-internals.js | 27.9 KB http://localhost:3100/_next/static/chunks/webpack.js?v=1782825852327 | 18.1 KB http://localhost:3100/login/?returnTo=%2Ftarot%2Fmindscan%2F&next=%2Ftarot%2Fmindscan%2F&redirect=%2Ftarot%2Fmindscan%2F | 2.9 KB http://localhost:3100/_next/static/chunks/_app-pages-browser_node_modules_next_dist_client_dev_noop-turbopack-hmr_js.js | 300 B http://localhost:3100/_next/static/chunks/app/login/page.js,,,,,404 http://localhost:3100/_next/static/chunks/app/login/page.js,1,0,6,0,JS transferred >= 1.5MB,watch,2026-06-30T13:24:20.092Z
/palm-reading,mobile,error,MEASURE_FAILED,0,0,0 B,0,0,0,0,0,0,0,,0,,,,,,Page.navigate timed out after 45000ms,0,0,0,0,measurement failed,unknown,2026-06-30T13:25:26.899Z
/,desktop,cold,200,38,803780,784.9 KB,310985,197124,118310,176490,0,0,0,http://localhost:3100/,310985,303.7 KB http://localhost:3100/ | 116.9 KB http://localhost:3100/styles/fortune-ui.css?v=build-20260630-mobile-card-tap | 110.7 KB http://localhost:3100/fuctionassets/UNSETAMA2.webp | 76.4 KB http://localhost:3100/icons/%EA%BF%80%EA%BF%80%20%EC%9A%B4%EC%84%B8%20%EB%A1%9C%EA%B3%A0.webp?v=build-20260630-mobile-card-tap | 70.1 KB http://localhost:3100/js/destiny-profile.js?v=build-20260630-mobile-card-tap | 40.0 KB http://localhost:3100/styles/cosmic-main.css?v=build-20260630-mobile-card-tap | 15.5 KB http://localhost:3100/styles/core-ui.css?v=build-20260630-mobile-card-tap | 13.0 KB http://localhost:3100/js/mobile-interaction-patch.js?v=build-20260630-mobile-card-tap | 10.7 KB https://static.cloudflareinsights.com/beacon.min.js/v8c78df7c7c0f484497ecbca7046644da1771523124516 | 5.4 KB http://localhost:3100/icons/neo-130.webp?v=build-20260630-mobile-card-tap | 4.1 KB http://localhost:3100/js/splash.js?v=build-20260630-mobile-card-tap | 3.9 KB http://localhost:3100/js/cd-lang-native.js?v=build-20260630-mobile-card-tap | 2.7 KB http://localhost:3100/js/io-image-lazy-loader.js?v=build-20260630-mobile-card-tap | 2.4 KB http://localhost:3100/js/kill-switch.js?v=build-20260630-mobile-card-tap | 2.3 KB http://localhost:3100/js/noncritical-defer-loader.js?v=build-20260630-mobile-card-tap | 1.5 KB http://localhost:3100/js/inline/legacy-action-launcher.js | 1.4 KB http://localhost:3100/js/app.js?v=build-20260630-mobile-card-tap | 1.2 KB http://localhost:3100/js/inline/api-base-init.js?v=build-20260630-mobile-card-tap | 1.1 KB http://localhost:3100/js/inline/canonical-redirect.js?v=build-20260630-mobile-card-tap | 994 B http://localhost:3100/js/core/init.js?v=20260627-new-year-ai,,,https://assets.code-destiny.com/Mulmaru.woff2 | https://assets.code-destiny.com/netmarbleM.ttf | https://assets.code-destiny.com/Galmuri11-Bold.woff2 | https://assets.code-destiny.com/The%20Jamsil%20OTF%204%20Medium.otf,,net::ERR_ABORTED http://localhost:3100/js/core/index-inline-runtime.js?v=build-20260630-mobile-card-tap | net::ERR_ABORTED http://localhost:3100/styles/mobile-lite.css?v=build-20260630-mobile-card-tap | net::ERR_ABORTED http://localhost:3100/js/cd-aria-modal-manager.js | net::ERR_ABORTED http://localhost:3100/js/dream-ledger.js?v=build-20260630-mobile-card-tap | net::ERR_ABORTED http://localhost:3100/js/cd-lazy-feature-loader.js | net::ERR_FAILED https://assets.code-destiny.com/Mulmaru.woff2 | net::ERR_FAILED https://assets.code-destiny.com/netmarbleM.ttf | net::ERR_FAILED https://assets.code-destiny.com/Galmuri11-Bold.woff2 | net::ERR_FAILED https://assets.code-destiny.com/The%20Jamsil%20OTF%204%20Medium.otf | net::ERR_ABORTED http://localhost:3100/fuctionassets/%EC%9E%90%EB%8A%94%20%EC%97%B0%EC%9D%B4.png?v=build-20260630-mobile-card-tap | net::ERR_ABORTED http://localhost:3100/fuctionassets/sukyo.webp | net::ERR_ABORTED http://localhost:3100/fuctionassets/jami.webp | net::ERR_ABORTED http://localhost:3100/fuctionassets/veda.webp | net::ERR_ABORTED http://localhost:3100/fuctionassets/jumsung.webp | net::ERR_ABORTED http://localhost:3100/api/auth/me/ | net::ERR_ABORTED http://localhost:3100/js/core/uiBindings.js?v=20260627-astrology-ai,8,3,18,1,none,normal,2026-06-30T13:26:26.202Z
/,desktop,repeat,200,45,1844579,1.76 MB,310985,1066076,288328,177689,0,0,630,http://localhost:3100/,310985,303.7 KB http://localhost:3100/ | 233.6 KB http://localhost:3100/fuctionassets/veda.webp | 151.5 KB http://localhost:3100/fuctionassets/sukyo.webp | 123.8 KB http://localhost:3100/fuctionassets/jumsung.webp | 117.5 KB http://localhost:3100/fuctionassets/jami.webp | 116.9 KB http://localhost:3100/styles/fortune-ui.css?v=build-20260630-mobile-card-tap | 110.7 KB http://localhost:3100/fuctionassets/UNSETAMA2.webp | 80.6 KB http://localhost:3100/js/core/index-inline-runtime.js?v=build-20260630-mobile-card-tap | 76.4 KB http://localhost:3100/icons/%EA%BF%80%EA%BF%80%20%EC%9A%B4%EC%84%B8%20%EB%A1%9C%EA%B3%A0.webp?v=build-20260630-mobile-card-tap | 76.4 KB http://localhost:3100/icons/%EA%BF%80%EA%BF%80%20%EC%9A%B4%EC%84%B8%20%EB%A1%9C%EA%B3%A0.webp?v=20260511-mobile-logo-fix4 | 76.4 KB http://localhost:3100/icons/%EA%BF%80%EA%BF%80%20%EC%9A%B4%EC%84%B8%20%EB%A1%9C%EA%B3%A0.webp | 70.1 KB http://localhost:3100/js/destiny-profile.js?v=build-20260630-mobile-card-tap | 69.4 KB http://localhost:3100/fuctionassets/%EC%9E%90%EB%8A%94%20%EC%97%B0%EC%9D%B4.png?v=build-20260630-mobile-card-tap | 44.9 KB http://localhost:3100/js/services/destiny-flower-engine.js?v=20260625-df-i18n | 40.0 KB http://localhost:3100/styles/cosmic-main.css?v=build-20260630-mobile-card-tap | 28.6 KB http://localhost:3100/js/dream-ledger.js?v=build-20260630-mobile-card-tap | 15.5 KB http://localhost:3100/styles/core-ui.css?v=build-20260630-mobile-card-tap | 13.0 KB http://localhost:3100/js/mobile-interaction-patch.js?v=build-20260630-mobile-card-tap | 10.6 KB https://static.cloudflareinsights.com/beacon.min.js/v8c78df7c7c0f484497ecbca7046644da1771523124516 | 6.6 KB http://localhost:3100/js/core/uiBindings.js?v=20260627-astrology-ai,,,https://assets.code-destiny.com/Mulmaru.woff2 | https://assets.code-destiny.com/netmarbleM.ttf | https://assets.code-destiny.com/Galmuri11-Bold.woff2 | https://assets.code-destiny.com/The%20Jamsil%20OTF%204%20Medium.otf,,net::ERR_FAILED https://assets.code-destiny.com/Mulmaru.woff2 | net::ERR_FAILED https://assets.code-destiny.com/netmarbleM.ttf | net::ERR_FAILED https://assets.code-destiny.com/Galmuri11-Bold.woff2 | net::ERR_FAILED https://assets.code-destiny.com/The%20Jamsil%20OTF%204%20Medium.otf | net::ERR_ABORTED https://cdn.jsdelivr.net/npm/lunar-javascript@latest/lunar.js | net::ERR_ABORTED http://localhost:3100/api/sukuyo/calendar/?year=2026&month=6,10,3,22,2,none,normal,2026-06-30T13:27:02.738Z
/music,desktop,cold,500,7,1892662,1.80 MB,1635,0,1890727,0,0,0,0,http://localhost:3100/_next/static/chunks/fallback/main.js,1811415,1.73 MB http://localhost:3100/_next/static/chunks/fallback/main.js | 27.7 KB http://localhost:3100/_next/static/chunks/fallback/webpack.js | 25.1 KB http://localhost:3100/_next/static/chunks/fallback/react-refresh.js | 19.6 KB http://localhost:3100/_next/static/chunks/fallback/pages/_error.js | 5.0 KB http://localhost:3100/_next/static/chunks/fallback/pages/_app.js | 1.6 KB http://localhost:3100/music/ | 300 B http://localhost:3100/favicon.ico,,,,,500 http://localhost:3100/music/ | 500 http://localhost:3100/favicon.ico,0,0,5,0,JS transferred >= 1.5MB,watch,2026-06-30T13:27:28.267Z
/music,desktop,repeat,500,7,1892662,1.80 MB,1635,0,1890727,0,0,0,0,http://localhost:3100/_next/static/chunks/fallback/main.js,1811415,1.73 MB http://localhost:3100/_next/static/chunks/fallback/main.js | 27.7 KB http://localhost:3100/_next/static/chunks/fallback/webpack.js | 25.1 KB http://localhost:3100/_next/static/chunks/fallback/react-refresh.js | 19.6 KB http://localhost:3100/_next/static/chunks/fallback/pages/_error.js | 5.0 KB http://localhost:3100/_next/static/chunks/fallback/pages/_app.js | 1.6 KB http://localhost:3100/music/ | 300 B http://localhost:3100/favicon.ico,,,,,500 http://localhost:3100/music/ | 500 http://localhost:3100/favicon.ico,0,0,5,0,JS transferred >= 1.5MB,watch,2026-06-30T13:27:35.920Z
/fortune-tea-house,desktop,cold,500,10,1953807,1.86 MB,1541,0,1890727,0,60280,0,959,http://localhost:3100/_next/static/chunks/fallback/main.js,1811415,1.73 MB http://localhost:3100/_next/static/chunks/fallback/main.js | 30.9 KB http://localhost:3100/__nextjs_font/geist-mono-latin.woff2 | 28.0 KB http://localhost:3100/__nextjs_font/geist-latin.woff2 | 27.7 KB http://localhost:3100/_next/static/chunks/fallback/webpack.js | 25.1 KB http://localhost:3100/_next/static/chunks/fallback/react-refresh.js | 19.6 KB http://localhost:3100/_next/static/chunks/fallback/pages/_error.js | 5.0 KB http://localhost:3100/_next/static/chunks/fallback/pages/_app.js | 1.5 KB http://localhost:3100/fortune-tea-house/ | 959 B http://localhost:3100/_next/static/development/_devMiddlewareManifest.json | 300 B http://localhost:3100/favicon.ico,,,,,500 http://localhost:3100/fortune-tea-house/ | 500 http://localhost:3100/favicon.ico,0,0,5,1,JS transferred >= 1.5MB,watch,2026-06-30T13:27:54.806Z
/fortune-tea-house,desktop,repeat,500,10,1953807,1.86 MB,1541,0,1890727,0,60280,0,959,http://localhost:3100/_next/static/chunks/fallback/main.js,1811415,1.73 MB http://localhost:3100/_next/static/chunks/fallback/main.js | 30.9 KB http://localhost:3100/__nextjs_font/geist-mono-latin.woff2 | 28.0 KB http://localhost:3100/__nextjs_font/geist-latin.woff2 | 27.7 KB http://localhost:3100/_next/static/chunks/fallback/webpack.js | 25.1 KB http://localhost:3100/_next/static/chunks/fallback/react-refresh.js | 19.6 KB http://localhost:3100/_next/static/chunks/fallback/pages/_error.js | 5.0 KB http://localhost:3100/_next/static/chunks/fallback/pages/_app.js | 1.5 KB http://localhost:3100/fortune-tea-house/ | 959 B http://localhost:3100/_next/static/development/_devMiddlewareManifest.json | 300 B http://localhost:3100/favicon.ico,,,,,500 http://localhost:3100/fortune-tea-house/ | 500 http://localhost:3100/favicon.ico,0,0,5,1,JS transferred >= 1.5MB,watch,2026-06-30T13:28:04.267Z
/neo-operation-room,desktop,cold,500,10,1953807,1.86 MB,1541,0,1890727,0,60280,0,959,http://localhost:3100/_next/static/chunks/fallback/main.js,1811415,1.73 MB http://localhost:3100/_next/static/chunks/fallback/main.js | 30.9 KB http://localhost:3100/__nextjs_font/geist-mono-latin.woff2 | 28.0 KB http://localhost:3100/__nextjs_font/geist-latin.woff2 | 27.7 KB http://localhost:3100/_next/static/chunks/fallback/webpack.js | 25.1 KB http://localhost:3100/_next/static/chunks/fallback/react-refresh.js | 19.6 KB http://localhost:3100/_next/static/chunks/fallback/pages/_error.js | 5.0 KB http://localhost:3100/_next/static/chunks/fallback/pages/_app.js | 1.5 KB http://localhost:3100/neo-operation-room/ | 959 B http://localhost:3100/_next/static/development/_devMiddlewareManifest.json | 300 B http://localhost:3100/favicon.ico,,,,,500 http://localhost:3100/neo-operation-room/ | 500 http://localhost:3100/favicon.ico,0,0,5,1,JS transferred >= 1.5MB,watch,2026-06-30T13:28:21.287Z
/neo-operation-room,desktop,repeat,500,10,1953807,1.86 MB,1541,0,1890727,0,60280,0,959,http://localhost:3100/_next/static/chunks/fallback/main.js,1811415,1.73 MB http://localhost:3100/_next/static/chunks/fallback/main.js | 30.9 KB http://localhost:3100/__nextjs_font/geist-mono-latin.woff2 | 28.0 KB http://localhost:3100/__nextjs_font/geist-latin.woff2 | 27.7 KB http://localhost:3100/_next/static/chunks/fallback/webpack.js | 25.1 KB http://localhost:3100/_next/static/chunks/fallback/react-refresh.js | 19.6 KB http://localhost:3100/_next/static/chunks/fallback/pages/_error.js | 5.0 KB http://localhost:3100/_next/static/chunks/fallback/pages/_app.js | 1.5 KB http://localhost:3100/neo-operation-room/ | 959 B http://localhost:3100/_next/static/development/_devMiddlewareManifest.json | 300 B http://localhost:3100/favicon.ico,,,,,500 http://localhost:3100/neo-operation-room/ | 500 http://localhost:3100/favicon.ico,0,0,5,1,JS transferred >= 1.5MB,watch,2026-06-30T13:28:34.177Z
/neo-operation-room/result,desktop,cold,500,10,1953807,1.86 MB,1541,0,1890727,0,60280,0,959,http://localhost:3100/_next/static/chunks/fallback/main.js,1811415,1.73 MB http://localhost:3100/_next/static/chunks/fallback/main.js | 30.9 KB http://localhost:3100/__nextjs_font/geist-mono-latin.woff2 | 28.0 KB http://localhost:3100/__nextjs_font/geist-latin.woff2 | 27.7 KB http://localhost:3100/_next/static/chunks/fallback/webpack.js | 25.1 KB http://localhost:3100/_next/static/chunks/fallback/react-refresh.js | 19.6 KB http://localhost:3100/_next/static/chunks/fallback/pages/_error.js | 5.0 KB http://localhost:3100/_next/static/chunks/fallback/pages/_app.js | 1.5 KB http://localhost:3100/neo-operation-room/result/ | 959 B http://localhost:3100/_next/static/development/_devMiddlewareManifest.json | 300 B http://localhost:3100/favicon.ico,,,,,500 http://localhost:3100/neo-operation-room/result/ | 500 http://localhost:3100/favicon.ico,0,0,5,1,JS transferred >= 1.5MB,watch,2026-06-30T13:28:52.877Z
/neo-operation-room/result,desktop,repeat,500,10,1953807,1.86 MB,1541,0,1890727,0,60280,0,959,http://localhost:3100/_next/static/chunks/fallback/main.js,1811415,1.73 MB http://localhost:3100/_next/static/chunks/fallback/main.js | 30.9 KB http://localhost:3100/__nextjs_font/geist-mono-latin.woff2 | 28.0 KB http://localhost:3100/__nextjs_font/geist-latin.woff2 | 27.7 KB http://localhost:3100/_next/static/chunks/fallback/webpack.js | 25.1 KB http://localhost:3100/_next/static/chunks/fallback/react-refresh.js | 19.6 KB http://localhost:3100/_next/static/chunks/fallback/pages/_error.js | 5.0 KB http://localhost:3100/_next/static/chunks/fallback/pages/_app.js | 1.5 KB http://localhost:3100/neo-operation-room/result/ | 959 B http://localhost:3100/_next/static/development/_devMiddlewareManifest.json | 300 B http://localhost:3100/favicon.ico,,,,,500 http://localhost:3100/neo-operation-room/result/ | 500 http://localhost:3100/favicon.ico,0,0,5,1,JS transferred >= 1.5MB,watch,2026-06-30T13:29:05.678Z
/login,desktop,cold,500,10,1953807,1.86 MB,1541,0,1890727,0,60280,0,959,http://localhost:3100/_next/static/chunks/fallback/main.js,1811415,1.73 MB http://localhost:3100/_next/static/chunks/fallback/main.js | 30.9 KB http://localhost:3100/__nextjs_font/geist-mono-latin.woff2 | 28.0 KB http://localhost:3100/__nextjs_font/geist-latin.woff2 | 27.7 KB http://localhost:3100/_next/static/chunks/fallback/webpack.js | 25.1 KB http://localhost:3100/_next/static/chunks/fallback/react-refresh.js | 19.6 KB http://localhost:3100/_next/static/chunks/fallback/pages/_error.js | 5.0 KB http://localhost:3100/_next/static/chunks/fallback/pages/_app.js | 1.5 KB http://localhost:3100/login/ | 959 B http://localhost:3100/_next/static/development/_devMiddlewareManifest.json | 300 B http://localhost:3100/favicon.ico,,,,,500 http://localhost:3100/login/ | 500 http://localhost:3100/favicon.ico,0,0,5,1,JS transferred >= 1.5MB,watch,2026-06-30T13:29:21.853Z
/login,desktop,repeat,500,10,1953807,1.86 MB,1541,0,1890727,0,60280,0,959,http://localhost:3100/_next/static/chunks/fallback/main.js,1811415,1.73 MB http://localhost:3100/_next/static/chunks/fallback/main.js | 30.9 KB http://localhost:3100/__nextjs_font/geist-mono-latin.woff2 | 28.0 KB http://localhost:3100/__nextjs_font/geist-latin.woff2 | 27.7 KB http://localhost:3100/_next/static/chunks/fallback/webpack.js | 25.1 KB http://localhost:3100/_next/static/chunks/fallback/react-refresh.js | 19.6 KB http://localhost:3100/_next/static/chunks/fallback/pages/_error.js | 5.0 KB http://localhost:3100/_next/static/chunks/fallback/pages/_app.js | 1.5 KB http://localhost:3100/login/ | 959 B http://localhost:3100/_next/static/development/_devMiddlewareManifest.json | 300 B http://localhost:3100/favicon.ico,,,,,500 http://localhost:3100/login/ | 500 http://localhost:3100/favicon.ico,0,0,5,1,JS transferred >= 1.5MB,watch,2026-06-30T13:29:33.091Z
/points,desktop,cold,500,10,1953830,1.86 MB,1564,0,1890727,0,60280,0,959,http://localhost:3100/_next/static/chunks/fallback/main.js,1811415,1.73 MB http://localhost:3100/_next/static/chunks/fallback/main.js | 30.9 KB http://localhost:3100/__nextjs_font/geist-mono-latin.woff2 | 28.0 KB http://localhost:3100/__nextjs_font/geist-latin.woff2 | 27.7 KB http://localhost:3100/_next/static/chunks/fallback/webpack.js | 25.1 KB http://localhost:3100/_next/static/chunks/fallback/react-refresh.js | 19.6 KB http://localhost:3100/_next/static/chunks/fallback/pages/_error.js | 5.0 KB http://localhost:3100/_next/static/chunks/fallback/pages/_app.js | 1.5 KB http://localhost:3100/login/?returnTo=%2Fpoints%2F&next=%2Fpoints%2F&redirect=%2Fpoints%2F | 959 B http://localhost:3100/_next/static/development/_devMiddlewareManifest.json | 300 B http://localhost:3100/favicon.ico,,,,,500 http://localhost:3100/login/?returnTo=%2Fpoints%2F&next=%2Fpoints%2F&redirect=%2Fpoints%2F | 500 http://localhost:3100/favicon.ico,0,0,5,1,JS transferred >= 1.5MB,watch,2026-06-30T13:29:47.209Z
/points,desktop,repeat,500,10,1953830,1.86 MB,1564,0,1890727,0,60280,0,959,http://localhost:3100/_next/static/chunks/fallback/main.js,1811415,1.73 MB http://localhost:3100/_next/static/chunks/fallback/main.js | 30.9 KB http://localhost:3100/__nextjs_font/geist-mono-latin.woff2 | 28.0 KB http://localhost:3100/__nextjs_font/geist-latin.woff2 | 27.7 KB http://localhost:3100/_next/static/chunks/fallback/webpack.js | 25.1 KB http://localhost:3100/_next/static/chunks/fallback/react-refresh.js | 19.6 KB http://localhost:3100/_next/static/chunks/fallback/pages/_error.js | 5.0 KB http://localhost:3100/_next/static/chunks/fallback/pages/_app.js | 1.5 KB http://localhost:3100/login/?returnTo=%2Fpoints%2F&next=%2Fpoints%2F&redirect=%2Fpoints%2F | 959 B http://localhost:3100/_next/static/development/_devMiddlewareManifest.json | 300 B http://localhost:3100/favicon.ico,,,,,500 http://localhost:3100/login/?returnTo=%2Fpoints%2F&next=%2Fpoints%2F&redirect=%2Fpoints%2F | 500 http://localhost:3100/favicon.ico,0,0,5,1,JS transferred >= 1.5MB,watch,2026-06-30T13:29:49.896Z
/premium-unlock,desktop,cold,500,10,1953807,1.86 MB,1541,0,1890727,0,60280,0,959,http://localhost:3100/_next/static/chunks/fallback/main.js,1811415,1.73 MB http://localhost:3100/_next/static/chunks/fallback/main.js | 30.9 KB http://localhost:3100/__nextjs_font/geist-mono-latin.woff2 | 28.0 KB http://localhost:3100/__nextjs_font/geist-latin.woff2 | 27.7 KB http://localhost:3100/_next/static/chunks/fallback/webpack.js | 25.1 KB http://localhost:3100/_next/static/chunks/fallback/react-refresh.js | 19.6 KB http://localhost:3100/_next/static/chunks/fallback/pages/_error.js | 5.0 KB http://localhost:3100/_next/static/chunks/fallback/pages/_app.js | 1.5 KB http://localhost:3100/premium-unlock/ | 959 B http://localhost:3100/_next/static/development/_devMiddlewareManifest.json | 300 B http://localhost:3100/favicon.ico,,,,,500 http://localhost:3100/premium-unlock/ | 500 http://localhost:3100/favicon.ico,0,0,5,1,JS transferred >= 1.5MB,watch,2026-06-30T13:30:11.486Z
/premium-unlock,desktop,repeat,500,10,1953807,1.86 MB,1541,0,1890727,0,60280,0,959,http://localhost:3100/_next/static/chunks/fallback/main.js,1811415,1.73 MB http://localhost:3100/_next/static/chunks/fallback/main.js | 30.9 KB http://localhost:3100/__nextjs_font/geist-mono-latin.woff2 | 28.0 KB http://localhost:3100/__nextjs_font/geist-latin.woff2 | 27.7 KB http://localhost:3100/_next/static/chunks/fallback/webpack.js | 25.1 KB http://localhost:3100/_next/static/chunks/fallback/react-refresh.js | 19.6 KB http://localhost:3100/_next/static/chunks/fallback/pages/_error.js | 5.0 KB http://localhost:3100/_next/static/chunks/fallback/pages/_app.js | 1.5 KB http://localhost:3100/premium-unlock/ | 959 B http://localhost:3100/_next/static/development/_devMiddlewareManifest.json | 300 B http://localhost:3100/favicon.ico,,,,,500 http://localhost:3100/premium-unlock/ | 500 http://localhost:3100/favicon.ico,0,0,5,1,JS transferred >= 1.5MB,watch,2026-06-30T13:30:17.577Z
/life-book-ai,desktop,cold,500,2,621,621 B,321,0,0,0,0,0,0,http://localhost:3100/life-book-ai/,321,321 B http://localhost:3100/life-book-ai/ | 300 B http://localhost:3100/favicon.ico,,,,,500 http://localhost:3100/life-book-ai/ | 500 http://localhost:3100/favicon.ico,0,0,0,0,none,normal,2026-06-30T13:30:28.365Z
/life-book-ai,desktop,repeat,500,2,621,621 B,321,0,0,0,0,0,0,http://localhost:3100/life-book-ai/,321,321 B http://localhost:3100/life-book-ai/ | 300 B http://localhost:3100/favicon.ico,,,,,500 http://localhost:3100/life-book-ai/ | 500 http://localhost:3100/favicon.ico,0,0,0,0,none,normal,2026-06-30T13:30:33.766Z
/love-secret-ai,desktop,cold,500,2,621,621 B,321,0,0,0,0,0,0,http://localhost:3100/love-secret-ai/,321,321 B http://localhost:3100/love-secret-ai/ | 300 B http://localhost:3100/favicon.ico,,,,,500 http://localhost:3100/love-secret-ai/ | 500 http://localhost:3100/favicon.ico,0,0,0,0,none,normal,2026-06-30T13:30:41.379Z
/love-secret-ai,desktop,repeat,500,2,621,621 B,321,0,0,0,0,0,0,http://localhost:3100/love-secret-ai/,321,321 B http://localhost:3100/love-secret-ai/ | 300 B http://localhost:3100/favicon.ico,,,,,500 http://localhost:3100/love-secret-ai/ | 500 http://localhost:3100/favicon.ico,0,0,0,0,none,normal,2026-06-30T13:30:43.658Z
/karma-destiny-ai,desktop,cold,500,2,621,621 B,321,0,0,0,0,0,0,http://localhost:3100/karma-destiny-ai/,321,321 B http://localhost:3100/karma-destiny-ai/ | 300 B http://localhost:3100/favicon.ico,,,,,500 http://localhost:3100/karma-destiny-ai/ | 500 http://localhost:3100/favicon.ico,0,0,0,0,none,normal,2026-06-30T13:30:50.197Z
/karma-destiny-ai,desktop,repeat,500,2,621,621 B,321,0,0,0,0,0,0,http://localhost:3100/karma-destiny-ai/,321,321 B http://localhost:3100/karma-destiny-ai/ | 300 B http://localhost:3100/favicon.ico,,,,,500 http://localhost:3100/karma-destiny-ai/ | 500 http://localhost:3100/favicon.ico,0,0,0,0,none,normal,2026-06-30T13:30:57.118Z
/ziwei-ai,desktop,cold,500,2,621,621 B,321,0,0,0,0,0,0,http://localhost:3100/ziwei-ai/,321,321 B http://localhost:3100/ziwei-ai/ | 300 B http://localhost:3100/favicon.ico,,,,,500 http://localhost:3100/ziwei-ai/ | 500 http://localhost:3100/favicon.ico,0,0,0,0,none,normal,2026-06-30T13:31:03.396Z
/ziwei-ai,desktop,repeat,500,2,621,621 B,321,0,0,0,0,0,0,http://localhost:3100/ziwei-ai/,321,321 B http://localhost:3100/ziwei-ai/ | 300 B http://localhost:3100/favicon.ico,,,,,500 http://localhost:3100/ziwei-ai/ | 500 http://localhost:3100/favicon.ico,0,0,0,0,none,normal,2026-06-30T13:31:05.395Z
/astrology-ai,desktop,cold,500,2,621,621 B,321,0,0,0,0,0,0,http://localhost:3100/astrology-ai/,321,321 B http://localhost:3100/astrology-ai/ | 300 B http://localhost:3100/favicon.ico,,,,,500 http://localhost:3100/astrology-ai/ | 500 http://localhost:3100/favicon.ico,0,0,0,0,none,normal,2026-06-30T13:31:15.834Z
/astrology-ai,desktop,repeat,500,2,621,621 B,321,0,0,0,0,0,0,http://localhost:3100/astrology-ai/,321,321 B http://localhost:3100/astrology-ai/ | 300 B http://localhost:3100/favicon.ico,,,,,500 http://localhost:3100/astrology-ai/ | 500 http://localhost:3100/favicon.ico,0,0,0,0,none,normal,2026-06-30T13:31:24.082Z
/vedic-ai,desktop,cold,500,2,621,621 B,321,0,0,0,0,0,0,http://localhost:3100/vedic-ai/,321,321 B http://localhost:3100/vedic-ai/ | 300 B http://localhost:3100/favicon.ico,,,,,500 http://localhost:3100/vedic-ai/ | 500 http://localhost:3100/favicon.ico,0,0,0,0,none,normal,2026-06-30T13:31:35.189Z
/vedic-ai,desktop,repeat,500,2,621,621 B,321,0,0,0,0,0,0,http://localhost:3100/vedic-ai/,321,321 B http://localhost:3100/vedic-ai/ | 300 B http://localhost:3100/favicon.ico,,,,,500 http://localhost:3100/vedic-ai/ | 500 http://localhost:3100/favicon.ico,0,0,0,0,none,normal,2026-06-30T13:31:45.314Z
/sukuyo-compatibility-ai,desktop,cold,500,2,621,621 B,321,0,0,0,0,0,0,http://localhost:3100/sukuyo-compatibility-ai/,321,321 B http://localhost:3100/sukuyo-compatibility-ai/ | 300 B http://localhost:3100/favicon.ico,,,,,500 http://localhost:3100/sukuyo-compatibility-ai/ | 500 http://localhost:3100/favicon.ico,0,0,0,0,none,normal,2026-06-30T13:32:05.504Z
/sukuyo-compatibility-ai,desktop,repeat,500,2,621,621 B,321,0,0,0,0,0,0,http://localhost:3100/sukuyo-compatibility-ai/,321,321 B http://localhost:3100/sukuyo-compatibility-ai/ | 300 B http://localhost:3100/favicon.ico,,,,,500 http://localhost:3100/sukuyo-compatibility-ai/ | 500 http://localhost:3100/favicon.ico,0,0,0,0,none,normal,2026-06-30T13:32:11.945Z
/saju/destiny-bias,desktop,cold,500,2,621,621 B,321,0,0,0,0,0,0,http://localhost:3100/saju/destiny-bias/,321,321 B http://localhost:3100/saju/destiny-bias/ | 300 B http://localhost:3100/favicon.ico,,,,,500 http://localhost:3100/saju/destiny-bias/ | 500 http://localhost:3100/favicon.ico,0,0,0,0,none,normal,2026-06-30T13:32:23.906Z
/saju/destiny-bias,desktop,repeat,500,2,621,621 B,321,0,0,0,0,0,0,http://localhost:3100/saju/destiny-bias/,321,321 B http://localhost:3100/saju/destiny-bias/ | 300 B http://localhost:3100/favicon.ico,,,,,500 http://localhost:3100/saju/destiny-bias/ | 500 http://localhost:3100/favicon.ico,0,0,0,0,none,normal,2026-06-30T13:32:28.155Z
/saju/love-simulation,desktop,cold,500,2,621,621 B,321,0,0,0,0,0,0,http://localhost:3100/login/?returnTo=%2Fsaju%2Flove-simulation%2F&next=%2Fsaju%2Flove-simulation%2F&redirect=%2Fsaju%2Flove-simulation%2F,321,321 B http://localhost:3100/login/?returnTo=%2Fsaju%2Flove-simulation%2F&next=%2Fsaju%2Flove-simulation%2F&redirect=%2Fsaju%2Flove-simulation%2F | 300 B http://localhost:3100/favicon.ico,,,,,500 http://localhost:3100/login/?returnTo=%2Fsaju%2Flove-simulation%2F&next=%2Fsaju%2Flove-simulation%2F&redirect=%2Fsaju%2Flove-simulation%2F | 500 http://localhost:3100/favicon.ico,0,0,0,0,none,normal,2026-06-30T13:32:39.745Z
/saju/love-simulation,desktop,repeat,500,2,621,621 B,321,0,0,0,0,0,0,http://localhost:3100/login/?returnTo=%2Fsaju%2Flove-simulation%2F&next=%2Fsaju%2Flove-simulation%2F&redirect=%2Fsaju%2Flove-simulation%2F,321,321 B http://localhost:3100/login/?returnTo=%2Fsaju%2Flove-simulation%2F&next=%2Fsaju%2Flove-simulation%2F&redirect=%2Fsaju%2Flove-simulation%2F | 300 B http://localhost:3100/favicon.ico,,,,,500 http://localhost:3100/login/?returnTo=%2Fsaju%2Flove-simulation%2F&next=%2Fsaju%2Flove-simulation%2F&redirect=%2Fsaju%2Flove-simulation%2F | 500 http://localhost:3100/favicon.ico,0,0,0,0,none,normal,2026-06-30T13:32:41.934Z
/tarot/prompt-maker,desktop,cold,500,2,621,621 B,321,0,0,0,0,0,0,http://localhost:3100/tarot/prompt-maker/,321,321 B http://localhost:3100/tarot/prompt-maker/ | 300 B http://localhost:3100/favicon.ico,,,,,500 http://localhost:3100/tarot/prompt-maker/ | 500 http://localhost:3100/favicon.ico,0,0,0,0,none,normal,2026-06-30T13:32:52.576Z
/tarot/prompt-maker,desktop,repeat,500,2,621,621 B,321,0,0,0,0,0,0,http://localhost:3100/tarot/prompt-maker/,321,321 B http://localhost:3100/tarot/prompt-maker/ | 300 B http://localhost:3100/favicon.ico,,,,,500 http://localhost:3100/tarot/prompt-maker/ | 500 http://localhost:3100/favicon.ico,0,0,0,0,none,normal,2026-06-30T13:33:12.472Z
/tarot/mindscan,desktop,cold,500,2,621,621 B,321,0,0,0,0,0,0,http://localhost:3100/login/?returnTo=%2Ftarot%2Fmindscan%2F&next=%2Ftarot%2Fmindscan%2F&redirect=%2Ftarot%2Fmindscan%2F,321,321 B http://localhost:3100/login/?returnTo=%2Ftarot%2Fmindscan%2F&next=%2Ftarot%2Fmindscan%2F&redirect=%2Ftarot%2Fmindscan%2F | 300 B http://localhost:3100/favicon.ico,,,,,500 http://localhost:3100/login/?returnTo=%2Ftarot%2Fmindscan%2F&next=%2Ftarot%2Fmindscan%2F&redirect=%2Ftarot%2Fmindscan%2F | 500 http://localhost:3100/favicon.ico,0,0,0,0,none,normal,2026-06-30T13:33:19.940Z
/tarot/mindscan,desktop,repeat,500,2,621,621 B,321,0,0,0,0,0,0,http://localhost:3100/login/?returnTo=%2Ftarot%2Fmindscan%2F&next=%2Ftarot%2Fmindscan%2F&redirect=%2Ftarot%2Fmindscan%2F,321,321 B http://localhost:3100/login/?returnTo=%2Ftarot%2Fmindscan%2F&next=%2Ftarot%2Fmindscan%2F&redirect=%2Ftarot%2Fmindscan%2F | 300 B http://localhost:3100/favicon.ico,,,,,500 http://localhost:3100/login/?returnTo=%2Ftarot%2Fmindscan%2F&next=%2Ftarot%2Fmindscan%2F&redirect=%2Ftarot%2Fmindscan%2F | 500 http://localhost:3100/favicon.ico,0,0,0,0,none,normal,2026-06-30T13:33:25.458Z
/palm-reading,desktop,cold,500,2,621,621 B,321,0,0,0,0,0,0,http://localhost:3100/palm-reading/,321,321 B http://localhost:3100/palm-reading/ | 300 B http://localhost:3100/favicon.ico,,,,,500 http://localhost:3100/palm-reading/ | 500 http://localhost:3100/favicon.ico,0,0,0,0,none,normal,2026-06-30T13:33:38.145Z
/palm-reading,desktop,repeat,500,2,621,621 B,321,0,0,0,0,0,0,http://localhost:3100/palm-reading/,321,321 B http://localhost:3100/palm-reading/ | 300 B http://localhost:3100/favicon.ico,,,,,500 http://localhost:3100/palm-reading/ | 500 http://localhost:3100/favicon.ico,0,0,0,0,none,normal,2026-06-30T13:33:46.458Z
