pageUrl,viewport,run,status,totalRequests,totalTransferredBytes,totalTransferred,documentBytes,imageBytes,jsBytes,cssBytes,fontBytes,audioVideoBytes,fetchXhrBytes,largestRequestUrl,largestRequestBytes,largestTop20,autoAudioRequests,spriteSheetRequests,r2Requests,repeatedApiCalls,errorRequests,imageRequestCount,tarotAlbumImageCount,jsRequestCount,fetchXhrRequestCount,suspectedCause,priority,measuredAt
/,mobile,cold,200,49,3485850,3.32 MB,296041,964829,1016935,186461,1012852,0,6362,https://code-destiny.com/js/saju-engine.js?v=build-56e6bbb09a19,555808,542.8 KB https://code-destiny.com/js/saju-engine.js?v=build-56e6bbb09a19 | 445.0 KB https://assets.code-destiny.com/The%20Jamsil%20OTF%204%20Medium.otf | 289.1 KB https://code-destiny.com/ | 283.0 KB https://assets.code-destiny.com/netmarbleM.ttf | 235.1 KB https://code-destiny.com/fuctionassets/veda.webp | 163.2 KB https://assets.code-destiny.com/Galmuri11-Bold.woff2 | 153.0 KB https://code-destiny.com/fuctionassets/sukyo.webp | 125.3 KB https://code-destiny.com/fuctionassets/jumsung.webp | 120.2 KB https://code-destiny.com/styles/fortune-ui.css?v=build-56e6bbb09a19 | 119.0 KB https://code-destiny.com/fuctionassets/jami.webp | 112.2 KB https://code-destiny.com/fuctionassets/UNSETAMA2.webp | 107.9 KB https://cdn.jsdelivr.net/npm/lunar-javascript@latest/lunar.js | 97.9 KB https://assets.code-destiny.com/Mulmaru.woff2 | 80.2 KB https://code-destiny.com/js/core/index-inline-runtime.js?v=build-56e6bbb09a19 | 77.9 KB https://code-destiny.com/icons/%EA%BF%80%EA%BF%80%20%EC%9A%B4%EC%84%B8%20%EB%A1%9C%EA%B3%A0.webp?v=build-56e6bbb09a19 | 70.9 KB https://code-destiny.com/fuctionassets/%EC%9E%90%EB%8A%94%20%EC%97%B0%EC%9D%B4.png?v=build-56e6bbb09a19 | 68.4 KB https://code-destiny.com/js/destiny-profile.js?v=build-56e6bbb09a19 | 48.9 KB https://code-destiny.com/icons/neo.webp?v=build-56e6bbb09a19 | 45.7 KB https://code-destiny.com/js/services/destiny-flower-engine.js?v=20260625-df-i18n | 41.5 KB https://code-destiny.com/styles/cosmic-main.css?v=build-56e6bbb09a19,,,https://assets.code-destiny.com/Mulmaru.woff2 | https://assets.code-destiny.com/netmarbleM.ttf | https://assets.code-destiny.com/Galmuri11-Bold.woff2 | https://assets.code-destiny.com/The%20Jamsil%20OTF%204%20Medium.otf,,net::ERR_ABORTED https://code-destiny.com/js/core/saju/extremeTResult.js?v=build-56e6bbb09a19,8,0,27,3,none,normal,2026-06-30T10:51:32.388Z
/,mobile,repeat,200,59,4199896,4.01 MB,299030,1204085,1497024,186425,1004142,0,6819,https://code-destiny.com/js/saju-engine.js?v=build-56e6bbb09a19,555821,542.8 KB https://code-destiny.com/js/saju-engine.js?v=build-56e6bbb09a19 | 437.7 KB https://assets.code-destiny.com/The%20Jamsil%20OTF%204%20Medium.otf | 309.7 KB https://code-destiny.com/js/saju-engine-tarot-sukuyo-quantum.js?v=build-56e6bbb09a19 | 289.0 KB https://code-destiny.com/ | 281.9 KB https://assets.code-destiny.com/netmarbleM.ttf | 235.1 KB https://code-destiny.com/fuctionassets/veda.webp | 163.2 KB https://assets.code-destiny.com/Galmuri11-Bold.woff2 | 153.0 KB https://code-destiny.com/fuctionassets/sukyo.webp | 125.3 KB https://code-destiny.com/fuctionassets/jumsung.webp | 120.2 KB https://code-destiny.com/styles/fortune-ui.css?v=build-56e6bbb09a19 | 119.0 KB https://code-destiny.com/fuctionassets/jami.webp | 112.2 KB https://code-destiny.com/fuctionassets/UNSETAMA2.webp | 107.7 KB https://cdn.jsdelivr.net/npm/lunar-javascript@latest/lunar.js | 99.2 KB https://code-destiny.com/js/entertain-engine.js?v=build-56e6bbb09a19 | 97.9 KB https://assets.code-destiny.com/Mulmaru.woff2 | 80.2 KB https://code-destiny.com/js/core/index-inline-runtime.js?v=build-56e6bbb09a19 | 77.9 KB https://code-destiny.com/icons/%EA%BF%80%EA%BF%80%20%EC%9A%B4%EC%84%B8%20%EB%A1%9C%EA%B3%A0.webp?v=build-56e6bbb09a19 | 77.9 KB https://code-destiny.com/icons/%EA%BF%80%EA%BF%80%20%EC%9A%B4%EC%84%B8%20%EB%A1%9C%EA%B3%A0.webp?v=20260511-mobile-logo-fix4 | 77.9 KB https://code-destiny.com/icons/%EA%BF%80%EA%BF%80%20%EC%9A%B4%EC%84%B8%20%EB%A1%9C%EA%B3%A0.webp | 77.9 KB https://code-destiny.com/icons/%EA%BF%80%EA%BF%80%20%EC%9A%B4%EC%84%B8%20%EB%A1%9C%EA%B3%A0.webp,,,https://assets.code-destiny.com/Mulmaru.woff2 | https://assets.code-destiny.com/netmarbleM.ttf | https://assets.code-destiny.com/Galmuri11-Bold.woff2 | https://assets.code-destiny.com/The%20Jamsil%20OTF%204%20Medium.otf,,404 https://code-destiny.com/favicon.ico,11,0,32,5,none,normal,2026-06-30T10:52:05.249Z
/,desktop,cold,200,57,4987693,4.76 MB,295962,2132310,1360219,186425,1004733,0,5677,https://code-destiny.com/js/saju-engine.js?v=build-56e6bbb09a19,555813,542.8 KB https://code-destiny.com/js/saju-engine.js?v=build-56e6bbb09a19 | 437.8 KB https://assets.code-destiny.com/The%20Jamsil%20OTF%204%20Medium.otf | 351.7 KB https://music.code-destiny.com/lunabloom/LUNA%20BLOOM.webp | 309.7 KB https://code-destiny.com/js/saju-engine-tarot-sukuyo-quantum.js?v=build-56e6bbb09a19 | 289.0 KB https://code-destiny.com/ | 282.1 KB https://assets.code-destiny.com/netmarbleM.ttf | 280.8 KB https://music.code-destiny.com/DEST1NOVA/DEST1NOVA.webp | 251.7 KB https://music.code-destiny.com/yeonisong/%EA%BD%83%EB%8F%BC%EC%A7%80%201%EC%A7%91.webp | 235.1 KB https://code-destiny.com/fuctionassets/veda.webp | 220.0 KB https://music.code-destiny.com/neosong/%EB%84%A4%EC%98%A4%20%EB%8D%B0%EB%B7%94.webp | 163.3 KB https://assets.code-destiny.com/Galmuri11-Bold.woff2 | 153.0 KB https://code-destiny.com/fuctionassets/sukyo.webp | 125.3 KB https://code-destiny.com/fuctionassets/jumsung.webp | 120.2 KB https://code-destiny.com/styles/fortune-ui.css?v=build-56e6bbb09a19 | 119.0 KB https://code-destiny.com/fuctionassets/jami.webp | 112.2 KB https://code-destiny.com/fuctionassets/UNSETAMA2.webp | 107.7 KB https://cdn.jsdelivr.net/npm/lunar-javascript@latest/lunar.js | 97.9 KB https://assets.code-destiny.com/Mulmaru.woff2 | 80.2 KB https://code-destiny.com/js/core/index-inline-runtime.js?v=build-56e6bbb09a19 | 77.9 KB https://code-destiny.com/icons/%EA%BF%80%EA%BF%80%20%EC%9A%B4%EC%84%B8%20%EB%A1%9C%EA%B3%A0.webp?v=build-56e6bbb09a19,,,https://assets.code-destiny.com/Mulmaru.woff2 | https://assets.code-destiny.com/netmarbleM.ttf | https://assets.code-destiny.com/Galmuri11-Bold.woff2 | https://assets.code-destiny.com/The%20Jamsil%20OTF%204%20Medium.otf | https://music.code-destiny.com/neosong/%EB%84%A4%EC%98%A4%20%EB%8D%B0%EB%B7%94.webp | https://music.code-destiny.com/yeonisong/%EA%BD%83%EB%8F%BC%EC%A7%80%201%EC%A7%91.webp | https://music.code-destiny.com/DEST1NOVA/DEST1NOVA.webp | https://music.code-destiny.com/lunabloom/LUNA%20BLOOM.webp,,net::ERR_ABORTED https://code-destiny.com/js/core/saju/reportDashboard.js?v=build-56e6bbb09a19,13,0,30,3,none,normal,2026-06-30T11:08:45.328Z
/,desktop,repeat,200,70,4311227,4.11 MB,295950,2212554,479474,310587,1004619,0,5673,https://assets.code-destiny.com/The%20Jamsil%20OTF%204%20Medium.otf,448216,437.7 KB https://assets.code-destiny.com/The%20Jamsil%20OTF%204%20Medium.otf | 352.5 KB https://music.code-destiny.com/lunabloom/LUNA%20BLOOM.webp | 289.0 KB https://code-destiny.com/ | 282.2 KB https://assets.code-destiny.com/netmarbleM.ttf | 280.8 KB https://music.code-destiny.com/DEST1NOVA/DEST1NOVA.webp | 251.5 KB https://music.code-destiny.com/yeonisong/%EA%BD%83%EB%8F%BC%EC%A7%80%201%EC%A7%91.webp | 235.1 KB https://code-destiny.com/fuctionassets/veda.webp | 220.0 KB https://music.code-destiny.com/neosong/%EB%84%A4%EC%98%A4%20%EB%8D%B0%EB%B7%94.webp | 163.2 KB https://assets.code-destiny.com/Galmuri11-Bold.woff2 | 153.0 KB https://code-destiny.com/fuctionassets/sukyo.webp | 125.3 KB https://code-destiny.com/fuctionassets/jumsung.webp | 120.2 KB https://code-destiny.com/styles/fortune-ui.css?v=build-56e6bbb09a19 | 119.0 KB https://code-destiny.com/fuctionassets/jami.webp | 112.2 KB https://code-destiny.com/fuctionassets/UNSETAMA2.webp | 107.7 KB https://cdn.jsdelivr.net/npm/lunar-javascript@latest/lunar.js | 97.9 KB https://assets.code-destiny.com/Mulmaru.woff2 | 80.2 KB https://code-destiny.com/js/core/index-inline-runtime.js?v=build-56e6bbb09a19 | 77.9 KB https://code-destiny.com/icons/%EA%BF%80%EA%BF%80%20%EC%9A%B4%EC%84%B8%20%EB%A1%9C%EA%B3%A0.webp?v=build-56e6bbb09a19 | 77.9 KB https://code-destiny.com/icons/%EA%BF%80%EA%BF%80%20%EC%9A%B4%EC%84%B8%20%EB%A1%9C%EA%B3%A0.webp?v=20260511-mobile-logo-fix4 | 77.9 KB https://code-destiny.com/icons/%EA%BF%80%EA%BF%80%20%EC%9A%B4%EC%84%B8%20%EB%A1%9C%EA%B3%A0.webp,,,https://assets.code-destiny.com/Mulmaru.woff2 | https://assets.code-destiny.com/netmarbleM.ttf | https://assets.code-destiny.com/Galmuri11-Bold.woff2 | https://assets.code-destiny.com/The%20Jamsil%20OTF%204%20Medium.otf | https://music.code-destiny.com/neosong/%EB%84%A4%EC%98%A4%20%EB%8D%B0%EB%B7%94.webp | https://music.code-destiny.com/yeonisong/%EA%BD%83%EB%8F%BC%EC%A7%80%201%EC%A7%91.webp | https://music.code-destiny.com/DEST1NOVA/DEST1NOVA.webp | https://music.code-destiny.com/lunabloom/LUNA%20BLOOM.webp,,net::ERR_ABORTED https://code-destiny.com/js/saju-engine.js?v=build-56e6bbb09a19,14,0,30,3,none,normal,2026-06-30T11:09:20.537Z
/music,mobile,cold,200,74,3885441,3.71 MB,18264,802115,692102,188358,1097627,1075593,5985,https://music.code-destiny.com/yeonisong/Moonlight%20Daydream.wav,540754,528.1 KB https://music.code-destiny.com/yeonisong/Moonlight%20Daydream.wav | 448.7 KB https://music.code-destiny.com/yeonisong/Gisin%20Out%20Yongsin%20In.wav | 438.3 KB https://assets.code-destiny.com/The%20Jamsil%20OTF%204%20Medium.otf | 437.7 KB https://assets.code-destiny.com/The%20Jamsil%20OTF%204%20Medium.otf | 235.6 KB https://code-destiny.com/music-covers/yeoni-1st-album.webp | 235.6 KB https://code-destiny.com/music-covers/yeoni-1st-album.webp | 97.9 KB https://assets.code-destiny.com/Mulmaru.woff2 | 97.9 KB https://assets.code-destiny.com/Mulmaru.woff2 | 78.6 KB https://code-destiny.com/icons/%EA%BF%80%EA%BF%80%20%EC%9A%B4%EC%84%B8%20%EB%A1%9C%EA%B3%A0.webp | 77.9 KB https://code-destiny.com/icons/%EA%BF%80%EA%BF%80%20%EC%9A%B4%EC%84%B8%20%EB%A1%9C%EA%B3%A0.webp | 77.9 KB https://code-destiny.com/icons/%EA%BF%80%EA%BF%80%20%EC%9A%B4%EC%84%B8%20%EB%A1%9C%EA%B3%A0.webp | 77.9 KB https://code-destiny.com/icons/%EA%BF%80%EA%BF%80%20%EC%9A%B4%EC%84%B8%20%EB%A1%9C%EA%B3%A0.webp | 74.2 KB https://code-destiny.com/_next/static/chunks/8664.036070835c0b06b3.js | 74.2 KB https://code-destiny.com/_next/static/chunks/8664.036070835c0b06b3.js | 73.3 KB https://music.code-destiny.com/yeonisong/Gisin%20Out%20Yongsin%20In.wav | 64.5 KB https://code-destiny.com/_next/static/css/2cf6b8929df91a43.css | 64.5 KB https://code-destiny.com/_next/static/css/2cf6b8929df91a43.css | 54.9 KB https://code-destiny.com/_next/static/chunks/4bd1b696-100b9d70ed4e49c1.js | 54.9 KB https://code-destiny.com/_next/static/chunks/4bd1b696-100b9d70ed4e49c1.js | 45.5 KB https://code-destiny.com/_next/static/chunks/1255-7af2368fb2545735.js,https://music.code-destiny.com/yeonisong/Gisin%20Out%20Yongsin%20In.wav | https://music.code-destiny.com/yeonisong/Moonlight%20Daydream.wav | https://music.code-destiny.com/yeonisong/Gisin%20Out%20Yongsin%20In.wav | https://music.code-destiny.com/yeonisong/Moonlight%20Daydream.wav,,https://assets.code-destiny.com/The%20Jamsil%20OTF%204%20Medium.otf | https://assets.code-destiny.com/Mulmaru.woff2 | https://music.code-destiny.com/yeonisong/Gisin%20Out%20Yongsin%20In.wav | https://music.code-destiny.com/yeonisong/Moonlight%20Daydream.wav | https://assets.code-destiny.com/The%20Jamsil%20OTF%204%20Medium.otf | https://assets.code-destiny.com/Mulmaru.woff2 | https://music.code-destiny.com/yeonisong/Gisin%20Out%20Yongsin%20In.wav | https://music.code-destiny.com/yeonisong/Moonlight%20Daydream.wav,,206 https://music.code-destiny.com/yeonisong/Gisin%20Out%20Yongsin%20In.wav | 206 https://music.code-destiny.com/yeonisong/Moonlight%20Daydream.wav | 206 https://music.code-destiny.com/yeonisong/Gisin%20Out%20Yongsin%20In.wav | 206 https://music.code-destiny.com/yeonisong/Moonlight%20Daydream.wav,6,2,45,5,audio/mp3 requested before click,very-high,2026-06-30T10:52:42.533Z
/music,mobile,repeat,200,37,3054128,2.91 MB,9329,320960,350919,94181,550307,1722648,3409,https://music.code-destiny.com/yeonisong/Gisin%20Out%20Yongsin%20In.wav,1263146,1.20 MB https://music.code-destiny.com/yeonisong/Gisin%20Out%20Yongsin%20In.wav | 448.7 KB https://music.code-destiny.com/yeonisong/Moonlight%20Daydream.wav | 439.6 KB https://assets.code-destiny.com/The%20Jamsil%20OTF%204%20Medium.otf | 235.6 KB https://code-destiny.com/music-covers/yeoni-1st-album.webp | 97.9 KB https://assets.code-destiny.com/Mulmaru.woff2 | 77.9 KB https://code-destiny.com/icons/%EA%BF%80%EA%BF%80%20%EC%9A%B4%EC%84%B8%20%EB%A1%9C%EA%B3%A0.webp | 74.2 KB https://code-destiny.com/_next/static/chunks/8664.036070835c0b06b3.js | 64.5 KB https://code-destiny.com/_next/static/css/2cf6b8929df91a43.css | 54.9 KB https://code-destiny.com/_next/static/chunks/4bd1b696-100b9d70ed4e49c1.js | 45.5 KB https://code-destiny.com/_next/static/chunks/1255-7af2368fb2545735.js | 39.7 KB https://code-destiny.com/_next/static/chunks/7506-fee23a3de5789278.js | 22.1 KB https://code-destiny.com/_next/static/css/2f5d5e5b73337d12.css | 21.2 KB https://code-destiny.com/_next/static/chunks/1446.8266b1664d17dbe4.js | 15.1 KB https://code-destiny.com/_next/static/chunks/app/layout-718c0468d791a1a6.js | 11.2 KB https://static.cloudflareinsights.com/beacon.min.js/v4513226cdae34746b4dedf0b4dfa099e1781791509496 | 9.1 KB https://code-destiny.com/music/ | 9.0 KB https://code-destiny.com/cdn-cgi/challenge-platform/h/b/scripts/jsd/25e6c66701a0/main.js? | 7.1 KB https://code-destiny.com/_next/static/chunks/7620-a82822ebe1be243c.js | 6.4 KB https://code-destiny.com/_next/static/chunks/8167.29c6e3862b517e4b.js | 6.3 KB https://code-destiny.com/_next/static/chunks/9527.6106c343fa0b3e97.js,https://music.code-destiny.com/yeonisong/Gisin%20Out%20Yongsin%20In.wav | https://music.code-destiny.com/yeonisong/Moonlight%20Daydream.wav,,https://assets.code-destiny.com/The%20Jamsil%20OTF%204%20Medium.otf | https://assets.code-destiny.com/Mulmaru.woff2 | https://music.code-destiny.com/yeonisong/Gisin%20Out%20Yongsin%20In.wav | https://music.code-destiny.com/yeonisong/Moonlight%20Daydream.wav,,206 https://music.code-destiny.com/yeonisong/Gisin%20Out%20Yongsin%20In.wav | 206 https://music.code-destiny.com/yeonisong/Moonlight%20Daydream.wav,2,1,23,3,audio/mp3 requested before click,very-high,2026-06-30T10:53:15.727Z
/music,desktop,cold,200,39,1624305,1.55 MB,9324,480461,350451,94182,552668,131440,3409,https://assets.code-destiny.com/The%20Jamsil%20OTF%204%20Medium.otf,452394,441.8 KB https://assets.code-destiny.com/The%20Jamsil%20OTF%204%20Medium.otf | 235.6 KB https://code-destiny.com/music-covers/yeoni-1st-album.webp | 127.4 KB https://music.code-destiny.com/yeonisong/Gisin%20Out%20Yongsin%20In.wav | 97.9 KB https://assets.code-destiny.com/Mulmaru.woff2 | 77.9 KB https://code-destiny.com/icons/%EA%BF%80%EA%BF%80%20%EC%9A%B4%EC%84%B8%20%EB%A1%9C%EA%B3%A0.webp | 77.9 KB https://code-destiny.com/icons/%EA%BF%80%EA%BF%80%20%EC%9A%B4%EC%84%B8%20%EB%A1%9C%EA%B3%A0.webp | 77.9 KB https://code-destiny.com/icons/%EA%BF%80%EA%BF%80%20%EC%9A%B4%EC%84%B8%20%EB%A1%9C%EA%B3%A0.webp | 74.2 KB https://code-destiny.com/_next/static/chunks/8664.036070835c0b06b3.js | 64.5 KB https://code-destiny.com/_next/static/css/2cf6b8929df91a43.css | 54.9 KB https://code-destiny.com/_next/static/chunks/4bd1b696-100b9d70ed4e49c1.js | 45.5 KB https://code-destiny.com/_next/static/chunks/1255-7af2368fb2545735.js | 39.7 KB https://code-destiny.com/_next/static/chunks/7506-fee23a3de5789278.js | 22.1 KB https://code-destiny.com/_next/static/css/2f5d5e5b73337d12.css | 21.2 KB https://code-destiny.com/_next/static/chunks/1446.8266b1664d17dbe4.js | 15.1 KB https://code-destiny.com/_next/static/chunks/app/layout-718c0468d791a1a6.js | 11.2 KB https://static.cloudflareinsights.com/beacon.min.js/v4513226cdae34746b4dedf0b4dfa099e1781791509496 | 9.1 KB https://code-destiny.com/music/ | 8.5 KB https://code-destiny.com/cdn-cgi/challenge-platform/h/b/scripts/jsd/25e6c66701a0/main.js? | 7.1 KB https://code-destiny.com/_next/static/chunks/7620-a82822ebe1be243c.js | 6.4 KB https://code-destiny.com/_next/static/chunks/8167.29c6e3862b517e4b.js,https://music.code-destiny.com/yeonisong/Gisin%20Out%20Yongsin%20In.wav | https://music.code-destiny.com/yeonisong/Moonlight%20Daydream.wav,,https://assets.code-destiny.com/The%20Jamsil%20OTF%204%20Medium.otf | https://assets.code-destiny.com/Mulmaru.woff2 | https://music.code-destiny.com/yeonisong/Gisin%20Out%20Yongsin%20In.wav | https://music.code-destiny.com/yeonisong/Moonlight%20Daydream.wav,,206 https://music.code-destiny.com/yeonisong/Gisin%20Out%20Yongsin%20In.wav | 206 https://music.code-destiny.com/yeonisong/Moonlight%20Daydream.wav,4,1,23,3,audio/mp3 requested before click,very-high,2026-06-30T11:09:53.403Z
/music,desktop,repeat,200,39,1797844,1.71 MB,9331,481153,351461,94182,552561,303404,3414,https://assets.code-destiny.com/The%20Jamsil%20OTF%204%20Medium.otf,452341,441.7 KB https://assets.code-destiny.com/The%20Jamsil%20OTF%204%20Medium.otf | 248.0 KB https://music.code-destiny.com/yeonisong/Gisin%20Out%20Yongsin%20In.wav | 235.6 KB https://code-destiny.com/music-covers/yeoni-1st-album.webp | 97.9 KB https://assets.code-destiny.com/Mulmaru.woff2 | 78.6 KB https://code-destiny.com/icons/%EA%BF%80%EA%BF%80%20%EC%9A%B4%EC%84%B8%20%EB%A1%9C%EA%B3%A0.webp | 77.9 KB https://code-destiny.com/icons/%EA%BF%80%EA%BF%80%20%EC%9A%B4%EC%84%B8%20%EB%A1%9C%EA%B3%A0.webp | 77.9 KB https://code-destiny.com/icons/%EA%BF%80%EA%BF%80%20%EC%9A%B4%EC%84%B8%20%EB%A1%9C%EA%B3%A0.webp | 74.2 KB https://code-destiny.com/_next/static/chunks/8664.036070835c0b06b3.js | 64.5 KB https://code-destiny.com/_next/static/css/2cf6b8929df91a43.css | 54.9 KB https://code-destiny.com/_next/static/chunks/4bd1b696-100b9d70ed4e49c1.js | 48.3 KB https://music.code-destiny.com/yeonisong/Moonlight%20Daydream.wav | 45.5 KB https://code-destiny.com/_next/static/chunks/1255-7af2368fb2545735.js | 39.7 KB https://code-destiny.com/_next/static/chunks/7506-fee23a3de5789278.js | 22.1 KB https://code-destiny.com/_next/static/css/2f5d5e5b73337d12.css | 21.2 KB https://code-destiny.com/_next/static/chunks/1446.8266b1664d17dbe4.js | 15.1 KB https://code-destiny.com/_next/static/chunks/app/layout-718c0468d791a1a6.js | 11.2 KB https://static.cloudflareinsights.com/beacon.min.js/v4513226cdae34746b4dedf0b4dfa099e1781791509496 | 9.5 KB https://code-destiny.com/cdn-cgi/challenge-platform/h/b/scripts/jsd/25e6c66701a0/main.js? | 9.1 KB https://code-destiny.com/music/ | 7.1 KB https://code-destiny.com/_next/static/chunks/7620-a82822ebe1be243c.js,https://music.code-destiny.com/yeonisong/Gisin%20Out%20Yongsin%20In.wav | https://music.code-destiny.com/yeonisong/Moonlight%20Daydream.wav,,https://assets.code-destiny.com/The%20Jamsil%20OTF%204%20Medium.otf | https://assets.code-destiny.com/Mulmaru.woff2 | https://music.code-destiny.com/yeonisong/Gisin%20Out%20Yongsin%20In.wav | https://music.code-destiny.com/yeonisong/Moonlight%20Daydream.wav,,206 https://music.code-destiny.com/yeonisong/Gisin%20Out%20Yongsin%20In.wav | 206 https://music.code-destiny.com/yeonisong/Moonlight%20Daydream.wav,4,1,23,3,audio/mp3 requested before click,very-high,2026-06-30T11:10:20.557Z
/fortune-tea-house,mobile,cold,200,59,5225630,4.98 MB,15364,3674828,548759,130317,840715,0,13278,https://assets.code-destiny.com/DestinyCafe/nobackground/%EC%98%A4%EB%B2%84%EB%A0%88%EC%9D%B4-Photoroom.png,994706,971.4 KB https://assets.code-destiny.com/DestinyCafe/nobackground/%EC%98%A4%EB%B2%84%EB%A0%88%EC%9D%B4-Photoroom.png | 905.4 KB https://assets.code-destiny.com/DestinyCafe/nobackground/%EC%98%A4%EB%B2%84%EB%A0%88%EC%9D%B42-Photoroom.png | 439.7 KB https://assets.code-destiny.com/The%20Jamsil%20OTF%204%20Medium.otf | 282.9 KB https://assets.code-destiny.com/netmarbleM.ttf | 264.8 KB https://assets.code-destiny.com/DestinyCafe/nobackground/talking-flower-pig-yeoni1-cutout.webp | 264.7 KB https://assets.code-destiny.com/DestinyCafe/nobackground/talking-flower-pig-yeoni1-cutout.webp | 215.9 KB https://assets.code-destiny.com/DestinyCafe/%EC%9A%B4%EB%AA%85%EC%9D%98%20%EC%B0%BB%EC%A7%91%20%EB%AA%A8%EB%B0%94%EC%9D%BC.webp | 109.6 KB https://assets.code-destiny.com/DestinyCafe/%EB%A1%9C%EB%94%A9%20%EB%B0%B0%EA%B2%BD%20%EB%AA%A8%EB%B0%94%EC%9D%BC.webp | 109.5 KB https://assets.code-destiny.com/DestinyCafe/%EB%A1%9C%EB%94%A9%20%EB%B0%B0%EA%B2%BD%20%EB%AA%A8%EB%B0%94%EC%9D%BC.webp | 109.5 KB https://assets.code-destiny.com/DestinyCafe/%EB%A1%9C%EB%94%A9%20%EB%B0%B0%EA%B2%BD%20%EB%AA%A8%EB%B0%94%EC%9D%BC.webp | 103.5 KB https://assets.code-destiny.com/DestinyCafe/%EB%A1%9C%EB%94%A9%20%EB%B0%B0%EA%B2%BD%20%EB%8D%B0%EC%8A%A4%ED%81%AC%ED%83%91.webp | 103.5 KB https://assets.code-destiny.com/DestinyCafe/%EB%A1%9C%EB%94%A9%20%EB%B0%B0%EA%B2%BD%20%EB%8D%B0%EC%8A%A4%ED%81%AC%ED%83%91.webp | 103.5 KB https://assets.code-destiny.com/DestinyCafe/%EB%A1%9C%EB%94%A9%20%EB%B0%B0%EA%B2%BD%20%EB%8D%B0%EC%8A%A4%ED%81%AC%ED%83%91.webp | 98.5 KB https://assets.code-destiny.com/Mulmaru.woff2 | 95.6 KB https://code-destiny.com/_next/static/chunks/428ccf76.0fc8d0ba548d7b26.js | 93.9 KB https://code-destiny.com/images/fortune-tea-house/honey-drop-counter.png | 88.4 KB https://code-destiny.com/_next/static/chunks/6124.f30dea4c4abea72e.js | 77.9 KB https://code-destiny.com/icons/%EA%BF%80%EA%BF%80%20%EC%9A%B4%EC%84%B8%20%EB%A1%9C%EA%B3%A0.webp | 77.9 KB https://code-destiny.com/icons/%EA%BF%80%EA%BF%80%20%EC%9A%B4%EC%84%B8%20%EB%A1%9C%EA%B3%A0.webp | 77.9 KB https://code-destiny.com/icons/%EA%BF%80%EA%BF%80%20%EC%9A%B4%EC%84%B8%20%EB%A1%9C%EA%B3%A0.webp,,,https://assets.code-destiny.com/DestinyCafe/%EB%A1%9C%EB%94%A9%20%EB%B0%B0%EA%B2%BD%20%EB%8D%B0%EC%8A%A4%ED%81%AC%ED%83%91.webp | https://assets.code-destiny.com/DestinyCafe/%EB%A1%9C%EB%94%A9%20%EB%B0%B0%EA%B2%BD%20%EB%AA%A8%EB%B0%94%EC%9D%BC.webp | https://assets.code-destiny.com/DestinyCafe/nobackground/talking-flower-pig-yeoni1-cutout.webp | https://assets.code-destiny.com/DestinyCafe/%EC%9A%B4%EB%AA%85%EC%9D%98%20%EC%B0%BB%EC%A7%91%20%EB%AA%A8%EB%B0%94%EC%9D%BC.webp | https://assets.code-destiny.com/DestinyCafe/nobackground/%EC%98%A4%EB%B2%84%EB%A0%88%EC%9D%B4-Photoroom.png | https://assets.code-destiny.com/DestinyCafe/nobackground/%EC%98%A4%EB%B2%84%EB%A0%88%EC%9D%B42-Photoroom.png | https://assets.code-destiny.com/The%20Jamsil%20OTF%204%20Medium.otf | https://assets.code-destiny.com/netmarbleM.ttf | https://assets.code-destiny.com/Mulmaru.woff2 | https://assets.code-destiny.com/DestinyCafe/%EB%A1%9C%EB%94%A9%20%EB%B0%B0%EA%B2%BD%20%EB%8D%B0%EC%8A%A4%ED%81%AC%ED%83%91.webp | https://assets.code-destiny.com/DestinyCafe/%EB%A1%9C%EB%94%A9%20%EB%B0%B0%EA%B2%BD%20%EB%AA%A8%EB%B0%94%EC%9D%BC.webp | https://assets.code-destiny.com/DestinyCafe/nobackground/talking-flower-pig-yeoni1-cutout.webp | https://assets.code-destiny.com/DestinyCafe/%EB%A1%9C%EB%94%A9%20%EB%B0%B0%EA%B2%BD%20%EB%AA%A8%EB%B0%94%EC%9D%BC.webp | https://assets.code-destiny.com/DestinyCafe/%EB%A1%9C%EB%94%A9%20%EB%B0%B0%EA%B2%BD%20%EB%8D%B0%EC%8A%A4%ED%81%AC%ED%83%91.webp,,,15,0,30,5,none,normal,2026-06-30T10:53:50.511Z
/fortune-tea-house,mobile,repeat,200,64,6983606,6.66 MB,14682,5435676,548590,130318,837285,0,13998,https://assets.code-destiny.com/DestinyCafe/nobackground/%EC%98%A4%EB%B2%84%EB%A0%88%EC%9D%B4-Photoroom.png,994661,971.3 KB https://assets.code-destiny.com/DestinyCafe/nobackground/%EC%98%A4%EB%B2%84%EB%A0%88%EC%9D%B4-Photoroom.png | 905.3 KB https://assets.code-destiny.com/DestinyCafe/nobackground/%EC%98%A4%EB%B2%84%EB%A0%88%EC%9D%B42-Photoroom.png | 436.9 KB https://assets.code-destiny.com/The%20Jamsil%20OTF%204%20Medium.otf | 291.2 KB https://assets.code-destiny.com/DestinyCafe/nobackground/talking-flower-pig-yeoni3-cutout.webp | 291.1 KB https://assets.code-destiny.com/DestinyCafe/nobackground/talking-flower-pig-yeoni3-cutout.webp | 291.0 KB https://assets.code-destiny.com/DestinyCafe/nobackground/talking-flower-pig-yeoni2-cutout.webp | 291.0 KB https://assets.code-destiny.com/DestinyCafe/nobackground/talking-flower-pig-yeoni2-cutout.webp | 290.9 KB https://assets.code-destiny.com/DestinyCafe/nobackground/talking-flower-pig-yeoni2-cutout.webp | 282.8 KB https://assets.code-destiny.com/netmarbleM.ttf | 264.8 KB https://assets.code-destiny.com/DestinyCafe/nobackground/talking-flower-pig-yeoni1-cutout.webp | 264.8 KB https://assets.code-destiny.com/DestinyCafe/nobackground/talking-flower-pig-yeoni1-cutout.webp | 264.8 KB https://assets.code-destiny.com/DestinyCafe/nobackground/talking-flower-pig-yeoni1-cutout.webp | 264.7 KB https://assets.code-destiny.com/DestinyCafe/nobackground/talking-flower-pig-yeoni1-cutout.webp | 215.9 KB https://assets.code-destiny.com/DestinyCafe/%EC%9A%B4%EB%AA%85%EC%9D%98%20%EC%B0%BB%EC%A7%91%20%EB%AA%A8%EB%B0%94%EC%9D%BC.webp | 109.6 KB https://assets.code-destiny.com/DestinyCafe/%EB%A1%9C%EB%94%A9%20%EB%B0%B0%EA%B2%BD%20%EB%AA%A8%EB%B0%94%EC%9D%BC.webp | 109.6 KB https://assets.code-destiny.com/DestinyCafe/%EB%A1%9C%EB%94%A9%20%EB%B0%B0%EA%B2%BD%20%EB%AA%A8%EB%B0%94%EC%9D%BC.webp | 103.6 KB https://assets.code-destiny.com/DestinyCafe/%EB%A1%9C%EB%94%A9%20%EB%B0%B0%EA%B2%BD%20%EB%8D%B0%EC%8A%A4%ED%81%AC%ED%83%91.webp | 103.5 KB https://assets.code-destiny.com/DestinyCafe/%EB%A1%9C%EB%94%A9%20%EB%B0%B0%EA%B2%BD%20%EB%8D%B0%EC%8A%A4%ED%81%AC%ED%83%91.webp | 103.5 KB https://assets.code-destiny.com/DestinyCafe/%EB%A1%9C%EB%94%A9%20%EB%B0%B0%EA%B2%BD%20%EB%8D%B0%EC%8A%A4%ED%81%AC%ED%83%91.webp | 98.0 KB https://assets.code-destiny.com/Mulmaru.woff2,,,https://assets.code-destiny.com/DestinyCafe/nobackground/talking-flower-pig-yeoni2-cutout.webp | https://assets.code-destiny.com/DestinyCafe/nobackground/talking-flower-pig-yeoni3-cutout.webp | https://assets.code-destiny.com/DestinyCafe/nobackground/talking-flower-pig-yeoni1-cutout.webp | https://assets.code-destiny.com/DestinyCafe/nobackground/talking-flower-pig-yeoni2-cutout.webp | https://assets.code-destiny.com/DestinyCafe/nobackground/talking-flower-pig-yeoni3-cutout.webp | https://assets.code-destiny.com/DestinyCafe/nobackground/talking-flower-pig-yeoni1-cutout.webp | https://assets.code-destiny.com/DestinyCafe/nobackground/talking-flower-pig-yeoni2-cutout.webp | https://assets.code-destiny.com/DestinyCafe/%EB%A1%9C%EB%94%A9%20%EB%B0%B0%EA%B2%BD%20%EB%8D%B0%EC%8A%A4%ED%81%AC%ED%83%91.webp | https://assets.code-destiny.com/DestinyCafe/%EB%A1%9C%EB%94%A9%20%EB%B0%B0%EA%B2%BD%20%EB%AA%A8%EB%B0%94%EC%9D%BC.webp | https://assets.code-destiny.com/DestinyCafe/nobackground/talking-flower-pig-yeoni1-cutout.webp | https://assets.code-destiny.com/DestinyCafe/%EC%9A%B4%EB%AA%85%EC%9D%98%20%EC%B0%BB%EC%A7%91%20%EB%AA%A8%EB%B0%94%EC%9D%BC.webp | https://assets.code-destiny.com/DestinyCafe/nobackground/%EC%98%A4%EB%B2%84%EB%A0%88%EC%9D%B4-Photoroom.png | https://assets.code-destiny.com/DestinyCafe/nobackground/%EC%98%A4%EB%B2%84%EB%A0%88%EC%9D%B42-Photoroom.png | https://assets.code-destiny.com/The%20Jamsil%20OTF%204%20Medium.otf | https://assets.code-destiny.com/netmarbleM.ttf | https://assets.code-destiny.com/Mulmaru.woff2 | https://assets.code-destiny.com/DestinyCafe/%EB%A1%9C%EB%94%A9%20%EB%B0%B0%EA%B2%BD%20%EB%8D%B0%EC%8A%A4%ED%81%AC%ED%83%91.webp | https://assets.code-destiny.com/DestinyCafe/%EB%A1%9C%EB%94%A9%20%EB%B0%B0%EA%B2%BD%20%EB%AA%A8%EB%B0%94%EC%9D%BC.webp | https://assets.code-destiny.com/DestinyCafe/nobackground/talking-flower-pig-yeoni1-cutout.webp | https://assets.code-destiny.com/DestinyCafe/%EB%A1%9C%EB%94%A9%20%EB%B0%B0%EA%B2%BD%20%EB%8D%B0%EC%8A%A4%ED%81%AC%ED%83%91.webp | https://assets.code-destiny.com/DestinyCafe/%EB%A1%9C%EB%94%A9%20%EB%B0%B0%EA%B2%BD%20%EB%AA%A8%EB%B0%94%EC%9D%BC.webp,,200 https://assets.code-destiny.com/DestinyCafe/%EB%A1%9C%EB%94%A9%20%EB%B0%B0%EA%B2%BD%20%EB%8D%B0%EC%8A%A4%ED%81%AC%ED%83%91.webp | net::ERR_ABORTED https://assets.code-destiny.com/DestinyCafe/%EB%A1%9C%EB%94%A9%20%EB%B0%B0%EA%B2%BD%20%EB%AA%A8%EB%B0%94%EC%9D%BC.webp,20,0,30,5,initial load >= 5MB,watch,2026-06-30T10:54:28.877Z
/fortune-tea-house,desktop,cold,200,57,4834307,4.61 MB,14678,3287106,548237,130318,838274,0,13324,https://assets.code-destiny.com/DestinyCafe/nobackground/%EC%98%A4%EB%B2%84%EB%A0%88%EC%9D%B4-Photoroom.png,994732,971.4 KB https://assets.code-destiny.com/DestinyCafe/nobackground/%EC%98%A4%EB%B2%84%EB%A0%88%EC%9D%B4-Photoroom.png | 905.3 KB https://assets.code-destiny.com/DestinyCafe/nobackground/%EC%98%A4%EB%B2%84%EB%A0%88%EC%9D%B42-Photoroom.png | 437.8 KB https://assets.code-destiny.com/The%20Jamsil%20OTF%204%20Medium.otf | 291.0 KB https://assets.code-destiny.com/DestinyCafe/nobackground/talking-flower-pig-yeoni2-cutout.webp | 283.0 KB https://assets.code-destiny.com/netmarbleM.ttf | 264.7 KB https://assets.code-destiny.com/DestinyCafe/nobackground/talking-flower-pig-yeoni1-cutout.webp | 237.9 KB https://assets.code-destiny.com/DestinyCafe/%EC%9A%B4%EB%AA%85%EC%9D%98%20%EC%B0%BB%EC%A7%91%20%EB%8D%B0%EC%8A%A4%ED%81%AC%ED%83%91.webp | 109.5 KB https://assets.code-destiny.com/DestinyCafe/%EB%A1%9C%EB%94%A9%20%EB%B0%B0%EA%B2%BD%20%EB%AA%A8%EB%B0%94%EC%9D%BC.webp | 103.5 KB https://assets.code-destiny.com/DestinyCafe/%EB%A1%9C%EB%94%A9%20%EB%B0%B0%EA%B2%BD%20%EB%8D%B0%EC%8A%A4%ED%81%AC%ED%83%91.webp | 97.9 KB https://assets.code-destiny.com/Mulmaru.woff2 | 95.6 KB https://code-destiny.com/_next/static/chunks/428ccf76.0fc8d0ba548d7b26.js | 93.9 KB https://code-destiny.com/images/fortune-tea-house/honey-drop-counter.png | 88.4 KB https://code-destiny.com/_next/static/chunks/6124.f30dea4c4abea72e.js | 78.5 KB https://code-destiny.com/icons/%EA%BF%80%EA%BF%80%20%EC%9A%B4%EC%84%B8%20%EB%A1%9C%EA%B3%A0.webp | 77.9 KB https://code-destiny.com/icons/%EA%BF%80%EA%BF%80%20%EC%9A%B4%EC%84%B8%20%EB%A1%9C%EA%B3%A0.webp | 76.4 KB https://code-destiny.com/icons/%EA%BF%80%EA%BF%80%20%EC%9A%B4%EC%84%B8%20%EB%A1%9C%EA%B3%A0.webp | 64.5 KB https://code-destiny.com/_next/static/css/2cf6b8929df91a43.css | 54.9 KB https://code-destiny.com/_next/static/chunks/4bd1b696-100b9d70ed4e49c1.js | 52.8 KB https://code-destiny.com/_next/static/css/244212f9e6bf8d4a.css | 45.5 KB https://code-destiny.com/_next/static/chunks/1255-7af2368fb2545735.js,,,https://assets.code-destiny.com/DestinyCafe/%EB%A1%9C%EB%94%A9%20%EB%B0%B0%EA%B2%BD%20%EB%8D%B0%EC%8A%A4%ED%81%AC%ED%83%91.webp | https://assets.code-destiny.com/DestinyCafe/%EB%A1%9C%EB%94%A9%20%EB%B0%B0%EA%B2%BD%20%EB%AA%A8%EB%B0%94%EC%9D%BC.webp | https://assets.code-destiny.com/DestinyCafe/nobackground/talking-flower-pig-yeoni1-cutout.webp | https://assets.code-destiny.com/DestinyCafe/%EC%9A%B4%EB%AA%85%EC%9D%98%20%EC%B0%BB%EC%A7%91%20%EB%8D%B0%EC%8A%A4%ED%81%AC%ED%83%91.webp | https://assets.code-destiny.com/DestinyCafe/nobackground/%EC%98%A4%EB%B2%84%EB%A0%88%EC%9D%B4-Photoroom.png | https://assets.code-destiny.com/DestinyCafe/nobackground/%EC%98%A4%EB%B2%84%EB%A0%88%EC%9D%B42-Photoroom.png | https://assets.code-destiny.com/The%20Jamsil%20OTF%204%20Medium.otf | https://assets.code-destiny.com/netmarbleM.ttf | https://assets.code-destiny.com/Mulmaru.woff2 | https://assets.code-destiny.com/DestinyCafe/nobackground/talking-flower-pig-yeoni2-cutout.webp | https://assets.code-destiny.com/DestinyCafe/nobackground/talking-flower-pig-yeoni3-cutout.webp | https://assets.code-destiny.com/DestinyCafe/nobackground/%EB%A7%90%ED%95%98%EB%8A%94%20%EA%BD%83%EB%8F%BC%EC%A7%80%20%EC%97%B0%EC%9D%B43-Photoroom.png,,200 https://code-destiny.com/icons/%EA%BF%80%EA%BF%80%20%EC%9A%B4%EC%84%B8%20%EB%A1%9C%EA%B3%A0.webp | 200 https://assets.code-destiny.com/DestinyCafe/nobackground/talking-flower-pig-yeoni2-cutout.webp | net::ERR_ABORTED https://assets.code-destiny.com/DestinyCafe/nobackground/talking-flower-pig-yeoni3-cutout.webp,13,0,30,5,none,normal,2026-06-30T11:11:00.694Z
/fortune-tea-house,desktop,repeat,200,37,8472882,8.08 MB,14668,7334405,156771,125631,839036,0,0,https://assets.code-destiny.com/DestinyCafe/nobackground/%EB%A7%90%ED%95%98%EB%8A%94%20%EA%BD%83%EB%8F%BC%EC%A7%80%20%EC%97%B0%EC%9D%B41-Photoroom.png,1593477,1.52 MB https://assets.code-destiny.com/DestinyCafe/nobackground/%EB%A7%90%ED%95%98%EB%8A%94%20%EA%BD%83%EB%8F%BC%EC%A7%80%20%EC%97%B0%EC%9D%B41-Photoroom.png | 1.48 MB https://assets.code-destiny.com/DestinyCafe/nobackground/%EB%A7%90%ED%95%98%EB%8A%94%20%EA%BD%83%EB%8F%BC%EC%A7%80%20%EC%97%B0%EC%9D%B43-Photoroom.png | 971.4 KB https://assets.code-destiny.com/DestinyCafe/nobackground/%EC%98%A4%EB%B2%84%EB%A0%88%EC%9D%B4-Photoroom.png | 905.2 KB https://assets.code-destiny.com/DestinyCafe/nobackground/%EC%98%A4%EB%B2%84%EB%A0%88%EC%9D%B42-Photoroom.png | 439.5 KB https://assets.code-destiny.com/The%20Jamsil%20OTF%204%20Medium.otf | 291.9 KB https://assets.code-destiny.com/DestinyCafe/nobackground/talking-flower-pig-yeoni3-cutout.webp | 291.0 KB https://assets.code-destiny.com/DestinyCafe/nobackground/talking-flower-pig-yeoni2-cutout.webp | 290.9 KB https://assets.code-destiny.com/DestinyCafe/nobackground/talking-flower-pig-yeoni2-cutout.webp | 282.0 KB https://assets.code-destiny.com/netmarbleM.ttf | 264.8 KB https://assets.code-destiny.com/DestinyCafe/nobackground/talking-flower-pig-yeoni1-cutout.webp | 264.8 KB https://assets.code-destiny.com/DestinyCafe/nobackground/talking-flower-pig-yeoni1-cutout.webp | 264.8 KB https://assets.code-destiny.com/DestinyCafe/nobackground/talking-flower-pig-yeoni1-cutout.webp | 238.0 KB https://assets.code-destiny.com/DestinyCafe/%EC%9A%B4%EB%AA%85%EC%9D%98%20%EC%B0%BB%EC%A7%91%20%EB%8D%B0%EC%8A%A4%ED%81%AC%ED%83%91.webp | 109.5 KB https://assets.code-destiny.com/DestinyCafe/%EB%A1%9C%EB%94%A9%20%EB%B0%B0%EA%B2%BD%20%EB%AA%A8%EB%B0%94%EC%9D%BC.webp | 103.5 KB https://assets.code-destiny.com/DestinyCafe/%EB%A1%9C%EB%94%A9%20%EB%B0%B0%EA%B2%BD%20%EB%8D%B0%EC%8A%A4%ED%81%AC%ED%83%91.webp | 97.9 KB https://assets.code-destiny.com/Mulmaru.woff2 | 93.9 KB https://code-destiny.com/images/fortune-tea-house/honey-drop-counter.png | 64.5 KB https://code-destiny.com/_next/static/css/2cf6b8929df91a43.css | 54.9 KB https://code-destiny.com/_next/static/chunks/4bd1b696-100b9d70ed4e49c1.js | 52.8 KB https://code-destiny.com/_next/static/css/244212f9e6bf8d4a.css,,,https://assets.code-destiny.com/DestinyCafe/nobackground/%EB%A7%90%ED%95%98%EB%8A%94%20%EA%BD%83%EB%8F%BC%EC%A7%80%20%EC%97%B0%EC%9D%B43-Photoroom.png | https://assets.code-destiny.com/DestinyCafe/nobackground/%EB%A7%90%ED%95%98%EB%8A%94%20%EA%BD%83%EB%8F%BC%EC%A7%80%20%EC%97%B0%EC%9D%B41-Photoroom.png | https://assets.code-destiny.com/DestinyCafe/nobackground/talking-flower-pig-yeoni1-cutout.webp | https://assets.code-destiny.com/DestinyCafe/nobackground/talking-flower-pig-yeoni2-cutout.webp | https://assets.code-destiny.com/DestinyCafe/nobackground/talking-flower-pig-yeoni3-cutout.webp | https://assets.code-destiny.com/DestinyCafe/nobackground/talking-flower-pig-yeoni1-cutout.webp | https://assets.code-destiny.com/DestinyCafe/nobackground/talking-flower-pig-yeoni2-cutout.webp | https://assets.code-destiny.com/DestinyCafe/%EB%A1%9C%EB%94%A9%20%EB%B0%B0%EA%B2%BD%20%EB%8D%B0%EC%8A%A4%ED%81%AC%ED%83%91.webp | https://assets.code-destiny.com/DestinyCafe/%EB%A1%9C%EB%94%A9%20%EB%B0%B0%EA%B2%BD%20%EB%AA%A8%EB%B0%94%EC%9D%BC.webp | https://assets.code-destiny.com/DestinyCafe/nobackground/talking-flower-pig-yeoni1-cutout.webp | https://assets.code-destiny.com/DestinyCafe/%EC%9A%B4%EB%AA%85%EC%9D%98%20%EC%B0%BB%EC%A7%91%20%EB%8D%B0%EC%8A%A4%ED%81%AC%ED%83%91.webp | https://assets.code-destiny.com/DestinyCafe/nobackground/%EC%98%A4%EB%B2%84%EB%A0%88%EC%9D%B4-Photoroom.png | https://assets.code-destiny.com/DestinyCafe/nobackground/%EC%98%A4%EB%B2%84%EB%A0%88%EC%9D%B42-Photoroom.png | https://assets.code-destiny.com/The%20Jamsil%20OTF%204%20Medium.otf | https://assets.code-destiny.com/netmarbleM.ttf | https://assets.code-destiny.com/Mulmaru.woff2,,net::ERR_ABORTED https://code-destiny.com/_next/static/chunks/9867-db4b58dbf022bfe0.js | net::ERR_ABORTED https://code-destiny.com/_next/static/chunks/8219-7428d35be5d083a7.js | net::ERR_ABORTED https://code-destiny.com/_next/static/chunks/158-53a57d2aef59254c.js | net::ERR_ABORTED https://code-destiny.com/_next/static/chunks/2391-f4d0eba2b5dcbad6.js | net::ERR_ABORTED https://code-destiny.com/_next/static/chunks/app/layout-718c0468d791a1a6.js | net::ERR_ABORTED https://code-destiny.com/_next/static/chunks/6391-ff392f1dc72a2d11.js | net::ERR_ABORTED https://code-destiny.com/_next/static/chunks/app/fortune-tea-house/page-49f032eba01812ec.js | net::ERR_ABORTED https://static.cloudflareinsights.com/beacon.min.js/v4513226cdae34746b4dedf0b4dfa099e1781791509496,14,0,14,0,initial load >= 5MB,watch,2026-06-30T11:11:43.278Z
/neo-operation-room,mobile,cold,200,49,31115646,29.67 MB,9544,30164123,301726,85603,548525,351,3406,https://assets.code-destiny.com/DestinyWar/%EB%84%A4%EC%98%A4%20%EC%A0%84%EB%9E%B5%EC%8B%A4%20%EB%B2%A0%EB%8B%A4%EC%A0%90%20%EC%9D%B4%EB%AF%B8%EC%A7%80.png,3323629,3.17 MB https://assets.code-destiny.com/DestinyWar/%EB%84%A4%EC%98%A4%20%EC%A0%84%EB%9E%B5%EC%8B%A4%20%EB%B2%A0%EB%8B%A4%EC%A0%90%20%EC%9D%B4%EB%AF%B8%EC%A7%80.png | 2.94 MB https://assets.code-destiny.com/DestinyWar/%EB%84%A4%EC%98%A4%20%EC%A0%84%EB%9E%B5%EC%8B%A4%20%EC%9E%90%EB%AF%B8%EB%91%90%EC%88%98%20%EC%9D%B4%EB%AF%B8%EC%A7%80.png | 2.88 MB https://assets.code-destiny.com/DestinyWar/%EB%84%A4%EC%98%A4%20%EC%A0%84%EB%9E%B5%EC%8B%A4%20%EC%82%AC%EC%A3%BC%20%EC%9D%B4%EB%AF%B8%EC%A7%80.png | 2.82 MB https://assets.code-destiny.com/DestinyWar/%EB%84%A4%EC%98%A4%20%EC%A0%84%EB%9E%B5%EC%8B%A4%20%EC%A0%90%EC%84%B1%EC%88%A0%20%EC%9D%B4%EB%AF%B8%EC%A7%80.png | 2.36 MB https://assets.code-destiny.com/DestinyWar/%EB%84%A4%EC%98%A4%20%EC%A0%84%EB%9E%B5%EC%8B%A4%20%EB%8D%B0%EC%8A%A4%ED%81%AC%ED%83%911.png | 2.22 MB https://assets.code-destiny.com/DestinyWar/%EB%84%A4%EC%98%A4%20%EC%A0%84%EB%9E%B5%EC%8B%A4%20%EB%AA%A8%EB%B0%94%EC%9D%BC1.png | 2.22 MB https://assets.code-destiny.com/DestinyWar/%EB%84%A4%EC%98%A4%20%EC%A0%84%EB%9E%B5%EC%8B%A4%20%EB%AA%A8%EB%B0%94%EC%9D%BC1.png | 1.98 MB https://assets.code-destiny.com/DestinyWar/%EB%84%A4%EC%98%A4%20%EB%B0%98%EC%8B%A0%EC%83%81%20%EB%B0%B0%EA%B2%BD%EC%97%86%EC%9D%8C-Photoroom.png | 1.98 MB https://assets.code-destiny.com/DestinyWar/%EB%84%A4%EC%98%A4%20%EB%B0%98%EC%8B%A0%EC%83%81%20%EB%B0%B0%EA%B2%BD%EC%97%86%EC%9D%8C-Photoroom.png | 1.98 MB https://assets.code-destiny.com/DestinyWar/%EB%84%A4%EC%98%A4%20%EB%B0%98%EC%8B%A0%EC%83%81%20%EB%B0%B0%EA%B2%BD%EC%97%86%EC%9D%8C-Photoroom.png | 1.33 MB https://assets.code-destiny.com/DestinyWar/%EC%9E%91%EC%A0%84%EC%8B%A4%20%EC%97%90%EC%85%8B1-Photoroom.png | 1.33 MB https://assets.code-destiny.com/DestinyWar/%EC%9E%91%EC%A0%84%EC%8B%A4%20%EC%97%90%EC%85%8B1-Photoroom.png | 1.33 MB https://assets.code-destiny.com/DestinyWar/%EC%9E%91%EC%A0%84%EC%8B%A4%20%EC%97%90%EC%85%8B1-Photoroom.png | 437.8 KB https://assets.code-destiny.com/The%20Jamsil%20OTF%204%20Medium.otf | 97.9 KB https://assets.code-destiny.com/Mulmaru.woff2 | 77.9 KB https://code-destiny.com/icons/%EA%BF%80%EA%BF%80%20%EC%9A%B4%EC%84%B8%20%EB%A1%9C%EA%B3%A0.webp | 77.9 KB https://code-destiny.com/icons/%EA%BF%80%EA%BF%80%20%EC%9A%B4%EC%84%B8%20%EB%A1%9C%EA%B3%A0.webp | 77.9 KB https://code-destiny.com/icons/%EA%BF%80%EA%BF%80%20%EC%9A%B4%EC%84%B8%20%EB%A1%9C%EA%B3%A0.webp | 64.5 KB https://code-destiny.com/_next/static/css/2cf6b8929df91a43.css | 54.9 KB https://code-destiny.com/_next/static/chunks/4bd1b696-100b9d70ed4e49c1.js,https://music.code-destiny.com/DestinyWar/The%20Moonlit%20War%20Room.mp3,,https://assets.code-destiny.com/DestinyWar/%EB%84%A4%EC%98%A4%20%EB%B0%98%EC%8B%A0%EC%83%81%20%EB%B0%B0%EA%B2%BD%EC%97%86%EC%9D%8C-Photoroom.png | https://assets.code-destiny.com/DestinyWar/%EB%84%A4%EC%98%A4%20%EC%A0%84%EB%9E%B5%EC%8B%A4%20%EB%AA%A8%EB%B0%94%EC%9D%BC1.png | https://assets.code-destiny.com/Mulmaru.woff2 | https://assets.code-destiny.com/The%20Jamsil%20OTF%204%20Medium.otf | https://assets.code-destiny.com/DestinyWar/%EC%9E%91%EC%A0%84%EC%8B%A4%20%EC%97%90%EC%85%8B1-Photoroom.png | https://assets.code-destiny.com/DestinyWar/%EB%84%A4%EC%98%A4%20%EB%B0%98%EC%8B%A0%EC%83%81%20%EB%B0%B0%EA%B2%BD%EC%97%86%EC%9D%8C-Photoroom.png | https://assets.code-destiny.com/DestinyWar/%EC%9E%91%EC%A0%84%EC%8B%A4%20%EC%97%90%EC%85%8B1-Photoroom.png | https://assets.code-destiny.com/DestinyWar/%EB%84%A4%EC%98%A4%20%EC%A0%84%EB%9E%B5%EC%8B%A4%20%EB%AA%A8%EB%B0%94%EC%9D%BC1.png | https://assets.code-destiny.com/DestinyWar/%EB%84%A4%EC%98%A4%20%EC%A0%84%EB%9E%B5%EC%8B%A4%20%EB%8D%B0%EC%8A%A4%ED%81%AC%ED%83%911.png | https://assets.code-destiny.com/DestinyWar/%EB%84%A4%EC%98%A4%20%EC%A0%84%EB%9E%B5%EC%8B%A4%20%EC%82%AC%EC%A3%BC%20%EC%9D%B4%EB%AF%B8%EC%A7%80.png | https://assets.code-destiny.com/DestinyWar/%EB%84%A4%EC%98%A4%20%EC%A0%84%EB%9E%B5%EC%8B%A4%20%EC%9E%90%EB%AF%B8%EB%91%90%EC%88%98%20%EC%9D%B4%EB%AF%B8%EC%A7%80.png | https://assets.code-destiny.com/DestinyWar/%EB%84%A4%EC%98%A4%20%EC%A0%84%EB%9E%B5%EC%8B%A4%20%EB%B2%A0%EB%8B%A4%EC%A0%90%20%EC%9D%B4%EB%AF%B8%EC%A7%80.png | https://assets.code-destiny.com/DestinyWar/%EB%84%A4%EC%98%A4%20%EC%A0%84%EB%9E%B5%EC%8B%A4%20%EC%A0%90%EC%84%B1%EC%88%A0%20%EC%9D%B4%EB%AF%B8%EC%A7%80.png | https://music.code-destiny.com/DestinyWar/The%20Moonlit%20War%20Room.mp3 | https://assets.code-destiny.com/DestinyWar/%EB%84%A4%EC%98%A4%20%EB%B0%98%EC%8B%A0%EC%83%81%20%EB%B0%B0%EA%B2%BD%EC%97%86%EC%9D%8C-Photoroom.png | https://assets.code-destiny.com/DestinyWar/%EC%9E%91%EC%A0%84%EC%8B%A4%20%EC%97%90%EC%85%8B1-Photoroom.png,,206 https://music.code-destiny.com/DestinyWar/The%20Moonlit%20War%20Room.mp3,16,0,22,3,initial load >= 20MB; audio/mp3 requested before click,very-high,2026-06-30T10:55:04.724Z
/neo-operation-room,mobile,repeat,200,48,28813650,27.48 MB,9540,27837195,302228,85606,548473,24855,3416,https://assets.code-destiny.com/DestinyWar/%EB%84%A4%EC%98%A4%20%EC%A0%84%EB%9E%B5%EC%8B%A4%20%EB%B2%A0%EB%8B%A4%EC%A0%90%20%EC%9D%B4%EB%AF%B8%EC%A7%80.png,3323621,3.17 MB https://assets.code-destiny.com/DestinyWar/%EB%84%A4%EC%98%A4%20%EC%A0%84%EB%9E%B5%EC%8B%A4%20%EB%B2%A0%EB%8B%A4%EC%A0%90%20%EC%9D%B4%EB%AF%B8%EC%A7%80.png | 2.94 MB https://assets.code-destiny.com/DestinyWar/%EB%84%A4%EC%98%A4%20%EC%A0%84%EB%9E%B5%EC%8B%A4%20%EC%9E%90%EB%AF%B8%EB%91%90%EC%88%98%20%EC%9D%B4%EB%AF%B8%EC%A7%80.png | 2.88 MB https://assets.code-destiny.com/DestinyWar/%EB%84%A4%EC%98%A4%20%EC%A0%84%EB%9E%B5%EC%8B%A4%20%EC%82%AC%EC%A3%BC%20%EC%9D%B4%EB%AF%B8%EC%A7%80.png | 2.82 MB https://assets.code-destiny.com/DestinyWar/%EB%84%A4%EC%98%A4%20%EC%A0%84%EB%9E%B5%EC%8B%A4%20%EC%A0%90%EC%84%B1%EC%88%A0%20%EC%9D%B4%EB%AF%B8%EC%A7%80.png | 2.36 MB https://assets.code-destiny.com/DestinyWar/%EB%84%A4%EC%98%A4%20%EC%A0%84%EB%9E%B5%EC%8B%A4%20%EB%8D%B0%EC%8A%A4%ED%81%AC%ED%83%911.png | 2.22 MB https://assets.code-destiny.com/DestinyWar/%EB%84%A4%EC%98%A4%20%EC%A0%84%EB%9E%B5%EC%8B%A4%20%EB%AA%A8%EB%B0%94%EC%9D%BC1.png | 1.98 MB https://assets.code-destiny.com/DestinyWar/%EB%84%A4%EC%98%A4%20%EB%B0%98%EC%8B%A0%EC%83%81%20%EB%B0%B0%EA%B2%BD%EC%97%86%EC%9D%8C-Photoroom.png | 1.98 MB https://assets.code-destiny.com/DestinyWar/%EB%84%A4%EC%98%A4%20%EB%B0%98%EC%8B%A0%EC%83%81%20%EB%B0%B0%EA%B2%BD%EC%97%86%EC%9D%8C-Photoroom.png | 1.98 MB https://assets.code-destiny.com/DestinyWar/%EB%84%A4%EC%98%A4%20%EB%B0%98%EC%8B%A0%EC%83%81%20%EB%B0%B0%EA%B2%BD%EC%97%86%EC%9D%8C-Photoroom.png | 1.33 MB https://assets.code-destiny.com/DestinyWar/%EC%9E%91%EC%A0%84%EC%8B%A4%20%EC%97%90%EC%85%8B1-Photoroom.png | 1.33 MB https://assets.code-destiny.com/DestinyWar/%EC%9E%91%EC%A0%84%EC%8B%A4%20%EC%97%90%EC%85%8B1-Photoroom.png | 1.33 MB https://assets.code-destiny.com/DestinyWar/%EC%9E%91%EC%A0%84%EC%8B%A4%20%EC%97%90%EC%85%8B1-Photoroom.png | 437.7 KB https://assets.code-destiny.com/The%20Jamsil%20OTF%204%20Medium.otf | 97.9 KB https://assets.code-destiny.com/Mulmaru.woff2 | 77.9 KB https://code-destiny.com/icons/%EA%BF%80%EA%BF%80%20%EC%9A%B4%EC%84%B8%20%EB%A1%9C%EA%B3%A0.webp | 77.9 KB https://code-destiny.com/icons/%EA%BF%80%EA%BF%80%20%EC%9A%B4%EC%84%B8%20%EB%A1%9C%EA%B3%A0.webp | 77.9 KB https://code-destiny.com/icons/%EA%BF%80%EA%BF%80%20%EC%9A%B4%EC%84%B8%20%EB%A1%9C%EA%B3%A0.webp | 64.5 KB https://code-destiny.com/_next/static/css/2cf6b8929df91a43.css | 54.9 KB https://code-destiny.com/_next/static/chunks/4bd1b696-100b9d70ed4e49c1.js | 45.5 KB https://code-destiny.com/_next/static/chunks/1255-7af2368fb2545735.js,https://music.code-destiny.com/DestinyWar/The%20Moonlit%20War%20Room.mp3,,https://assets.code-destiny.com/DestinyWar/%EB%84%A4%EC%98%A4%20%EB%B0%98%EC%8B%A0%EC%83%81%20%EB%B0%B0%EA%B2%BD%EC%97%86%EC%9D%8C-Photoroom.png | https://assets.code-destiny.com/DestinyWar/%EC%9E%91%EC%A0%84%EC%8B%A4%20%EC%97%90%EC%85%8B1-Photoroom.png | https://assets.code-destiny.com/DestinyWar/%EB%84%A4%EC%98%A4%20%EB%B0%98%EC%8B%A0%EC%83%81%20%EB%B0%B0%EA%B2%BD%EC%97%86%EC%9D%8C-Photoroom.png | https://assets.code-destiny.com/DestinyWar/%EC%9E%91%EC%A0%84%EC%8B%A4%20%EC%97%90%EC%85%8B1-Photoroom.png | https://assets.code-destiny.com/DestinyWar/%EB%84%A4%EC%98%A4%20%EB%B0%98%EC%8B%A0%EC%83%81%20%EB%B0%B0%EA%B2%BD%EC%97%86%EC%9D%8C-Photoroom.png | https://assets.code-destiny.com/DestinyWar/%EB%84%A4%EC%98%A4%20%EC%A0%84%EB%9E%B5%EC%8B%A4%20%EB%AA%A8%EB%B0%94%EC%9D%BC1.png | https://assets.code-destiny.com/Mulmaru.woff2 | https://assets.code-destiny.com/The%20Jamsil%20OTF%204%20Medium.otf | https://assets.code-destiny.com/DestinyWar/%EC%9E%91%EC%A0%84%EC%8B%A4%20%EC%97%90%EC%85%8B1-Photoroom.png | https://assets.code-destiny.com/DestinyWar/%EB%84%A4%EC%98%A4%20%EC%A0%84%EB%9E%B5%EC%8B%A4%20%EB%8D%B0%EC%8A%A4%ED%81%AC%ED%83%911.png | https://assets.code-destiny.com/DestinyWar/%EB%84%A4%EC%98%A4%20%EC%A0%84%EB%9E%B5%EC%8B%A4%20%EC%82%AC%EC%A3%BC%20%EC%9D%B4%EB%AF%B8%EC%A7%80.png | https://assets.code-destiny.com/DestinyWar/%EB%84%A4%EC%98%A4%20%EC%A0%84%EB%9E%B5%EC%8B%A4%20%EC%9E%90%EB%AF%B8%EB%91%90%EC%88%98%20%EC%9D%B4%EB%AF%B8%EC%A7%80.png | https://assets.code-destiny.com/DestinyWar/%EB%84%A4%EC%98%A4%20%EC%A0%84%EB%9E%B5%EC%8B%A4%20%EB%B2%A0%EB%8B%A4%EC%A0%90%20%EC%9D%B4%EB%AF%B8%EC%A7%80.png | https://assets.code-destiny.com/DestinyWar/%EB%84%A4%EC%98%A4%20%EC%A0%84%EB%9E%B5%EC%8B%A4%20%EC%A0%90%EC%84%B1%EC%88%A0%20%EC%9D%B4%EB%AF%B8%EC%A7%80.png | https://music.code-destiny.com/DestinyWar/The%20Moonlit%20War%20Room.mp3,,206 https://music.code-destiny.com/DestinyWar/The%20Moonlit%20War%20Room.mp3,15,0,22,3,initial load >= 20MB; audio/mp3 requested before click,very-high,2026-06-30T10:55:32.567Z
/neo-operation-room,desktop,cold,200,28,6481450,6.18 MB,9537,5652882,178178,85623,552858,0,0,https://assets.code-destiny.com/DestinyWar/%EB%84%A4%EC%98%A4%20%EC%A0%84%EB%9E%B5%EC%8B%A4%20%EB%8D%B0%EC%8A%A4%ED%81%AC%ED%83%911.png,2181026,2.08 MB https://assets.code-destiny.com/DestinyWar/%EB%84%A4%EC%98%A4%20%EC%A0%84%EB%9E%B5%EC%8B%A4%20%EB%8D%B0%EC%8A%A4%ED%81%AC%ED%83%911.png | 1.98 MB https://assets.code-destiny.com/DestinyWar/%EB%84%A4%EC%98%A4%20%EB%B0%98%EC%8B%A0%EC%83%81%20%EB%B0%B0%EA%B2%BD%EC%97%86%EC%9D%8C-Photoroom.png | 1.33 MB https://assets.code-destiny.com/DestinyWar/%EC%9E%91%EC%A0%84%EC%8B%A4%20%EC%97%90%EC%85%8B1-Photoroom.png | 442.0 KB https://assets.code-destiny.com/The%20Jamsil%20OTF%204%20Medium.otf | 97.9 KB https://assets.code-destiny.com/Mulmaru.woff2 | 64.5 KB https://code-destiny.com/_next/static/css/2cf6b8929df91a43.css | 54.9 KB https://code-destiny.com/_next/static/chunks/4bd1b696-100b9d70ed4e49c1.js | 45.5 KB https://code-destiny.com/_next/static/chunks/1255-7af2368fb2545735.js | 39.7 KB https://code-destiny.com/_next/static/chunks/7506-fee23a3de5789278.js | 13.7 KB https://code-destiny.com/_next/static/css/0d7f6820c4737bf6.css | 9.3 KB https://code-destiny.com/neo-operation-room/ | 5.8 KB https://code-destiny.com/_next/static/chunks/158-53a57d2aef59254c.js | 5.8 KB https://code-destiny.com/_next/static/chunks/webpack-c39d4f5fde12e115.js | 5.6 KB https://code-destiny.com/_next/static/chunks/8219-7428d35be5d083a7.js | 5.4 KB https://code-destiny.com/_next/static/css/b5a55bd74d9ef22e.css | 5.2 KB https://code-destiny.com/_next/static/chunks/2619-04bc32f026a0d946.js | 5.2 KB https://code-destiny.com/_next/static/chunks/2391-f4d0eba2b5dcbad6.js | 4.3 KB https://code-destiny.com/_next/static/chunks/9867-db4b58dbf022bfe0.js | 2.3 KB https://code-destiny.com/manifest.json | 2.0 KB https://code-destiny.com/_next/static/chunks/main-app-5491aff1f3f675f8.js,,,https://assets.code-destiny.com/DestinyWar/%EB%84%A4%EC%98%A4%20%EB%B0%98%EC%8B%A0%EC%83%81%20%EB%B0%B0%EA%B2%BD%EC%97%86%EC%9D%8C-Photoroom.png | https://assets.code-destiny.com/DestinyWar/%EB%84%A4%EC%98%A4%20%EC%A0%84%EB%9E%B5%EC%8B%A4%20%EB%8D%B0%EC%8A%A4%ED%81%AC%ED%83%911.png | https://assets.code-destiny.com/Mulmaru.woff2 | https://assets.code-destiny.com/The%20Jamsil%20OTF%204%20Medium.otf | https://assets.code-destiny.com/DestinyWar/%EC%9E%91%EC%A0%84%EC%8B%A4%20%EC%97%90%EC%85%8B1-Photoroom.png,,net::ERR_ABORTED https://code-destiny.com/_next/static/chunks/app/layout-718c0468d791a1a6.js | net::ERR_ABORTED https://code-destiny.com/_next/static/chunks/7620-a82822ebe1be243c.js | net::ERR_ABORTED https://code-destiny.com/_next/static/chunks/670-801d5a769372963a.js | net::ERR_ABORTED https://code-destiny.com/_next/static/chunks/2325-de0a1b24c2092cfb.js | net::ERR_ABORTED https://code-destiny.com/_next/static/chunks/9363-c6a14e532a35b49a.js | net::ERR_ABORTED https://code-destiny.com/_next/static/chunks/app/neo-operation-room/page-7260c5d42d05e663.js | net::ERR_ABORTED https://static.cloudflareinsights.com/beacon.min.js/v4513226cdae34746b4dedf0b4dfa099e1781791509496 | 200 https://assets.code-destiny.com/DestinyWar/%EB%84%A4%EC%98%A4%20%EC%A0%84%EB%9E%B5%EC%8B%A4%20%EB%8D%B0%EC%8A%A4%ED%81%AC%ED%83%911.png | 200 https://assets.code-destiny.com/DestinyWar/%EC%9E%91%EC%A0%84%EC%8B%A4%20%EC%97%90%EC%85%8B1-Photoroom.png,3,0,17,0,initial load >= 5MB,watch,2026-06-30T11:12:39.432Z
/neo-operation-room,desktop,repeat,200,53,31352474,29.90 MB,9533,30396540,302089,85604,552600,357,3414,https://assets.code-destiny.com/DestinyWar/%EB%84%A4%EC%98%A4%20%EC%A0%84%EB%9E%B5%EC%8B%A4%20%EB%B2%A0%EB%8B%A4%EC%A0%90%20%EC%9D%B4%EB%AF%B8%EC%A7%80.png,3323624,3.17 MB https://assets.code-destiny.com/DestinyWar/%EB%84%A4%EC%98%A4%20%EC%A0%84%EB%9E%B5%EC%8B%A4%20%EB%B2%A0%EB%8B%A4%EC%A0%90%20%EC%9D%B4%EB%AF%B8%EC%A7%80.png | 2.94 MB https://assets.code-destiny.com/DestinyWar/%EB%84%A4%EC%98%A4%20%EC%A0%84%EB%9E%B5%EC%8B%A4%20%EC%9E%90%EB%AF%B8%EB%91%90%EC%88%98%20%EC%9D%B4%EB%AF%B8%EC%A7%80.png | 2.88 MB https://assets.code-destiny.com/DestinyWar/%EB%84%A4%EC%98%A4%20%EC%A0%84%EB%9E%B5%EC%8B%A4%20%EC%82%AC%EC%A3%BC%20%EC%9D%B4%EB%AF%B8%EC%A7%80.png | 2.82 MB https://assets.code-destiny.com/DestinyWar/%EB%84%A4%EC%98%A4%20%EC%A0%84%EB%9E%B5%EC%8B%A4%20%EC%A0%90%EC%84%B1%EC%88%A0%20%EC%9D%B4%EB%AF%B8%EC%A7%80.png | 2.36 MB https://assets.code-destiny.com/DestinyWar/%EB%84%A4%EC%98%A4%20%EC%A0%84%EB%9E%B5%EC%8B%A4%20%EB%8D%B0%EC%8A%A4%ED%81%AC%ED%83%911.png | 2.36 MB https://assets.code-destiny.com/DestinyWar/%EB%84%A4%EC%98%A4%20%EC%A0%84%EB%9E%B5%EC%8B%A4%20%EB%8D%B0%EC%8A%A4%ED%81%AC%ED%83%911.png | 2.22 MB https://assets.code-destiny.com/DestinyWar/%EB%84%A4%EC%98%A4%20%EC%A0%84%EB%9E%B5%EC%8B%A4%20%EB%AA%A8%EB%B0%94%EC%9D%BC1.png | 1.98 MB https://assets.code-destiny.com/DestinyWar/%EB%84%A4%EC%98%A4%20%EB%B0%98%EC%8B%A0%EC%83%81%20%EB%B0%B0%EA%B2%BD%EC%97%86%EC%9D%8C-Photoroom.png | 1.98 MB https://assets.code-destiny.com/DestinyWar/%EB%84%A4%EC%98%A4%20%EB%B0%98%EC%8B%A0%EC%83%81%20%EB%B0%B0%EA%B2%BD%EC%97%86%EC%9D%8C-Photoroom.png | 1.98 MB https://assets.code-destiny.com/DestinyWar/%EB%84%A4%EC%98%A4%20%EB%B0%98%EC%8B%A0%EC%83%81%20%EB%B0%B0%EA%B2%BD%EC%97%86%EC%9D%8C-Photoroom.png | 1.33 MB https://assets.code-destiny.com/DestinyWar/%EC%9E%91%EC%A0%84%EC%8B%A4%20%EC%97%90%EC%85%8B1-Photoroom.png | 1.33 MB https://assets.code-destiny.com/DestinyWar/%EC%9E%91%EC%A0%84%EC%8B%A4%20%EC%97%90%EC%85%8B1-Photoroom.png | 1.33 MB https://assets.code-destiny.com/DestinyWar/%EC%9E%91%EC%A0%84%EC%8B%A4%20%EC%97%90%EC%85%8B1-Photoroom.png | 441.7 KB https://assets.code-destiny.com/The%20Jamsil%20OTF%204%20Medium.otf | 97.9 KB https://assets.code-destiny.com/Mulmaru.woff2 | 78.6 KB https://code-destiny.com/icons/%EA%BF%80%EA%BF%80%20%EC%9A%B4%EC%84%B8%20%EB%A1%9C%EA%B3%A0.webp | 77.9 KB https://code-destiny.com/icons/%EA%BF%80%EA%BF%80%20%EC%9A%B4%EC%84%B8%20%EB%A1%9C%EA%B3%A0.webp | 77.9 KB https://code-destiny.com/icons/%EA%BF%80%EA%BF%80%20%EC%9A%B4%EC%84%B8%20%EB%A1%9C%EA%B3%A0.webp | 77.9 KB https://code-destiny.com/icons/%EA%BF%80%EA%BF%80%20%EC%9A%B4%EC%84%B8%20%EB%A1%9C%EA%B3%A0.webp | 64.5 KB https://code-destiny.com/_next/static/css/2cf6b8929df91a43.css,https://music.code-destiny.com/DestinyWar/The%20Moonlit%20War%20Room.mp3,,https://assets.code-destiny.com/DestinyWar/%EB%84%A4%EC%98%A4%20%EB%B0%98%EC%8B%A0%EC%83%81%20%EB%B0%B0%EA%B2%BD%EC%97%86%EC%9D%8C-Photoroom.png | https://assets.code-destiny.com/DestinyWar/%EB%84%A4%EC%98%A4%20%EC%A0%84%EB%9E%B5%EC%8B%A4%20%EB%8D%B0%EC%8A%A4%ED%81%AC%ED%83%911.png | https://assets.code-destiny.com/Mulmaru.woff2 | https://assets.code-destiny.com/The%20Jamsil%20OTF%204%20Medium.otf | https://assets.code-destiny.com/DestinyWar/%EC%9E%91%EC%A0%84%EC%8B%A4%20%EC%97%90%EC%85%8B1-Photoroom.png | https://assets.code-destiny.com/DestinyWar/%EB%84%A4%EC%98%A4%20%EB%B0%98%EC%8B%A0%EC%83%81%20%EB%B0%B0%EA%B2%BD%EC%97%86%EC%9D%8C-Photoroom.png | https://assets.code-destiny.com/DestinyWar/%EC%9E%91%EC%A0%84%EC%8B%A4%20%EC%97%90%EC%85%8B1-Photoroom.png | https://assets.code-destiny.com/DestinyWar/%EB%84%A4%EC%98%A4%20%EC%A0%84%EB%9E%B5%EC%8B%A4%20%EB%8D%B0%EC%8A%A4%ED%81%AC%ED%83%911.png | https://assets.code-destiny.com/DestinyWar/%EB%84%A4%EC%98%A4%20%EC%A0%84%EB%9E%B5%EC%8B%A4%20%EB%AA%A8%EB%B0%94%EC%9D%BC1.png | https://assets.code-destiny.com/DestinyWar/%EB%84%A4%EC%98%A4%20%EC%A0%84%EB%9E%B5%EC%8B%A4%20%EC%82%AC%EC%A3%BC%20%EC%9D%B4%EB%AF%B8%EC%A7%80.png | https://assets.code-destiny.com/DestinyWar/%EB%84%A4%EC%98%A4%20%EC%A0%84%EB%9E%B5%EC%8B%A4%20%EC%9E%90%EB%AF%B8%EB%91%90%EC%88%98%20%EC%9D%B4%EB%AF%B8%EC%A7%80.png | https://assets.code-destiny.com/DestinyWar/%EB%84%A4%EC%98%A4%20%EC%A0%84%EB%9E%B5%EC%8B%A4%20%EB%B2%A0%EB%8B%A4%EC%A0%90%20%EC%9D%B4%EB%AF%B8%EC%A7%80.png | https://assets.code-destiny.com/DestinyWar/%EB%84%A4%EC%98%A4%20%EC%A0%84%EB%9E%B5%EC%8B%A4%20%EC%A0%90%EC%84%B1%EC%88%A0%20%EC%9D%B4%EB%AF%B8%EC%A7%80.png | https://music.code-destiny.com/DestinyWar/The%20Moonlit%20War%20Room.mp3 | https://assets.code-destiny.com/DestinyWar/%EB%84%A4%EC%98%A4%20%EB%B0%98%EC%8B%A0%EC%83%81%20%EB%B0%B0%EA%B2%BD%EC%97%86%EC%9D%8C-Photoroom.png | https://assets.code-destiny.com/DestinyWar/%EC%9E%91%EC%A0%84%EC%8B%A4%20%EC%97%90%EC%85%8B1-Photoroom.png | https://assets.code-destiny.com/DestinyWar/%EB%84%A4%EC%98%A4%20%EB%B0%98%EC%8B%A0%EC%83%81%20%EB%B0%B0%EA%B2%BD%EC%97%86%EC%9D%8C-Photoroom.png | https://assets.code-destiny.com/DestinyWar/%EC%9E%91%EC%A0%84%EC%8B%A4%20%EC%97%90%EC%85%8B1-Photoroom.png | https://assets.code-destiny.com/DestinyWar/%EB%84%A4%EC%98%A4%20%EC%A0%84%EC%8B%A0%EC%83%81%20%EB%B0%B0%EA%B2%BD%EC%97%86%EC%9D%8C-Photoroom.png,,206 https://music.code-destiny.com/DestinyWar/The%20Moonlit%20War%20Room.mp3 | net::ERR_ABORTED https://assets.code-destiny.com/DestinyWar/%EB%84%A4%EC%98%A4%20%EB%B0%98%EC%8B%A0%EC%83%81%20%EB%B0%B0%EA%B2%BD%EC%97%86%EC%9D%8C-Photoroom.png | net::ERR_ABORTED https://assets.code-destiny.com/DestinyWar/%EC%9E%91%EC%A0%84%EC%8B%A4%20%EC%97%90%EC%85%8B1-Photoroom.png,20,0,22,3,initial load >= 20MB; audio/mp3 requested before click,very-high,2026-06-30T11:13:06.732Z
/neo-operation-room/result,mobile,cold,200,42,9154859,8.73 MB,8088,8630257,314597,89913,100218,0,9447,https://assets.code-destiny.com/DestinyWar/%EB%84%A4%EC%98%A4%20%EC%A0%84%EB%9E%B5%EC%8B%A4%20%EB%AA%A8%EB%B0%94%EC%9D%BC1.png,2326665,2.22 MB https://assets.code-destiny.com/DestinyWar/%EB%84%A4%EC%98%A4%20%EC%A0%84%EB%9E%B5%EC%8B%A4%20%EB%AA%A8%EB%B0%94%EC%9D%BC1.png | 1.82 MB https://assets.code-destiny.com/DestinyWar/%EC%82%AC%EC%9E%90%20%ED%9C%98%EC%9E%A5%20%EB%8F%84%EC%9E%A5-Photoroom.png | 1.50 MB https://assets.code-destiny.com/DestinyWar/%EC%9E%91%EC%A0%84%EC%8B%A4%20%EC%97%90%EC%85%8B2-Photoroom.png | 1.33 MB https://assets.code-destiny.com/DestinyWar/%EC%9E%91%EC%A0%84%EC%8B%A4%20%EC%97%90%EC%85%8B1-Photoroom.png | 1.12 MB https://assets.code-destiny.com/DestinyWar/%EB%84%A4%EC%98%A4%20%EC%A0%84%EC%8B%A0%EC%83%81%20%EB%B0%B0%EA%B2%BD%EC%97%86%EC%9D%8C-Photoroom.png | 97.9 KB https://assets.code-destiny.com/Mulmaru.woff2 | 77.9 KB https://code-destiny.com/icons/%EA%BF%80%EA%BF%80%20%EC%9A%B4%EC%84%B8%20%EB%A1%9C%EA%B3%A0.webp | 77.9 KB https://code-destiny.com/icons/%EA%BF%80%EA%BF%80%20%EC%9A%B4%EC%84%B8%20%EB%A1%9C%EA%B3%A0.webp | 77.9 KB https://code-destiny.com/icons/%EA%BF%80%EA%BF%80%20%EC%9A%B4%EC%84%B8%20%EB%A1%9C%EA%B3%A0.webp | 64.5 KB https://code-destiny.com/_next/static/css/2cf6b8929df91a43.css | 54.9 KB https://code-destiny.com/_next/static/chunks/4bd1b696-100b9d70ed4e49c1.js | 45.5 KB https://code-destiny.com/_next/static/chunks/1255-7af2368fb2545735.js | 39.7 KB https://code-destiny.com/_next/static/chunks/7506-fee23a3de5789278.js | 26.6 KB https://code-destiny.com/_next/static/chunks/app/neo-operation-room/page-7260c5d42d05e663.js | 23.7 KB https://code-destiny.com/_next/static/chunks/2325-de0a1b24c2092cfb.js | 15.1 KB https://code-destiny.com/_next/static/chunks/app/layout-718c0468d791a1a6.js | 13.7 KB https://code-destiny.com/_next/static/css/0d7f6820c4737bf6.css | 12.2 KB https://code-destiny.com/_next/static/chunks/app/neo-operation-room/result/page-e82b7ed40bb76da9.js | 11.2 KB https://static.cloudflareinsights.com/beacon.min.js/v4513226cdae34746b4dedf0b4dfa099e1781791509496 | 9.0 KB https://code-destiny.com/cdn-cgi/challenge-platform/h/b/scripts/jsd/25e6c66701a0/main.js?,,,https://assets.code-destiny.com/DestinyWar/%EB%84%A4%EC%98%A4%20%EC%A0%84%EC%8B%A0%EC%83%81%20%EB%B0%B0%EA%B2%BD%EC%97%86%EC%9D%8C-Photoroom.png | https://assets.code-destiny.com/DestinyWar/%EB%84%A4%EC%98%A4%20%EC%A0%84%EB%9E%B5%EC%8B%A4%20%EB%AA%A8%EB%B0%94%EC%9D%BC1.png | https://assets.code-destiny.com/Mulmaru.woff2 | https://assets.code-destiny.com/DestinyWar/%EC%9E%91%EC%A0%84%EC%8B%A4%20%EC%97%90%EC%85%8B1-Photoroom.png | https://assets.code-destiny.com/DestinyWar/%EC%9E%91%EC%A0%84%EC%8B%A4%20%EC%97%90%EC%85%8B2-Photoroom.png | https://assets.code-destiny.com/DestinyWar/%EC%82%AC%EC%9E%90%20%ED%9C%98%EC%9E%A5%20%EB%8F%84%EC%9E%A5-Photoroom.png,,,8,0,23,4,initial load >= 5MB,watch,2026-06-30T10:55:55.480Z
/neo-operation-room/result,mobile,repeat,200,46,15218287,14.51 MB,8094,14694196,314051,89916,100229,0,9465,https://assets.code-destiny.com/DestinyWar/%EB%84%A4%EC%98%A4%20%EC%A0%84%EB%9E%B5%EC%8B%A4%20%EB%AA%A8%EB%B0%94%EC%9D%BC1.png,2326592,2.22 MB https://assets.code-destiny.com/DestinyWar/%EB%84%A4%EC%98%A4%20%EC%A0%84%EB%9E%B5%EC%8B%A4%20%EB%AA%A8%EB%B0%94%EC%9D%BC1.png | 1.82 MB https://assets.code-destiny.com/DestinyWar/%EC%82%AC%EC%9E%90%20%ED%9C%98%EC%9E%A5%20%EB%8F%84%EC%9E%A5-Photoroom.png | 1.82 MB https://assets.code-destiny.com/DestinyWar/%EC%82%AC%EC%9E%90%20%ED%9C%98%EC%9E%A5%20%EB%8F%84%EC%9E%A5-Photoroom.png | 1.50 MB https://assets.code-destiny.com/DestinyWar/%EC%9E%91%EC%A0%84%EC%8B%A4%20%EC%97%90%EC%85%8B2-Photoroom.png | 1.50 MB https://assets.code-destiny.com/DestinyWar/%EC%9E%91%EC%A0%84%EC%8B%A4%20%EC%97%90%EC%85%8B2-Photoroom.png | 1.33 MB https://assets.code-destiny.com/DestinyWar/%EC%9E%91%EC%A0%84%EC%8B%A4%20%EC%97%90%EC%85%8B1-Photoroom.png | 1.33 MB https://assets.code-destiny.com/DestinyWar/%EC%9E%91%EC%A0%84%EC%8B%A4%20%EC%97%90%EC%85%8B1-Photoroom.png | 1.12 MB https://assets.code-destiny.com/DestinyWar/%EB%84%A4%EC%98%A4%20%EC%A0%84%EC%8B%A0%EC%83%81%20%EB%B0%B0%EA%B2%BD%EC%97%86%EC%9D%8C-Photoroom.png | 1.12 MB https://assets.code-destiny.com/DestinyWar/%EB%84%A4%EC%98%A4%20%EC%A0%84%EC%8B%A0%EC%83%81%20%EB%B0%B0%EA%B2%BD%EC%97%86%EC%9D%8C-Photoroom.png | 97.9 KB https://assets.code-destiny.com/Mulmaru.woff2 | 77.9 KB https://code-destiny.com/icons/%EA%BF%80%EA%BF%80%20%EC%9A%B4%EC%84%B8%20%EB%A1%9C%EA%B3%A0.webp | 77.9 KB https://code-destiny.com/icons/%EA%BF%80%EA%BF%80%20%EC%9A%B4%EC%84%B8%20%EB%A1%9C%EA%B3%A0.webp | 77.9 KB https://code-destiny.com/icons/%EA%BF%80%EA%BF%80%20%EC%9A%B4%EC%84%B8%20%EB%A1%9C%EA%B3%A0.webp | 64.5 KB https://code-destiny.com/_next/static/css/2cf6b8929df91a43.css | 54.9 KB https://code-destiny.com/_next/static/chunks/4bd1b696-100b9d70ed4e49c1.js | 45.5 KB https://code-destiny.com/_next/static/chunks/1255-7af2368fb2545735.js | 39.7 KB https://code-destiny.com/_next/static/chunks/7506-fee23a3de5789278.js | 26.6 KB https://code-destiny.com/_next/static/chunks/app/neo-operation-room/page-7260c5d42d05e663.js | 23.7 KB https://code-destiny.com/_next/static/chunks/2325-de0a1b24c2092cfb.js | 15.1 KB https://code-destiny.com/_next/static/chunks/app/layout-718c0468d791a1a6.js,,,https://assets.code-destiny.com/DestinyWar/%EB%84%A4%EC%98%A4%20%EC%A0%84%EC%8B%A0%EC%83%81%20%EB%B0%B0%EA%B2%BD%EC%97%86%EC%9D%8C-Photoroom.png | https://assets.code-destiny.com/DestinyWar/%EB%84%A4%EC%98%A4%20%EC%A0%84%EB%9E%B5%EC%8B%A4%20%EB%AA%A8%EB%B0%94%EC%9D%BC1.png | https://assets.code-destiny.com/Mulmaru.woff2 | https://assets.code-destiny.com/DestinyWar/%EC%9E%91%EC%A0%84%EC%8B%A4%20%EC%97%90%EC%85%8B1-Photoroom.png | https://assets.code-destiny.com/DestinyWar/%EC%9E%91%EC%A0%84%EC%8B%A4%20%EC%97%90%EC%85%8B2-Photoroom.png | https://assets.code-destiny.com/DestinyWar/%EC%82%AC%EC%9E%90%20%ED%9C%98%EC%9E%A5%20%EB%8F%84%EC%9E%A5-Photoroom.png | https://assets.code-destiny.com/DestinyWar/%EB%84%A4%EC%98%A4%20%EC%A0%84%EC%8B%A0%EC%83%81%20%EB%B0%B0%EA%B2%BD%EC%97%86%EC%9D%8C-Photoroom.png | https://assets.code-destiny.com/DestinyWar/%EC%9E%91%EC%A0%84%EC%8B%A4%20%EC%97%90%EC%85%8B1-Photoroom.png | https://assets.code-destiny.com/DestinyWar/%EC%9E%91%EC%A0%84%EC%8B%A4%20%EC%97%90%EC%85%8B2-Photoroom.png | https://assets.code-destiny.com/DestinyWar/%EC%82%AC%EC%9E%90%20%ED%9C%98%EC%9E%A5%20%EB%8F%84%EC%9E%A5-Photoroom.png,,,12,0,23,4,initial load >= 10MB,high,2026-06-30T10:56:11.620Z
/neo-operation-room/result,desktop,cold,200,37,317124,309.7 KB,8094,0,230303,75900,0,0,458,https://code-destiny.com/_next/static/css/2cf6b8929df91a43.css,66052,64.5 KB https://code-destiny.com/_next/static/css/2cf6b8929df91a43.css | 55.0 KB https://code-destiny.com/_next/static/chunks/4bd1b696-100b9d70ed4e49c1.js | 45.5 KB https://code-destiny.com/_next/static/chunks/1255-7af2368fb2545735.js | 39.7 KB https://code-destiny.com/_next/static/chunks/7506-fee23a3de5789278.js | 15.1 KB https://code-destiny.com/_next/static/chunks/app/layout-718c0468d791a1a6.js | 12.2 KB https://code-destiny.com/_next/static/chunks/app/neo-operation-room/result/page-e82b7ed40bb76da9.js | 11.3 KB https://static.cloudflareinsights.com/beacon.min.js/v4513226cdae34746b4dedf0b4dfa099e1781791509496 | 7.9 KB https://code-destiny.com/neo-operation-room/result/ | 7.1 KB https://code-destiny.com/_next/static/chunks/7620-a82822ebe1be243c.js | 5.8 KB https://code-destiny.com/_next/static/chunks/158-53a57d2aef59254c.js | 5.8 KB https://code-destiny.com/_next/static/chunks/webpack-c39d4f5fde12e115.js | 5.6 KB https://code-destiny.com/_next/static/chunks/8219-7428d35be5d083a7.js | 5.4 KB https://code-destiny.com/_next/static/css/b5a55bd74d9ef22e.css | 5.2 KB https://code-destiny.com/_next/static/chunks/670-801d5a769372963a.js | 5.2 KB https://code-destiny.com/_next/static/chunks/2619-04bc32f026a0d946.js | 5.2 KB https://code-destiny.com/_next/static/chunks/2391-f4d0eba2b5dcbad6.js | 4.3 KB https://code-destiny.com/_next/static/chunks/9867-db4b58dbf022bfe0.js | 4.2 KB https://code-destiny.com/_next/static/css/5743097ce9aab4e0.css | 2.3 KB https://code-destiny.com/manifest.json | 2.0 KB https://code-destiny.com/_next/static/chunks/main-app-5491aff1f3f675f8.js,,,https://assets.code-destiny.com/DestinyWar/%EB%84%A4%EC%98%A4%20%EC%A0%84%EC%8B%A0%EC%83%81%20%EB%B0%B0%EA%B2%BD%EC%97%86%EC%9D%8C-Photoroom.png | https://assets.code-destiny.com/DestinyWar/%EB%84%A4%EC%98%A4%20%EC%A0%84%EB%9E%B5%EC%8B%A4%20%EB%8D%B0%EC%8A%A4%ED%81%AC%ED%83%911.png | https://assets.code-destiny.com/Mulmaru.woff2 | https://assets.code-destiny.com/DestinyWar/%EC%9E%91%EC%A0%84%EC%8B%A4%20%EC%97%90%EC%85%8B1-Photoroom.png | https://assets.code-destiny.com/DestinyWar/%EC%9E%91%EC%A0%84%EC%8B%A4%20%EC%97%90%EC%85%8B2-Photoroom.png | https://assets.code-destiny.com/DestinyWar/%EC%82%AC%EC%9E%90%20%ED%9C%98%EC%9E%A5%20c%EB%B6%80%ED%84%B0ex-Photoroom.png | https://assets.code-destiny.com/DestinyWar/%EC%82%AC%EC%9E%90%20%ED%9C%98%EC%9E%A5%20%EB%8F%84%EC%9E%A5-Photoroom.png,,net::ERR_ABORTED https://code-destiny.com/cdn-cgi/challenge-platform/scripts/jsd/main.js | net::ERR_ABORTED https://code-destiny.com/icons/%EA%BF%80%EA%BF%80%20%EC%9A%B4%EC%84%B8%20%EB%A1%9C%EA%B3%A0.webp | net::ERR_ABORTED https://code-destiny.com/icons/%EA%BF%80%EA%BF%80%20%EC%9A%B4%EC%84%B8%20%EB%A1%9C%EA%B3%A0.webp | net::ERR_ABORTED https://code-destiny.com/_next/static/chunks/3415.e7b810b6524fc6dc.js | net::ERR_ABORTED https://assets.code-destiny.com/DestinyWar/%EB%84%A4%EC%98%A4%20%EC%A0%84%EC%8B%A0%EC%83%81%20%EB%B0%B0%EA%B2%BD%EC%97%86%EC%9D%8C-Photoroom.png | net::ERR_ABORTED https://assets.code-destiny.com/DestinyWar/%EB%84%A4%EC%98%A4%20%EC%A0%84%EB%9E%B5%EC%8B%A4%20%EB%8D%B0%EC%8A%A4%ED%81%AC%ED%83%911.png | net::ERR_ABORTED https://assets.code-destiny.com/Mulmaru.woff2 | net::ERR_ABORTED https://assets.code-destiny.com/DestinyWar/%EC%9E%91%EC%A0%84%EC%8B%A4%20%EC%97%90%EC%85%8B1-Photoroom.png | net::ERR_ABORTED https://assets.code-destiny.com/DestinyWar/%EC%9E%91%EC%A0%84%EC%8B%A4%20%EC%97%90%EC%85%8B2-Photoroom.png | net::ERR_ABORTED https://assets.code-destiny.com/DestinyWar/%EC%82%AC%EC%9E%90%20%ED%9C%98%EC%9E%A5%20c%EB%B6%80%ED%84%B0ex-Photoroom.png | net::ERR_ABORTED https://assets.code-destiny.com/DestinyWar/%EC%82%AC%EC%9E%90%20%ED%9C%98%EC%9E%A5%20%EB%8F%84%EC%9E%A5-Photoroom.png | net::ERR_ABORTED https://code-destiny.com/neo-operation-room/index.txt?_rsc=rubla | net::ERR_ABORTED https://code-destiny.com/_next/static/chunks/8167.29c6e3862b517e4b.js | net::ERR_ABORTED https://code-destiny.com/_next/static/chunks/7372.d28b659a82b496da.js | net::ERR_ABORTED https://code-destiny.com/_next/static/chunks/9527.6106c343fa0b3e97.js,6,0,20,2,none,normal,2026-06-30T11:42:24.773Z
/neo-operation-room/result,desktop,repeat,200,21,327982,320.3 KB,8785,79749,161176,75897,0,0,0,https://code-destiny.com/icons/%EA%BF%80%EA%BF%80%20%EC%9A%B4%EC%84%B8%20%EB%A1%9C%EA%B3%A0.webp,79749,77.9 KB https://code-destiny.com/icons/%EA%BF%80%EA%BF%80%20%EC%9A%B4%EC%84%B8%20%EB%A1%9C%EA%B3%A0.webp | 64.5 KB https://code-destiny.com/_next/static/css/2cf6b8929df91a43.css | 54.9 KB https://code-destiny.com/_next/static/chunks/4bd1b696-100b9d70ed4e49c1.js | 45.5 KB https://code-destiny.com/_next/static/chunks/1255-7af2368fb2545735.js | 39.7 KB https://code-destiny.com/_next/static/chunks/7506-fee23a3de5789278.js | 8.6 KB https://code-destiny.com/neo-operation-room/result/ | 5.8 KB https://code-destiny.com/_next/static/chunks/webpack-c39d4f5fde12e115.js | 5.4 KB https://code-destiny.com/_next/static/css/b5a55bd74d9ef22e.css | 5.2 KB https://code-destiny.com/_next/static/chunks/2619-04bc32f026a0d946.js | 4.3 KB https://code-destiny.com/_next/static/chunks/9867-db4b58dbf022bfe0.js | 4.2 KB https://code-destiny.com/_next/static/css/5743097ce9aab4e0.css | 2.3 KB https://code-destiny.com/manifest.json | 2.0 KB https://code-destiny.com/_next/static/chunks/main-app-5491aff1f3f675f8.js | 0 B https://code-destiny.com/_next/static/chunks/8219-7428d35be5d083a7.js | 0 B https://code-destiny.com/_next/static/chunks/158-53a57d2aef59254c.js | 0 B https://code-destiny.com/_next/static/chunks/2391-f4d0eba2b5dcbad6.js | 0 B https://code-destiny.com/_next/static/chunks/app/layout-718c0468d791a1a6.js | 0 B https://code-destiny.com/_next/static/chunks/7620-a82822ebe1be243c.js | 0 B https://code-destiny.com/_next/static/chunks/670-801d5a769372963a.js | 0 B https://code-destiny.com/_next/static/chunks/app/neo-operation-room/result/page-e82b7ed40bb76da9.js,,,,,net::ERR_ABORTED https://code-destiny.com/_next/static/chunks/8219-7428d35be5d083a7.js | net::ERR_ABORTED https://code-destiny.com/_next/static/chunks/158-53a57d2aef59254c.js | net::ERR_ABORTED https://code-destiny.com/_next/static/chunks/2391-f4d0eba2b5dcbad6.js | net::ERR_ABORTED https://code-destiny.com/_next/static/chunks/app/layout-718c0468d791a1a6.js | net::ERR_ABORTED https://code-destiny.com/_next/static/chunks/7620-a82822ebe1be243c.js | net::ERR_ABORTED https://code-destiny.com/_next/static/chunks/670-801d5a769372963a.js | net::ERR_ABORTED https://code-destiny.com/_next/static/chunks/app/neo-operation-room/result/page-e82b7ed40bb76da9.js | net::ERR_ABORTED https://static.cloudflareinsights.com/beacon.min.js/v4513226cdae34746b4dedf0b4dfa099e1781791509496,1,0,15,0,none,normal,2026-06-30T11:43:10.893Z
/login,mobile,cold,200,33,598305,584.3 KB,12727,239248,263169,71580,0,0,9245,https://code-destiny.com/icons/%EA%BF%80%EA%BF%80%20%EC%9A%B4%EC%84%B8%20%EB%A1%9C%EA%B3%A0.webp,79750,77.9 KB https://code-destiny.com/icons/%EA%BF%80%EA%BF%80%20%EC%9A%B4%EC%84%B8%20%EB%A1%9C%EA%B3%A0.webp | 77.9 KB https://code-destiny.com/icons/%EA%BF%80%EA%BF%80%20%EC%9A%B4%EC%84%B8%20%EB%A1%9C%EA%B3%A0.webp | 77.9 KB https://code-destiny.com/icons/%EA%BF%80%EA%BF%80%20%EC%9A%B4%EC%84%B8%20%EB%A1%9C%EA%B3%A0.webp | 64.5 KB https://code-destiny.com/_next/static/css/2cf6b8929df91a43.css | 54.9 KB https://code-destiny.com/_next/static/chunks/4bd1b696-100b9d70ed4e49c1.js | 45.5 KB https://code-destiny.com/_next/static/chunks/1255-7af2368fb2545735.js | 39.7 KB https://code-destiny.com/_next/static/chunks/7506-fee23a3de5789278.js | 15.1 KB https://code-destiny.com/_next/static/chunks/app/layout-718c0468d791a1a6.js | 12.4 KB https://code-destiny.com/login/ | 12.1 KB https://code-destiny.com/_next/static/chunks/8856.6b9f7fc0864ed953.js | 11.2 KB https://static.cloudflareinsights.com/beacon.min.js/v4513226cdae34746b4dedf0b4dfa099e1781791509496 | 8.9 KB https://code-destiny.com/cdn-cgi/challenge-platform/h/b/scripts/jsd/25e6c66701a0/main.js? | 6.4 KB https://code-destiny.com/_next/static/chunks/8167.29c6e3862b517e4b.js | 6.3 KB https://code-destiny.com/_next/static/chunks/9527.6106c343fa0b3e97.js | 5.8 KB https://code-destiny.com/_next/static/chunks/158-53a57d2aef59254c.js | 5.8 KB https://code-destiny.com/_next/static/chunks/webpack-c39d4f5fde12e115.js | 5.7 KB https://code-destiny.com/signup/index.txt?_rsc=asqg6 | 5.6 KB https://code-destiny.com/_next/static/chunks/8219-7428d35be5d083a7.js | 5.6 KB https://code-destiny.com/_next/static/chunks/926.648b72db6c30a7d0.js | 5.4 KB https://code-destiny.com/_next/static/css/b5a55bd74d9ef22e.css,,,,,,3,0,22,4,none,normal,2026-06-30T10:56:36.416Z
/login,mobile,repeat,200,33,598929,584.9 KB,12732,239247,263795,71580,0,0,9241,https://code-destiny.com/icons/%EA%BF%80%EA%BF%80%20%EC%9A%B4%EC%84%B8%20%EB%A1%9C%EA%B3%A0.webp,79749,77.9 KB https://code-destiny.com/icons/%EA%BF%80%EA%BF%80%20%EC%9A%B4%EC%84%B8%20%EB%A1%9C%EA%B3%A0.webp | 77.9 KB https://code-destiny.com/icons/%EA%BF%80%EA%BF%80%20%EC%9A%B4%EC%84%B8%20%EB%A1%9C%EA%B3%A0.webp | 77.9 KB https://code-destiny.com/icons/%EA%BF%80%EA%BF%80%20%EC%9A%B4%EC%84%B8%20%EB%A1%9C%EA%B3%A0.webp | 64.5 KB https://code-destiny.com/_next/static/css/2cf6b8929df91a43.css | 54.9 KB https://code-destiny.com/_next/static/chunks/4bd1b696-100b9d70ed4e49c1.js | 45.5 KB https://code-destiny.com/_next/static/chunks/1255-7af2368fb2545735.js | 39.7 KB https://code-destiny.com/_next/static/chunks/7506-fee23a3de5789278.js | 15.1 KB https://code-destiny.com/_next/static/chunks/app/layout-718c0468d791a1a6.js | 12.4 KB https://code-destiny.com/login/ | 12.1 KB https://code-destiny.com/_next/static/chunks/8856.6b9f7fc0864ed953.js | 11.2 KB https://static.cloudflareinsights.com/beacon.min.js/v4513226cdae34746b4dedf0b4dfa099e1781791509496 | 9.5 KB https://code-destiny.com/cdn-cgi/challenge-platform/h/b/scripts/jsd/25e6c66701a0/main.js? | 6.4 KB https://code-destiny.com/_next/static/chunks/8167.29c6e3862b517e4b.js | 6.3 KB https://code-destiny.com/_next/static/chunks/9527.6106c343fa0b3e97.js | 5.8 KB https://code-destiny.com/_next/static/chunks/158-53a57d2aef59254c.js | 5.8 KB https://code-destiny.com/_next/static/chunks/webpack-c39d4f5fde12e115.js | 5.7 KB https://code-destiny.com/signup/index.txt?_rsc=asqg6 | 5.6 KB https://code-destiny.com/_next/static/chunks/8219-7428d35be5d083a7.js | 5.6 KB https://code-destiny.com/_next/static/chunks/926.648b72db6c30a7d0.js | 5.4 KB https://code-destiny.com/_next/static/css/b5a55bd74d9ef22e.css,,,,,,3,0,22,4,none,normal,2026-06-30T10:56:54.600Z
/login,desktop,cold,200,80,1128915,1.08 MB,25091,318997,526201,143160,0,0,110754,https://code-destiny.com/icons/%EA%BF%80%EA%BF%80%20%EC%9A%B4%EC%84%B8%20%EB%A1%9C%EA%B3%A0.webp,79750,77.9 KB https://code-destiny.com/icons/%EA%BF%80%EA%BF%80%20%EC%9A%B4%EC%84%B8%20%EB%A1%9C%EA%B3%A0.webp | 77.9 KB https://code-destiny.com/icons/%EA%BF%80%EA%BF%80%20%EC%9A%B4%EC%84%B8%20%EB%A1%9C%EA%B3%A0.webp | 77.9 KB https://code-destiny.com/icons/%EA%BF%80%EA%BF%80%20%EC%9A%B4%EC%84%B8%20%EB%A1%9C%EA%B3%A0.webp | 77.9 KB https://code-destiny.com/icons/%EA%BF%80%EA%BF%80%20%EC%9A%B4%EC%84%B8%20%EB%A1%9C%EA%B3%A0.webp | 64.5 KB https://code-destiny.com/_next/static/css/2cf6b8929df91a43.css | 64.5 KB https://code-destiny.com/_next/static/css/2cf6b8929df91a43.css | 54.9 KB https://code-destiny.com/_next/static/chunks/4bd1b696-100b9d70ed4e49c1.js | 54.9 KB https://code-destiny.com/_next/static/chunks/4bd1b696-100b9d70ed4e49c1.js | 45.5 KB https://code-destiny.com/_next/static/chunks/1255-7af2368fb2545735.js | 45.5 KB https://code-destiny.com/_next/static/chunks/1255-7af2368fb2545735.js | 39.7 KB https://code-destiny.com/_next/static/chunks/7506-fee23a3de5789278.js | 39.7 KB https://code-destiny.com/_next/static/chunks/7506-fee23a3de5789278.js | 15.1 KB https://code-destiny.com/_next/static/chunks/app/layout-718c0468d791a1a6.js | 15.1 KB https://code-destiny.com/_next/static/chunks/app/layout-718c0468d791a1a6.js | 12.4 KB https://code-destiny.com/login/ | 12.1 KB https://code-destiny.com/login/?v=56e6bbb09a19 | 12.1 KB https://code-destiny.com/_next/static/chunks/8856.6b9f7fc0864ed953.js | 12.1 KB https://code-destiny.com/_next/static/chunks/8856.6b9f7fc0864ed953.js | 11.2 KB https://static.cloudflareinsights.com/beacon.min.js/v4513226cdae34746b4dedf0b4dfa099e1781791509496 | 11.2 KB https://static.cloudflareinsights.com/beacon.min.js/v4513226cdae34746b4dedf0b4dfa099e1781791509496,,,,/api/auth/me x4,net::ERR_ABORTED https://code-destiny.com/_next/static/chunks/app/about/page-8d4016799714dbed.js | net::ERR_ABORTED https://code-destiny.com/api/auth/me | net::ERR_ABORTED https://code-destiny.com/signup/index.txt?_rsc=asqg6,4,0,46,22,same API called >= 3 times,high,2026-06-30T11:43:51.532Z
/login,desktop,repeat,200,68,685581,669.5 KB,12732,239938,282704,71580,0,0,76293,https://code-destiny.com/icons/%EA%BF%80%EA%BF%80%20%EC%9A%B4%EC%84%B8%20%EB%A1%9C%EA%B3%A0.webp,80441,78.6 KB https://code-destiny.com/icons/%EA%BF%80%EA%BF%80%20%EC%9A%B4%EC%84%B8%20%EB%A1%9C%EA%B3%A0.webp | 77.9 KB https://code-destiny.com/icons/%EA%BF%80%EA%BF%80%20%EC%9A%B4%EC%84%B8%20%EB%A1%9C%EA%B3%A0.webp | 77.9 KB https://code-destiny.com/icons/%EA%BF%80%EA%BF%80%20%EC%9A%B4%EC%84%B8%20%EB%A1%9C%EA%B3%A0.webp | 64.5 KB https://code-destiny.com/_next/static/css/2cf6b8929df91a43.css | 54.9 KB https://code-destiny.com/_next/static/chunks/4bd1b696-100b9d70ed4e49c1.js | 45.5 KB https://code-destiny.com/_next/static/chunks/1255-7af2368fb2545735.js | 39.7 KB https://code-destiny.com/_next/static/chunks/7506-fee23a3de5789278.js | 15.1 KB https://code-destiny.com/_next/static/chunks/app/layout-718c0468d791a1a6.js | 12.4 KB https://code-destiny.com/login/ | 12.1 KB https://code-destiny.com/_next/static/chunks/8856.6b9f7fc0864ed953.js | 11.2 KB https://static.cloudflareinsights.com/beacon.min.js/v4513226cdae34746b4dedf0b4dfa099e1781791509496 | 9.9 KB https://code-destiny.com/terms/index.txt?_rsc=asqg6 | 8.5 KB https://code-destiny.com/cdn-cgi/challenge-platform/h/b/scripts/jsd/25e6c66701a0/main.js? | 8.3 KB https://code-destiny.com/privacy/index.txt?_rsc=asqg6 | 8.2 KB https://code-destiny.com/advertising-policy/index.txt?_rsc=asqg6 | 8.0 KB https://code-destiny.com/disclaimer/index.txt?_rsc=asqg6 | 7.3 KB https://code-destiny.com/contact/index.txt?_rsc=asqg6 | 6.4 KB https://code-destiny.com/_next/static/chunks/8167.29c6e3862b517e4b.js | 6.3 KB https://code-destiny.com/about/index.txt?_rsc=asqg6 | 6.3 KB https://code-destiny.com/_next/static/chunks/9527.6106c343fa0b3e97.js,,,,/api/auth/me x23,net::ERR_ABORTED https://code-destiny.com/api/auth/me,3,0,27,34,same API called >= 3 times,high,2026-06-30T11:44:28.248Z
/points,mobile,cold,200,50,1781140,1.70 MB,12950,318997,342112,71580,1004735,0,26096,https://assets.code-destiny.com/The%20Jamsil%20OTF%204%20Medium.otf,448101,437.6 KB https://assets.code-destiny.com/The%20Jamsil%20OTF%204%20Medium.otf | 282.3 KB https://assets.code-destiny.com/netmarbleM.ttf | 163.2 KB https://assets.code-destiny.com/Galmuri11-Bold.woff2 | 98.0 KB https://assets.code-destiny.com/Mulmaru.woff2 | 77.9 KB https://code-destiny.com/icons/%EA%BF%80%EA%BF%80%20%EC%9A%B4%EC%84%B8%20%EB%A1%9C%EA%B3%A0.webp | 77.9 KB https://code-destiny.com/icons/%EA%BF%80%EA%BF%80%20%EC%9A%B4%EC%84%B8%20%EB%A1%9C%EA%B3%A0.webp | 77.9 KB https://code-destiny.com/icons/%EA%BF%80%EA%BF%80%20%EC%9A%B4%EC%84%B8%20%EB%A1%9C%EA%B3%A0.webp | 77.9 KB https://code-destiny.com/icons/%EA%BF%80%EA%BF%80%20%EC%9A%B4%EC%84%B8%20%EB%A1%9C%EA%B3%A0.webp | 64.5 KB https://code-destiny.com/_next/static/css/2cf6b8929df91a43.css | 54.9 KB https://code-destiny.com/_next/static/chunks/4bd1b696-100b9d70ed4e49c1.js | 45.5 KB https://code-destiny.com/_next/static/chunks/1255-7af2368fb2545735.js | 39.7 KB https://code-destiny.com/_next/static/chunks/7506-fee23a3de5789278.js | 33.9 KB https://code-destiny.com/_next/static/chunks/2578.31fa0afa13ac7c0c.js | 23.7 KB https://code-destiny.com/_next/static/chunks/2325-de0a1b24c2092cfb.js | 15.1 KB https://code-destiny.com/_next/static/chunks/app/layout-718c0468d791a1a6.js | 12.6 KB https://code-destiny.com/points/ | 12.1 KB https://code-destiny.com/_next/static/chunks/8856.6b9f7fc0864ed953.js | 11.2 KB https://static.cloudflareinsights.com/beacon.min.js/v4513226cdae34746b4dedf0b4dfa099e1781791509496 | 9.1 KB https://code-destiny.com/cdn-cgi/challenge-platform/h/b/scripts/jsd/25e6c66701a0/main.js? | 7.1 KB https://code-destiny.com/_next/static/chunks/7620-a82822ebe1be243c.js,,,https://assets.code-destiny.com/Galmuri11-Bold.woff2 | https://assets.code-destiny.com/netmarbleM.ttf | https://assets.code-destiny.com/The%20Jamsil%20OTF%204%20Medium.otf | https://assets.code-destiny.com/Mulmaru.woff2,,401 https://code-destiny.com/api/payments/me | 401 https://code-destiny.com/api/subscription/status | 401 https://code-destiny.com/api/auth/refresh,4,0,28,9,none,normal,2026-06-30T10:57:23.704Z
/points,mobile,repeat,200,50,1782906,1.70 MB,12947,319687,341680,71580,1006216,0,26122,https://assets.code-destiny.com/The%20Jamsil%20OTF%204%20Medium.otf,450205,439.7 KB https://assets.code-destiny.com/The%20Jamsil%20OTF%204%20Medium.otf | 282.0 KB https://assets.code-destiny.com/netmarbleM.ttf | 163.2 KB https://assets.code-destiny.com/Galmuri11-Bold.woff2 | 97.9 KB https://assets.code-destiny.com/Mulmaru.woff2 | 78.6 KB https://code-destiny.com/icons/%EA%BF%80%EA%BF%80%20%EC%9A%B4%EC%84%B8%20%EB%A1%9C%EA%B3%A0.webp | 77.9 KB https://code-destiny.com/icons/%EA%BF%80%EA%BF%80%20%EC%9A%B4%EC%84%B8%20%EB%A1%9C%EA%B3%A0.webp | 77.9 KB https://code-destiny.com/icons/%EA%BF%80%EA%BF%80%20%EC%9A%B4%EC%84%B8%20%EB%A1%9C%EA%B3%A0.webp | 77.9 KB https://code-destiny.com/icons/%EA%BF%80%EA%BF%80%20%EC%9A%B4%EC%84%B8%20%EB%A1%9C%EA%B3%A0.webp | 64.5 KB https://code-destiny.com/_next/static/css/2cf6b8929df91a43.css | 54.9 KB https://code-destiny.com/_next/static/chunks/4bd1b696-100b9d70ed4e49c1.js | 45.5 KB https://code-destiny.com/_next/static/chunks/1255-7af2368fb2545735.js | 39.7 KB https://code-destiny.com/_next/static/chunks/7506-fee23a3de5789278.js | 33.9 KB https://code-destiny.com/_next/static/chunks/2578.31fa0afa13ac7c0c.js | 23.7 KB https://code-destiny.com/_next/static/chunks/2325-de0a1b24c2092cfb.js | 15.1 KB https://code-destiny.com/_next/static/chunks/app/layout-718c0468d791a1a6.js | 12.6 KB https://code-destiny.com/points/ | 12.1 KB https://code-destiny.com/_next/static/chunks/8856.6b9f7fc0864ed953.js | 11.2 KB https://static.cloudflareinsights.com/beacon.min.js/v4513226cdae34746b4dedf0b4dfa099e1781791509496 | 8.7 KB https://code-destiny.com/cdn-cgi/challenge-platform/h/b/scripts/jsd/25e6c66701a0/main.js? | 7.1 KB https://code-destiny.com/_next/static/chunks/7620-a82822ebe1be243c.js,,,https://assets.code-destiny.com/Galmuri11-Bold.woff2 | https://assets.code-destiny.com/netmarbleM.ttf | https://assets.code-destiny.com/The%20Jamsil%20OTF%204%20Medium.otf | https://assets.code-destiny.com/Mulmaru.woff2,,401 https://code-destiny.com/api/payments/me | 401 https://code-destiny.com/api/subscription/status | 401 https://code-destiny.com/api/auth/refresh,4,0,28,9,none,normal,2026-06-30T10:57:47.254Z
/points,desktop,cold,200,71,1695944,1.62 MB,12947,159498,353218,71580,1008944,0,84350,https://assets.code-destiny.com/The%20Jamsil%20OTF%204%20Medium.otf,452574,442.0 KB https://assets.code-destiny.com/The%20Jamsil%20OTF%204%20Medium.otf | 282.2 KB https://assets.code-destiny.com/netmarbleM.ttf | 163.2 KB https://assets.code-destiny.com/Galmuri11-Bold.woff2 | 97.9 KB https://assets.code-destiny.com/Mulmaru.woff2 | 77.9 KB https://code-destiny.com/icons/%EA%BF%80%EA%BF%80%20%EC%9A%B4%EC%84%B8%20%EB%A1%9C%EA%B3%A0.webp | 77.9 KB https://code-destiny.com/icons/%EA%BF%80%EA%BF%80%20%EC%9A%B4%EC%84%B8%20%EB%A1%9C%EA%B3%A0.webp | 64.5 KB https://code-destiny.com/_next/static/css/2cf6b8929df91a43.css | 54.9 KB https://code-destiny.com/_next/static/chunks/4bd1b696-100b9d70ed4e49c1.js | 45.5 KB https://code-destiny.com/_next/static/chunks/1255-7af2368fb2545735.js | 39.7 KB https://code-destiny.com/_next/static/chunks/7506-fee23a3de5789278.js | 33.9 KB https://code-destiny.com/_next/static/chunks/2578.31fa0afa13ac7c0c.js | 23.7 KB https://code-destiny.com/_next/static/chunks/2325-de0a1b24c2092cfb.js | 15.1 KB https://code-destiny.com/_next/static/chunks/app/layout-718c0468d791a1a6.js | 12.6 KB https://code-destiny.com/points/ | 12.1 KB https://code-destiny.com/_next/static/chunks/8856.6b9f7fc0864ed953.js | 11.2 KB https://static.cloudflareinsights.com/beacon.min.js/v4513226cdae34746b4dedf0b4dfa099e1781791509496 | 9.9 KB https://code-destiny.com/terms/index.txt?_rsc=1byah | 8.8 KB https://code-destiny.com/cdn-cgi/challenge-platform/h/b/scripts/jsd/25e6c66701a0/main.js? | 8.3 KB https://code-destiny.com/privacy/index.txt?_rsc=1byah | 8.2 KB https://code-destiny.com/advertising-policy/index.txt?_rsc=1byah,,,https://assets.code-destiny.com/Galmuri11-Bold.woff2 | https://assets.code-destiny.com/netmarbleM.ttf | https://assets.code-destiny.com/The%20Jamsil%20OTF%204%20Medium.otf | https://assets.code-destiny.com/Mulmaru.woff2,/api/auth/me x14,401 https://code-destiny.com/api/payments/me | 401 https://code-destiny.com/api/subscription/status | 401 https://code-destiny.com/api/auth/refresh | net::ERR_ABORTED https://code-destiny.com/api/auth/me,2,0,31,29,same API called >= 3 times,high,2026-06-30T11:45:10.833Z
/points,desktop,repeat,200,18,260497,254.4 KB,12945,0,172905,71580,0,0,0,https://code-destiny.com/_next/static/css/2cf6b8929df91a43.css,66043,64.5 KB https://code-destiny.com/_next/static/css/2cf6b8929df91a43.css | 54.9 KB https://code-destiny.com/_next/static/chunks/4bd1b696-100b9d70ed4e49c1.js | 45.5 KB https://code-destiny.com/_next/static/chunks/1255-7af2368fb2545735.js | 39.7 KB https://code-destiny.com/_next/static/chunks/7506-fee23a3de5789278.js | 12.6 KB https://code-destiny.com/points/ | 5.8 KB https://code-destiny.com/_next/static/chunks/158-53a57d2aef59254c.js | 5.8 KB https://code-destiny.com/_next/static/chunks/webpack-c39d4f5fde12e115.js | 5.6 KB https://code-destiny.com/_next/static/chunks/8219-7428d35be5d083a7.js | 5.4 KB https://code-destiny.com/_next/static/css/b5a55bd74d9ef22e.css | 5.2 KB https://code-destiny.com/_next/static/chunks/2619-04bc32f026a0d946.js | 4.3 KB https://code-destiny.com/_next/static/chunks/9867-db4b58dbf022bfe0.js | 3.0 KB https://code-destiny.com/manifest.json | 2.0 KB https://code-destiny.com/_next/static/chunks/main-app-5491aff1f3f675f8.js | 0 B https://code-destiny.com/_next/static/chunks/2391-f4d0eba2b5dcbad6.js | 0 B https://code-destiny.com/_next/static/chunks/app/layout-718c0468d791a1a6.js | 0 B https://code-destiny.com/_next/static/chunks/app/points/page-f5a015ed012c733b.js | 0 B https://static.cloudflareinsights.com/beacon.min.js/v4513226cdae34746b4dedf0b4dfa099e1781791509496 | 0 B https://code-destiny.com/icons/%EA%BF%80%EA%BF%80%20%EC%9A%B4%EC%84%B8%20%EB%A1%9C%EA%B3%A0.webp,,,,,net::ERR_ABORTED https://code-destiny.com/_next/static/chunks/2391-f4d0eba2b5dcbad6.js | net::ERR_ABORTED https://code-destiny.com/_next/static/chunks/app/layout-718c0468d791a1a6.js | net::ERR_ABORTED https://code-destiny.com/_next/static/chunks/app/points/page-f5a015ed012c733b.js | net::ERR_ABORTED https://static.cloudflareinsights.com/beacon.min.js/v4513226cdae34746b4dedf0b4dfa099e1781791509496,0,0,13,0,none,normal,2026-06-30T11:46:42.911Z
/premium-unlock,mobile,cold,200,32,691661,675.5 KB,19605,239247,355486,71580,0,0,3410,https://code-destiny.com/_next/static/chunks/4740.fc143f2c08e96f08.js,85718,83.7 KB https://code-destiny.com/_next/static/chunks/4740.fc143f2c08e96f08.js | 77.9 KB https://code-destiny.com/icons/%EA%BF%80%EA%BF%80%20%EC%9A%B4%EC%84%B8%20%EB%A1%9C%EA%B3%A0.webp | 77.9 KB https://code-destiny.com/icons/%EA%BF%80%EA%BF%80%20%EC%9A%B4%EC%84%B8%20%EB%A1%9C%EA%B3%A0.webp | 77.9 KB https://code-destiny.com/icons/%EA%BF%80%EA%BF%80%20%EC%9A%B4%EC%84%B8%20%EB%A1%9C%EA%B3%A0.webp | 64.5 KB https://code-destiny.com/_next/static/css/2cf6b8929df91a43.css | 54.9 KB https://code-destiny.com/_next/static/chunks/4bd1b696-100b9d70ed4e49c1.js | 45.5 KB https://code-destiny.com/_next/static/chunks/1255-7af2368fb2545735.js | 39.7 KB https://code-destiny.com/_next/static/chunks/7506-fee23a3de5789278.js | 19.1 KB https://code-destiny.com/premium-unlock/ | 18.3 KB https://code-destiny.com/_next/static/chunks/app/premium-unlock/page-c8ffbf5a1316510c.js | 15.1 KB https://code-destiny.com/_next/static/chunks/app/layout-718c0468d791a1a6.js | 11.2 KB https://static.cloudflareinsights.com/beacon.min.js/v4513226cdae34746b4dedf0b4dfa099e1781791509496 | 9.1 KB https://code-destiny.com/cdn-cgi/challenge-platform/h/b/scripts/jsd/25e6c66701a0/main.js? | 7.8 KB https://code-destiny.com/_next/static/chunks/2953.0072ef79df199333.js | 6.4 KB https://code-destiny.com/_next/static/chunks/8167.29c6e3862b517e4b.js | 6.3 KB https://code-destiny.com/_next/static/chunks/9527.6106c343fa0b3e97.js | 5.8 KB https://code-destiny.com/_next/static/chunks/158-53a57d2aef59254c.js | 5.8 KB https://code-destiny.com/_next/static/chunks/webpack-c39d4f5fde12e115.js | 5.6 KB https://code-destiny.com/_next/static/chunks/8219-7428d35be5d083a7.js | 5.4 KB https://code-destiny.com/_next/static/css/b5a55bd74d9ef22e.css,,,,,,3,0,22,3,none,normal,2026-06-30T10:58:09.271Z
/premium-unlock,mobile,repeat,200,29,680566,664.6 KB,19608,239248,346504,71580,0,0,1288,https://code-destiny.com/_next/static/chunks/4740.fc143f2c08e96f08.js,85721,83.7 KB https://code-destiny.com/_next/static/chunks/4740.fc143f2c08e96f08.js | 77.9 KB https://code-destiny.com/icons/%EA%BF%80%EA%BF%80%20%EC%9A%B4%EC%84%B8%20%EB%A1%9C%EA%B3%A0.webp | 77.9 KB https://code-destiny.com/icons/%EA%BF%80%EA%BF%80%20%EC%9A%B4%EC%84%B8%20%EB%A1%9C%EA%B3%A0.webp | 77.9 KB https://code-destiny.com/icons/%EA%BF%80%EA%BF%80%20%EC%9A%B4%EC%84%B8%20%EB%A1%9C%EA%B3%A0.webp | 64.5 KB https://code-destiny.com/_next/static/css/2cf6b8929df91a43.css | 54.9 KB https://code-destiny.com/_next/static/chunks/4bd1b696-100b9d70ed4e49c1.js | 45.5 KB https://code-destiny.com/_next/static/chunks/1255-7af2368fb2545735.js | 39.7 KB https://code-destiny.com/_next/static/chunks/7506-fee23a3de5789278.js | 19.1 KB https://code-destiny.com/premium-unlock/ | 18.3 KB https://code-destiny.com/_next/static/chunks/app/premium-unlock/page-c8ffbf5a1316510c.js | 15.1 KB https://code-destiny.com/_next/static/chunks/app/layout-718c0468d791a1a6.js | 11.2 KB https://static.cloudflareinsights.com/beacon.min.js/v4513226cdae34746b4dedf0b4dfa099e1781791509496 | 8.6 KB https://code-destiny.com/cdn-cgi/challenge-platform/h/b/scripts/jsd/25e6c66701a0/main.js? | 7.8 KB https://code-destiny.com/_next/static/chunks/2953.0072ef79df199333.js | 6.4 KB https://code-destiny.com/_next/static/chunks/8167.29c6e3862b517e4b.js | 5.8 KB https://code-destiny.com/_next/static/chunks/158-53a57d2aef59254c.js | 5.8 KB https://code-destiny.com/_next/static/chunks/webpack-c39d4f5fde12e115.js | 5.6 KB https://code-destiny.com/_next/static/chunks/8219-7428d35be5d083a7.js | 5.4 KB https://code-destiny.com/_next/static/css/b5a55bd74d9ef22e.css | 5.2 KB https://code-destiny.com/_next/static/chunks/670-801d5a769372963a.js,,,,,,3,0,20,2,none,normal,2026-06-30T10:58:20.955Z
/premium-unlock,desktop,cold,200,35,310618,303.3 KB,19602,0,217056,71589,0,0,0,https://code-destiny.com/_next/static/css/2cf6b8929df91a43.css,66052,64.5 KB https://code-destiny.com/_next/static/css/2cf6b8929df91a43.css | 55.0 KB https://code-destiny.com/_next/static/chunks/4bd1b696-100b9d70ed4e49c1.js | 45.5 KB https://code-destiny.com/_next/static/chunks/1255-7af2368fb2545735.js | 39.7 KB https://code-destiny.com/_next/static/chunks/7506-fee23a3de5789278.js | 19.1 KB https://code-destiny.com/premium-unlock/ | 18.3 KB https://code-destiny.com/_next/static/chunks/app/premium-unlock/page-c8ffbf5a1316510c.js | 15.1 KB https://code-destiny.com/_next/static/chunks/app/layout-718c0468d791a1a6.js | 5.8 KB https://code-destiny.com/_next/static/chunks/158-53a57d2aef59254c.js | 5.8 KB https://code-destiny.com/_next/static/chunks/webpack-c39d4f5fde12e115.js | 5.6 KB https://code-destiny.com/_next/static/chunks/8219-7428d35be5d083a7.js | 5.4 KB https://code-destiny.com/_next/static/css/b5a55bd74d9ef22e.css | 5.2 KB https://code-destiny.com/_next/static/chunks/2619-04bc32f026a0d946.js | 5.2 KB https://code-destiny.com/_next/static/chunks/2391-f4d0eba2b5dcbad6.js | 4.6 KB https://code-destiny.com/_next/static/chunks/2360-bd05311baccb381b.js | 4.3 KB https://code-destiny.com/_next/static/chunks/9867-db4b58dbf022bfe0.js | 2.3 KB https://code-destiny.com/manifest.json | 2.0 KB https://code-destiny.com/_next/static/chunks/main-app-5491aff1f3f675f8.js | 0 B https://static.cloudflareinsights.com/beacon.min.js/v4513226cdae34746b4dedf0b4dfa099e1781791509496 | 0 B https://code-destiny.com/_next/static/chunks/3415.e7b810b6524fc6dc.js | 0 B https://code-destiny.com/_next/static/chunks/4740.fc143f2c08e96f08.js,,,,,net::ERR_ABORTED https://static.cloudflareinsights.com/beacon.min.js/v4513226cdae34746b4dedf0b4dfa099e1781791509496 | net::ERR_ABORTED https://code-destiny.com/_next/static/chunks/3415.e7b810b6524fc6dc.js | net::ERR_ABORTED https://code-destiny.com/_next/static/chunks/4740.fc143f2c08e96f08.js | net::ERR_ABORTED https://code-destiny.com/_next/static/chunks/2953.0072ef79df199333.js | net::ERR_ABORTED https://code-destiny.com/privacy/index.txt?_rsc=1m9fy | net::ERR_ABORTED https://code-destiny.com/terms/index.txt?_rsc=1m9fy | net::ERR_ABORTED https://code-destiny.com/contact/index.txt?_rsc=1m9fy | net::ERR_ABORTED https://code-destiny.com/about/index.txt?_rsc=1m9fy | net::ERR_ABORTED https://code-destiny.com/disclaimer/index.txt?_rsc=1m9fy | net::ERR_ABORTED https://code-destiny.com/_next/static/chunks/7386.e7dbaf0e95f906fc.js | net::ERR_ABORTED https://code-destiny.com/_next/static/chunks/670-801d5a769372963a.js | net::ERR_ABORTED https://code-destiny.com/_next/static/chunks/926.648b72db6c30a7d0.js | net::ERR_ABORTED https://code-destiny.com/_next/static/chunks/2475.7aea7ce3fc0022ca.js | net::ERR_ABORTED https://code-destiny.com/_next/static/chunks/8167.29c6e3862b517e4b.js | net::ERR_ABORTED https://code-destiny.com/_next/static/chunks/7372.d28b659a82b496da.js | net::ERR_ABORTED https://code-destiny.com/_next/static/chunks/9527.6106c343fa0b3e97.js,0,0,24,6,none,normal,2026-06-30T12:17:09.439Z
/premium-unlock,desktop,repeat,200,71,1093480,1.04 MB,38842,318996,511709,143160,0,0,76064,https://code-destiny.com/_next/static/chunks/4740.fc143f2c08e96f08.js,85722,83.7 KB https://code-destiny.com/_next/static/chunks/4740.fc143f2c08e96f08.js | 77.9 KB https://code-destiny.com/icons/%EA%BF%80%EA%BF%80%20%EC%9A%B4%EC%84%B8%20%EB%A1%9C%EA%B3%A0.webp | 77.9 KB https://code-destiny.com/icons/%EA%BF%80%EA%BF%80%20%EC%9A%B4%EC%84%B8%20%EB%A1%9C%EA%B3%A0.webp | 77.9 KB https://code-destiny.com/icons/%EA%BF%80%EA%BF%80%20%EC%9A%B4%EC%84%B8%20%EB%A1%9C%EA%B3%A0.webp | 77.9 KB https://code-destiny.com/icons/%EA%BF%80%EA%BF%80%20%EC%9A%B4%EC%84%B8%20%EB%A1%9C%EA%B3%A0.webp | 64.5 KB https://code-destiny.com/_next/static/css/2cf6b8929df91a43.css | 64.5 KB https://code-destiny.com/_next/static/css/2cf6b8929df91a43.css | 54.9 KB https://code-destiny.com/_next/static/chunks/4bd1b696-100b9d70ed4e49c1.js | 54.9 KB https://code-destiny.com/_next/static/chunks/4bd1b696-100b9d70ed4e49c1.js | 45.5 KB https://code-destiny.com/_next/static/chunks/1255-7af2368fb2545735.js | 45.5 KB https://code-destiny.com/_next/static/chunks/1255-7af2368fb2545735.js | 39.7 KB https://code-destiny.com/_next/static/chunks/7506-fee23a3de5789278.js | 19.2 KB https://code-destiny.com/premium-unlock/ | 18.8 KB https://code-destiny.com/premium-unlock/?v=56e6bbb09a19 | 18.3 KB https://code-destiny.com/_next/static/chunks/app/premium-unlock/page-c8ffbf5a1316510c.js | 15.1 KB https://code-destiny.com/_next/static/chunks/app/layout-718c0468d791a1a6.js | 11.2 KB https://static.cloudflareinsights.com/beacon.min.js/v4513226cdae34746b4dedf0b4dfa099e1781791509496 | 9.9 KB https://code-destiny.com/terms/index.txt?_rsc=1m9fy | 9.0 KB https://code-destiny.com/cdn-cgi/challenge-platform/h/b/scripts/jsd/25e6c66701a0/main.js? | 8.3 KB https://code-destiny.com/privacy/index.txt?_rsc=1m9fy,,,,/api/auth/me x4,net::ERR_ABORTED https://code-destiny.com/_next/static/chunks/7506-fee23a3de5789278.js | net::ERR_ABORTED https://code-destiny.com/_next/static/chunks/2391-f4d0eba2b5dcbad6.js | net::ERR_ABORTED https://code-destiny.com/_next/static/chunks/app/layout-718c0468d791a1a6.js | net::ERR_ABORTED https://code-destiny.com/_next/static/chunks/2360-bd05311baccb381b.js | net::ERR_ABORTED https://code-destiny.com/_next/static/chunks/app/premium-unlock/page-c8ffbf5a1316510c.js | net::ERR_ABORTED https://static.cloudflareinsights.com/beacon.min.js/v4513226cdae34746b4dedf0b4dfa099e1781791509496,4,0,42,16,same API called >= 3 times,high,2026-06-30T12:17:48.819Z
/life-book-ai,mobile,cold,200,30,839386,819.7 KB,8202,482920,273062,71580,0,0,1288,https://code-destiny.com/fuctionassets/lifebook.webp,243672,238.0 KB https://code-destiny.com/fuctionassets/lifebook.webp | 77.9 KB https://code-destiny.com/icons/%EA%BF%80%EA%BF%80%20%EC%9A%B4%EC%84%B8%20%EB%A1%9C%EA%B3%A0.webp | 77.9 KB https://code-destiny.com/icons/%EA%BF%80%EA%BF%80%20%EC%9A%B4%EC%84%B8%20%EB%A1%9C%EA%B3%A0.webp | 77.9 KB https://code-destiny.com/icons/%EA%BF%80%EA%BF%80%20%EC%9A%B4%EC%84%B8%20%EB%A1%9C%EA%B3%A0.webp | 64.5 KB https://code-destiny.com/_next/static/css/2cf6b8929df91a43.css | 54.9 KB https://code-destiny.com/_next/static/chunks/4bd1b696-100b9d70ed4e49c1.js | 45.5 KB https://code-destiny.com/_next/static/chunks/1255-7af2368fb2545735.js | 39.7 KB https://code-destiny.com/_next/static/chunks/7506-fee23a3de5789278.js | 23.7 KB https://code-destiny.com/_next/static/chunks/2325-de0a1b24c2092cfb.js | 15.1 KB https://code-destiny.com/_next/static/chunks/app/layout-718c0468d791a1a6.js | 11.2 KB https://static.cloudflareinsights.com/beacon.min.js/v4513226cdae34746b4dedf0b4dfa099e1781791509496 | 10.7 KB https://code-destiny.com/_next/static/chunks/2357.5ba7c7aa8ed112a3.js | 8.6 KB https://code-destiny.com/cdn-cgi/challenge-platform/h/b/scripts/jsd/25e6c66701a0/main.js? | 8.0 KB https://code-destiny.com/life-book-ai/ | 6.4 KB https://code-destiny.com/_next/static/chunks/8167.29c6e3862b517e4b.js | 5.8 KB https://code-destiny.com/_next/static/chunks/158-53a57d2aef59254c.js | 5.8 KB https://code-destiny.com/_next/static/chunks/webpack-c39d4f5fde12e115.js | 5.6 KB https://code-destiny.com/_next/static/chunks/8219-7428d35be5d083a7.js | 5.4 KB https://code-destiny.com/_next/static/css/b5a55bd74d9ef22e.css | 5.2 KB https://code-destiny.com/_next/static/chunks/670-801d5a769372963a.js,,,,,,4,0,20,2,none,normal,2026-06-30T10:58:47.462Z
/life-book-ai,mobile,repeat,200,31,842604,822.9 KB,8203,482927,273459,71580,0,0,4098,https://code-destiny.com/fuctionassets/lifebook.webp,243680,238.0 KB https://code-destiny.com/fuctionassets/lifebook.webp | 77.9 KB https://code-destiny.com/icons/%EA%BF%80%EA%BF%80%20%EC%9A%B4%EC%84%B8%20%EB%A1%9C%EA%B3%A0.webp | 77.9 KB https://code-destiny.com/icons/%EA%BF%80%EA%BF%80%20%EC%9A%B4%EC%84%B8%20%EB%A1%9C%EA%B3%A0.webp | 77.9 KB https://code-destiny.com/icons/%EA%BF%80%EA%BF%80%20%EC%9A%B4%EC%84%B8%20%EB%A1%9C%EA%B3%A0.webp | 64.5 KB https://code-destiny.com/_next/static/css/2cf6b8929df91a43.css | 54.9 KB https://code-destiny.com/_next/static/chunks/4bd1b696-100b9d70ed4e49c1.js | 45.5 KB https://code-destiny.com/_next/static/chunks/1255-7af2368fb2545735.js | 39.7 KB https://code-destiny.com/_next/static/chunks/7506-fee23a3de5789278.js | 23.7 KB https://code-destiny.com/_next/static/chunks/2325-de0a1b24c2092cfb.js | 15.1 KB https://code-destiny.com/_next/static/chunks/app/layout-718c0468d791a1a6.js | 11.2 KB https://static.cloudflareinsights.com/beacon.min.js/v4513226cdae34746b4dedf0b4dfa099e1781791509496 | 10.7 KB https://code-destiny.com/_next/static/chunks/2357.5ba7c7aa8ed112a3.js | 9.0 KB https://code-destiny.com/cdn-cgi/challenge-platform/h/b/scripts/jsd/25e6c66701a0/main.js? | 8.0 KB https://code-destiny.com/life-book-ai/ | 6.4 KB https://code-destiny.com/_next/static/chunks/8167.29c6e3862b517e4b.js | 5.8 KB https://code-destiny.com/_next/static/chunks/158-53a57d2aef59254c.js | 5.8 KB https://code-destiny.com/_next/static/chunks/webpack-c39d4f5fde12e115.js | 5.6 KB https://code-destiny.com/_next/static/chunks/8219-7428d35be5d083a7.js | 5.4 KB https://code-destiny.com/_next/static/css/b5a55bd74d9ef22e.css | 5.2 KB https://code-destiny.com/_next/static/chunks/670-801d5a769372963a.js,,,,,,4,0,20,3,none,normal,2026-06-30T10:59:00.327Z
/life-book-ai,desktop,cold,200,30,839510,819.8 KB,8204,482921,273125,71591,0,0,1293,https://code-destiny.com/fuctionassets/lifebook.webp,243674,238.0 KB https://code-destiny.com/fuctionassets/lifebook.webp | 77.9 KB https://code-destiny.com/icons/%EA%BF%80%EA%BF%80%20%EC%9A%B4%EC%84%B8%20%EB%A1%9C%EA%B3%A0.webp | 77.9 KB https://code-destiny.com/icons/%EA%BF%80%EA%BF%80%20%EC%9A%B4%EC%84%B8%20%EB%A1%9C%EA%B3%A0.webp | 77.9 KB https://code-destiny.com/icons/%EA%BF%80%EA%BF%80%20%EC%9A%B4%EC%84%B8%20%EB%A1%9C%EA%B3%A0.webp | 64.5 KB https://code-destiny.com/_next/static/css/2cf6b8929df91a43.css | 55.0 KB https://code-destiny.com/_next/static/chunks/4bd1b696-100b9d70ed4e49c1.js | 45.5 KB https://code-destiny.com/_next/static/chunks/1255-7af2368fb2545735.js | 39.7 KB https://code-destiny.com/_next/static/chunks/7506-fee23a3de5789278.js | 23.7 KB https://code-destiny.com/_next/static/chunks/2325-de0a1b24c2092cfb.js | 15.1 KB https://code-destiny.com/_next/static/chunks/app/layout-718c0468d791a1a6.js | 11.3 KB https://static.cloudflareinsights.com/beacon.min.js/v4513226cdae34746b4dedf0b4dfa099e1781791509496 | 10.7 KB https://code-destiny.com/_next/static/chunks/2357.5ba7c7aa8ed112a3.js | 8.5 KB https://code-destiny.com/cdn-cgi/challenge-platform/h/b/scripts/jsd/25e6c66701a0/main.js? | 8.0 KB https://code-destiny.com/life-book-ai/ | 6.4 KB https://code-destiny.com/_next/static/chunks/8167.29c6e3862b517e4b.js | 5.8 KB https://code-destiny.com/_next/static/chunks/158-53a57d2aef59254c.js | 5.8 KB https://code-destiny.com/_next/static/chunks/webpack-c39d4f5fde12e115.js | 5.6 KB https://code-destiny.com/_next/static/chunks/8219-7428d35be5d083a7.js | 5.4 KB https://code-destiny.com/_next/static/css/b5a55bd74d9ef22e.css | 5.2 KB https://code-destiny.com/_next/static/chunks/670-801d5a769372963a.js,,,,,,4,0,20,2,none,normal,2026-06-30T11:49:21.721Z
/life-book-ai,desktop,repeat,200,57,982910,959.9 KB,16026,323423,489759,143160,0,0,5835,https://code-destiny.com/fuctionassets/lifebook.webp,243674,238.0 KB https://code-destiny.com/fuctionassets/lifebook.webp | 77.9 KB https://code-destiny.com/icons/%EA%BF%80%EA%BF%80%20%EC%9A%B4%EC%84%B8%20%EB%A1%9C%EA%B3%A0.webp | 64.5 KB https://code-destiny.com/_next/static/css/2cf6b8929df91a43.css | 64.5 KB https://code-destiny.com/_next/static/css/2cf6b8929df91a43.css | 54.9 KB https://code-destiny.com/_next/static/chunks/4bd1b696-100b9d70ed4e49c1.js | 54.9 KB https://code-destiny.com/_next/static/chunks/4bd1b696-100b9d70ed4e49c1.js | 45.5 KB https://code-destiny.com/_next/static/chunks/1255-7af2368fb2545735.js | 45.5 KB https://code-destiny.com/_next/static/chunks/1255-7af2368fb2545735.js | 39.7 KB https://code-destiny.com/_next/static/chunks/7506-fee23a3de5789278.js | 39.7 KB https://code-destiny.com/_next/static/chunks/7506-fee23a3de5789278.js | 23.7 KB https://code-destiny.com/_next/static/chunks/2325-de0a1b24c2092cfb.js | 15.1 KB https://code-destiny.com/_next/static/chunks/app/layout-718c0468d791a1a6.js | 15.1 KB https://code-destiny.com/_next/static/chunks/app/layout-718c0468d791a1a6.js | 11.2 KB https://static.cloudflareinsights.com/beacon.min.js/v4513226cdae34746b4dedf0b4dfa099e1781791509496 | 11.2 KB https://static.cloudflareinsights.com/beacon.min.js/v4513226cdae34746b4dedf0b4dfa099e1781791509496 | 10.7 KB https://code-destiny.com/_next/static/chunks/2357.5ba7c7aa8ed112a3.js | 8.0 KB https://code-destiny.com/life-book-ai/ | 7.6 KB https://code-destiny.com/life-book-ai/?v=56e6bbb09a19 | 6.4 KB https://code-destiny.com/_next/static/chunks/8167.29c6e3862b517e4b.js | 6.3 KB https://code-destiny.com/_next/static/chunks/9527.6106c343fa0b3e97.js,,,,,net::ERR_ABORTED https://code-destiny.com/cdn-cgi/challenge-platform/scripts/jsd/main.js | net::ERR_ABORTED https://code-destiny.com/icons/%EA%BF%80%EA%BF%80%20%EC%9A%B4%EC%84%B8%20%EB%A1%9C%EA%B3%A0.webp | net::ERR_ABORTED https://code-destiny.com/_next/static/chunks/3415.e7b810b6524fc6dc.js | net::ERR_ABORTED https://code-destiny.com/_next/static/chunks/670-801d5a769372963a.js | net::ERR_ABORTED https://code-destiny.com/_next/static/chunks/2325-de0a1b24c2092cfb.js | net::ERR_ABORTED https://code-destiny.com/_next/static/chunks/9363-c6a14e532a35b49a.js | net::ERR_ABORTED https://code-destiny.com/_next/static/chunks/2357.5ba7c7aa8ed112a3.js,2,0,42,4,none,normal,2026-06-30T11:50:28.337Z
/love-secret-ai,mobile,cold,200,35,968837,946.1 KB,8184,490725,291635,71580,100278,0,4097,https://code-destiny.com/fuctionassets/lovebible.webp,250791,244.9 KB https://code-destiny.com/fuctionassets/lovebible.webp | 97.9 KB https://assets.code-destiny.com/Mulmaru.woff2 | 78.5 KB https://code-destiny.com/icons/%EA%BF%80%EA%BF%80%20%EC%9A%B4%EC%84%B8%20%EB%A1%9C%EA%B3%A0.webp | 77.9 KB https://code-destiny.com/icons/%EA%BF%80%EA%BF%80%20%EC%9A%B4%EC%84%B8%20%EB%A1%9C%EA%B3%A0.webp | 77.9 KB https://code-destiny.com/icons/%EA%BF%80%EA%BF%80%20%EC%9A%B4%EC%84%B8%20%EB%A1%9C%EA%B3%A0.webp | 64.5 KB https://code-destiny.com/_next/static/css/2cf6b8929df91a43.css | 54.9 KB https://code-destiny.com/_next/static/chunks/4bd1b696-100b9d70ed4e49c1.js | 45.5 KB https://code-destiny.com/_next/static/chunks/1255-7af2368fb2545735.js | 39.7 KB https://code-destiny.com/_next/static/chunks/7506-fee23a3de5789278.js | 23.7 KB https://code-destiny.com/_next/static/chunks/2325-de0a1b24c2092cfb.js | 15.1 KB https://code-destiny.com/_next/static/chunks/app/layout-718c0468d791a1a6.js | 13.1 KB https://code-destiny.com/_next/static/chunks/1783.f375e3e343e47498.js | 11.2 KB https://static.cloudflareinsights.com/beacon.min.js/v4513226cdae34746b4dedf0b4dfa099e1781791509496 | 9.0 KB https://code-destiny.com/cdn-cgi/challenge-platform/h/b/scripts/jsd/25e6c66701a0/main.js? | 8.0 KB https://code-destiny.com/love-secret-ai/ | 7.1 KB https://code-destiny.com/_next/static/chunks/7620-a82822ebe1be243c.js | 6.4 KB https://code-destiny.com/_next/static/chunks/8167.29c6e3862b517e4b.js | 6.3 KB https://code-destiny.com/_next/static/chunks/9527.6106c343fa0b3e97.js | 5.8 KB https://code-destiny.com/_next/static/chunks/158-53a57d2aef59254c.js | 5.8 KB https://code-destiny.com/_next/static/chunks/webpack-c39d4f5fde12e115.js,,,https://assets.code-destiny.com/Mulmaru.woff2,,,4,0,23,3,none,normal,2026-06-30T10:59:18.925Z
/love-secret-ai,mobile,repeat,200,32,956370,934.0 KB,8173,490046,282706,71580,100240,0,1290,https://code-destiny.com/fuctionassets/lovebible.webp,250799,244.9 KB https://code-destiny.com/fuctionassets/lovebible.webp | 97.9 KB https://assets.code-destiny.com/Mulmaru.woff2 | 77.9 KB https://code-destiny.com/icons/%EA%BF%80%EA%BF%80%20%EC%9A%B4%EC%84%B8%20%EB%A1%9C%EA%B3%A0.webp | 77.9 KB https://code-destiny.com/icons/%EA%BF%80%EA%BF%80%20%EC%9A%B4%EC%84%B8%20%EB%A1%9C%EA%B3%A0.webp | 77.9 KB https://code-destiny.com/icons/%EA%BF%80%EA%BF%80%20%EC%9A%B4%EC%84%B8%20%EB%A1%9C%EA%B3%A0.webp | 64.5 KB https://code-destiny.com/_next/static/css/2cf6b8929df91a43.css | 54.9 KB https://code-destiny.com/_next/static/chunks/4bd1b696-100b9d70ed4e49c1.js | 45.5 KB https://code-destiny.com/_next/static/chunks/1255-7af2368fb2545735.js | 39.7 KB https://code-destiny.com/_next/static/chunks/7506-fee23a3de5789278.js | 23.7 KB https://code-destiny.com/_next/static/chunks/2325-de0a1b24c2092cfb.js | 15.1 KB https://code-destiny.com/_next/static/chunks/app/layout-718c0468d791a1a6.js | 13.1 KB https://code-destiny.com/_next/static/chunks/1783.f375e3e343e47498.js | 11.2 KB https://static.cloudflareinsights.com/beacon.min.js/v4513226cdae34746b4dedf0b4dfa099e1781791509496 | 8.5 KB https://code-destiny.com/cdn-cgi/challenge-platform/h/b/scripts/jsd/25e6c66701a0/main.js? | 8.0 KB https://code-destiny.com/love-secret-ai/ | 7.1 KB https://code-destiny.com/_next/static/chunks/7620-a82822ebe1be243c.js | 6.4 KB https://code-destiny.com/_next/static/chunks/8167.29c6e3862b517e4b.js | 5.8 KB https://code-destiny.com/_next/static/chunks/158-53a57d2aef59254c.js | 5.8 KB https://code-destiny.com/_next/static/chunks/webpack-c39d4f5fde12e115.js | 5.6 KB https://code-destiny.com/_next/static/chunks/8219-7428d35be5d083a7.js,,,https://assets.code-destiny.com/Mulmaru.woff2,,,4,0,21,2,none,normal,2026-06-30T10:59:30.739Z
/love-secret-ai,desktop,cold,200,34,608682,594.4 KB,8175,239248,285317,71589,0,0,1288,https://code-destiny.com/icons/%EA%BF%80%EA%BF%80%20%EC%9A%B4%EC%84%B8%20%EB%A1%9C%EA%B3%A0.webp,79750,77.9 KB https://code-destiny.com/icons/%EA%BF%80%EA%BF%80%20%EC%9A%B4%EC%84%B8%20%EB%A1%9C%EA%B3%A0.webp | 77.9 KB https://code-destiny.com/icons/%EA%BF%80%EA%BF%80%20%EC%9A%B4%EC%84%B8%20%EB%A1%9C%EA%B3%A0.webp | 77.9 KB https://code-destiny.com/icons/%EA%BF%80%EA%BF%80%20%EC%9A%B4%EC%84%B8%20%EB%A1%9C%EA%B3%A0.webp | 64.5 KB https://code-destiny.com/_next/static/css/2cf6b8929df91a43.css | 55.0 KB https://code-destiny.com/_next/static/chunks/4bd1b696-100b9d70ed4e49c1.js | 45.6 KB https://code-destiny.com/_next/static/chunks/1255-7af2368fb2545735.js | 39.7 KB https://code-destiny.com/_next/static/chunks/7506-fee23a3de5789278.js | 23.7 KB https://code-destiny.com/_next/static/chunks/2325-de0a1b24c2092cfb.js | 15.1 KB https://code-destiny.com/_next/static/chunks/app/layout-718c0468d791a1a6.js | 13.1 KB https://code-destiny.com/_next/static/chunks/1783.f375e3e343e47498.js | 11.3 KB https://static.cloudflareinsights.com/beacon.min.js/v4513226cdae34746b4dedf0b4dfa099e1781791509496 | 8.9 KB https://code-destiny.com/cdn-cgi/challenge-platform/h/b/scripts/jsd/25e6c66701a0/main.js? | 8.0 KB https://code-destiny.com/love-secret-ai/ | 7.1 KB https://code-destiny.com/_next/static/chunks/7620-a82822ebe1be243c.js | 6.4 KB https://code-destiny.com/_next/static/chunks/8167.29c6e3862b517e4b.js | 5.8 KB https://code-destiny.com/_next/static/chunks/158-53a57d2aef59254c.js | 5.8 KB https://code-destiny.com/_next/static/chunks/webpack-c39d4f5fde12e115.js | 5.6 KB https://code-destiny.com/_next/static/chunks/8219-7428d35be5d083a7.js | 5.4 KB https://code-destiny.com/_next/static/css/b5a55bd74d9ef22e.css | 5.2 KB https://code-destiny.com/_next/static/chunks/670-801d5a769372963a.js,,,https://assets.code-destiny.com/Mulmaru.woff2,,net::ERR_ABORTED https://code-destiny.com/_next/static/chunks/9527.6106c343fa0b3e97.js | net::ERR_ABORTED https://code-destiny.com/fuctionassets/lovebible.webp | net::ERR_ABORTED https://assets.code-destiny.com/Mulmaru.woff2,4,0,23,2,none,normal,2026-06-30T12:09:24.867Z
/love-secret-ai,desktop,repeat,200,18,255722,249.7 KB,8862,0,172908,71580,0,0,0,https://code-destiny.com/_next/static/css/2cf6b8929df91a43.css,66043,64.5 KB https://code-destiny.com/_next/static/css/2cf6b8929df91a43.css | 54.9 KB https://code-destiny.com/_next/static/chunks/4bd1b696-100b9d70ed4e49c1.js | 45.5 KB https://code-destiny.com/_next/static/chunks/1255-7af2368fb2545735.js | 39.7 KB https://code-destiny.com/_next/static/chunks/7506-fee23a3de5789278.js | 8.7 KB https://code-destiny.com/love-secret-ai/ | 5.8 KB https://code-destiny.com/_next/static/chunks/158-53a57d2aef59254c.js | 5.8 KB https://code-destiny.com/_next/static/chunks/webpack-c39d4f5fde12e115.js | 5.6 KB https://code-destiny.com/_next/static/chunks/8219-7428d35be5d083a7.js | 5.4 KB https://code-destiny.com/_next/static/css/b5a55bd74d9ef22e.css | 5.2 KB https://code-destiny.com/_next/static/chunks/2619-04bc32f026a0d946.js | 4.3 KB https://code-destiny.com/_next/static/chunks/9867-db4b58dbf022bfe0.js | 2.3 KB https://code-destiny.com/manifest.json | 2.0 KB https://code-destiny.com/_next/static/chunks/main-app-5491aff1f3f675f8.js | 0 B https://code-destiny.com/_next/static/chunks/2391-f4d0eba2b5dcbad6.js | 0 B https://code-destiny.com/_next/static/chunks/app/layout-718c0468d791a1a6.js | 0 B https://code-destiny.com/_next/static/chunks/app/love-secret-ai/page-4ec725fba4644cac.js | 0 B https://static.cloudflareinsights.com/beacon.min.js/v4513226cdae34746b4dedf0b4dfa099e1781791509496 | 0 B https://code-destiny.com/icons/%EA%BF%80%EA%BF%80%20%EC%9A%B4%EC%84%B8%20%EB%A1%9C%EA%B3%A0.webp,,,,,net::ERR_ABORTED https://code-destiny.com/_next/static/chunks/2391-f4d0eba2b5dcbad6.js | net::ERR_ABORTED https://code-destiny.com/_next/static/chunks/app/layout-718c0468d791a1a6.js | net::ERR_ABORTED https://code-destiny.com/_next/static/chunks/app/love-secret-ai/page-4ec725fba4644cac.js | net::ERR_ABORTED https://static.cloudflareinsights.com/beacon.min.js/v4513226cdae34746b4dedf0b4dfa099e1781791509496,0,0,13,0,none,normal,2026-06-30T12:10:19.555Z
/karma-destiny-ai,mobile,cold,200,34,724805,707.8 KB,13333,239247,294498,71580,100403,0,3410,https://assets.code-destiny.com/Mulmaru.woff2,100403,98.0 KB https://assets.code-destiny.com/Mulmaru.woff2 | 77.9 KB https://code-destiny.com/icons/%EA%BF%80%EA%BF%80%20%EC%9A%B4%EC%84%B8%20%EB%A1%9C%EA%B3%A0.webp | 77.9 KB https://code-destiny.com/icons/%EA%BF%80%EA%BF%80%20%EC%9A%B4%EC%84%B8%20%EB%A1%9C%EA%B3%A0.webp | 77.9 KB https://code-destiny.com/icons/%EA%BF%80%EA%BF%80%20%EC%9A%B4%EC%84%B8%20%EB%A1%9C%EA%B3%A0.webp | 64.5 KB https://code-destiny.com/_next/static/css/2cf6b8929df91a43.css | 54.9 KB https://code-destiny.com/_next/static/chunks/4bd1b696-100b9d70ed4e49c1.js | 45.5 KB https://code-destiny.com/_next/static/chunks/1255-7af2368fb2545735.js | 39.7 KB https://code-destiny.com/_next/static/chunks/7506-fee23a3de5789278.js | 23.7 KB https://code-destiny.com/_next/static/chunks/2325-de0a1b24c2092cfb.js | 16.3 KB https://code-destiny.com/_next/static/chunks/8191.e6b99452e3351049.js | 15.1 KB https://code-destiny.com/_next/static/chunks/app/layout-718c0468d791a1a6.js | 13.0 KB https://code-destiny.com/karma-destiny-ai/ | 11.2 KB https://static.cloudflareinsights.com/beacon.min.js/v4513226cdae34746b4dedf0b4dfa099e1781791509496 | 8.8 KB https://code-destiny.com/cdn-cgi/challenge-platform/h/b/scripts/jsd/25e6c66701a0/main.js? | 6.4 KB https://code-destiny.com/_next/static/chunks/8167.29c6e3862b517e4b.js | 6.3 KB https://code-destiny.com/_next/static/chunks/9527.6106c343fa0b3e97.js | 6.2 KB https://code-destiny.com/_next/static/chunks/917.87256d364ab516c4.js | 5.8 KB https://code-destiny.com/_next/static/chunks/158-53a57d2aef59254c.js | 5.8 KB https://code-destiny.com/_next/static/chunks/webpack-c39d4f5fde12e115.js | 5.6 KB https://code-destiny.com/_next/static/chunks/8219-7428d35be5d083a7.js,,,https://assets.code-destiny.com/Mulmaru.woff2,,,3,0,23,3,none,normal,2026-06-30T10:59:52.576Z
/karma-destiny-ai,mobile,repeat,200,33,714113,697.4 KB,13335,239248,286094,71580,100230,0,1287,https://assets.code-destiny.com/Mulmaru.woff2,100230,97.9 KB https://assets.code-destiny.com/Mulmaru.woff2 | 77.9 KB https://code-destiny.com/icons/%EA%BF%80%EA%BF%80%20%EC%9A%B4%EC%84%B8%20%EB%A1%9C%EA%B3%A0.webp | 77.9 KB https://code-destiny.com/icons/%EA%BF%80%EA%BF%80%20%EC%9A%B4%EC%84%B8%20%EB%A1%9C%EA%B3%A0.webp | 77.9 KB https://code-destiny.com/icons/%EA%BF%80%EA%BF%80%20%EC%9A%B4%EC%84%B8%20%EB%A1%9C%EA%B3%A0.webp | 64.5 KB https://code-destiny.com/_next/static/css/2cf6b8929df91a43.css | 54.9 KB https://code-destiny.com/_next/static/chunks/4bd1b696-100b9d70ed4e49c1.js | 45.5 KB https://code-destiny.com/_next/static/chunks/1255-7af2368fb2545735.js | 39.7 KB https://code-destiny.com/_next/static/chunks/7506-fee23a3de5789278.js | 23.7 KB https://code-destiny.com/_next/static/chunks/2325-de0a1b24c2092cfb.js | 16.3 KB https://code-destiny.com/_next/static/chunks/8191.e6b99452e3351049.js | 15.1 KB https://code-destiny.com/_next/static/chunks/app/layout-718c0468d791a1a6.js | 13.0 KB https://code-destiny.com/karma-destiny-ai/ | 11.2 KB https://static.cloudflareinsights.com/beacon.min.js/v4513226cdae34746b4dedf0b4dfa099e1781791509496 | 8.9 KB https://code-destiny.com/cdn-cgi/challenge-platform/h/b/scripts/jsd/25e6c66701a0/main.js? | 6.4 KB https://code-destiny.com/_next/static/chunks/8167.29c6e3862b517e4b.js | 6.2 KB https://code-destiny.com/_next/static/chunks/917.87256d364ab516c4.js | 5.8 KB https://code-destiny.com/_next/static/chunks/158-53a57d2aef59254c.js | 5.8 KB https://code-destiny.com/_next/static/chunks/webpack-c39d4f5fde12e115.js | 5.6 KB https://code-destiny.com/_next/static/chunks/8219-7428d35be5d083a7.js | 5.4 KB https://code-destiny.com/_next/static/css/b5a55bd74d9ef22e.css,,,https://assets.code-destiny.com/Mulmaru.woff2,,net::ERR_ABORTED https://code-destiny.com/_next/static/chunks/7372.d28b659a82b496da.js | net::ERR_ABORTED https://code-destiny.com/_next/static/chunks/9527.6106c343fa0b3e97.js,3,0,23,2,none,normal,2026-06-30T11:00:17.717Z
/karma-destiny-ai,desktop,cold,200,40,413627,403.9 KB,13335,0,285636,71591,0,0,40688,https://code-destiny.com/_next/static/css/2cf6b8929df91a43.css,66054,64.5 KB https://code-destiny.com/_next/static/css/2cf6b8929df91a43.css | 55.0 KB https://code-destiny.com/_next/static/chunks/4bd1b696-100b9d70ed4e49c1.js | 45.5 KB https://code-destiny.com/_next/static/chunks/1255-7af2368fb2545735.js | 39.7 KB https://code-destiny.com/_next/static/chunks/7506-fee23a3de5789278.js | 23.7 KB https://code-destiny.com/_next/static/chunks/2325-de0a1b24c2092cfb.js | 16.3 KB https://code-destiny.com/_next/static/chunks/8191.e6b99452e3351049.js | 15.1 KB https://code-destiny.com/_next/static/chunks/app/layout-718c0468d791a1a6.js | 13.0 KB https://code-destiny.com/karma-destiny-ai/ | 11.3 KB https://static.cloudflareinsights.com/beacon.min.js/v4513226cdae34746b4dedf0b4dfa099e1781791509496 | 9.9 KB https://code-destiny.com/terms/index.txt?_rsc=1k9bb | 8.3 KB https://code-destiny.com/privacy/index.txt?_rsc=1k9bb | 8.0 KB https://code-destiny.com/disclaimer/index.txt?_rsc=1k9bb | 7.2 KB https://code-destiny.com/contact/index.txt?_rsc=1k9bb | 6.3 KB https://code-destiny.com/about/index.txt?_rsc=1k9bb | 6.2 KB https://code-destiny.com/_next/static/chunks/917.87256d364ab516c4.js | 5.8 KB https://code-destiny.com/_next/static/chunks/158-53a57d2aef59254c.js | 5.8 KB https://code-destiny.com/_next/static/chunks/webpack-c39d4f5fde12e115.js | 5.6 KB https://code-destiny.com/_next/static/chunks/8219-7428d35be5d083a7.js | 5.6 KB https://code-destiny.com/_next/static/chunks/926.648b72db6c30a7d0.js | 5.4 KB https://code-destiny.com/_next/static/css/b5a55bd74d9ef22e.css,,,https://assets.code-destiny.com/Mulmaru.woff2,,net::ERR_ABORTED https://code-destiny.com/cdn-cgi/challenge-platform/h/b/scripts/jsd/25e6c66701a0/main.js? | net::ERR_ABORTED https://code-destiny.com/_next/static/chunks/8167.29c6e3862b517e4b.js | net::ERR_ABORTED https://code-destiny.com/advertising-policy/index.txt?_rsc=1k9bb | net::ERR_ABORTED https://assets.code-destiny.com/Mulmaru.woff2 | net::ERR_ABORTED https://code-destiny.com/_next/static/chunks/7372.d28b659a82b496da.js | net::ERR_ABORTED https://code-destiny.com/_next/static/chunks/9527.6106c343fa0b3e97.js | net::ERR_ABORTED https://code-destiny.com/api/auth/me | net::ERR_ABORTED https://code-destiny.com/_next/static/chunks/app/about/page-8d4016799714dbed.js,0,0,27,7,none,normal,2026-06-30T11:53:05.526Z
/karma-destiny-ai,desktop,repeat,200,98,1659923,1.58 MB,26305,558244,614394,143173,200716,0,111692,https://assets.code-destiny.com/Mulmaru.woff2,100490,98.1 KB https://assets.code-destiny.com/Mulmaru.woff2 | 97.9 KB https://assets.code-destiny.com/Mulmaru.woff2 | 77.9 KB https://code-destiny.com/icons/%EA%BF%80%EA%BF%80%20%EC%9A%B4%EC%84%B8%20%EB%A1%9C%EA%B3%A0.webp | 77.9 KB https://code-destiny.com/icons/%EA%BF%80%EA%BF%80%20%EC%9A%B4%EC%84%B8%20%EB%A1%9C%EA%B3%A0.webp | 77.9 KB https://code-destiny.com/icons/%EA%BF%80%EA%BF%80%20%EC%9A%B4%EC%84%B8%20%EB%A1%9C%EA%B3%A0.webp | 77.9 KB https://code-destiny.com/icons/%EA%BF%80%EA%BF%80%20%EC%9A%B4%EC%84%B8%20%EB%A1%9C%EA%B3%A0.webp | 77.9 KB https://code-destiny.com/icons/%EA%BF%80%EA%BF%80%20%EC%9A%B4%EC%84%B8%20%EB%A1%9C%EA%B3%A0.webp | 77.9 KB https://code-destiny.com/icons/%EA%BF%80%EA%BF%80%20%EC%9A%B4%EC%84%B8%20%EB%A1%9C%EA%B3%A0.webp | 77.9 KB https://code-destiny.com/icons/%EA%BF%80%EA%BF%80%20%EC%9A%B4%EC%84%B8%20%EB%A1%9C%EA%B3%A0.webp | 64.5 KB https://code-destiny.com/_next/static/css/2cf6b8929df91a43.css | 64.5 KB https://code-destiny.com/_next/static/css/2cf6b8929df91a43.css | 55.0 KB https://code-destiny.com/_next/static/chunks/4bd1b696-100b9d70ed4e49c1.js | 54.9 KB https://code-destiny.com/_next/static/chunks/4bd1b696-100b9d70ed4e49c1.js | 45.5 KB https://code-destiny.com/_next/static/chunks/1255-7af2368fb2545735.js | 45.5 KB https://code-destiny.com/_next/static/chunks/1255-7af2368fb2545735.js | 39.7 KB https://code-destiny.com/_next/static/chunks/7506-fee23a3de5789278.js | 39.7 KB https://code-destiny.com/_next/static/chunks/7506-fee23a3de5789278.js | 23.7 KB https://code-destiny.com/_next/static/chunks/2325-de0a1b24c2092cfb.js | 23.7 KB https://code-destiny.com/_next/static/chunks/2325-de0a1b24c2092cfb.js | 16.3 KB https://code-destiny.com/_next/static/chunks/8191.e6b99452e3351049.js,,,https://assets.code-destiny.com/Mulmaru.woff2 | https://assets.code-destiny.com/Mulmaru.woff2,/api/auth/me x11,,7,0,53,28,same API called >= 3 times,high,2026-06-30T11:53:59.272Z
/ziwei-ai,mobile,cold,200,34,1161500,1.11 MB,8880,239941,286143,71580,548507,0,4107,https://assets.code-destiny.com/The%20Jamsil%20OTF%204%20Medium.otf,448279,437.8 KB https://assets.code-destiny.com/The%20Jamsil%20OTF%204%20Medium.otf | 97.9 KB https://assets.code-destiny.com/Mulmaru.woff2 | 78.6 KB https://code-destiny.com/icons/%EA%BF%80%EA%BF%80%20%EC%9A%B4%EC%84%B8%20%EB%A1%9C%EA%B3%A0.webp | 77.9 KB https://code-destiny.com/icons/%EA%BF%80%EA%BF%80%20%EC%9A%B4%EC%84%B8%20%EB%A1%9C%EA%B3%A0.webp | 77.9 KB https://code-destiny.com/icons/%EA%BF%80%EA%BF%80%20%EC%9A%B4%EC%84%B8%20%EB%A1%9C%EA%B3%A0.webp | 64.5 KB https://code-destiny.com/_next/static/css/2cf6b8929df91a43.css | 54.9 KB https://code-destiny.com/_next/static/chunks/4bd1b696-100b9d70ed4e49c1.js | 45.5 KB https://code-destiny.com/_next/static/chunks/1255-7af2368fb2545735.js | 39.7 KB https://code-destiny.com/_next/static/chunks/7506-fee23a3de5789278.js | 23.7 KB https://code-destiny.com/_next/static/chunks/2325-de0a1b24c2092cfb.js | 15.1 KB https://code-destiny.com/_next/static/chunks/app/layout-718c0468d791a1a6.js | 14.4 KB https://code-destiny.com/_next/static/chunks/2314.72537c4db8ced43c.js | 11.2 KB https://static.cloudflareinsights.com/beacon.min.js/v4513226cdae34746b4dedf0b4dfa099e1781791509496 | 8.7 KB https://code-destiny.com/cdn-cgi/challenge-platform/h/b/scripts/jsd/25e6c66701a0/main.js? | 8.7 KB https://code-destiny.com/ziwei-ai/ | 6.4 KB https://code-destiny.com/_next/static/chunks/8167.29c6e3862b517e4b.js | 6.3 KB https://code-destiny.com/_next/static/chunks/9527.6106c343fa0b3e97.js | 5.8 KB https://code-destiny.com/_next/static/chunks/158-53a57d2aef59254c.js | 5.8 KB https://code-destiny.com/_next/static/chunks/webpack-c39d4f5fde12e115.js | 5.6 KB https://code-destiny.com/_next/static/chunks/8219-7428d35be5d083a7.js,,,https://assets.code-destiny.com/The%20Jamsil%20OTF%204%20Medium.otf | https://assets.code-destiny.com/Mulmaru.woff2,,,3,0,22,3,none,normal,2026-06-30T11:00:48.058Z
/ziwei-ai,mobile,repeat,200,34,1160177,1.11 MB,8880,239247,286070,71580,548647,0,3417,https://assets.code-destiny.com/The%20Jamsil%20OTF%204%20Medium.otf,448447,437.9 KB https://assets.code-destiny.com/The%20Jamsil%20OTF%204%20Medium.otf | 97.9 KB https://assets.code-destiny.com/Mulmaru.woff2 | 77.9 KB https://code-destiny.com/icons/%EA%BF%80%EA%BF%80%20%EC%9A%B4%EC%84%B8%20%EB%A1%9C%EA%B3%A0.webp | 77.9 KB https://code-destiny.com/icons/%EA%BF%80%EA%BF%80%20%EC%9A%B4%EC%84%B8%20%EB%A1%9C%EA%B3%A0.webp | 77.9 KB https://code-destiny.com/icons/%EA%BF%80%EA%BF%80%20%EC%9A%B4%EC%84%B8%20%EB%A1%9C%EA%B3%A0.webp | 64.5 KB https://code-destiny.com/_next/static/css/2cf6b8929df91a43.css | 54.9 KB https://code-destiny.com/_next/static/chunks/4bd1b696-100b9d70ed4e49c1.js | 45.5 KB https://code-destiny.com/_next/static/chunks/1255-7af2368fb2545735.js | 39.7 KB https://code-destiny.com/_next/static/chunks/7506-fee23a3de5789278.js | 23.7 KB https://code-destiny.com/_next/static/chunks/2325-de0a1b24c2092cfb.js | 15.1 KB https://code-destiny.com/_next/static/chunks/app/layout-718c0468d791a1a6.js | 14.4 KB https://code-destiny.com/_next/static/chunks/2314.72537c4db8ced43c.js | 11.2 KB https://static.cloudflareinsights.com/beacon.min.js/v4513226cdae34746b4dedf0b4dfa099e1781791509496 | 8.7 KB https://code-destiny.com/ziwei-ai/ | 8.6 KB https://code-destiny.com/cdn-cgi/challenge-platform/h/b/scripts/jsd/25e6c66701a0/main.js? | 6.4 KB https://code-destiny.com/_next/static/chunks/8167.29c6e3862b517e4b.js | 6.3 KB https://code-destiny.com/_next/static/chunks/9527.6106c343fa0b3e97.js | 5.8 KB https://code-destiny.com/_next/static/chunks/158-53a57d2aef59254c.js | 5.8 KB https://code-destiny.com/_next/static/chunks/webpack-c39d4f5fde12e115.js | 5.6 KB https://code-destiny.com/_next/static/chunks/8219-7428d35be5d083a7.js,,,https://assets.code-destiny.com/The%20Jamsil%20OTF%204%20Medium.otf | https://assets.code-destiny.com/Mulmaru.woff2,,,3,0,22,3,none,normal,2026-06-30T11:01:04.818Z
/ziwei-ai,desktop,cold,200,34,1161677,1.11 MB,8881,239939,286697,71590,548784,0,3417,https://assets.code-destiny.com/The%20Jamsil%20OTF%204%20Medium.otf,448296,437.8 KB https://assets.code-destiny.com/The%20Jamsil%20OTF%204%20Medium.otf | 98.1 KB https://assets.code-destiny.com/Mulmaru.woff2 | 78.6 KB https://code-destiny.com/icons/%EA%BF%80%EA%BF%80%20%EC%9A%B4%EC%84%B8%20%EB%A1%9C%EA%B3%A0.webp | 77.9 KB https://code-destiny.com/icons/%EA%BF%80%EA%BF%80%20%EC%9A%B4%EC%84%B8%20%EB%A1%9C%EA%B3%A0.webp | 77.9 KB https://code-destiny.com/icons/%EA%BF%80%EA%BF%80%20%EC%9A%B4%EC%84%B8%20%EB%A1%9C%EA%B3%A0.webp | 64.5 KB https://code-destiny.com/_next/static/css/2cf6b8929df91a43.css | 55.0 KB https://code-destiny.com/_next/static/chunks/4bd1b696-100b9d70ed4e49c1.js | 45.5 KB https://code-destiny.com/_next/static/chunks/1255-7af2368fb2545735.js | 39.7 KB https://code-destiny.com/_next/static/chunks/7506-fee23a3de5789278.js | 23.7 KB https://code-destiny.com/_next/static/chunks/2325-de0a1b24c2092cfb.js | 15.1 KB https://code-destiny.com/_next/static/chunks/app/layout-718c0468d791a1a6.js | 14.4 KB https://code-destiny.com/_next/static/chunks/2314.72537c4db8ced43c.js | 11.3 KB https://static.cloudflareinsights.com/beacon.min.js/v4513226cdae34746b4dedf0b4dfa099e1781791509496 | 9.1 KB https://code-destiny.com/cdn-cgi/challenge-platform/h/b/scripts/jsd/25e6c66701a0/main.js? | 8.7 KB https://code-destiny.com/ziwei-ai/ | 6.4 KB https://code-destiny.com/_next/static/chunks/8167.29c6e3862b517e4b.js | 6.3 KB https://code-destiny.com/_next/static/chunks/9527.6106c343fa0b3e97.js | 5.8 KB https://code-destiny.com/_next/static/chunks/158-53a57d2aef59254c.js | 5.8 KB https://code-destiny.com/_next/static/chunks/webpack-c39d4f5fde12e115.js | 5.6 KB https://code-destiny.com/_next/static/chunks/8219-7428d35be5d083a7.js,,,https://assets.code-destiny.com/The%20Jamsil%20OTF%204%20Medium.otf | https://assets.code-destiny.com/Mulmaru.woff2,,,3,0,22,3,none,normal,2026-06-30T11:24:43.007Z
/ziwei-ai,desktop,repeat,200,34,1165623,1.11 MB,8882,239933,286943,71580,552536,0,3410,https://assets.code-destiny.com/The%20Jamsil%20OTF%204%20Medium.otf,452333,441.7 KB https://assets.code-destiny.com/The%20Jamsil%20OTF%204%20Medium.otf | 97.9 KB https://assets.code-destiny.com/Mulmaru.woff2 | 78.5 KB https://code-destiny.com/icons/%EA%BF%80%EA%BF%80%20%EC%9A%B4%EC%84%B8%20%EB%A1%9C%EA%B3%A0.webp | 77.9 KB https://code-destiny.com/icons/%EA%BF%80%EA%BF%80%20%EC%9A%B4%EC%84%B8%20%EB%A1%9C%EA%B3%A0.webp | 77.9 KB https://code-destiny.com/icons/%EA%BF%80%EA%BF%80%20%EC%9A%B4%EC%84%B8%20%EB%A1%9C%EA%B3%A0.webp | 64.5 KB https://code-destiny.com/_next/static/css/2cf6b8929df91a43.css | 54.9 KB https://code-destiny.com/_next/static/chunks/4bd1b696-100b9d70ed4e49c1.js | 45.5 KB https://code-destiny.com/_next/static/chunks/1255-7af2368fb2545735.js | 39.7 KB https://code-destiny.com/_next/static/chunks/7506-fee23a3de5789278.js | 23.7 KB https://code-destiny.com/_next/static/chunks/2325-de0a1b24c2092cfb.js | 15.1 KB https://code-destiny.com/_next/static/chunks/app/layout-718c0468d791a1a6.js | 14.4 KB https://code-destiny.com/_next/static/chunks/2314.72537c4db8ced43c.js | 11.2 KB https://static.cloudflareinsights.com/beacon.min.js/v4513226cdae34746b4dedf0b4dfa099e1781791509496 | 9.5 KB https://code-destiny.com/cdn-cgi/challenge-platform/h/b/scripts/jsd/25e6c66701a0/main.js? | 8.7 KB https://code-destiny.com/ziwei-ai/ | 6.4 KB https://code-destiny.com/_next/static/chunks/8167.29c6e3862b517e4b.js | 6.3 KB https://code-destiny.com/_next/static/chunks/9527.6106c343fa0b3e97.js | 5.8 KB https://code-destiny.com/_next/static/chunks/158-53a57d2aef59254c.js | 5.8 KB https://code-destiny.com/_next/static/chunks/webpack-c39d4f5fde12e115.js | 5.6 KB https://code-destiny.com/_next/static/chunks/8219-7428d35be5d083a7.js,,,https://assets.code-destiny.com/The%20Jamsil%20OTF%204%20Medium.otf | https://assets.code-destiny.com/Mulmaru.woff2,,,3,0,22,3,none,normal,2026-06-30T11:24:55.341Z
/astrology-ai,mobile,cold,200,34,1160489,1.11 MB,8107,239937,282490,71580,552629,0,3411,https://assets.code-destiny.com/The%20Jamsil%20OTF%204%20Medium.otf,452389,441.8 KB https://assets.code-destiny.com/The%20Jamsil%20OTF%204%20Medium.otf | 97.9 KB https://assets.code-destiny.com/Mulmaru.woff2 | 78.6 KB https://code-destiny.com/icons/%EA%BF%80%EA%BF%80%20%EC%9A%B4%EC%84%B8%20%EB%A1%9C%EA%B3%A0.webp | 77.9 KB https://code-destiny.com/icons/%EA%BF%80%EA%BF%80%20%EC%9A%B4%EC%84%B8%20%EB%A1%9C%EA%B3%A0.webp | 77.9 KB https://code-destiny.com/icons/%EA%BF%80%EA%BF%80%20%EC%9A%B4%EC%84%B8%20%EB%A1%9C%EA%B3%A0.webp | 64.5 KB https://code-destiny.com/_next/static/css/2cf6b8929df91a43.css | 54.9 KB https://code-destiny.com/_next/static/chunks/4bd1b696-100b9d70ed4e49c1.js | 45.5 KB https://code-destiny.com/_next/static/chunks/1255-7af2368fb2545735.js | 39.7 KB https://code-destiny.com/_next/static/chunks/7506-fee23a3de5789278.js | 23.7 KB https://code-destiny.com/_next/static/chunks/2325-de0a1b24c2092cfb.js | 15.1 KB https://code-destiny.com/_next/static/chunks/app/layout-718c0468d791a1a6.js | 11.5 KB https://code-destiny.com/_next/static/chunks/8946.db7f8cc77820b8b8.js | 11.2 KB https://static.cloudflareinsights.com/beacon.min.js/v4513226cdae34746b4dedf0b4dfa099e1781791509496 | 8.7 KB https://code-destiny.com/cdn-cgi/challenge-platform/h/b/scripts/jsd/25e6c66701a0/main.js? | 7.9 KB https://code-destiny.com/astrology-ai/ | 6.4 KB https://code-destiny.com/_next/static/chunks/8167.29c6e3862b517e4b.js | 6.3 KB https://code-destiny.com/_next/static/chunks/9527.6106c343fa0b3e97.js | 5.8 KB https://code-destiny.com/_next/static/chunks/158-53a57d2aef59254c.js | 5.8 KB https://code-destiny.com/_next/static/chunks/webpack-c39d4f5fde12e115.js | 5.6 KB https://code-destiny.com/_next/static/chunks/8219-7428d35be5d083a7.js,,,https://assets.code-destiny.com/The%20Jamsil%20OTF%204%20Medium.otf | https://assets.code-destiny.com/Mulmaru.woff2,,,3,0,22,3,none,normal,2026-06-30T11:01:28.341Z
/astrology-ai,mobile,repeat,200,34,1160296,1.11 MB,8096,239247,282894,71580,552731,0,3407,https://assets.code-destiny.com/The%20Jamsil%20OTF%204%20Medium.otf,452433,441.8 KB https://assets.code-destiny.com/The%20Jamsil%20OTF%204%20Medium.otf | 97.9 KB https://assets.code-destiny.com/Mulmaru.woff2 | 77.9 KB https://code-destiny.com/icons/%EA%BF%80%EA%BF%80%20%EC%9A%B4%EC%84%B8%20%EB%A1%9C%EA%B3%A0.webp | 77.9 KB https://code-destiny.com/icons/%EA%BF%80%EA%BF%80%20%EC%9A%B4%EC%84%B8%20%EB%A1%9C%EA%B3%A0.webp | 77.9 KB https://code-destiny.com/icons/%EA%BF%80%EA%BF%80%20%EC%9A%B4%EC%84%B8%20%EB%A1%9C%EA%B3%A0.webp | 64.5 KB https://code-destiny.com/_next/static/css/2cf6b8929df91a43.css | 54.9 KB https://code-destiny.com/_next/static/chunks/4bd1b696-100b9d70ed4e49c1.js | 45.5 KB https://code-destiny.com/_next/static/chunks/1255-7af2368fb2545735.js | 39.7 KB https://code-destiny.com/_next/static/chunks/7506-fee23a3de5789278.js | 23.7 KB https://code-destiny.com/_next/static/chunks/2325-de0a1b24c2092cfb.js | 15.1 KB https://code-destiny.com/_next/static/chunks/app/layout-718c0468d791a1a6.js | 11.5 KB https://code-destiny.com/_next/static/chunks/8946.db7f8cc77820b8b8.js | 11.2 KB https://static.cloudflareinsights.com/beacon.min.js/v4513226cdae34746b4dedf0b4dfa099e1781791509496 | 9.1 KB https://code-destiny.com/cdn-cgi/challenge-platform/h/b/scripts/jsd/25e6c66701a0/main.js? | 7.9 KB https://code-destiny.com/astrology-ai/ | 6.4 KB https://code-destiny.com/_next/static/chunks/8167.29c6e3862b517e4b.js | 6.3 KB https://code-destiny.com/_next/static/chunks/9527.6106c343fa0b3e97.js | 5.8 KB https://code-destiny.com/_next/static/chunks/158-53a57d2aef59254c.js | 5.8 KB https://code-destiny.com/_next/static/chunks/webpack-c39d4f5fde12e115.js | 5.6 KB https://code-destiny.com/_next/static/chunks/8219-7428d35be5d083a7.js,,,https://assets.code-destiny.com/The%20Jamsil%20OTF%204%20Medium.otf | https://assets.code-destiny.com/Mulmaru.woff2,,,3,0,22,3,none,normal,2026-06-30T11:01:42.721Z
/astrology-ai,desktop,cold,200,33,996745,973.4 KB,8102,79749,282804,71580,548716,0,3417,https://assets.code-destiny.com/The%20Jamsil%20OTF%204%20Medium.otf,448487,438.0 KB https://assets.code-destiny.com/The%20Jamsil%20OTF%204%20Medium.otf | 97.9 KB https://assets.code-destiny.com/Mulmaru.woff2 | 77.9 KB https://code-destiny.com/icons/%EA%BF%80%EA%BF%80%20%EC%9A%B4%EC%84%B8%20%EB%A1%9C%EA%B3%A0.webp | 64.5 KB https://code-destiny.com/_next/static/css/2cf6b8929df91a43.css | 54.9 KB https://code-destiny.com/_next/static/chunks/4bd1b696-100b9d70ed4e49c1.js | 45.5 KB https://code-destiny.com/_next/static/chunks/1255-7af2368fb2545735.js | 39.7 KB https://code-destiny.com/_next/static/chunks/7506-fee23a3de5789278.js | 23.7 KB https://code-destiny.com/_next/static/chunks/2325-de0a1b24c2092cfb.js | 15.1 KB https://code-destiny.com/_next/static/chunks/app/layout-718c0468d791a1a6.js | 11.5 KB https://code-destiny.com/_next/static/chunks/8946.db7f8cc77820b8b8.js | 11.2 KB https://static.cloudflareinsights.com/beacon.min.js/v4513226cdae34746b4dedf0b4dfa099e1781791509496 | 9.0 KB https://code-destiny.com/cdn-cgi/challenge-platform/h/b/scripts/jsd/25e6c66701a0/main.js? | 7.9 KB https://code-destiny.com/astrology-ai/ | 6.4 KB https://code-destiny.com/_next/static/chunks/8167.29c6e3862b517e4b.js | 6.3 KB https://code-destiny.com/_next/static/chunks/9527.6106c343fa0b3e97.js | 5.8 KB https://code-destiny.com/_next/static/chunks/158-53a57d2aef59254c.js | 5.8 KB https://code-destiny.com/_next/static/chunks/webpack-c39d4f5fde12e115.js | 5.6 KB https://code-destiny.com/_next/static/chunks/8219-7428d35be5d083a7.js | 5.4 KB https://code-destiny.com/_next/static/css/b5a55bd74d9ef22e.css | 5.2 KB https://code-destiny.com/_next/static/chunks/670-801d5a769372963a.js,,,https://assets.code-destiny.com/The%20Jamsil%20OTF%204%20Medium.otf | https://assets.code-destiny.com/Mulmaru.woff2,,net::ERR_CONNECTION_CLOSED https://code-destiny.com/manifest.json,1,0,22,3,none,normal,2026-06-30T11:54:28.756Z
/astrology-ai,desktop,repeat,200,28,409006,399.4 KB,8105,79749,246744,71580,0,0,452,https://code-destiny.com/icons/%EA%BF%80%EA%BF%80%20%EC%9A%B4%EC%84%B8%20%EB%A1%9C%EA%B3%A0.webp,79749,77.9 KB https://code-destiny.com/icons/%EA%BF%80%EA%BF%80%20%EC%9A%B4%EC%84%B8%20%EB%A1%9C%EA%B3%A0.webp | 64.5 KB https://code-destiny.com/_next/static/css/2cf6b8929df91a43.css | 54.9 KB https://code-destiny.com/_next/static/chunks/4bd1b696-100b9d70ed4e49c1.js | 45.5 KB https://code-destiny.com/_next/static/chunks/1255-7af2368fb2545735.js | 39.7 KB https://code-destiny.com/_next/static/chunks/7506-fee23a3de5789278.js | 23.7 KB https://code-destiny.com/_next/static/chunks/2325-de0a1b24c2092cfb.js | 15.1 KB https://code-destiny.com/_next/static/chunks/app/layout-718c0468d791a1a6.js | 11.2 KB https://static.cloudflareinsights.com/beacon.min.js/v4513226cdae34746b4dedf0b4dfa099e1781791509496 | 7.9 KB https://code-destiny.com/astrology-ai/ | 5.8 KB https://code-destiny.com/_next/static/chunks/158-53a57d2aef59254c.js | 5.8 KB https://code-destiny.com/_next/static/chunks/webpack-c39d4f5fde12e115.js | 5.6 KB https://code-destiny.com/_next/static/chunks/8219-7428d35be5d083a7.js | 5.4 KB https://code-destiny.com/_next/static/css/b5a55bd74d9ef22e.css | 5.2 KB https://code-destiny.com/_next/static/chunks/670-801d5a769372963a.js | 5.2 KB https://code-destiny.com/_next/static/chunks/2619-04bc32f026a0d946.js | 5.2 KB https://code-destiny.com/_next/static/chunks/2391-f4d0eba2b5dcbad6.js | 4.9 KB https://code-destiny.com/_next/static/chunks/9363-c6a14e532a35b49a.js | 4.3 KB https://code-destiny.com/_next/static/chunks/9867-db4b58dbf022bfe0.js | 3.6 KB https://code-destiny.com/_next/static/chunks/3415.e7b810b6524fc6dc.js | 3.4 KB https://code-destiny.com/_next/static/chunks/app/astrology-ai/page-5794cda8676c0ee0.js,,,,,net::ERR_ABORTED https://code-destiny.com/cdn-cgi/challenge-platform/h/b/scripts/jsd/25e6c66701a0/main.js? | net::ERR_ABORTED https://code-destiny.com/_next/static/chunks/8946.db7f8cc77820b8b8.js | net::ERR_ABORTED https://code-destiny.com/_next/static/chunks/8167.29c6e3862b517e4b.js | net::ERR_ABORTED https://code-destiny.com/_next/static/chunks/7372.d28b659a82b496da.js | net::ERR_ABORTED https://code-destiny.com/_next/static/chunks/9527.6106c343fa0b3e97.js,1,0,22,1,none,normal,2026-06-30T11:55:13.402Z
/vedic-ai,mobile,cold,200,31,707816,691.2 KB,8837,239247,276911,78927,100225,0,1296,https://assets.code-destiny.com/Mulmaru.woff2,100225,97.9 KB https://assets.code-destiny.com/Mulmaru.woff2 | 77.9 KB https://code-destiny.com/icons/%EA%BF%80%EA%BF%80%20%EC%9A%B4%EC%84%B8%20%EB%A1%9C%EA%B3%A0.webp | 77.9 KB https://code-destiny.com/icons/%EA%BF%80%EA%BF%80%20%EC%9A%B4%EC%84%B8%20%EB%A1%9C%EA%B3%A0.webp | 77.9 KB https://code-destiny.com/icons/%EA%BF%80%EA%BF%80%20%EC%9A%B4%EC%84%B8%20%EB%A1%9C%EA%B3%A0.webp | 64.5 KB https://code-destiny.com/_next/static/css/2cf6b8929df91a43.css | 54.9 KB https://code-destiny.com/_next/static/chunks/4bd1b696-100b9d70ed4e49c1.js | 45.5 KB https://code-destiny.com/_next/static/chunks/1255-7af2368fb2545735.js | 39.7 KB https://code-destiny.com/_next/static/chunks/7506-fee23a3de5789278.js | 23.7 KB https://code-destiny.com/_next/static/chunks/2325-de0a1b24c2092cfb.js | 15.1 KB https://code-destiny.com/_next/static/chunks/app/layout-718c0468d791a1a6.js | 13.7 KB https://code-destiny.com/_next/static/chunks/3936.793aac06949eb840.js | 11.2 KB https://static.cloudflareinsights.com/beacon.min.js/v4513226cdae34746b4dedf0b4dfa099e1781791509496 | 8.6 KB https://code-destiny.com/vedic-ai/ | 8.6 KB https://code-destiny.com/cdn-cgi/challenge-platform/h/b/scripts/jsd/25e6c66701a0/main.js? | 7.2 KB https://code-destiny.com/_next/static/css/34c31d11f8adcea9.css | 6.4 KB https://code-destiny.com/_next/static/chunks/8167.29c6e3862b517e4b.js | 5.8 KB https://code-destiny.com/_next/static/chunks/158-53a57d2aef59254c.js | 5.8 KB https://code-destiny.com/_next/static/chunks/webpack-c39d4f5fde12e115.js | 5.6 KB https://code-destiny.com/_next/static/chunks/8219-7428d35be5d083a7.js | 5.4 KB https://code-destiny.com/_next/static/css/b5a55bd74d9ef22e.css,,,https://assets.code-destiny.com/Mulmaru.woff2,,,3,0,20,2,none,normal,2026-06-30T11:02:08.789Z
/vedic-ai,mobile,repeat,200,37,730219,713.1 KB,9533,239248,294438,78930,100222,0,5517,https://assets.code-destiny.com/Mulmaru.woff2,100222,97.9 KB https://assets.code-destiny.com/Mulmaru.woff2 | 77.9 KB https://code-destiny.com/icons/%EA%BF%80%EA%BF%80%20%EC%9A%B4%EC%84%B8%20%EB%A1%9C%EA%B3%A0.webp | 77.9 KB https://code-destiny.com/icons/%EA%BF%80%EA%BF%80%20%EC%9A%B4%EC%84%B8%20%EB%A1%9C%EA%B3%A0.webp | 77.9 KB https://code-destiny.com/icons/%EA%BF%80%EA%BF%80%20%EC%9A%B4%EC%84%B8%20%EB%A1%9C%EA%B3%A0.webp | 64.5 KB https://code-destiny.com/_next/static/css/2cf6b8929df91a43.css | 54.9 KB https://code-destiny.com/_next/static/chunks/4bd1b696-100b9d70ed4e49c1.js | 45.5 KB https://code-destiny.com/_next/static/chunks/1255-7af2368fb2545735.js | 39.7 KB https://code-destiny.com/_next/static/chunks/7506-fee23a3de5789278.js | 23.7 KB https://code-destiny.com/_next/static/chunks/2325-de0a1b24c2092cfb.js | 15.1 KB https://code-destiny.com/_next/static/chunks/app/layout-718c0468d791a1a6.js | 13.7 KB https://code-destiny.com/_next/static/chunks/3936.793aac06949eb840.js | 11.3 KB https://static.cloudflareinsights.com/beacon.min.js/v4513226cdae34746b4dedf0b4dfa099e1781791509496 | 9.3 KB https://code-destiny.com/vedic-ai/ | 9.0 KB https://code-destiny.com/cdn-cgi/challenge-platform/h/b/scripts/jsd/25e6c66701a0/main.js? | 7.2 KB https://code-destiny.com/_next/static/css/34c31d11f8adcea9.css | 6.4 KB https://code-destiny.com/_next/static/chunks/8167.29c6e3862b517e4b.js | 6.3 KB https://code-destiny.com/_next/static/chunks/9527.6106c343fa0b3e97.js | 6.3 KB https://code-destiny.com/_next/static/chunks/9527.6106c343fa0b3e97.js | 5.8 KB https://code-destiny.com/_next/static/chunks/158-53a57d2aef59254c.js | 5.8 KB https://code-destiny.com/_next/static/chunks/webpack-c39d4f5fde12e115.js,,,https://assets.code-destiny.com/Mulmaru.woff2,,,3,0,24,4,none,normal,2026-06-30T11:02:24.174Z
/vedic-ai,desktop,cold,200,34,718833,702.0 KB,8845,239249,285801,78931,100226,0,3403,https://assets.code-destiny.com/Mulmaru.woff2,100226,97.9 KB https://assets.code-destiny.com/Mulmaru.woff2 | 77.9 KB https://code-destiny.com/icons/%EA%BF%80%EA%BF%80%20%EC%9A%B4%EC%84%B8%20%EB%A1%9C%EA%B3%A0.webp | 77.9 KB https://code-destiny.com/icons/%EA%BF%80%EA%BF%80%20%EC%9A%B4%EC%84%B8%20%EB%A1%9C%EA%B3%A0.webp | 77.9 KB https://code-destiny.com/icons/%EA%BF%80%EA%BF%80%20%EC%9A%B4%EC%84%B8%20%EB%A1%9C%EA%B3%A0.webp | 64.5 KB https://code-destiny.com/_next/static/css/2cf6b8929df91a43.css | 54.9 KB https://code-destiny.com/_next/static/chunks/4bd1b696-100b9d70ed4e49c1.js | 45.5 KB https://code-destiny.com/_next/static/chunks/1255-7af2368fb2545735.js | 39.7 KB https://code-destiny.com/_next/static/chunks/7506-fee23a3de5789278.js | 23.7 KB https://code-destiny.com/_next/static/chunks/2325-de0a1b24c2092cfb.js | 15.1 KB https://code-destiny.com/_next/static/chunks/app/layout-718c0468d791a1a6.js | 13.7 KB https://code-destiny.com/_next/static/chunks/3936.793aac06949eb840.js | 11.2 KB https://static.cloudflareinsights.com/beacon.min.js/v4513226cdae34746b4dedf0b4dfa099e1781791509496 | 9.0 KB https://code-destiny.com/cdn-cgi/challenge-platform/h/b/scripts/jsd/25e6c66701a0/main.js? | 8.6 KB https://code-destiny.com/vedic-ai/ | 7.2 KB https://code-destiny.com/_next/static/css/34c31d11f8adcea9.css | 6.4 KB https://code-destiny.com/_next/static/chunks/8167.29c6e3862b517e4b.js | 6.3 KB https://code-destiny.com/_next/static/chunks/9527.6106c343fa0b3e97.js | 5.8 KB https://code-destiny.com/_next/static/chunks/158-53a57d2aef59254c.js | 5.8 KB https://code-destiny.com/_next/static/chunks/webpack-c39d4f5fde12e115.js | 5.6 KB https://code-destiny.com/_next/static/chunks/8219-7428d35be5d083a7.js,,,https://assets.code-destiny.com/Mulmaru.woff2,,,3,0,22,3,none,normal,2026-06-30T11:55:53.802Z
/vedic-ai,desktop,repeat,200,33,456400,445.7 KB,8839,79749,285204,78931,0,0,1300,https://code-destiny.com/icons/%EA%BF%80%EA%BF%80%20%EC%9A%B4%EC%84%B8%20%EB%A1%9C%EA%B3%A0.webp,79749,77.9 KB https://code-destiny.com/icons/%EA%BF%80%EA%BF%80%20%EC%9A%B4%EC%84%B8%20%EB%A1%9C%EA%B3%A0.webp | 64.5 KB https://code-destiny.com/_next/static/css/2cf6b8929df91a43.css | 54.9 KB https://code-destiny.com/_next/static/chunks/4bd1b696-100b9d70ed4e49c1.js | 45.5 KB https://code-destiny.com/_next/static/chunks/1255-7af2368fb2545735.js | 39.7 KB https://code-destiny.com/_next/static/chunks/7506-fee23a3de5789278.js | 23.7 KB https://code-destiny.com/_next/static/chunks/2325-de0a1b24c2092cfb.js | 15.1 KB https://code-destiny.com/_next/static/chunks/app/layout-718c0468d791a1a6.js | 13.7 KB https://code-destiny.com/_next/static/chunks/3936.793aac06949eb840.js | 11.2 KB https://static.cloudflareinsights.com/beacon.min.js/v4513226cdae34746b4dedf0b4dfa099e1781791509496 | 8.6 KB https://code-destiny.com/vedic-ai/ | 8.4 KB https://code-destiny.com/cdn-cgi/challenge-platform/h/b/scripts/jsd/25e6c66701a0/main.js? | 7.2 KB https://code-destiny.com/_next/static/css/34c31d11f8adcea9.css | 6.4 KB https://code-destiny.com/_next/static/chunks/8167.29c6e3862b517e4b.js | 6.3 KB https://code-destiny.com/_next/static/chunks/9527.6106c343fa0b3e97.js | 5.8 KB https://code-destiny.com/_next/static/chunks/158-53a57d2aef59254c.js | 5.8 KB https://code-destiny.com/_next/static/chunks/webpack-c39d4f5fde12e115.js | 5.6 KB https://code-destiny.com/_next/static/chunks/8219-7428d35be5d083a7.js | 5.4 KB https://code-destiny.com/_next/static/css/b5a55bd74d9ef22e.css | 5.2 KB https://code-destiny.com/_next/static/chunks/670-801d5a769372963a.js | 5.2 KB https://code-destiny.com/_next/static/chunks/2619-04bc32f026a0d946.js,,,https://assets.code-destiny.com/Mulmaru.woff2 | https://assets.code-destiny.com/The%20Jamsil%20OTF%204%20Medium.otf,,net::ERR_ABORTED https://assets.code-destiny.com/Mulmaru.woff2 | net::ERR_ABORTED https://code-destiny.com/version.json?t=1782820600389,1,0,22,3,none,normal,2026-06-30T11:56:41.309Z
/sukuyo-compatibility-ai,mobile,cold,200,35,1175818,1.12 MB,13191,239247,287376,81656,548591,0,3415,https://assets.code-destiny.com/The%20Jamsil%20OTF%204%20Medium.otf,448370,437.9 KB https://assets.code-destiny.com/The%20Jamsil%20OTF%204%20Medium.otf | 97.9 KB https://assets.code-destiny.com/Mulmaru.woff2 | 77.9 KB https://code-destiny.com/icons/%EA%BF%80%EA%BF%80%20%EC%9A%B4%EC%84%B8%20%EB%A1%9C%EA%B3%A0.webp | 77.9 KB https://code-destiny.com/icons/%EA%BF%80%EA%BF%80%20%EC%9A%B4%EC%84%B8%20%EB%A1%9C%EA%B3%A0.webp | 77.9 KB https://code-destiny.com/icons/%EA%BF%80%EA%BF%80%20%EC%9A%B4%EC%84%B8%20%EB%A1%9C%EA%B3%A0.webp | 64.5 KB https://code-destiny.com/_next/static/css/2cf6b8929df91a43.css | 54.9 KB https://code-destiny.com/_next/static/chunks/4bd1b696-100b9d70ed4e49c1.js | 45.5 KB https://code-destiny.com/_next/static/chunks/1255-7af2368fb2545735.js | 39.7 KB https://code-destiny.com/_next/static/chunks/7506-fee23a3de5789278.js | 23.7 KB https://code-destiny.com/_next/static/chunks/2325-de0a1b24c2092cfb.js | 15.3 KB https://code-destiny.com/_next/static/chunks/6097.d7ff4c47adeee977.js | 15.1 KB https://code-destiny.com/_next/static/chunks/app/layout-718c0468d791a1a6.js | 12.9 KB https://code-destiny.com/sukuyo-compatibility-ai/ | 11.2 KB https://static.cloudflareinsights.com/beacon.min.js/v4513226cdae34746b4dedf0b4dfa099e1781791509496 | 9.8 KB https://code-destiny.com/_next/static/css/5216376c425dccd3.css | 9.0 KB https://code-destiny.com/cdn-cgi/challenge-platform/h/b/scripts/jsd/25e6c66701a0/main.js? | 6.4 KB https://code-destiny.com/_next/static/chunks/8167.29c6e3862b517e4b.js | 6.3 KB https://code-destiny.com/_next/static/chunks/9527.6106c343fa0b3e97.js | 5.8 KB https://code-destiny.com/_next/static/chunks/158-53a57d2aef59254c.js | 5.8 KB https://code-destiny.com/_next/static/chunks/webpack-c39d4f5fde12e115.js,,,https://assets.code-destiny.com/The%20Jamsil%20OTF%204%20Medium.otf | https://assets.code-destiny.com/Mulmaru.woff2,,,3,0,22,3,none,normal,2026-06-30T11:02:51.173Z
/sukuyo-compatibility-ai,mobile,repeat,200,35,1180202,1.13 MB,13192,239932,286997,81659,552641,0,3407,https://assets.code-destiny.com/The%20Jamsil%20OTF%204%20Medium.otf,452399,441.8 KB https://assets.code-destiny.com/The%20Jamsil%20OTF%204%20Medium.otf | 97.9 KB https://assets.code-destiny.com/Mulmaru.woff2 | 78.5 KB https://code-destiny.com/icons/%EA%BF%80%EA%BF%80%20%EC%9A%B4%EC%84%B8%20%EB%A1%9C%EA%B3%A0.webp | 77.9 KB https://code-destiny.com/icons/%EA%BF%80%EA%BF%80%20%EC%9A%B4%EC%84%B8%20%EB%A1%9C%EA%B3%A0.webp | 77.9 KB https://code-destiny.com/icons/%EA%BF%80%EA%BF%80%20%EC%9A%B4%EC%84%B8%20%EB%A1%9C%EA%B3%A0.webp | 64.5 KB https://code-destiny.com/_next/static/css/2cf6b8929df91a43.css | 54.9 KB https://code-destiny.com/_next/static/chunks/4bd1b696-100b9d70ed4e49c1.js | 45.5 KB https://code-destiny.com/_next/static/chunks/1255-7af2368fb2545735.js | 39.7 KB https://code-destiny.com/_next/static/chunks/7506-fee23a3de5789278.js | 23.7 KB https://code-destiny.com/_next/static/chunks/2325-de0a1b24c2092cfb.js | 15.3 KB https://code-destiny.com/_next/static/chunks/6097.d7ff4c47adeee977.js | 15.1 KB https://code-destiny.com/_next/static/chunks/app/layout-718c0468d791a1a6.js | 12.9 KB https://code-destiny.com/sukuyo-compatibility-ai/ | 11.2 KB https://static.cloudflareinsights.com/beacon.min.js/v4513226cdae34746b4dedf0b4dfa099e1781791509496 | 9.8 KB https://code-destiny.com/_next/static/css/5216376c425dccd3.css | 8.7 KB https://code-destiny.com/cdn-cgi/challenge-platform/h/b/scripts/jsd/25e6c66701a0/main.js? | 6.4 KB https://code-destiny.com/_next/static/chunks/8167.29c6e3862b517e4b.js | 6.3 KB https://code-destiny.com/_next/static/chunks/9527.6106c343fa0b3e97.js | 5.8 KB https://code-destiny.com/_next/static/chunks/158-53a57d2aef59254c.js | 5.8 KB https://code-destiny.com/_next/static/chunks/webpack-c39d4f5fde12e115.js,,,https://assets.code-destiny.com/The%20Jamsil%20OTF%204%20Medium.otf | https://assets.code-destiny.com/Mulmaru.woff2,,,3,0,22,3,none,normal,2026-06-30T11:03:24.909Z
/sukuyo-compatibility-ai,desktop,cold,200,45,672279,656.5 KB,13203,239244,293767,81679,0,0,42005,https://code-destiny.com/icons/%EA%BF%80%EA%BF%80%20%EC%9A%B4%EC%84%B8%20%EB%A1%9C%EA%B3%A0.webp,79748,77.9 KB https://code-destiny.com/icons/%EA%BF%80%EA%BF%80%20%EC%9A%B4%EC%84%B8%20%EB%A1%9C%EA%B3%A0.webp | 77.9 KB https://code-destiny.com/icons/%EA%BF%80%EA%BF%80%20%EC%9A%B4%EC%84%B8%20%EB%A1%9C%EA%B3%A0.webp | 77.9 KB https://code-destiny.com/icons/%EA%BF%80%EA%BF%80%20%EC%9A%B4%EC%84%B8%20%EB%A1%9C%EA%B3%A0.webp | 64.5 KB https://code-destiny.com/_next/static/css/2cf6b8929df91a43.css | 55.0 KB https://code-destiny.com/_next/static/chunks/4bd1b696-100b9d70ed4e49c1.js | 45.5 KB https://code-destiny.com/_next/static/chunks/1255-7af2368fb2545735.js | 39.7 KB https://code-destiny.com/_next/static/chunks/7506-fee23a3de5789278.js | 23.7 KB https://code-destiny.com/_next/static/chunks/2325-de0a1b24c2092cfb.js | 15.3 KB https://code-destiny.com/_next/static/chunks/6097.d7ff4c47adeee977.js | 15.1 KB https://code-destiny.com/_next/static/chunks/app/layout-718c0468d791a1a6.js | 12.9 KB https://code-destiny.com/sukuyo-compatibility-ai/ | 11.3 KB https://static.cloudflareinsights.com/beacon.min.js/v4513226cdae34746b4dedf0b4dfa099e1781791509496 | 9.9 KB https://code-destiny.com/terms/index.txt?_rsc=k1j4u | 9.8 KB https://code-destiny.com/_next/static/css/5216376c425dccd3.css | 8.7 KB https://code-destiny.com/cdn-cgi/challenge-platform/h/b/scripts/jsd/25e6c66701a0/main.js? | 8.3 KB https://code-destiny.com/privacy/index.txt?_rsc=k1j4u | 8.0 KB https://code-destiny.com/disclaimer/index.txt?_rsc=k1j4u | 7.2 KB https://code-destiny.com/contact/index.txt?_rsc=k1j4u | 6.4 KB https://code-destiny.com/_next/static/chunks/8167.29c6e3862b517e4b.js | 6.3 KB https://code-destiny.com/about/index.txt?_rsc=k1j4u,,,https://assets.code-destiny.com/The%20Jamsil%20OTF%204%20Medium.otf | https://assets.code-destiny.com/Mulmaru.woff2,,net::ERR_ABORTED https://code-destiny.com/advertising-policy/index.txt?_rsc=k1j4u | net::ERR_ABORTED https://assets.code-destiny.com/The%20Jamsil%20OTF%204%20Medium.otf | net::ERR_ABORTED https://code-destiny.com/_next/static/chunks/7372.d28b659a82b496da.js | net::ERR_ABORTED https://code-destiny.com/_next/static/chunks/9527.6106c343fa0b3e97.js | net::ERR_ABORTED https://code-destiny.com/_next/static/chunks/app/about/page-8d4016799714dbed.js | net::ERR_ABORTED https://code-destiny.com/api/auth/me,3,0,26,9,none,normal,2026-06-30T12:12:06.685Z
/sukuyo-compatibility-ai,desktop,repeat,200,67,1393887,1.33 MB,26016,239940,366359,153240,549096,0,54529,https://assets.code-destiny.com/The%20Jamsil%20OTF%204%20Medium.otf,448610,438.1 KB https://assets.code-destiny.com/The%20Jamsil%20OTF%204%20Medium.otf | 98.1 KB https://assets.code-destiny.com/Mulmaru.woff2 | 78.6 KB https://code-destiny.com/icons/%EA%BF%80%EA%BF%80%20%EC%9A%B4%EC%84%B8%20%EB%A1%9C%EA%B3%A0.webp | 77.9 KB https://code-destiny.com/icons/%EA%BF%80%EA%BF%80%20%EC%9A%B4%EC%84%B8%20%EB%A1%9C%EA%B3%A0.webp | 77.9 KB https://code-destiny.com/icons/%EA%BF%80%EA%BF%80%20%EC%9A%B4%EC%84%B8%20%EB%A1%9C%EA%B3%A0.webp | 64.5 KB https://code-destiny.com/_next/static/css/2cf6b8929df91a43.css | 64.5 KB https://code-destiny.com/_next/static/css/2cf6b8929df91a43.css | 54.9 KB https://code-destiny.com/_next/static/chunks/4bd1b696-100b9d70ed4e49c1.js | 54.9 KB https://code-destiny.com/_next/static/chunks/4bd1b696-100b9d70ed4e49c1.js | 45.5 KB https://code-destiny.com/_next/static/chunks/1255-7af2368fb2545735.js | 39.7 KB https://code-destiny.com/_next/static/chunks/7506-fee23a3de5789278.js | 23.7 KB https://code-destiny.com/_next/static/chunks/2325-de0a1b24c2092cfb.js | 15.3 KB https://code-destiny.com/_next/static/chunks/6097.d7ff4c47adeee977.js | 15.1 KB https://code-destiny.com/_next/static/chunks/app/layout-718c0468d791a1a6.js | 12.9 KB https://code-destiny.com/sukuyo-compatibility-ai/ | 12.5 KB https://code-destiny.com/sukuyo-compatibility-ai/?v=56e6bbb09a19 | 11.2 KB https://static.cloudflareinsights.com/beacon.min.js/v4513226cdae34746b4dedf0b4dfa099e1781791509496 | 10.6 KB https://code-destiny.com/terms/index.txt?_rsc=k1j4u | 9.8 KB https://code-destiny.com/_next/static/css/5216376c425dccd3.css | 8.7 KB https://code-destiny.com/cdn-cgi/challenge-platform/h/b/scripts/jsd/25e6c66701a0/main.js?,,,https://assets.code-destiny.com/Mulmaru.woff2 | https://assets.code-destiny.com/The%20Jamsil%20OTF%204%20Medium.otf | https://assets.code-destiny.com/Mulmaru.woff2,/api/auth/me x3,net::ERR_ABORTED https://code-destiny.com/_next/static/chunks/1255-7af2368fb2545735.js | net::ERR_ABORTED https://code-destiny.com/_next/static/chunks/main-app-5491aff1f3f675f8.js | net::ERR_ABORTED https://code-destiny.com/_next/static/chunks/2619-04bc32f026a0d946.js | net::ERR_ABORTED https://code-destiny.com/_next/static/chunks/7506-fee23a3de5789278.js | net::ERR_ABORTED https://code-destiny.com/_next/static/chunks/9867-db4b58dbf022bfe0.js | net::ERR_ABORTED https://code-destiny.com/_next/static/chunks/8219-7428d35be5d083a7.js | net::ERR_ABORTED https://code-destiny.com/_next/static/chunks/158-53a57d2aef59254c.js | net::ERR_ABORTED https://code-destiny.com/_next/static/chunks/2391-f4d0eba2b5dcbad6.js | net::ERR_ABORTED https://code-destiny.com/_next/static/chunks/app/layout-718c0468d791a1a6.js | net::ERR_ABORTED https://code-destiny.com/_next/static/chunks/app/sukuyo-compatibility-ai/page-5219b4a5c4edd980.js | net::ERR_ABORTED https://static.cloudflareinsights.com/beacon.min.js/v4513226cdae34746b4dedf0b4dfa099e1781791509496,3,0,39,12,same API called >= 3 times,high,2026-06-30T12:12:43.914Z
/saju/destiny-bias,mobile,cold,200,34,668909,653.2 KB,12040,239247,331232,79910,0,0,4109,https://code-destiny.com/icons/%EA%BF%80%EA%BF%80%20%EC%9A%B4%EC%84%B8%20%EB%A1%9C%EA%B3%A0.webp,79749,77.9 KB https://code-destiny.com/icons/%EA%BF%80%EA%BF%80%20%EC%9A%B4%EC%84%B8%20%EB%A1%9C%EA%B3%A0.webp | 77.9 KB https://code-destiny.com/icons/%EA%BF%80%EA%BF%80%20%EC%9A%B4%EC%84%B8%20%EB%A1%9C%EA%B3%A0.webp | 77.9 KB https://code-destiny.com/icons/%EA%BF%80%EA%BF%80%20%EC%9A%B4%EC%84%B8%20%EB%A1%9C%EA%B3%A0.webp | 64.5 KB https://code-destiny.com/_next/static/css/2cf6b8929df91a43.css | 54.9 KB https://code-destiny.com/_next/static/chunks/4bd1b696-100b9d70ed4e49c1.js | 51.1 KB https://code-destiny.com/_next/static/chunks/5990.26f77711b6be6988.js | 45.5 KB https://code-destiny.com/_next/static/chunks/1255-7af2368fb2545735.js | 39.7 KB https://code-destiny.com/_next/static/chunks/7506-fee23a3de5789278.js | 23.7 KB https://code-destiny.com/_next/static/chunks/2325-de0a1b24c2092cfb.js | 15.1 KB https://code-destiny.com/_next/static/chunks/app/layout-718c0468d791a1a6.js | 11.8 KB https://code-destiny.com/saju/destiny-bias/ | 11.2 KB https://static.cloudflareinsights.com/beacon.min.js/v4513226cdae34746b4dedf0b4dfa099e1781791509496 | 8.6 KB https://code-destiny.com/cdn-cgi/challenge-platform/h/b/scripts/jsd/25e6c66701a0/main.js? | 8.1 KB https://code-destiny.com/_next/static/css/e12ddd16e3d9b03b.css | 7.1 KB https://code-destiny.com/_next/static/chunks/7620-a82822ebe1be243c.js | 6.4 KB https://code-destiny.com/_next/static/chunks/8167.29c6e3862b517e4b.js | 6.3 KB https://code-destiny.com/_next/static/chunks/9527.6106c343fa0b3e97.js | 5.8 KB https://code-destiny.com/_next/static/chunks/158-53a57d2aef59254c.js | 5.8 KB https://code-destiny.com/_next/static/chunks/webpack-c39d4f5fde12e115.js | 5.7 KB https://code-destiny.com/_next/static/chunks/6132.5413b889e7819044.js,,,,,,3,0,23,3,none,normal,2026-06-30T11:04:01.164Z
/saju/destiny-bias,mobile,repeat,200,33,658114,642.7 KB,12030,239946,322597,79913,0,0,1292,https://code-destiny.com/icons/%EA%BF%80%EA%BF%80%20%EC%9A%B4%EC%84%B8%20%EB%A1%9C%EA%B3%A0.webp,80448,78.6 KB https://code-destiny.com/icons/%EA%BF%80%EA%BF%80%20%EC%9A%B4%EC%84%B8%20%EB%A1%9C%EA%B3%A0.webp | 77.9 KB https://code-destiny.com/icons/%EA%BF%80%EA%BF%80%20%EC%9A%B4%EC%84%B8%20%EB%A1%9C%EA%B3%A0.webp | 77.9 KB https://code-destiny.com/icons/%EA%BF%80%EA%BF%80%20%EC%9A%B4%EC%84%B8%20%EB%A1%9C%EA%B3%A0.webp | 64.5 KB https://code-destiny.com/_next/static/css/2cf6b8929df91a43.css | 54.9 KB https://code-destiny.com/_next/static/chunks/4bd1b696-100b9d70ed4e49c1.js | 51.1 KB https://code-destiny.com/_next/static/chunks/5990.26f77711b6be6988.js | 45.5 KB https://code-destiny.com/_next/static/chunks/1255-7af2368fb2545735.js | 39.7 KB https://code-destiny.com/_next/static/chunks/7506-fee23a3de5789278.js | 23.7 KB https://code-destiny.com/_next/static/chunks/2325-de0a1b24c2092cfb.js | 15.1 KB https://code-destiny.com/_next/static/chunks/app/layout-718c0468d791a1a6.js | 11.7 KB https://code-destiny.com/saju/destiny-bias/ | 11.2 KB https://static.cloudflareinsights.com/beacon.min.js/v4513226cdae34746b4dedf0b4dfa099e1781791509496 | 8.5 KB https://code-destiny.com/cdn-cgi/challenge-platform/h/b/scripts/jsd/25e6c66701a0/main.js? | 8.1 KB https://code-destiny.com/_next/static/css/e12ddd16e3d9b03b.css | 7.1 KB https://code-destiny.com/_next/static/chunks/7620-a82822ebe1be243c.js | 6.4 KB https://code-destiny.com/_next/static/chunks/8167.29c6e3862b517e4b.js | 5.8 KB https://code-destiny.com/_next/static/chunks/158-53a57d2aef59254c.js | 5.8 KB https://code-destiny.com/_next/static/chunks/webpack-c39d4f5fde12e115.js | 5.7 KB https://code-destiny.com/_next/static/chunks/6132.5413b889e7819044.js | 5.6 KB https://code-destiny.com/_next/static/chunks/8219-7428d35be5d083a7.js,,,,,net::ERR_ABORTED https://code-destiny.com/_next/static/chunks/7372.d28b659a82b496da.js | net::ERR_ABORTED https://code-destiny.com/_next/static/chunks/9527.6106c343fa0b3e97.js,3,0,23,2,none,normal,2026-06-30T11:04:25.373Z
/saju/destiny-bias,desktop,cold,200,31,658356,642.9 KB,12027,239940,322808,79919,0,0,1287,https://code-destiny.com/icons/%EA%BF%80%EA%BF%80%20%EC%9A%B4%EC%84%B8%20%EB%A1%9C%EA%B3%A0.webp,80442,78.6 KB https://code-destiny.com/icons/%EA%BF%80%EA%BF%80%20%EC%9A%B4%EC%84%B8%20%EB%A1%9C%EA%B3%A0.webp | 77.9 KB https://code-destiny.com/icons/%EA%BF%80%EA%BF%80%20%EC%9A%B4%EC%84%B8%20%EB%A1%9C%EA%B3%A0.webp | 77.9 KB https://code-destiny.com/icons/%EA%BF%80%EA%BF%80%20%EC%9A%B4%EC%84%B8%20%EB%A1%9C%EA%B3%A0.webp | 64.5 KB https://code-destiny.com/_next/static/css/2cf6b8929df91a43.css | 55.0 KB https://code-destiny.com/_next/static/chunks/4bd1b696-100b9d70ed4e49c1.js | 51.2 KB https://code-destiny.com/_next/static/chunks/5990.26f77711b6be6988.js | 45.5 KB https://code-destiny.com/_next/static/chunks/1255-7af2368fb2545735.js | 39.7 KB https://code-destiny.com/_next/static/chunks/7506-fee23a3de5789278.js | 23.7 KB https://code-destiny.com/_next/static/chunks/2325-de0a1b24c2092cfb.js | 15.1 KB https://code-destiny.com/_next/static/chunks/app/layout-718c0468d791a1a6.js | 11.7 KB https://code-destiny.com/saju/destiny-bias/ | 11.3 KB https://static.cloudflareinsights.com/beacon.min.js/v4513226cdae34746b4dedf0b4dfa099e1781791509496 | 8.5 KB https://code-destiny.com/cdn-cgi/challenge-platform/h/b/scripts/jsd/25e6c66701a0/main.js? | 8.1 KB https://code-destiny.com/_next/static/css/e12ddd16e3d9b03b.css | 7.1 KB https://code-destiny.com/_next/static/chunks/7620-a82822ebe1be243c.js | 6.4 KB https://code-destiny.com/_next/static/chunks/8167.29c6e3862b517e4b.js | 5.8 KB https://code-destiny.com/_next/static/chunks/158-53a57d2aef59254c.js | 5.8 KB https://code-destiny.com/_next/static/chunks/webpack-c39d4f5fde12e115.js | 5.7 KB https://code-destiny.com/_next/static/chunks/6132.5413b889e7819044.js | 5.6 KB https://code-destiny.com/_next/static/chunks/8219-7428d35be5d083a7.js,,,,,,3,0,21,2,none,normal,2026-06-30T11:58:23.124Z
/saju/destiny-bias,desktop,repeat,200,62,1158170,1.10 MB,23692,318995,645006,159828,0,0,5983,https://code-destiny.com/icons/%EA%BF%80%EA%BF%80%20%EC%9A%B4%EC%84%B8%20%EB%A1%9C%EA%B3%A0.webp,79749,77.9 KB https://code-destiny.com/icons/%EA%BF%80%EA%BF%80%20%EC%9A%B4%EC%84%B8%20%EB%A1%9C%EA%B3%A0.webp | 77.9 KB https://code-destiny.com/icons/%EA%BF%80%EA%BF%80%20%EC%9A%B4%EC%84%B8%20%EB%A1%9C%EA%B3%A0.webp | 77.9 KB https://code-destiny.com/icons/%EA%BF%80%EA%BF%80%20%EC%9A%B4%EC%84%B8%20%EB%A1%9C%EA%B3%A0.webp | 77.9 KB https://code-destiny.com/icons/%EA%BF%80%EA%BF%80%20%EC%9A%B4%EC%84%B8%20%EB%A1%9C%EA%B3%A0.webp | 64.5 KB https://code-destiny.com/_next/static/css/2cf6b8929df91a43.css | 64.5 KB https://code-destiny.com/_next/static/css/2cf6b8929df91a43.css | 54.9 KB https://code-destiny.com/_next/static/chunks/4bd1b696-100b9d70ed4e49c1.js | 54.9 KB https://code-destiny.com/_next/static/chunks/4bd1b696-100b9d70ed4e49c1.js | 51.1 KB https://code-destiny.com/_next/static/chunks/5990.26f77711b6be6988.js | 51.1 KB https://code-destiny.com/_next/static/chunks/5990.26f77711b6be6988.js | 45.5 KB https://code-destiny.com/_next/static/chunks/1255-7af2368fb2545735.js | 45.5 KB https://code-destiny.com/_next/static/chunks/1255-7af2368fb2545735.js | 39.7 KB https://code-destiny.com/_next/static/chunks/7506-fee23a3de5789278.js | 39.7 KB https://code-destiny.com/_next/static/chunks/7506-fee23a3de5789278.js | 23.7 KB https://code-destiny.com/_next/static/chunks/2325-de0a1b24c2092cfb.js | 23.7 KB https://code-destiny.com/_next/static/chunks/2325-de0a1b24c2092cfb.js | 15.1 KB https://code-destiny.com/_next/static/chunks/app/layout-718c0468d791a1a6.js | 15.1 KB https://code-destiny.com/_next/static/chunks/app/layout-718c0468d791a1a6.js | 11.7 KB https://code-destiny.com/saju/destiny-bias/ | 11.4 KB https://code-destiny.com/saju/destiny-bias/?v=56e6bbb09a19,,,,,,4,0,43,5,none,normal,2026-06-30T11:58:46.322Z
/saju/love-simulation,mobile,cold,200,78,4029341,3.84 MB,304371,1204780,1243767,258005,1005469,0,8243,https://code-destiny.com/js/saju-engine.js?v=build-56e6bbb09a19,555810,542.8 KB https://code-destiny.com/js/saju-engine.js?v=build-56e6bbb09a19 | 437.8 KB https://assets.code-destiny.com/The%20Jamsil%20OTF%204%20Medium.otf | 289.0 KB https://code-destiny.com/?action=openLoveSimulation | 282.2 KB https://assets.code-destiny.com/netmarbleM.ttf | 235.1 KB https://code-destiny.com/fuctionassets/veda.webp | 163.2 KB https://assets.code-destiny.com/Galmuri11-Bold.woff2 | 153.0 KB https://code-destiny.com/fuctionassets/sukyo.webp | 125.3 KB https://code-destiny.com/fuctionassets/jumsung.webp | 120.2 KB https://code-destiny.com/styles/fortune-ui.css?v=build-56e6bbb09a19 | 119.0 KB https://code-destiny.com/fuctionassets/jami.webp | 112.2 KB https://code-destiny.com/fuctionassets/UNSETAMA2.webp | 107.9 KB https://cdn.jsdelivr.net/npm/lunar-javascript@latest/lunar.js | 98.7 KB https://assets.code-destiny.com/Mulmaru.woff2 | 80.2 KB https://code-destiny.com/js/core/index-inline-runtime.js?v=build-56e6bbb09a19 | 78.6 KB https://code-destiny.com/icons/%EA%BF%80%EA%BF%80%20%EC%9A%B4%EC%84%B8%20%EB%A1%9C%EA%B3%A0.webp?v=20260511-mobile-logo-fix4 | 77.9 KB https://code-destiny.com/icons/%EA%BF%80%EA%BF%80%20%EC%9A%B4%EC%84%B8%20%EB%A1%9C%EA%B3%A0.webp?v=build-56e6bbb09a19 | 77.9 KB https://code-destiny.com/icons/%EA%BF%80%EA%BF%80%20%EC%9A%B4%EC%84%B8%20%EB%A1%9C%EA%B3%A0.webp | 77.9 KB https://code-destiny.com/icons/%EA%BF%80%EA%BF%80%20%EC%9A%B4%EC%84%B8%20%EB%A1%9C%EA%B3%A0.webp | 70.9 KB https://code-destiny.com/fuctionassets/%EC%9E%90%EB%8A%94%20%EC%97%B0%EC%9D%B4.png?v=build-56e6bbb09a19 | 68.4 KB https://code-destiny.com/js/destiny-profile.js?v=build-56e6bbb09a19,,,https://assets.code-destiny.com/Mulmaru.woff2 | https://assets.code-destiny.com/netmarbleM.ttf | https://assets.code-destiny.com/Galmuri11-Bold.woff2 | https://assets.code-destiny.com/The%20Jamsil%20OTF%204%20Medium.otf,,net::ERR_ABORTED https://code-destiny.com/js/core/saju/extremeTResult.js?v=build-56e6bbb09a19,11,0,44,7,none,normal,2026-06-30T11:05:05.037Z
/saju/love-simulation,mobile,repeat,200,75,3499190,3.34 MB,304367,1283847,636298,258005,1004345,0,7650,https://assets.code-destiny.com/The%20Jamsil%20OTF%204%20Medium.otf,448180,437.7 KB https://assets.code-destiny.com/The%20Jamsil%20OTF%204%20Medium.otf | 289.0 KB https://code-destiny.com/?action=openLoveSimulation | 282.0 KB https://assets.code-destiny.com/netmarbleM.ttf | 235.1 KB https://code-destiny.com/fuctionassets/veda.webp | 163.2 KB https://assets.code-destiny.com/Galmuri11-Bold.woff2 | 153.0 KB https://code-destiny.com/fuctionassets/sukyo.webp | 125.3 KB https://code-destiny.com/fuctionassets/jumsung.webp | 120.2 KB https://code-destiny.com/styles/fortune-ui.css?v=build-56e6bbb09a19 | 119.0 KB https://code-destiny.com/fuctionassets/jami.webp | 112.2 KB https://code-destiny.com/fuctionassets/UNSETAMA2.webp | 107.7 KB https://cdn.jsdelivr.net/npm/lunar-javascript@latest/lunar.js | 97.9 KB https://assets.code-destiny.com/Mulmaru.woff2 | 80.2 KB https://code-destiny.com/js/core/index-inline-runtime.js?v=build-56e6bbb09a19 | 77.9 KB https://code-destiny.com/icons/%EA%BF%80%EA%BF%80%20%EC%9A%B4%EC%84%B8%20%EB%A1%9C%EA%B3%A0.webp?v=build-56e6bbb09a19 | 77.9 KB https://code-destiny.com/icons/%EA%BF%80%EA%BF%80%20%EC%9A%B4%EC%84%B8%20%EB%A1%9C%EA%B3%A0.webp?v=20260511-mobile-logo-fix4 | 77.9 KB https://code-destiny.com/icons/%EA%BF%80%EA%BF%80%20%EC%9A%B4%EC%84%B8%20%EB%A1%9C%EA%B3%A0.webp | 77.9 KB https://code-destiny.com/icons/%EA%BF%80%EA%BF%80%20%EC%9A%B4%EC%84%B8%20%EB%A1%9C%EA%B3%A0.webp | 77.9 KB https://code-destiny.com/icons/%EA%BF%80%EA%BF%80%20%EC%9A%B4%EC%84%B8%20%EB%A1%9C%EA%B3%A0.webp | 70.9 KB https://code-destiny.com/fuctionassets/%EC%9E%90%EB%8A%94%20%EC%97%B0%EC%9D%B4.png?v=build-56e6bbb09a19 | 68.4 KB https://code-destiny.com/js/destiny-profile.js?v=build-56e6bbb09a19,,,https://assets.code-destiny.com/Mulmaru.woff2 | https://assets.code-destiny.com/netmarbleM.ttf | https://assets.code-destiny.com/Galmuri11-Bold.woff2 | https://assets.code-destiny.com/The%20Jamsil%20OTF%204%20Medium.otf,,net::ERR_ABORTED https://code-destiny.com/js/core/bootstrapDestinyFlower.js?v=20260625-df-i18n | net::ERR_ABORTED https://code-destiny.com/js/saju-engine.js?v=build-56e6bbb09a19 | net::ERR_ABORTED https://code-destiny.com/js/services/fortuneService.js,12,0,42,5,none,normal,2026-06-30T11:05:29.237Z
/saju/love-simulation,desktop,cold,200,76,4520368,4.31 MB,302563,2292482,652748,255378,1004832,0,7658,https://assets.code-destiny.com/The%20Jamsil%20OTF%204%20Medium.otf,448240,437.7 KB https://assets.code-destiny.com/The%20Jamsil%20OTF%204%20Medium.otf | 352.4 KB https://music.code-destiny.com/lunabloom/LUNA%20BLOOM.webp | 288.7 KB https://code-destiny.com/?action=openLoveSimulation | 282.2 KB https://assets.code-destiny.com/netmarbleM.ttf | 280.8 KB https://music.code-destiny.com/DEST1NOVA/DEST1NOVA.webp | 251.7 KB https://music.code-destiny.com/yeonisong/%EA%BD%83%EB%8F%BC%EC%A7%80%201%EC%A7%91.webp | 235.1 KB https://code-destiny.com/fuctionassets/veda.webp | 220.0 KB https://music.code-destiny.com/neosong/%EB%84%A4%EC%98%A4%20%EB%8D%B0%EB%B7%94.webp | 163.2 KB https://assets.code-destiny.com/Galmuri11-Bold.woff2 | 153.0 KB https://code-destiny.com/fuctionassets/sukyo.webp | 125.3 KB https://code-destiny.com/fuctionassets/jumsung.webp | 120.2 KB https://code-destiny.com/styles/fortune-ui.css?v=build-56e6bbb09a19 | 119.0 KB https://code-destiny.com/fuctionassets/jami.webp | 112.2 KB https://code-destiny.com/fuctionassets/UNSETAMA2.webp | 107.9 KB https://cdn.jsdelivr.net/npm/lunar-javascript@latest/lunar.js | 98.1 KB https://assets.code-destiny.com/Mulmaru.woff2 | 80.2 KB https://code-destiny.com/js/core/index-inline-runtime.js?v=build-56e6bbb09a19 | 77.9 KB https://code-destiny.com/icons/%EA%BF%80%EA%BF%80%20%EC%9A%B4%EC%84%B8%20%EB%A1%9C%EA%B3%A0.webp?v=build-56e6bbb09a19 | 77.9 KB https://code-destiny.com/icons/%EA%BF%80%EA%BF%80%20%EC%9A%B4%EC%84%B8%20%EB%A1%9C%EA%B3%A0.webp | 77.9 KB https://code-destiny.com/icons/%EA%BF%80%EA%BF%80%20%EC%9A%B4%EC%84%B8%20%EB%A1%9C%EA%B3%A0.webp,,,https://assets.code-destiny.com/Mulmaru.woff2 | https://assets.code-destiny.com/netmarbleM.ttf | https://assets.code-destiny.com/Galmuri11-Bold.woff2 | https://assets.code-destiny.com/The%20Jamsil%20OTF%204%20Medium.otf | https://music.code-destiny.com/neosong/%EB%84%A4%EC%98%A4%20%EB%8D%B0%EB%B7%94.webp | https://music.code-destiny.com/yeonisong/%EA%BD%83%EB%8F%BC%EC%A7%80%201%EC%A7%91.webp | https://music.code-destiny.com/DEST1NOVA/DEST1NOVA.webp | https://music.code-destiny.com/lunabloom/LUNA%20BLOOM.webp,,net::ERR_ABORTED https://code-destiny.com/styles/mobile-lite.css?v=build-56e6bbb09a19 | net::ERR_ABORTED https://code-destiny.com/icons/%EA%BF%80%EA%BF%80%20%EC%9A%B4%EC%84%B8%20%EB%A1%9C%EA%B3%A0.webp?v=20260511-mobile-logo-fix4 | net::ERR_ABORTED https://code-destiny.com/js/core/kasi-calendar-service.js?v=build-56e6bbb09a19,16,0,40,5,none,normal,2026-06-30T11:29:50.071Z
/saju/love-simulation,desktop,repeat,200,110,5021848,4.79 MB,304357,2530864,793917,369310,1008329,0,10349,https://assets.code-destiny.com/The%20Jamsil%20OTF%204%20Medium.otf,452372,441.8 KB https://assets.code-destiny.com/The%20Jamsil%20OTF%204%20Medium.otf | 351.7 KB https://music.code-destiny.com/lunabloom/LUNA%20BLOOM.webp | 289.0 KB https://code-destiny.com/?action=openLoveSimulation | 281.9 KB https://assets.code-destiny.com/netmarbleM.ttf | 280.8 KB https://music.code-destiny.com/DEST1NOVA/DEST1NOVA.webp | 251.5 KB https://music.code-destiny.com/yeonisong/%EA%BD%83%EB%8F%BC%EC%A7%80%201%EC%A7%91.webp | 235.1 KB https://code-destiny.com/fuctionassets/veda.webp | 220.0 KB https://music.code-destiny.com/neosong/%EB%84%A4%EC%98%A4%20%EB%8D%B0%EB%B7%94.webp | 163.2 KB https://assets.code-destiny.com/Galmuri11-Bold.woff2 | 153.0 KB https://code-destiny.com/fuctionassets/sukyo.webp | 125.3 KB https://code-destiny.com/fuctionassets/jumsung.webp | 120.2 KB https://code-destiny.com/styles/fortune-ui.css?v=build-56e6bbb09a19 | 119.0 KB https://code-destiny.com/fuctionassets/jami.webp | 112.2 KB https://code-destiny.com/fuctionassets/UNSETAMA2.webp | 107.7 KB https://cdn.jsdelivr.net/npm/lunar-javascript@latest/lunar.js | 97.9 KB https://assets.code-destiny.com/Mulmaru.woff2 | 80.2 KB https://code-destiny.com/js/core/index-inline-runtime.js?v=build-56e6bbb09a19 | 77.9 KB https://code-destiny.com/icons/%EA%BF%80%EA%BF%80%20%EC%9A%B4%EC%84%B8%20%EB%A1%9C%EA%B3%A0.webp?v=build-56e6bbb09a19 | 77.9 KB https://code-destiny.com/icons/%EA%BF%80%EA%BF%80%20%EC%9A%B4%EC%84%B8%20%EB%A1%9C%EA%B3%A0.webp?v=20260511-mobile-logo-fix4 | 77.9 KB https://code-destiny.com/icons/%EA%BF%80%EA%BF%80%20%EC%9A%B4%EC%84%B8%20%EB%A1%9C%EA%B3%A0.webp?v=20260511-mobile-logo-fix4,,,https://assets.code-destiny.com/Mulmaru.woff2 | https://assets.code-destiny.com/netmarbleM.ttf | https://assets.code-destiny.com/Galmuri11-Bold.woff2 | https://assets.code-destiny.com/The%20Jamsil%20OTF%204%20Medium.otf | https://music.code-destiny.com/neosong/%EB%84%A4%EC%98%A4%20%EB%8D%B0%EB%B7%94.webp | https://music.code-destiny.com/yeonisong/%EA%BD%83%EB%8F%BC%EC%A7%80%201%EC%A7%91.webp | https://music.code-destiny.com/DEST1NOVA/DEST1NOVA.webp | https://music.code-destiny.com/lunabloom/LUNA%20BLOOM.webp,,net::ERR_ABORTED https://code-destiny.com/js/saju-engine.js?v=build-56e6bbb09a19,18,0,58,8,none,normal,2026-06-30T11:30:30.112Z
/tarot/prompt-maker,mobile,cold,200,41,950848,928.6 KB,14596,239936,617502,71580,0,0,4864,https://pagead2.googlesyndication.com/pagead/managed/js/adsense/m202606260101/show_ads_impl_fy2021.js?bust=31099431,173156,169.1 KB https://pagead2.googlesyndication.com/pagead/managed/js/adsense/m202606260101/show_ads_impl_fy2021.js?bust=31099431 | 78.6 KB https://code-destiny.com/icons/%EA%BF%80%EA%BF%80%20%EC%9A%B4%EC%84%B8%20%EB%A1%9C%EA%B3%A0.webp | 77.9 KB https://code-destiny.com/icons/%EA%BF%80%EA%BF%80%20%EC%9A%B4%EC%84%B8%20%EB%A1%9C%EA%B3%A0.webp | 77.9 KB https://code-destiny.com/icons/%EA%BF%80%EA%BF%80%20%EC%9A%B4%EC%84%B8%20%EB%A1%9C%EA%B3%A0.webp | 64.9 KB https://code-destiny.com/_next/static/chunks/8164.6e54a9ad8e06d713.js | 64.5 KB https://code-destiny.com/_next/static/css/2cf6b8929df91a43.css | 54.9 KB https://code-destiny.com/_next/static/chunks/4bd1b696-100b9d70ed4e49c1.js | 54.5 KB https://pagead2.googlesyndication.com/pagead/js/adsbygoogle.js?client=ca-pub-9863227498729828 | 45.5 KB https://code-destiny.com/_next/static/chunks/1255-7af2368fb2545735.js | 39.7 KB https://code-destiny.com/_next/static/chunks/7506-fee23a3de5789278.js | 37.2 KB https://code-destiny.com/_next/static/chunks/3481.64fbd8485e13133c.js | 23.7 KB https://code-destiny.com/_next/static/chunks/2325-de0a1b24c2092cfb.js | 15.1 KB https://code-destiny.com/_next/static/chunks/app/layout-718c0468d791a1a6.js | 14.3 KB https://code-destiny.com/tarot/prompt-maker/ | 11.2 KB https://static.cloudflareinsights.com/beacon.min.js/v4513226cdae34746b4dedf0b4dfa099e1781791509496 | 9.1 KB https://code-destiny.com/cdn-cgi/challenge-platform/h/b/scripts/jsd/25e6c66701a0/main.js? | 6.4 KB https://code-destiny.com/_next/static/chunks/8167.29c6e3862b517e4b.js | 6.3 KB https://code-destiny.com/_next/static/chunks/9527.6106c343fa0b3e97.js | 6.2 KB https://code-destiny.com/_next/static/chunks/2863.24c878c8e8cda6ee.js | 5.8 KB https://code-destiny.com/_next/static/chunks/1148.121eeee77692147a.js,,,,,net::ERR_ABORTED https://pagead2.googlesyndication.com/pagead/gen_204?id=ach_evt&tn=DIV&cls=jsx-defac26fe6972a93%20fixed%20inset-0%20overflow-hidden&ign=false&pw=390&ph=844&x=0&y=768 | net::ERR_ABORTED https://pagead2.googlesyndication.com/pagead/gen_204?id=ach_evt&tn=DIV&cls=jsx-defac26fe6972a93%20fixed%20inset-0%20overflow-hidden&ign=false&pw=390&ph=844&x=0&y=0 |  https://ep1.adtrafficquality.google/getconfig/sodar?sv=200&tid=gda&tv=r20260625&st=env&sjk=4656719558899435,5,0,27,5,none,normal,2026-06-30T11:06:09.871Z
/tarot/prompt-maker,mobile,repeat,200,41,951856,929.5 KB,14600,239847,618606,71580,0,0,4852,https://pagead2.googlesyndication.com/pagead/managed/js/adsense/m202606290101/show_ads_impl_fy2021.js?bust=31099465,174079,170.0 KB https://pagead2.googlesyndication.com/pagead/managed/js/adsense/m202606290101/show_ads_impl_fy2021.js?bust=31099465 | 77.9 KB https://code-destiny.com/icons/%EA%BF%80%EA%BF%80%20%EC%9A%B4%EC%84%B8%20%EB%A1%9C%EA%B3%A0.webp | 77.9 KB https://code-destiny.com/icons/%EA%BF%80%EA%BF%80%20%EC%9A%B4%EC%84%B8%20%EB%A1%9C%EA%B3%A0.webp | 77.9 KB https://code-destiny.com/icons/%EA%BF%80%EA%BF%80%20%EC%9A%B4%EC%84%B8%20%EB%A1%9C%EA%B3%A0.webp | 64.9 KB https://code-destiny.com/_next/static/chunks/8164.6e54a9ad8e06d713.js | 64.5 KB https://code-destiny.com/_next/static/css/2cf6b8929df91a43.css | 54.9 KB https://code-destiny.com/_next/static/chunks/4bd1b696-100b9d70ed4e49c1.js | 54.8 KB https://pagead2.googlesyndication.com/pagead/js/adsbygoogle.js?client=ca-pub-9863227498729828 | 45.5 KB https://code-destiny.com/_next/static/chunks/1255-7af2368fb2545735.js | 39.7 KB https://code-destiny.com/_next/static/chunks/7506-fee23a3de5789278.js | 37.2 KB https://code-destiny.com/_next/static/chunks/3481.64fbd8485e13133c.js | 23.7 KB https://code-destiny.com/_next/static/chunks/2325-de0a1b24c2092cfb.js | 15.1 KB https://code-destiny.com/_next/static/chunks/app/layout-718c0468d791a1a6.js | 14.3 KB https://code-destiny.com/tarot/prompt-maker/ | 11.2 KB https://static.cloudflareinsights.com/beacon.min.js/v4513226cdae34746b4dedf0b4dfa099e1781791509496 | 9.0 KB https://code-destiny.com/cdn-cgi/challenge-platform/h/b/scripts/jsd/25e6c66701a0/main.js? | 6.4 KB https://code-destiny.com/_next/static/chunks/8167.29c6e3862b517e4b.js | 6.3 KB https://code-destiny.com/_next/static/chunks/9527.6106c343fa0b3e97.js | 6.2 KB https://code-destiny.com/_next/static/chunks/2863.24c878c8e8cda6ee.js | 5.8 KB https://code-destiny.com/_next/static/chunks/1148.121eeee77692147a.js,,,,, https://ep1.adtrafficquality.google/getconfig/sodar?sv=200&tid=gda&tv=r20260625&st=env&sjk=2881136775225123,5,0,27,5,none,normal,2026-06-30T11:06:39.658Z
/tarot/prompt-maker,desktop,cold,200,36,721655,704.7 KB,14596,239247,388348,71580,0,0,5546,https://code-destiny.com/icons/%EA%BF%80%EA%BF%80%20%EC%9A%B4%EC%84%B8%20%EB%A1%9C%EA%B3%A0.webp,79749,77.9 KB https://code-destiny.com/icons/%EA%BF%80%EA%BF%80%20%EC%9A%B4%EC%84%B8%20%EB%A1%9C%EA%B3%A0.webp | 77.9 KB https://code-destiny.com/icons/%EA%BF%80%EA%BF%80%20%EC%9A%B4%EC%84%B8%20%EB%A1%9C%EA%B3%A0.webp | 77.9 KB https://code-destiny.com/icons/%EA%BF%80%EA%BF%80%20%EC%9A%B4%EC%84%B8%20%EB%A1%9C%EA%B3%A0.webp | 64.9 KB https://code-destiny.com/_next/static/chunks/8164.6e54a9ad8e06d713.js | 64.5 KB https://code-destiny.com/_next/static/css/2cf6b8929df91a43.css | 54.9 KB https://code-destiny.com/_next/static/chunks/4bd1b696-100b9d70ed4e49c1.js | 45.5 KB https://code-destiny.com/_next/static/chunks/1255-7af2368fb2545735.js | 39.7 KB https://code-destiny.com/_next/static/chunks/7506-fee23a3de5789278.js | 37.2 KB https://code-destiny.com/_next/static/chunks/3481.64fbd8485e13133c.js | 23.7 KB https://code-destiny.com/_next/static/chunks/2325-de0a1b24c2092cfb.js | 15.1 KB https://code-destiny.com/_next/static/chunks/app/layout-718c0468d791a1a6.js | 14.3 KB https://code-destiny.com/tarot/prompt-maker/ | 11.2 KB https://static.cloudflareinsights.com/beacon.min.js/v4513226cdae34746b4dedf0b4dfa099e1781791509496 | 9.0 KB https://code-destiny.com/cdn-cgi/challenge-platform/h/b/scripts/jsd/25e6c66701a0/main.js? | 6.4 KB https://code-destiny.com/_next/static/chunks/8167.29c6e3862b517e4b.js | 6.3 KB https://code-destiny.com/_next/static/chunks/9527.6106c343fa0b3e97.js | 6.2 KB https://code-destiny.com/_next/static/chunks/2863.24c878c8e8cda6ee.js | 5.8 KB https://code-destiny.com/_next/static/chunks/1148.121eeee77692147a.js | 5.8 KB https://code-destiny.com/_next/static/chunks/158-53a57d2aef59254c.js | 5.8 KB https://code-destiny.com/_next/static/chunks/webpack-c39d4f5fde12e115.js,,,,,,3,0,25,4,none,normal,2026-06-30T11:59:04.425Z
/tarot/prompt-maker,desktop,repeat,200,46,1181475,1.13 MB,14598,240447,846245,71580,0,0,5537,https://pagead2.googlesyndication.com/pagead/managed/js/adsense/m202606250101/show_ads_impl_fy2021.js,173166,169.1 KB https://pagead2.googlesyndication.com/pagead/managed/js/adsense/m202606250101/show_ads_impl_fy2021.js | 169.1 KB https://pagead2.googlesyndication.com/pagead/managed/js/adsense/m202606250101/show_ads_impl_fy2021.js | 77.9 KB https://code-destiny.com/icons/%EA%BF%80%EA%BF%80%20%EC%9A%B4%EC%84%B8%20%EB%A1%9C%EA%B3%A0.webp | 77.9 KB https://code-destiny.com/icons/%EA%BF%80%EA%BF%80%20%EC%9A%B4%EC%84%B8%20%EB%A1%9C%EA%B3%A0.webp | 77.9 KB https://code-destiny.com/icons/%EA%BF%80%EA%BF%80%20%EC%9A%B4%EC%84%B8%20%EB%A1%9C%EA%B3%A0.webp | 64.9 KB https://code-destiny.com/_next/static/chunks/8164.6e54a9ad8e06d713.js | 64.5 KB https://code-destiny.com/_next/static/css/2cf6b8929df91a43.css | 54.9 KB https://code-destiny.com/_next/static/chunks/4bd1b696-100b9d70ed4e49c1.js | 54.5 KB https://pagead2.googlesyndication.com/pagead/js/adsbygoogle.js?client=ca-pub-9863227498729828 | 54.5 KB https://pagead2.googlesyndication.com/pagead/js/adsbygoogle.js?client=ca-pub-9863227498729828 | 45.5 KB https://code-destiny.com/_next/static/chunks/1255-7af2368fb2545735.js | 39.7 KB https://code-destiny.com/_next/static/chunks/7506-fee23a3de5789278.js | 37.2 KB https://code-destiny.com/_next/static/chunks/3481.64fbd8485e13133c.js | 23.7 KB https://code-destiny.com/_next/static/chunks/2325-de0a1b24c2092cfb.js | 15.1 KB https://code-destiny.com/_next/static/chunks/app/layout-718c0468d791a1a6.js | 14.3 KB https://code-destiny.com/tarot/prompt-maker/ | 11.2 KB https://static.cloudflareinsights.com/beacon.min.js/v4513226cdae34746b4dedf0b4dfa099e1781791509496 | 8.9 KB https://code-destiny.com/cdn-cgi/challenge-platform/h/b/scripts/jsd/25e6c66701a0/main.js? | 6.4 KB https://code-destiny.com/_next/static/chunks/8167.29c6e3862b517e4b.js | 6.3 KB https://code-destiny.com/_next/static/chunks/9527.6106c343fa0b3e97.js,,,,, https://ep1.adtrafficquality.google/getconfig/sodar?sv=200&tid=gda&tv=r20260625&st=env&sjk=3134358623946783 |  https://ep1.adtrafficquality.google/getconfig/sodar?sv=200&tid=gda&tv=r20260625&st=env&sjk=6798128347097211,7,0,29,6,none,normal,2026-06-30T11:59:44.427Z
/tarot/mindscan,mobile,cold,200,40,870500,850.1 KB,16130,428697,311918,71580,0,0,39836,https://code-destiny.com/fuctionassets/mindscantaro.webp,188752,184.3 KB https://code-destiny.com/fuctionassets/mindscantaro.webp | 78.6 KB https://code-destiny.com/icons/%EA%BF%80%EA%BF%80%20%EC%9A%B4%EC%84%B8%20%EB%A1%9C%EA%B3%A0.webp | 77.9 KB https://code-destiny.com/icons/%EA%BF%80%EA%BF%80%20%EC%9A%B4%EC%84%B8%20%EB%A1%9C%EA%B3%A0.webp | 77.9 KB https://code-destiny.com/icons/%EA%BF%80%EA%BF%80%20%EC%9A%B4%EC%84%B8%20%EB%A1%9C%EA%B3%A0.webp | 64.5 KB https://code-destiny.com/_next/static/css/2cf6b8929df91a43.css | 54.9 KB https://code-destiny.com/_next/static/chunks/4bd1b696-100b9d70ed4e49c1.js | 45.5 KB https://code-destiny.com/_next/static/chunks/1255-7af2368fb2545735.js | 39.7 KB https://code-destiny.com/_next/static/chunks/7506-fee23a3de5789278.js | 24.9 KB https://code-destiny.com/_next/static/chunks/1599.54ba8db8890e6307.js | 23.7 KB https://code-destiny.com/_next/static/chunks/2325-de0a1b24c2092cfb.js | 15.8 KB https://code-destiny.com/tarot/mindscan/ | 15.1 KB https://code-destiny.com/_next/static/chunks/app/layout-718c0468d791a1a6.js | 11.2 KB https://static.cloudflareinsights.com/beacon.min.js/v4513226cdae34746b4dedf0b4dfa099e1781791509496 | 10.0 KB https://code-destiny.com/tarot/reunion/index.txt?_rsc=r5vi3 | 9.3 KB https://code-destiny.com/tarot/index.txt?_rsc=r5vi3 | 9.2 KB https://code-destiny.com/compatibility/index.txt?_rsc=r5vi3 | 9.2 KB https://code-destiny.com/love/index.txt?_rsc=r5vi3 | 9.0 KB https://code-destiny.com/cdn-cgi/challenge-platform/h/b/scripts/jsd/25e6c66701a0/main.js? | 6.4 KB https://code-destiny.com/_next/static/chunks/8167.29c6e3862b517e4b.js | 6.2 KB https://code-destiny.com/_next/static/chunks/2863.24c878c8e8cda6ee.js,,,,,,4,1,26,6,none,normal,2026-06-30T11:07:04.071Z
/tarot/mindscan,mobile,repeat,200,43,879407,858.8 KB,16131,428002,320044,71580,0,0,41312,https://code-destiny.com/fuctionassets/mindscantaro.webp,188755,184.3 KB https://code-destiny.com/fuctionassets/mindscantaro.webp | 77.9 KB https://code-destiny.com/icons/%EA%BF%80%EA%BF%80%20%EC%9A%B4%EC%84%B8%20%EB%A1%9C%EA%B3%A0.webp | 77.9 KB https://code-destiny.com/icons/%EA%BF%80%EA%BF%80%20%EC%9A%B4%EC%84%B8%20%EB%A1%9C%EA%B3%A0.webp | 77.9 KB https://code-destiny.com/icons/%EA%BF%80%EA%BF%80%20%EC%9A%B4%EC%84%B8%20%EB%A1%9C%EA%B3%A0.webp | 64.5 KB https://code-destiny.com/_next/static/css/2cf6b8929df91a43.css | 54.9 KB https://code-destiny.com/_next/static/chunks/4bd1b696-100b9d70ed4e49c1.js | 45.5 KB https://code-destiny.com/_next/static/chunks/1255-7af2368fb2545735.js | 39.7 KB https://code-destiny.com/_next/static/chunks/7506-fee23a3de5789278.js | 24.9 KB https://code-destiny.com/_next/static/chunks/1599.54ba8db8890e6307.js | 23.7 KB https://code-destiny.com/_next/static/chunks/2325-de0a1b24c2092cfb.js | 15.8 KB https://code-destiny.com/tarot/mindscan/ | 15.1 KB https://code-destiny.com/_next/static/chunks/app/layout-718c0468d791a1a6.js | 11.2 KB https://static.cloudflareinsights.com/beacon.min.js/v4513226cdae34746b4dedf0b4dfa099e1781791509496 | 9.3 KB https://code-destiny.com/tarot/reunion/index.txt?_rsc=r5vi3 | 9.3 KB https://code-destiny.com/tarot/index.txt?_rsc=r5vi3 | 9.3 KB https://code-destiny.com/love/index.txt?_rsc=r5vi3 | 9.2 KB https://code-destiny.com/compatibility/index.txt?_rsc=r5vi3 | 8.6 KB https://code-destiny.com/cdn-cgi/challenge-platform/h/b/scripts/jsd/25e6c66701a0/main.js? | 6.4 KB https://code-destiny.com/_next/static/chunks/8167.29c6e3862b517e4b.js | 6.3 KB https://code-destiny.com/_next/static/chunks/9527.6106c343fa0b3e97.js,,,,,,4,1,28,7,none,normal,2026-06-30T11:07:24.913Z
/tarot/mindscan,desktop,cold,200,46,810443,791.4 KB,14711,348305,292120,71626,0,0,3065,https://code-destiny.com/fuctionassets/mindscantaro.webp,188807,184.4 KB https://code-destiny.com/fuctionassets/mindscantaro.webp | 77.9 KB https://code-destiny.com/icons/%EA%BF%80%EA%BF%80%20%EC%9A%B4%EC%84%B8%20%EB%A1%9C%EA%B3%A0.webp | 77.9 KB https://code-destiny.com/icons/%EA%BF%80%EA%BF%80%20%EC%9A%B4%EC%84%B8%20%EB%A1%9C%EA%B3%A0.webp | 76.4 KB https://code-destiny.com/icons/%EA%BF%80%EA%BF%80%20%EC%9A%B4%EC%84%B8%20%EB%A1%9C%EA%B3%A0.webp | 64.5 KB https://code-destiny.com/_next/static/css/2cf6b8929df91a43.css | 54.9 KB https://code-destiny.com/_next/static/chunks/4bd1b696-100b9d70ed4e49c1.js | 45.5 KB https://code-destiny.com/_next/static/chunks/1255-7af2368fb2545735.js | 39.7 KB https://code-destiny.com/_next/static/chunks/7506-fee23a3de5789278.js | 24.9 KB https://code-destiny.com/_next/static/chunks/1599.54ba8db8890e6307.js | 23.7 KB https://code-destiny.com/_next/static/chunks/2325-de0a1b24c2092cfb.js | 15.1 KB https://code-destiny.com/_next/static/chunks/app/layout-718c0468d791a1a6.js | 14.4 KB https://code-destiny.com/tarot/mindscan/ | 11.2 KB https://static.cloudflareinsights.com/beacon.min.js/v4513226cdae34746b4dedf0b4dfa099e1781791509496 | 8.7 KB https://code-destiny.com/cdn-cgi/challenge-platform/h/b/scripts/jsd/25e6c66701a0/main.js? | 6.2 KB https://code-destiny.com/_next/static/chunks/2863.24c878c8e8cda6ee.js | 5.8 KB https://code-destiny.com/_next/static/chunks/158-53a57d2aef59254c.js | 5.8 KB https://code-destiny.com/_next/static/chunks/webpack-c39d4f5fde12e115.js | 5.6 KB https://code-destiny.com/_next/static/chunks/8219-7428d35be5d083a7.js | 5.6 KB https://code-destiny.com/_next/static/chunks/926.648b72db6c30a7d0.js | 5.4 KB https://code-destiny.com/_next/static/css/b5a55bd74d9ef22e.css,,,,,200 https://code-destiny.com/privacy/index.txt?_rsc=r5vi3 | net::ERR_ABORTED https://code-destiny.com/terms/index.txt?_rsc=r5vi3 | net::ERR_ABORTED https://code-destiny.com/contact/index.txt?_rsc=r5vi3 | net::ERR_ABORTED https://code-destiny.com/about/index.txt?_rsc=r5vi3 | net::ERR_ABORTED https://code-destiny.com/disclaimer/index.txt?_rsc=r5vi3 | net::ERR_ABORTED https://code-destiny.com/_next/static/chunks/7386.e7dbaf0e95f906fc.js | net::ERR_ABORTED https://code-destiny.com/_next/static/chunks/2475.7aea7ce3fc0022ca.js | net::ERR_ABORTED https://code-destiny.com/_next/static/chunks/8167.29c6e3862b517e4b.js | net::ERR_ABORTED https://code-destiny.com/_next/static/chunks/7372.d28b659a82b496da.js | net::ERR_ABORTED https://code-destiny.com/_next/static/chunks/9527.6106c343fa0b3e97.js | net::ERR_ABORTED https://code-destiny.com/icons/%EA%BF%80%EA%BF%80%20%EC%9A%B4%EC%84%B8%20%EB%A1%9C%EA%B3%A0.webp,3,1,26,12,none,normal,2026-06-30T11:31:42.000Z
/tarot/mindscan,desktop,repeat,200,75,979072,956.1 KB,16125,428003,347794,71580,0,0,113233,https://code-destiny.com/fuctionassets/mindscantaro.webp,188756,184.3 KB https://code-destiny.com/fuctionassets/mindscantaro.webp | 77.9 KB https://code-destiny.com/icons/%EA%BF%80%EA%BF%80%20%EC%9A%B4%EC%84%B8%20%EB%A1%9C%EA%B3%A0.webp | 77.9 KB https://code-destiny.com/icons/%EA%BF%80%EA%BF%80%20%EC%9A%B4%EC%84%B8%20%EB%A1%9C%EA%B3%A0.webp | 77.9 KB https://code-destiny.com/icons/%EA%BF%80%EA%BF%80%20%EC%9A%B4%EC%84%B8%20%EB%A1%9C%EA%B3%A0.webp | 64.5 KB https://code-destiny.com/_next/static/css/2cf6b8929df91a43.css | 54.9 KB https://code-destiny.com/_next/static/chunks/4bd1b696-100b9d70ed4e49c1.js | 45.5 KB https://code-destiny.com/_next/static/chunks/1255-7af2368fb2545735.js | 39.7 KB https://code-destiny.com/_next/static/chunks/7506-fee23a3de5789278.js | 24.9 KB https://code-destiny.com/_next/static/chunks/1599.54ba8db8890e6307.js | 23.7 KB https://code-destiny.com/_next/static/chunks/2325-de0a1b24c2092cfb.js | 15.7 KB https://code-destiny.com/tarot/mindscan/ | 15.1 KB https://code-destiny.com/_next/static/chunks/app/layout-718c0468d791a1a6.js | 11.2 KB https://static.cloudflareinsights.com/beacon.min.js/v4513226cdae34746b4dedf0b4dfa099e1781791509496 | 9.9 KB https://code-destiny.com/terms/index.txt?_rsc=r5vi3 | 9.3 KB https://code-destiny.com/tarot/reunion/index.txt?_rsc=r5vi3 | 9.3 KB https://code-destiny.com/compatibility/index.txt?_rsc=r5vi3 | 9.2 KB https://code-destiny.com/tarot/index.txt?_rsc=r5vi3 | 9.2 KB https://code-destiny.com/love/index.txt?_rsc=r5vi3 | 8.4 KB https://code-destiny.com/cdn-cgi/challenge-platform/h/b/scripts/jsd/25e6c66701a0/main.js? | 8.3 KB https://code-destiny.com/privacy/index.txt?_rsc=r5vi3,,,,/api/auth/me x16,net::ERR_ABORTED https://code-destiny.com/api/auth/me,4,1,36,31,same API called >= 3 times,high,2026-06-30T11:32:03.962Z
/palm-reading,mobile,cold,200,31,1185467,1.13 MB,13372,239247,304986,71580,552651,0,1293,https://assets.code-destiny.com/The%20Jamsil%20OTF%204%20Medium.otf,452400,441.8 KB https://assets.code-destiny.com/The%20Jamsil%20OTF%204%20Medium.otf | 97.9 KB https://assets.code-destiny.com/Mulmaru.woff2 | 77.9 KB https://code-destiny.com/icons/%EA%BF%80%EA%BF%80%20%EC%9A%B4%EC%84%B8%20%EB%A1%9C%EA%B3%A0.webp | 77.9 KB https://code-destiny.com/icons/%EA%BF%80%EA%BF%80%20%EC%9A%B4%EC%84%B8%20%EB%A1%9C%EA%B3%A0.webp | 77.9 KB https://code-destiny.com/icons/%EA%BF%80%EA%BF%80%20%EC%9A%B4%EC%84%B8%20%EB%A1%9C%EA%B3%A0.webp | 64.5 KB https://code-destiny.com/_next/static/css/2cf6b8929df91a43.css | 54.9 KB https://code-destiny.com/_next/static/chunks/4bd1b696-100b9d70ed4e49c1.js | 45.5 KB https://code-destiny.com/_next/static/chunks/1255-7af2368fb2545735.js | 44.3 KB https://code-destiny.com/_next/static/chunks/4101.2711252c8eaf1368.js | 39.7 KB https://code-destiny.com/_next/static/chunks/7506-fee23a3de5789278.js | 23.7 KB https://code-destiny.com/_next/static/chunks/2325-de0a1b24c2092cfb.js | 15.1 KB https://code-destiny.com/_next/static/chunks/app/layout-718c0468d791a1a6.js | 13.1 KB https://code-destiny.com/palm-reading/ | 11.2 KB https://static.cloudflareinsights.com/beacon.min.js/v4513226cdae34746b4dedf0b4dfa099e1781791509496 | 8.5 KB https://code-destiny.com/cdn-cgi/challenge-platform/h/b/scripts/jsd/25e6c66701a0/main.js? | 6.4 KB https://code-destiny.com/_next/static/chunks/8167.29c6e3862b517e4b.js | 5.8 KB https://code-destiny.com/_next/static/chunks/158-53a57d2aef59254c.js | 5.8 KB https://code-destiny.com/_next/static/chunks/webpack-c39d4f5fde12e115.js | 5.6 KB https://code-destiny.com/_next/static/chunks/8219-7428d35be5d083a7.js | 5.4 KB https://code-destiny.com/_next/static/css/b5a55bd74d9ef22e.css,,,https://assets.code-destiny.com/Mulmaru.woff2 | https://assets.code-destiny.com/The%20Jamsil%20OTF%204%20Medium.otf,,,3,0,20,2,none,normal,2026-06-30T11:07:44.327Z
/palm-reading,mobile,repeat,200,37,1207123,1.15 MB,13370,239248,322433,71580,552626,0,5530,https://assets.code-destiny.com/The%20Jamsil%20OTF%204%20Medium.otf,452398,441.8 KB https://assets.code-destiny.com/The%20Jamsil%20OTF%204%20Medium.otf | 97.9 KB https://assets.code-destiny.com/Mulmaru.woff2 | 77.9 KB https://code-destiny.com/icons/%EA%BF%80%EA%BF%80%20%EC%9A%B4%EC%84%B8%20%EB%A1%9C%EA%B3%A0.webp | 77.9 KB https://code-destiny.com/icons/%EA%BF%80%EA%BF%80%20%EC%9A%B4%EC%84%B8%20%EB%A1%9C%EA%B3%A0.webp | 77.9 KB https://code-destiny.com/icons/%EA%BF%80%EA%BF%80%20%EC%9A%B4%EC%84%B8%20%EB%A1%9C%EA%B3%A0.webp | 64.5 KB https://code-destiny.com/_next/static/css/2cf6b8929df91a43.css | 54.9 KB https://code-destiny.com/_next/static/chunks/4bd1b696-100b9d70ed4e49c1.js | 45.5 KB https://code-destiny.com/_next/static/chunks/1255-7af2368fb2545735.js | 44.3 KB https://code-destiny.com/_next/static/chunks/4101.2711252c8eaf1368.js | 39.7 KB https://code-destiny.com/_next/static/chunks/7506-fee23a3de5789278.js | 23.7 KB https://code-destiny.com/_next/static/chunks/2325-de0a1b24c2092cfb.js | 15.1 KB https://code-destiny.com/_next/static/chunks/app/layout-718c0468d791a1a6.js | 13.1 KB https://code-destiny.com/palm-reading/ | 11.2 KB https://static.cloudflareinsights.com/beacon.min.js/v4513226cdae34746b4dedf0b4dfa099e1781791509496 | 9.0 KB https://code-destiny.com/cdn-cgi/challenge-platform/h/b/scripts/jsd/25e6c66701a0/main.js? | 6.4 KB https://code-destiny.com/_next/static/chunks/8167.29c6e3862b517e4b.js | 6.3 KB https://code-destiny.com/_next/static/chunks/9527.6106c343fa0b3e97.js | 6.3 KB https://code-destiny.com/_next/static/chunks/9527.6106c343fa0b3e97.js | 5.8 KB https://code-destiny.com/_next/static/chunks/158-53a57d2aef59254c.js | 5.8 KB https://code-destiny.com/_next/static/chunks/webpack-c39d4f5fde12e115.js,,,https://assets.code-destiny.com/Mulmaru.woff2 | https://assets.code-destiny.com/The%20Jamsil%20OTF%204%20Medium.otf,,,3,0,24,4,none,normal,2026-06-30T11:08:07.047Z
/palm-reading,desktop,cold,200,31,1188054,1.13 MB,13379,239937,305228,71580,554262,0,1296,https://assets.code-destiny.com/The%20Jamsil%20OTF%204%20Medium.otf,454037,443.4 KB https://assets.code-destiny.com/The%20Jamsil%20OTF%204%20Medium.otf | 97.9 KB https://assets.code-destiny.com/Mulmaru.woff2 | 78.6 KB https://code-destiny.com/icons/%EA%BF%80%EA%BF%80%20%EC%9A%B4%EC%84%B8%20%EB%A1%9C%EA%B3%A0.webp | 77.9 KB https://code-destiny.com/icons/%EA%BF%80%EA%BF%80%20%EC%9A%B4%EC%84%B8%20%EB%A1%9C%EA%B3%A0.webp | 77.9 KB https://code-destiny.com/icons/%EA%BF%80%EA%BF%80%20%EC%9A%B4%EC%84%B8%20%EB%A1%9C%EA%B3%A0.webp | 64.5 KB https://code-destiny.com/_next/static/css/2cf6b8929df91a43.css | 54.9 KB https://code-destiny.com/_next/static/chunks/4bd1b696-100b9d70ed4e49c1.js | 45.5 KB https://code-destiny.com/_next/static/chunks/1255-7af2368fb2545735.js | 44.3 KB https://code-destiny.com/_next/static/chunks/4101.2711252c8eaf1368.js | 39.7 KB https://code-destiny.com/_next/static/chunks/7506-fee23a3de5789278.js | 23.7 KB https://code-destiny.com/_next/static/chunks/2325-de0a1b24c2092cfb.js | 15.1 KB https://code-destiny.com/_next/static/chunks/app/layout-718c0468d791a1a6.js | 13.1 KB https://code-destiny.com/palm-reading/ | 11.2 KB https://static.cloudflareinsights.com/beacon.min.js/v4513226cdae34746b4dedf0b4dfa099e1781791509496 | 8.8 KB https://code-destiny.com/cdn-cgi/challenge-platform/h/b/scripts/jsd/25e6c66701a0/main.js? | 6.4 KB https://code-destiny.com/_next/static/chunks/8167.29c6e3862b517e4b.js | 5.8 KB https://code-destiny.com/_next/static/chunks/158-53a57d2aef59254c.js | 5.8 KB https://code-destiny.com/_next/static/chunks/webpack-c39d4f5fde12e115.js | 5.6 KB https://code-destiny.com/_next/static/chunks/8219-7428d35be5d083a7.js | 5.4 KB https://code-destiny.com/_next/static/css/b5a55bd74d9ef22e.css,,,https://assets.code-destiny.com/Mulmaru.woff2 | https://assets.code-destiny.com/The%20Jamsil%20OTF%204%20Medium.otf,,,3,0,20,2,none,normal,2026-06-30T11:32:23.903Z
/palm-reading,desktop,repeat,200,34,1194813,1.14 MB,13375,239247,311767,71580,553094,0,3409,https://assets.code-destiny.com/The%20Jamsil%20OTF%204%20Medium.otf,452622,442.0 KB https://assets.code-destiny.com/The%20Jamsil%20OTF%204%20Medium.otf | 98.1 KB https://assets.code-destiny.com/Mulmaru.woff2 | 77.9 KB https://code-destiny.com/icons/%EA%BF%80%EA%BF%80%20%EC%9A%B4%EC%84%B8%20%EB%A1%9C%EA%B3%A0.webp | 77.9 KB https://code-destiny.com/icons/%EA%BF%80%EA%BF%80%20%EC%9A%B4%EC%84%B8%20%EB%A1%9C%EA%B3%A0.webp | 77.9 KB https://code-destiny.com/icons/%EA%BF%80%EA%BF%80%20%EC%9A%B4%EC%84%B8%20%EB%A1%9C%EA%B3%A0.webp | 64.5 KB https://code-destiny.com/_next/static/css/2cf6b8929df91a43.css | 54.9 KB https://code-destiny.com/_next/static/chunks/4bd1b696-100b9d70ed4e49c1.js | 45.5 KB https://code-destiny.com/_next/static/chunks/1255-7af2368fb2545735.js | 44.3 KB https://code-destiny.com/_next/static/chunks/4101.2711252c8eaf1368.js | 39.7 KB https://code-destiny.com/_next/static/chunks/7506-fee23a3de5789278.js | 23.7 KB https://code-destiny.com/_next/static/chunks/2325-de0a1b24c2092cfb.js | 15.1 KB https://code-destiny.com/_next/static/chunks/app/layout-718c0468d791a1a6.js | 13.1 KB https://code-destiny.com/palm-reading/ | 11.2 KB https://static.cloudflareinsights.com/beacon.min.js/v4513226cdae34746b4dedf0b4dfa099e1781791509496 | 8.4 KB https://code-destiny.com/cdn-cgi/challenge-platform/h/b/scripts/jsd/25e6c66701a0/main.js? | 6.4 KB https://code-destiny.com/_next/static/chunks/8167.29c6e3862b517e4b.js | 6.1 KB https://code-destiny.com/_next/static/chunks/9527.6106c343fa0b3e97.js | 5.8 KB https://code-destiny.com/_next/static/chunks/158-53a57d2aef59254c.js | 5.8 KB https://code-destiny.com/_next/static/chunks/webpack-c39d4f5fde12e115.js | 5.6 KB https://code-destiny.com/_next/static/chunks/8219-7428d35be5d083a7.js,,,https://assets.code-destiny.com/Mulmaru.woff2 | https://assets.code-destiny.com/The%20Jamsil%20OTF%204%20Medium.otf,,,3,0,22,3,none,normal,2026-06-30T11:32:40.678Z
