cp,ch,readings,hun,radical,rs,total,formula,won,jawon,confidence,reasons,review_won,review_jawon,review_note
U+3483,㒃,이,,9人,9.12,14,14,14,earth,0.5,hun-missing jawon-low-confidence,,,
U+349A,㒚,온 은,,9人,9.14,16,16,16,earth,0.5,hun-missing jawon-low-confidence,,,
U+34A4,㒤,섭,,9人,9.18,20,20,20,earth,0.5,hun-missing jawon-low-confidence,,,
U+34CF,㓏,경,,15冫,15.7,9,9,9,water,0.9,hun-missing,,,
U+34D7,㓗,결,,15冫,15.12,14,14,14,water,0.9,hun-missing,,,
U+3515,㔕,글,,19力,19.4,6,6,6,earth,0.6,hun-missing jawon-low-confidence,,,
U+3521,㔡,별,,19力,19.10,12,12,12,earth,0.6,hun-missing jawon-low-confidence,,,
U+3580,㖀,률 율,,30口,30.6,9,9,9,water,0.9,hun-missing,,,
U+35FF,㗿,하,,30口,30.13,16,16,16,water,0.9,hun-missing,,,
U+3614,㘔,새,,30口,30.17,20,20,20,water,0.9,hun-missing,,,
U+366B,㙫,집,,32土,32.12,15,15,15,earth,0.9,hun-missing,,,
U+366F,㙯,예,,32土,32.12,15,15,15,earth,0.9,hun-missing,,,
U+36B1,㚱,구,,38女,38.5,8,8,8,earth,0.9,hun-missing,,,
U+36BE,㚾,형,,38女,38.5,8,8,8,earth,0.9,hun-missing,,,
U+36C3,㛃,결,,38女,38.6,9,9,9,earth,0.9,hun-missing,,,
U+36C4,㛄,의,,38女,38.6,9,9,9,earth,0.9,hun-missing,,,
U+36C5,㛅,이,,38女,38.6,9,9,9,earth,0.9,hun-missing,,,
U+36C6,㛆,타,,38女,38.6,9,9,9,earth,0.9,hun-missing,,,
U+36E6,㛦,람 남,,38女,38.8,11,11,11,earth,0.9,hun-missing,,,
U+370F,㜏,운,,38女,38.10,13,13,13,earth,0.9,hun-missing,,,
U+3716,㜖,조,,38女,38.11,14,14,14,earth,0.9,hun-missing,,,
U+3723,㜣,연,,38女,38.12,15,15,15,earth,0.9,hun-missing,,,
U+372F,㜯,희,,38女,38.14,17,17,17,earth,0.9,hun-missing,,,
U+373A,㜺,찬,,38女,38.19,22,22,22,earth,0.9,hun-missing,,,
U+3762,㝢,우,,40宀,40.9,12,12,12,wood,0.9,hun-missing,,,
U+37BC,㞼,승,,46山,46.5,8,8,8,earth,0.9,hun-missing,,,
U+37F3,㟳,률 율(두음),,46山,46.10,13,13,13,earth,0.9,hun-missing,,,
U+380C,㠌,기,,46山,46.12,15,15,15,earth,0.9,hun-missing,,,
U+3818,㠘,서,,46山,46.14,17,17,17,earth,0.9,hun-missing,,,
U+3831,㠱,기,,49己,49.8,11,11,11,earth,0.6,hun-missing jawon-low-confidence,,,
U+3878,㡸,사,,53广,53.5,8,8,8,wood,0.7,hun-missing,,,
U+3883,㢃,랑 낭,,53广,53.7,10,10,10,wood,0.7,hun-missing,,,
U+388B,㢋,치,,53广,53.8,11,11,11,wood,0.7,hun-missing,,,
U+38BA,㢺,현,,57弓,57.8,11,11,11,metal,0.6,hun-missing jawon-low-confidence,,,
U+38E7,㣧,윤,,60彳,60.8,11,11,11,fire,0.9,hun-missing,,,
U+38ED,㣭,종,,60彳,60.9,12,12,12,fire,0.9,hun-missing,,,
U+38FD,㣽,서,,61心,61.3,7,7,7,fire,0.9,hun-missing,,,
U+390A,㤊,효,,61心,61.4,7,8,8,fire,0.9,hun-missing,,,
U+3916,㤖,저,,61心,61.5,8,9,9,fire,0.9,hun-missing,,,
U+391E,㤞,탁,,61心,61.6,9,10,10,fire,0.9,hun-missing,,,
U+3941,㥁,덕,,61心,61.8,12,12,12,fire,0.9,hun-missing,,,
U+3960,㥠,서,,61心,61.9,12,13,13,fire,0.9,hun-missing,,,
U+3965,㥥,우,,61心,61.9,12,13,13,fire,0.9,hun-missing,,,
U+396F,㥯,은,,61心,61.10,14,14,14,fire,0.9,hun-missing,,,
U+397C,㥼,언 은,,61心,61.11,14,15,15,fire,0.9,hun-missing,,,
U+3980,㦀,봉,,61心,61.11,14,15,15,fire,0.9,hun-missing,,,
U+3983,㦃,산,,61心,61.11,14,15,15,fire,0.9,hun-missing,,,
U+3986,㦆,하,,61心,61.11,14,15,15,fire,0.9,hun-missing,,,
U+3990,㦐,니 이,,61心,61.12,15,16,16,fire,0.9,hun-missing,,,
U+3995,㦕,륭 융(두음),,61心,61.12,15,16,16,fire,0.9,hun-missing,,,
U+39A5,㦥,헌,,61心,61.16,19,20,20,fire,0.9,hun-missing,,,
U+39B3,㦳,재,,62戈,62.5,9,9,9,metal,0.5,hun-missing jawon-low-confidence,,,
U+39B6,㦶,용,,62戈,62.6,10,10,10,metal,0.5,hun-missing jawon-low-confidence,,,
U+39E2,㧢,인,,64手,64.6,9,10,10,wood,0.9,hun-missing,,,
U+3A19,㨙,혜,,64手,64.10,13,14,14,wood,0.9,hun-missing,,,
U+3A1C,㨜,건,,64手,64.10,13,14,14,wood,0.9,hun-missing,,,
U+3A23,㨣,옹,,64手,64.10,13,14,14,wood,0.9,hun-missing,,,
U+3A39,㨹,설,,64手,64.11,14,15,15,wood,0.9,hun-missing,,,
U+3A73,㩳,송,,64手,64.18,21,22,22,wood,0.9,hun-missing,,,
U+3A74,㩴,구,,64手,64.18,21,22,22,wood,0.9,hun-missing,,,
U+3A75,㩵,알,,64手,64.20,23,24,24,wood,0.9,hun-missing,,,
U+3A7C,㩼,지,,65支,65.6,10,10,10,earth,0.6,hun-missing jawon-low-confidence,,,
U+3AA4,㪤,필,,66攴,66.11,15,15,15,metal,0.8,hun-missing,,,
U+3ADC,㫜,단,,72日,72.5,9,9,9,fire,0.9,hun-missing,,,
U+3AF0,㫰,랑 낭(두음),,72日,72.7,11,11,11,fire,0.9,hun-missing,,,
U+3AF6,㫶,주,,72日,72.8,12,12,12,fire,0.9,hun-missing,,,
U+3B02,㬂,우,,72日,72.9,13,13,13,fire,0.9,hun-missing,,,
U+3B03,㬃,대,,72日,72.9,13,13,13,fire,0.9,hun-missing,,,
U+3B08,㬈,온,,72日,72.9,13,13,13,fire,0.9,hun-missing,,,
U+3B0E,㬎,현,,72日,72.10,14,14,14,fire,0.9,hun-missing,,,
U+3B1A,㬚,철,,72日,72.12,16,16,16,fire,0.9,hun-missing,,,
U+3B23,㬣,대,,72日,72.14,18,18,18,fire,0.9,hun-missing,,,
U+3B33,㬳,오,,74月,74.4,8,8,8,water,0.9,hun-missing,,,
U+3B72,㭲,극 급,,75木,75.7,11,11,11,wood,0.9,hun-missing,,,
U+3B78,㭸,도,,75木,75.8,12,12,12,wood,0.9,hun-missing,,,
U+3B79,㭹,현,,75木,75.8,12,12,12,wood,0.9,hun-missing,,,
U+3B81,㮁,효,,75木,75.8,12,12,12,wood,0.9,hun-missing,,,
U+3BD6,㯖,덕 적,,75木,75.12,16,16,16,wood,0.9,hun-missing,,,
U+3BD9,㯙,철,,75木,75.12,16,16,16,wood,0.9,hun-missing,,,
U+3BDD,㯝,로 노(두음),,75木,75.12,16,16,16,wood,0.9,hun-missing,,,
U+3BF3,㯳,경,,75木,75.13,17,17,17,wood,0.9,hun-missing,,,
U+3C14,㰔,섭,,75木,75.17,21,21,21,wood,0.9,hun-missing,,,
U+3C24,㰤,하,,76欠,76.5,9,9,9,,,hun-missing jawon-unclassified,,,
U+3C29,㰩,해,,76欠,76.6,10,10,10,,,hun-missing jawon-unclassified,,,
U+3C2B,㰫,참,,76欠,76.6,10,10,10,,,hun-missing jawon-unclassified,,,
U+3C2D,㰭,후,,76欠,76.6,10,10,10,,,hun-missing jawon-unclassified,,,
U+3C46,㱆,희,,76欠,76.13,17,17,17,,,hun-missing jawon-unclassified,,,
U+3C80,㲀,진,,79殳,79.7,11,11,11,metal,0.6,hun-missing jawon-low-confidence,,,
U+3CBD,㲽,인,,85水,85.3,6,7,7,water,0.9,hun-missing,,,
U+3CBE,㲾,우,,85水,85.3,7,7,7,water,0.9,hun-missing,,,
U+3CC4,㳄,연,,85水,85.4,7,8,8,water,0.9,hun-missing,,,
U+3CD8,㳘,충,,85水,85.6,9,10,10,water,0.9,hun-missing,,,
U+3CF9,㳹,왕,,85水,85.8,11,12,12,water,0.9,hun-missing,,,
U+3CFC,㳼,필,,85水,85.8,12,12,12,water,0.9,hun-missing,,,
U+3D0D,㴍,승,,85水,85.8,11,12,12,water,0.9,hun-missing,,,
U+3D17,㴗,유,,85水,85.9,12,13,13,water,0.9,hun-missing,,,
U+3D52,㵒,비,,85水,85.12,15,16,16,water,0.9,hun-missing,,,
U+3D5B,㵛,선,,85水,85.12,15,16,16,water,0.9,hun-missing,,,
U+3D5F,㵟,미,,85水,85.13,16,17,17,water,0.9,hun-missing,,,
U+3D6A,㵪,선 연,,85水,85.13,16,17,17,water,0.9,hun-missing,,,
U+3D7F,㵿,효,,85水,85.15,18,19,19,water,0.9,hun-missing,,,
U+3DA1,㶡,화,,86火,86.2,6,6,6,fire,0.9,hun-missing,,,
U+3DBC,㶼,애,,86火,86.7,11,11,11,fire,0.9,hun-missing,,,
U+3DC2,㷂,서,,86火,86.8,12,12,12,fire,0.9,hun-missing,,,
U+3DCF,㷏,옹,,86火,86.9,13,13,13,fire,0.9,hun-missing,,,
U+3DE1,㷡,경,,86火,86.10,14,14,14,fire,0.9,hun-missing,,,
U+3E0E,㸎,섭,,86火,86.18,22,22,22,fire,0.9,hun-missing,,,
U+3E3E,㸾,인,,93牛,93.7,11,11,11,earth,0.8,hun-missing,,,
U+3EBF,㺿,이,,96玉,96.6,10,11,11,metal,0.7,hun-missing,,,
U+3EC4,㻄,보,,96玉,96.6,10,11,11,metal,0.7,hun-missing,,,
U+3ECD,㻍,오,,96玉,96.7,11,12,12,metal,0.7,hun-missing,,,
U+3EED,㻭,슬,,96玉,96.11,15,16,16,metal,0.7,hun-missing,,,
U+3EFD,㻽,선 수,,96玉,96.13,17,18,18,metal,0.7,hun-missing,,,
U+3F04,㼄,기,,96玉,96.15,19,20,20,metal,0.7,hun-missing,,,
U+3F58,㽘,강,,102田,102.4,9,9,9,earth,0.9,hun-missing,,,
U+3F65,㽥,유,,102田,102.9,14,14,14,earth,0.9,hun-missing,,,
U+3FE9,㿩,당,,106白,106.20,25,25,25,metal,0.8,hun-missing,,,
U+402D,䀭,해,,109目,109.6,11,11,11,wood,0.9,hun-missing,,,
U+402F,䀯,보,,109目,109.7,12,12,12,wood,0.9,hun-missing,,,
U+4034,䀴,영,,109目,109.7,12,12,12,wood,0.9,hun-missing,,,
U+4038,䀸,절 체,,109目,109.7,12,12,12,wood,0.9,hun-missing,,,
U+4050,䁐,영,,109目,109.9,14,14,14,wood,0.9,hun-missing,,,
U+4057,䁗,개,,109目,109.10,15,15,15,wood,0.9,hun-missing,,,
U+4062,䁢,선,,109目,109.11,16,16,16,wood,0.9,hun-missing,,,
U+40A6,䂦,진,,112石,112.5,10,10,10,metal,0.7,hun-missing,,,
U+40A9,䂩,연,,112石,112.6,11,11,11,metal,0.7,hun-missing,,,
U+40C9,䃉,민,,112石,112.9,14,14,14,metal,0.7,hun-missing,,,
U+4104,䄄,인,,113示,113.6,11,11,11,fire,0.5,hun-missing jawon-low-confidence,,,
U+4107,䄇,정,,113示,113.7,12,12,12,fire,0.5,hun-missing jawon-low-confidence,,,
U+4109,䄉,아,,113示,113.7,12,12,12,fire,0.5,hun-missing jawon-low-confidence,,,
U+4117,䄗,연,,113示,113.9,14,14,14,fire,0.5,hun-missing jawon-low-confidence,,,
U+4137,䄷,석,,115禾,115.5,10,10,10,wood,0.9,hun-missing,,,
U+4168,䅨,향,,115禾,115.9,14,14,14,wood,0.9,hun-missing,,,
U+4191,䆑,정,,116穴,116.2,7,7,7,earth,0.5,hun-missing jawon-low-confidence,,,
U+419A,䆚,동,,116穴,116.6,11,11,11,earth,0.5,hun-missing jawon-low-confidence,,,
U+41AC,䆬,운,,116穴,116.10,15,15,15,earth,0.5,hun-missing jawon-low-confidence,,,
U+41B8,䆸,정,,116穴,116.12,17,17,17,earth,0.5,hun-missing jawon-low-confidence,,,
U+4259,䉙,운,,118竹,118.12,18,18,18,wood,0.9,hun-missing,,,
U+42A1,䊡,만,,119米,119.11,17,17,17,wood,0.9,hun-missing,,,
U+42A8,䊨,라 나(두음),,119米,119.12,18,18,18,wood,0.9,hun-missing,,,
U+42CD,䋍,아,,120糸,120.5,11,11,11,wood,0.9,hun-missing,,,
U+42DB,䋛,미,,120糸,120.6,12,12,12,wood,0.9,hun-missing,,,
U+42F4,䋴,유,,120糸,120.9,15,15,15,wood,0.9,hun-missing,,,
U+4325,䌥,은,,120糸,120.14,20,20,20,wood,0.9,hun-missing,,,
U+4358,䍘,미,,122网,122.6,11,12,12,wood,0.6,hun-missing jawon-low-confidence,,,
U+4399,䎙,빈,,124羽,124.14,20,20,20,fire,0.6,hun-missing jawon-low-confidence,,,
U+43B8,䎸,오,,128耳,128.7,13,13,13,fire,0.6,hun-missing jawon-low-confidence,,,
U+43BB,䎻,주,,128耳,128.8,14,14,14,fire,0.6,hun-missing jawon-low-confidence,,,
U+43C7,䏇,표,,128耳,128.11,17,17,17,fire,0.6,hun-missing jawon-low-confidence,,,
U+43D3,䏓,원,,130肉,130.4,8,10,10,water,0.6,hun-missing jawon-low-confidence,,,
U+43E7,䏧,나,,130肉,130.6,10,12,12,water,0.6,hun-missing jawon-low-confidence,,,
U+43EA,䏪,이,,130肉,130.6,10,12,12,water,0.6,hun-missing jawon-low-confidence,,,
U+4443,䑃,몽,,130肉,130.14,18,20,20,water,0.6,hun-missing jawon-low-confidence,,,
U+4450,䑐,진,,131臣,131.5,11,11,11,,,hun-missing jawon-unclassified,,,
U+44A4,䒤,일,,140艸,140.4,8,10,10,wood,0.9,hun-missing,,,
U+4512,䔒,배,,140艸,140.11,15,17,17,wood,0.9,hun-missing,,,
U+4566,䕦,영,,140艸,140.16,20,22,22,wood,0.9,hun-missing,,,
U+45F2,䗲,린 인,,142虫,142.12,18,18,18,water,0.6,hun-missing jawon-low-confidence,,,
U+4618,䘘,소 어,,144行,144.10,16,16,16,fire,0.6,hun-missing jawon-low-confidence,,,
U+4658,䙘,초 축,,145衣,145.11,17,17,17,wood,0.9,hun-missing,,,
U+4682,䚂,혁,,147見,147.7,14,14,14,fire,0.9,hun-missing,,,
U+469F,䚟,대,,148角,148.8,15,15,15,wood,0.8,hun-missing,,,
U+46B7,䚷,혜,,149言,149.4,11,11,11,metal,0.9,hun-missing,,,
U+46BE,䚾,임,,149言,149.4,11,11,11,metal,0.9,hun-missing,,,
U+46C3,䛃,완,,149言,149.4,11,11,11,metal,0.9,hun-missing,,,
U+46C6,䛆,주,,149言,149.5,12,12,12,metal,0.9,hun-missing,,,
U+46C8,䛈,시,,149言,149.5,12,12,12,metal,0.9,hun-missing,,,
U+46CB,䛋,자,,149言,149.5,12,12,12,metal,0.9,hun-missing,,,
U+46D4,䛔,나,,149言,149.6,13,13,13,metal,0.9,hun-missing,,,
U+46D8,䛘,임,,149言,149.6,13,13,13,metal,0.9,hun-missing,,,
U+46DD,䛝,노,,149言,149.7,14,14,14,metal,0.9,hun-missing,,,
U+46E5,䛥,흔 희,,149言,149.7,14,14,14,metal,0.9,hun-missing,,,
U+46F2,䛲,면,,149言,149.8,15,15,15,metal,0.9,hun-missing,,,
U+46F5,䛵,수,,149言,149.8,15,15,15,metal,0.9,hun-missing,,,
U+4705,䜅,유,,149言,149.11,18,18,18,metal,0.9,hun-missing,,,
U+470C,䜌,란 련 난 연,,149言,149.12,19,19,19,metal,0.9,hun-missing,,,
U+4714,䜔,수,,149言,149.13,20,20,20,metal,0.9,hun-missing,,,
U+472A,䜪,구,,150谷,150.2,9,9,9,water,0.8,hun-missing,,,
U+472B,䜫,강 홍,,150谷,150.3,10,10,10,water,0.8,hun-missing,,,
U+472D,䜭,예 준,,150谷,150.5,12,12,12,water,0.8,hun-missing,,,
U+476C,䝬,주,,154貝,154.5,12,12,12,metal,0.9,hun-missing,,,
U+476E,䝮,현,,154貝,154.5,12,12,12,metal,0.9,hun-missing,,,
U+477D,䝽,애,,154貝,154.8,15,15,15,metal,0.9,hun-missing,,,
U+4792,䞒,동,,155赤,155.6,13,13,13,fire,0.8,hun-missing,,,
U+479F,䞟,백,,156走,156.5,12,12,12,fire,0.6,hun-missing jawon-low-confidence,,,
U+47AD,䞭,준,,156走,156.7,14,14,14,fire,0.6,hun-missing jawon-low-confidence,,,
U+47BB,䞻,용,,156走,156.9,16,16,16,fire,0.6,hun-missing jawon-low-confidence,,,
U+482F,䠯,약,,157足,157.17,24,24,24,earth,0.6,hun-missing jawon-low-confidence,,,
U+4863,䡣,헌,,159車,159.9,16,16,16,fire,0.7,hun-missing,,,
U+4883,䢃,예,,160辛,160.8,15,15,15,metal,0.9,hun-missing,,,
U+4890,䢐,조,,162辵,162.5,9,12,12,earth,0.9,hun-missing,,,
U+4896,䢖,건 율,,162辵,162.6,10,13,13,earth,0.9,hun-missing,,,
U+48A6,䢦,솔,,162辵,162.11,15,18,18,earth,0.9,hun-missing,,,
U+48CA,䣊,당,,163邑,163.8,11,15,15,earth,0.9,hun-missing,,,
U+48DC,䣜,차,,163邑,163.11,14,18,18,earth,0.9,hun-missing,,,
U+48E1,䣡,의,,163邑,163.13,16,20,20,earth,0.9,hun-missing,,,
U+4925,䤥,귀,,167金,167.6,14,14,14,metal,0.9,hun-missing,,,
U+493F,䤿,결,,167金,167.10,18,18,18,metal,0.9,hun-missing,,,
U+499E,䦞,윤,,169門,169.7,15,15,15,wood,0.6,hun-missing jawon-low-confidence,,,
U+49A5,䦥,한,,169門,169.8,16,16,16,wood,0.6,hun-missing jawon-low-confidence,,,
U+49CB,䧋,현,,170阜,170.7,10,15,15,earth,0.9,hun-missing,,,
U+4A0D,䨍,영,,173雨,173.4,12,12,12,water,0.9,hun-missing,,,
U+4A12,䨒,우,,173雨,173.6,14,14,14,water,0.9,hun-missing,,,
U+4A2D,䨭,소,,173雨,173.11,19,19,19,water,0.9,hun-missing,,,
U+4AAF,䪯,영,,180音,180.10,19,19,19,metal,0.6,hun-missing jawon-low-confidence,,,
U+4AB8,䪸,민,,181頁,181.5,14,14,14,fire,0.5,hun-missing jawon-low-confidence,,,
U+4ADF,䫟,운 혼,,181頁,181.10,19,19,19,fire,0.5,hun-missing jawon-low-confidence,,,
U+4AE8,䫨,오,,181頁,181.11,20,20,20,fire,0.5,hun-missing jawon-low-confidence,,,
U+4AFB,䫻,율,,182風,182.4,13,13,13,wood,0.8,hun-missing,,,
U+4B08,䬈,태,,182風,182.7,16,16,16,wood,0.8,hun-missing,,,
U+4B53,䭓,안 온,,184食,184.10,19,19,19,water,0.8,hun-missing,,,
U+4B70,䭰,봉,,186香,186.8,17,17,17,wood,0.8,hun-missing,,,
U+4B71,䭱,별,,186香,186.8,17,17,17,wood,0.8,hun-missing,,,
U+4BA8,䮨,재,,187馬,187.10,20,20,20,fire,0.8,hun-missing,,,
U+4C85,䲅,규,,195魚,195.11,22,22,22,water,0.9,hun-missing,,,
U+4CBB,䲻,연 현,,196鳥,196.5,16,16,16,fire,0.8,hun-missing,,,
U+4CDF,䳟,명,,196鳥,196.8,19,19,19,fire,0.8,hun-missing,,,
U+4CE0,䳠,수,,196鳥,196.8,19,19,19,fire,0.8,hun-missing,,,
U+4CF2,䳲,진,,196鳥,196.10,21,21,21,fire,0.8,hun-missing,,,
U+4D1B,䴛,소,,197鹵,197.7,18,18,18,,,hun-missing jawon-unclassified,,,
U+4D65,䵥,울,,203黑,203.6,18,18,18,water,0.8,hun-missing,,,
U+4E00,一,일,한 일,1一,1.0,1,1,1,,,numeral-suui jawon-unclassified,,,
U+4E03,七,칠,"일곱 칠, 글체이름 칠",1一,1.1,2,2,7,,,numeral-suui jawon-unclassified,,,
U+4E07,万,만,일만 만,1一,1.2,3,,3,,,jawon-unclassified,,,
U+4E08,丈,장,"어른 장, 길 장",1一,1.2,3,,3,,,jawon-unclassified,,,
U+4E09,三,삼,석 삼,1一,1.2,3,3,3,,,numeral-suui jawon-unclassified,,,
U+4E0A,上,상,위 상,1一,1.2,3,,3,,,jawon-unclassified,,,
U+4E0B,下,하,아래 하,1一,1.2,3,,3,,,jawon-unclassified,,,
U+4E0C,丌,기,,1一,1.2,3,3,3,,,hun-missing jawon-unclassified,,,
U+4E0D,不,부 불,아닐 부,1一,1.3,4,,4,,,jawon-unclassified,,,
U+4E14,且,차,또 차,1一,1.4,5,,5,,,jawon-unclassified,,,
U+4E15,丕,비,"클 비, 으뜸 비",1一,1.4,5,,5,,,jawon-unclassified,,,
U+4E16,世,세,"세상 세, 평생 세, 백년 세, 인간 세",1一,1.4,5,,5,,,jawon-unclassified,,,
U+4E18,丘,구,언덕 구,1一,1.4,5,,5,,,jawon-unclassified,,,
U+4E1E,丞,승,"이을 승, 도울 승, 벼슬의 이름 승, 향상할 승",1一,1.5,6,,6,,,jawon-unclassified,,,
U+4E1F,丟,주,갈 주,1一,1.5,6,,6,,,jawon-unclassified,,,
U+4E26,並,병,竝과 同字,1一,1.7,8,,8,,,jawon-unclassified,,,
U+4E28,丨,곤,뚫다,2丨,2.0,1,,1,,,jawon-unclassified,,,
U+4E2B,丫,아,가장귀 아,2丨,2.2,3,,3,,,jawon-unclassified,,,
U+4E30,丰,봉,예쁠 봉,2丨,2.3,4,,4,,,jawon-unclassified,,,
U+4E31,丱,관,쌍상투 관,2丨,2.4,5,,5,,,jawon-unclassified,,,
U+4E32,串,곶 관,땅이름 곶,2丨,2.6,7,,7,,,jawon-unclassified,,,
U+4E38,丸,환,"알 환, 둥글 환",3丶,3.2,3,,3,,,jawon-unclassified,,,
U+4E39,丹,단 란 난,붉을 단,3丶,3.3,4,,4,,,jawon-unclassified,,,
U+4E3B,主,주,주인 주,3丶,3.4,5,,5,,,jawon-unclassified,,,
U+4E42,乂,예,"풀 벨 예, 다스릴 예",4丿,4.1,2,,2,water,0.6,jawon-low-confidence,,,
U+4E43,乃,내,이에 내,4丿,4.1,2,,2,water,0.6,jawon-low-confidence,,,
U+4E45,久,구,오랠 구,4丿,4.2,3,,3,water,0.6,jawon-low-confidence,,,
U+4E4B,之,지,갈 지,4丿,4.3,4,,4,water,0.6,jawon-low-confidence,,,
U+4E4D,乍,사,잠깐 사,4丿,4.4,5,,5,water,0.6,jawon-low-confidence,,,
U+4E4E,乎,호,"인가 호, 어조사 호",4丿,4.4,5,,5,water,0.6,jawon-low-confidence,,,
U+4E4F,乏,핍,"없을 핍, 옹색할 핍, 다할 핍, 모자랄 핍",4丿,4.4,5,,5,water,0.6,jawon-low-confidence,,,
U+4E56,乖,괴,"어그러질 괴, 어긋날 괴",4丿,4.7,8,,8,water,0.6,jawon-low-confidence,,,
U+4E58,乘,승,"오를 승, 곱할 승, 셈하는 단위 승, 같은 물건 네 개 승, 탈 승",4丿,4.9,10,,10,water,0.6,jawon-low-confidence,,,
U+4E5D,九,구,아홉 구,5乙,5.1,2,2,9,wood,0.6,numeral-suui jawon-low-confidence,,,
U+4E5E,乞,걸,"구걸할 걸, 요구할 걸, 원할 걸, 거지 걸",5乙,5.2,3,,3,wood,0.6,jawon-low-confidence,,,
U+4E5F,也,야,단정의 어조사 야,5乙,5.2,3,,3,wood,0.6,jawon-low-confidence,,,
U+4E67,乧,둘,음역자 둘,5乙,5.4,5,,5,wood,0.6,jawon-low-confidence,,,
U+4E6B,乫,갈,땅이름 갈,5乙,5.5,6,,6,wood,0.6,jawon-low-confidence,,,
U+4E6C,乬,걸,갈 걸,5乙,5.5,6,,6,wood,0.6,jawon-low-confidence,,,
U+4E6D,乭,돌,"이름 돌, 사람이름 돌",5乙,5.5,6,,6,wood,0.6,jawon-low-confidence,,,
U+4E73,乳,유,"젖 유, 종유석 유, 낳을 유, 젖먹일 유, 기를 유",5乙,5.7,8,,8,wood,0.6,jawon-low-confidence,,,
U+4E76,乶,볼,땅이름,5乙,5.7,8,,8,wood,0.6,jawon-low-confidence,,,
U+4E77,乷,살,음역자 살,5乙,5.7,8,,8,wood,0.6,jawon-low-confidence,,,
U+4E79,乹,건,,5乙,5.8,9,9,9,wood,0.6,hun-missing jawon-low-confidence,,,
U+4E7A,乺,솔,,5乙,5.8,9,9,9,wood,0.6,hun-missing jawon-low-confidence,,,
U+4E7B,乻,늘 얼,,5乙,5.8,9,9,9,wood,0.6,hun-missing jawon-low-confidence,,,
U+4E7C,乼,줄,줄 줄,5乙,5.8,9,,9,wood,0.6,jawon-low-confidence,,,
U+4E7E,乾,건,"하늘 건, 괘 이름 건, 서북쪽 건, 굳셀 건, 임금 건",5乙,5.10,11,,11,wood,0.6,jawon-low-confidence,,,
U+4E82,亂,란 난,어지러울 란,5乙,5.12,13,,13,wood,0.6,jawon-low-confidence,,,
U+4E86,了,료 요,마칠 료,6亅,6.1,2,,2,,,jawon-unclassified,,,
U+4E88,予,여,"자기 여, 나 여",6亅,6.3,4,,4,,,jawon-unclassified,,,
U+4E8B,事,사,일 사,6亅,6.7,8,,8,,,jawon-unclassified,,,
U+4E8C,二,이,"두 이, 풍신 이, 같을 이, 의심할 이",7二,7.0,2,2,2,,,numeral-suui jawon-unclassified,,,
U+4E8E,于,우,"갈 우, 여기 우, 만족할 우, 탄식의 어조사 우",7二,7.1,3,,3,,,jawon-unclassified,,,
U+4E91,云,운,"이를 운, 움직일 운, 돌아갈 운",7二,7.2,4,,4,,,jawon-unclassified,,,
U+4E92,互,호,"서로 호, 함께 호",7二,7.2,4,,4,,,jawon-unclassified,,,
U+4E94,五,오,다섯 오,7二,7.2,4,4,5,,,numeral-suui jawon-unclassified,,,
U+4E95,井,정,"우물 정, 단정할 정, 괘 이름 정, 천정 정, 저자 정",7二,7.2,4,,4,,,jawon-unclassified,,,
U+4E98,亘,긍 선,뻗칠,7二,7.4,6,,6,,,jawon-unclassified,,,
U+4E99,亙,긍,뻗칠 긍,7二,7.4,6,,6,,,jawon-unclassified,,,
U+4E9B,些,사,적을 사,7二,7.5,8,7,8,,,won-total-exceeds-formula jawon-unclassified,,,
U+4E9C,亜,아,,7二,7.5,7,7,7,,,hun-missing jawon-unclassified,,,
U+4E9E,亞,아,버금 아,7二,7.6,8,,8,,,jawon-unclassified,,,
U+4E9F,亟,극,빠를 극,7二,7.6,9,8,9,,,won-total-exceeds-formula jawon-unclassified,,,
U+4EA1,亡,망,망할 망,8亠,8.1,3,,3,earth,0.6,jawon-low-confidence,,,
U+4EA2,亢,항,"목 항, 높을 항, 별이름 항, 기둥 항, 가릴 항",8亠,8.2,4,,4,earth,0.6,jawon-low-confidence,,,
U+4EA4,交,교,사귈 교,8亠,8.4,6,,6,earth,0.6,jawon-low-confidence,,,
U+4EA6,亦,역,"또 역, 모두 역",8亠,8.4,6,,6,earth,0.6,jawon-low-confidence,,,
U+4EA8,亨,형,"형통할 형, 제사 형",8亠,8.5,7,,7,earth,0.6,jawon-low-confidence,,,
U+4EAB,享,향,"드릴 향, 제사지낼 향, 잔치 향, 흠향할 향",8亠,8.6,8,,8,earth,0.6,jawon-low-confidence,,,
U+4EAC,京,경,서울 경,8亠,8.6,8,,8,earth,0.6,jawon-low-confidence,,,
U+4EAD,亭,정,"정자 정, 여관 정, 고를 정",8亠,8.7,9,,9,earth,0.6,jawon-low-confidence,,,
U+4EAE,亮,량 양,밝을 량,8亠,8.7,9,,9,earth,0.6,jawon-low-confidence,,,
U+4EB0,亰,경,,8亠,8.7,9,9,9,earth,0.6,hun-missing jawon-low-confidence,,,
U+4EB3,亳,박,땅이름 박,8亠,8.8,10,,10,earth,0.6,jawon-low-confidence,,,
U+4EB4,亴,우,,8亠,8.10,12,12,12,earth,0.6,hun-missing jawon-low-confidence,,,
U+4EB6,亶,단,믿을 단,8亠,8.11,13,,13,earth,0.6,jawon-low-confidence,,,
U+4EB9,亹,미,"힘쓸 미, 문채가 있는 모양 미",8亠,8.19,21,,21,earth,0.6,jawon-low-confidence,,,
U+4EBA,人,인,사람 인,9人,9.0,2,,2,earth,0.5,jawon-low-confidence,,,
U+4EC0,什,십 집,열 사람 십,9人,9.2,4,,4,earth,0.5,jawon-low-confidence,,,
U+4EC3,仃,정,,9人,9.2,4,4,4,earth,0.5,hun-missing jawon-low-confidence,,,
U+4EC4,仄,측,"기울 측, 성조 측, 물이 괄괄 흐를 측, 희미할 측, 옆 측, 돈 이름 측",9人,9.2,4,,4,earth,0.5,jawon-low-confidence,,,
U+4EC7,仇,구,"짝 구, 원수 구",9人,9.2,4,,4,earth,0.5,jawon-low-confidence,,,
U+4EC9,仉,장,,9人,9.2,4,4,4,earth,0.5,hun-missing jawon-low-confidence,,,
U+4ECA,今,금,이제 금,9人,9.2,4,,4,earth,0.5,jawon-low-confidence,,,
U+4ECB,介,개,"낄 개, 도울 개, 맬 개, 클 개, 중매할 개",9人,9.2,4,,4,earth,0.5,jawon-low-confidence,,,
U+4ECD,仍,잉,"인할 잉, 이전의 잉",9人,9.2,4,,4,earth,0.5,jawon-low-confidence,,,
U+4ED4,仔,자,자세할 자,9人,9.3,5,,5,earth,0.5,jawon-low-confidence,,,
U+4ED5,仕,사,벼슬할 사,9人,9.3,5,,5,earth,0.5,jawon-low-confidence,,,
U+4ED6,他,타,"다를 타, 저 타, 간사할 타",9人,9.3,5,,5,earth,0.5,jawon-low-confidence,,,
U+4ED7,仗,장,"병장기 장, 의지할 장",9人,9.3,5,,5,earth,0.5,jawon-low-confidence,,,
U+4ED8,付,부,"줄 부, 부탁할 부",9人,9.3,5,,5,earth,0.5,jawon-low-confidence,,,
U+4ED9,仙,선,신선 선,9人,9.3,5,,5,earth,0.5,jawon-low-confidence,,,
U+4EDA,仚,현,,9人,9.3,5,5,5,earth,0.5,hun-missing jawon-low-confidence,,,
U+4EDC,仜,홍,,9人,9.3,5,5,5,earth,0.5,hun-missing jawon-low-confidence,,,
U+4EDD,仝,동,"同의 古字, 같을 동",9人,9.3,5,,5,earth,0.5,jawon-low-confidence,,,
U+4EDE,仞,인,길 인,9人,9.3,5,,5,earth,0.5,jawon-low-confidence,,,
U+4EDF,仟,천,"일천 천, 천사람 천",9人,9.3,5,,5,earth,0.5,jawon-low-confidence,,,
U+4EE1,仡,흘,날랠 흘,9人,9.3,5,,5,earth,0.5,jawon-low-confidence,,,
U+4EE3,代,대,대신할 대,9人,9.3,5,,5,earth,0.5,jawon-low-confidence,,,
U+4EE4,令,령 영,"명령 령, 시킬 령, 하여금 령",9人,9.3,5,,5,earth,0.5,jawon-low-confidence,,,
U+4EE5,以,이,"써 이, 쓸 이, 까닭 이, 함께 이, 거느릴 이",9人,9.3,5,,5,earth,0.5,jawon-low-confidence,,,
U+4EF0,仰,앙,"우러를 앙, 우러러볼 앙",9人,9.4,6,,6,earth,0.5,jawon-low-confidence,,,
U+4EF1,仱,금 긍,,9人,9.4,6,6,6,earth,0.5,hun-missing jawon-low-confidence,,,
U+4EF2,仲,중,버금 중,9人,9.4,6,,6,earth,0.5,jawon-low-confidence,,,
U+4EF3,仳,비,떠날 비,9人,9.4,6,,6,earth,0.5,jawon-low-confidence,,,
U+4EF5,仵,오,"짝 오, 같을 오",9人,9.4,6,,6,earth,0.5,jawon-low-confidence,,,
U+4EF6,件,건,"조건 건, 가지 건, 구별할 건, 나눌 건",9人,9.4,6,,6,earth,0.5,jawon-low-confidence,,,
U+4EF7,价,개,"착할 개, 클 개, 사신 개",9人,9.4,6,,6,earth,0.5,jawon-low-confidence,,,
U+4EFB,任,임,"맡길 임, 맡을 임",9人,9.4,6,,6,earth,0.5,jawon-low-confidence,,,
U+4EFD,份,빈,,9人,9.4,6,6,6,earth,0.5,hun-missing jawon-low-confidence,,,
U+4EFF,仿,방,헤멜 방,9人,9.4,6,,6,earth,0.5,jawon-low-confidence,,,
U+4F00,伀,종,두려워할 종,9人,9.4,6,,6,earth,0.5,jawon-low-confidence,,,
U+4F01,企,기,"꾀할 기, 계획할 기",9人,9.4,6,,6,earth,0.5,jawon-low-confidence,,,
U+4F03,伃,여,,9人,9.4,6,6,6,earth,0.5,hun-missing jawon-low-confidence,,,
U+4F08,伈,심,,9人,9.4,6,6,6,earth,0.5,hun-missing jawon-low-confidence,,,
U+4F09,伉,항,"강직할 항, 우뚝할 항, 배필 항, 겨룰 항, 짝 항",9人,9.4,6,,6,earth,0.5,jawon-low-confidence,,,
U+4F0A,伊,이,"저 이, 이 이, 오직 이, 답답할 이, 성씨 이",9人,9.4,6,,6,earth,0.5,jawon-low-confidence,,,
U+4F0B,伋,급,"속일 급, 생각할 급",9人,9.4,6,,6,earth,0.5,jawon-low-confidence,,,
U+4F0D,伍,오,"五의 갖은자, 다섯 사람 오, 무리 오",9人,9.4,6,,6,earth,0.5,jawon-low-confidence,,,
U+4F0E,伎,기,재주 기,9人,9.4,6,,6,earth,0.5,jawon-low-confidence,,,
U+4F0F,伏,복,엎드릴 복,9人,9.4,6,,6,earth,0.5,jawon-low-confidence,,,
U+4F10,伐,벌,칠 벌,9人,9.4,6,,6,earth,0.5,jawon-low-confidence,,,
U+4F11,休,휴,쉴 휴,9人,9.4,6,,6,earth,0.5,jawon-low-confidence,,,
U+4F12,伒,근,,9人,9.4,6,6,6,earth,0.5,hun-missing jawon-low-confidence,,,
U+4F18,优,우,,9人,9.4,6,6,6,earth,0.5,hun-missing jawon-low-confidence,,,
U+4F19,伙,화,,9人,9.4,6,6,6,earth,0.5,hun-missing jawon-low-confidence,,,
U+4F1A,会,회,,9人,9.4,6,6,6,earth,0.5,hun-missing jawon-low-confidence,,,
U+4F2F,伯,백,맏 백,9人,9.5,7,,7,earth,0.5,jawon-low-confidence,,,
U+4F30,估,고,값 고,9人,9.5,7,,7,earth,0.5,jawon-low-confidence,,,
U+4F34,伴,반,짝 반,9人,9.5,7,,7,earth,0.5,jawon-low-confidence,,,
U+4F36,伶,령 영,"영리할 령, 악공 령, 광대 령",9人,9.5,7,,7,earth,0.5,jawon-low-confidence,,,
U+4F37,伷,주,,9人,9.5,7,7,7,earth,0.5,hun-missing jawon-low-confidence,,,
U+4F38,伸,신,"펼 신, 다스릴 신, 기지개 신",9人,9.5,7,,7,earth,0.5,jawon-low-confidence,,,
U+4F3A,伺,사,엿볼 사,9人,9.5,7,,7,earth,0.5,jawon-low-confidence,,,
U+4F3B,伻,팽,,9人,9.5,7,7,7,earth,0.5,hun-missing jawon-low-confidence,,,
U+4F3C,似,사,같을 사,9人,9.5,6,,7,earth,0.5,jawon-low-confidence,,,
U+4F3D,伽,가,절 가,9人,9.5,7,,7,earth,0.5,jawon-low-confidence,,,
U+4F3E,伾,비,,9人,9.5,7,7,7,earth,0.5,hun-missing jawon-low-confidence,,,
U+4F42,佂,정,두려워할 정,9人,9.5,7,,7,earth,0.5,jawon-low-confidence,,,
U+4F43,佃,전,"밭 맬 전, 머슴꾼 전, 사냥할 전, 밭갈 전",9人,9.5,7,,7,earth,0.5,jawon-low-confidence,,,
U+4F46,但,단,다만 단,9人,9.5,7,,7,earth,0.5,jawon-low-confidence,,,
U+4F47,佇,저,"오래 설 저, 기다릴 저, 잠깐 머물 저, 우두커니설 저",9人,9.5,7,,7,earth,0.5,jawon-low-confidence,,,
U+4F48,佈,포,"펼칠 포, 널리알릴 포",9人,9.5,7,,7,earth,0.5,jawon-low-confidence,,,
U+4F49,佉,거 구,나라이름 거,9人,9.5,7,,7,earth,0.5,jawon-low-confidence,,,
U+4F4B,佋,소,"소개할 소, 사신 소, 댓수의 차례 소",9人,9.5,7,,7,earth,0.5,jawon-low-confidence,,,
U+4F4D,位,위,"벼슬 위, 임금의 신분 위, 자리 위, 방위 위",9人,9.5,7,,7,earth,0.5,jawon-low-confidence,,,
U+4F4E,低,저,"낮을 저, 값 쌀 저, 소리 약할 저, 숙일 저, 머뭇거릴 저",9人,9.5,7,,7,earth,0.5,jawon-low-confidence,,,
U+4F4F,住,주,"살 주, 머무를 주",9人,9.5,7,,7,earth,0.5,jawon-low-confidence,,,
U+4F50,佐,좌,도울 좌,9人,9.5,7,,7,earth,0.5,jawon-low-confidence,,,
U+4F51,佑,우,도울 우,9人,9.5,7,,7,earth,0.5,jawon-low-confidence,,,
U+4F53,体,분,용렬할 분,9人,9.5,7,,7,earth,0.5,jawon-low-confidence,,,
U+4F54,佔,점,"엿볼 점, 숙일 점",9人,9.5,7,,7,earth,0.5,jawon-low-confidence,,,
U+4F55,何,하,어찌 하,9人,9.5,7,,7,earth,0.5,jawon-low-confidence,,,
U+4F56,佖,필,"점잔피울 필, 가득할 필",9人,9.5,7,,7,earth,0.5,jawon-low-confidence,,,
U+4F57,佗,타,"다를 타, 저 타, 마음에 든든할 타, 더할 타, 입을 타, 짊어질 타",9人,9.5,7,,7,earth,0.5,jawon-low-confidence,,,
U+4F59,余,여,"자기 여, 남을 여, 나 여",9人,9.5,7,,7,earth,0.5,jawon-low-confidence,,,
U+4F5A,佚,일,"편안할 일, 편할 일",9人,9.5,7,,7,earth,0.5,jawon-low-confidence,,,
U+4F5B,佛,불,부처 불,9人,9.5,7,,7,earth,0.5,jawon-low-confidence,,,
U+4F5C,作,작,지을 작,9人,9.5,7,,7,earth,0.5,jawon-low-confidence,,,
U+4F5D,佝,구,꼽추 구,9人,9.5,7,,7,earth,0.5,jawon-low-confidence,,,
U+4F5E,佞,녕 영,재주 녕,9人,9.5,7,,7,earth,0.5,jawon-low-confidence,,,
U+4F5F,佟,퉁,,9人,9.5,7,7,7,earth,0.5,hun-missing jawon-low-confidence,,,
U+4F69,佩,패,"패옥 패, 찰 패, 마음에 먹을 패, 물이 흘러서 합할 패",9人,9.6,8,,8,earth,0.5,jawon-low-confidence,,,
U+4F6A,佪,회,어정거릴 회,9人,9.6,8,,8,earth,0.5,jawon-low-confidence,,,
U+4F6F,佯,양,"거짓 양, 어정거릴 양, 속일 양",9人,9.6,8,,8,earth,0.5,jawon-low-confidence,,,
U+4F70,佰,백,백사람의어른,9人,9.6,8,,8,earth,0.5,jawon-low-confidence,,,
U+4F73,佳,가,아름다울 가,9人,9.6,8,,8,earth,0.5,jawon-low-confidence,,,
U+4F74,佴,이,,9人,9.6,8,8,8,earth,0.5,hun-missing jawon-low-confidence,,,
U+4F76,佶,길,"건장할 길, 바를 길",9人,9.6,8,,8,earth,0.5,jawon-low-confidence,,,
U+4F78,佸,괄,힘 쓸 괄,9人,9.6,8,,8,earth,0.5,jawon-low-confidence,,,
U+4F79,佹,궤,포갤 궤,9人,9.6,8,,8,earth,0.5,jawon-low-confidence,,,
U+4F7A,佺,전,신선이름,9人,9.6,8,,8,earth,0.5,jawon-low-confidence,,,
U+4F7B,佻,조,방정맞을 조,9人,9.6,8,,8,earth,0.5,jawon-low-confidence,,,
U+4F7C,佼,교,예쁠 교,9人,9.6,8,,8,earth,0.5,jawon-low-confidence,,,
U+4F7D,佽,차,도울 차,9人,9.6,8,,8,earth,0.5,jawon-low-confidence,,,
U+4F7E,佾,일,"춤 일, 줄춤 일",9人,9.6,8,,8,earth,0.5,jawon-low-confidence,,,
U+4F7F,使,사,하여금 사,9人,9.6,8,,8,earth,0.5,jawon-low-confidence,,,
U+4F80,侀,형,,9人,9.6,8,8,8,earth,0.5,hun-missing jawon-low-confidence,,,
U+4F81,侁,신,"떼지어 갈 신, 여럿이 행함 신",9人,9.6,8,,8,earth,0.5,jawon-low-confidence,,,
U+4F83,侃,간,강직할 간,9人,9.6,8,,8,earth,0.5,jawon-low-confidence,,,
U+4F84,侄,질,"어리석을 질, 굳을 질",9人,9.6,8,,8,earth,0.5,jawon-low-confidence,,,
U+4F85,侅,해,,9人,9.6,8,8,8,earth,0.5,hun-missing jawon-low-confidence,,,
U+4F86,來,래 내,올 래,9人,9.6,8,,8,earth,0.5,jawon-low-confidence,,,
U+4F88,侈,치,"사치할 치, 넓을 치, 많을 치, 풍부할 치",9人,9.6,8,,8,earth,0.5,jawon-low-confidence,,,
U+4F89,侉,과,자랑할 과,9人,9.6,8,,8,earth,0.5,jawon-low-confidence,,,
U+4F8A,侊,광,"성한 모양 광, 클 광",9人,9.6,8,,8,earth,0.5,jawon-low-confidence,,,
U+4F8B,例,례 예,법식 례,9人,9.6,8,,8,earth,0.5,jawon-low-confidence,,,
U+4F8D,侍,시,"모실 시, 가까울 시, 좇을 시",9人,9.6,8,,8,earth,0.5,jawon-low-confidence,,,
U+4F8E,侎,미,,9人,9.6,8,8,8,earth,0.5,hun-missing jawon-low-confidence,,,
U+4F8F,侏,주,"난쟁이 주, 난장이 주",9人,9.6,8,,8,earth,0.5,jawon-low-confidence,,,
U+4F90,侐,혁,,9人,9.6,8,8,8,earth,0.5,hun-missing jawon-low-confidence,,,
U+4F91,侑,유,"도울 유, 권할 유, 귀인을 모시고 밥먹을 유",9人,9.6,8,,8,earth,0.5,jawon-low-confidence,,,
U+4F92,侒,안,,9人,9.6,8,8,8,earth,0.5,hun-missing jawon-low-confidence,,,
U+4F94,侔,모,가지런 할 모,9人,9.6,8,,8,earth,0.5,jawon-low-confidence,,,
U+4F96,侖,륜 윤,"둥글 륜, 뭉치 륜",9人,9.6,8,,8,earth,0.5,jawon-low-confidence,,,
U+4F97,侗,동,무지할 동,9人,9.6,8,,8,earth,0.5,jawon-low-confidence,,,
U+4F98,侘,차,"실의할 차, 자랑할 차",9人,9.6,8,,8,earth,0.5,jawon-low-confidence,,,
U+4F9A,侚,순,"좇을 순, 빠를 순, 조리 돌릴 순",9人,9.6,8,,8,earth,0.5,jawon-low-confidence,,,
U+4F9B,供,공,"이바지할 공, 베풀 공",9人,9.6,8,,8,earth,0.5,jawon-low-confidence,,,
U+4F9C,侜,주,속일 주,9人,9.6,8,,8,earth,0.5,jawon-low-confidence,,,
U+4F9D,依,의,"의지할 의, 기댈 의, 비슷할 의, 따를 의, 비유할 의, 병풍 의",9人,9.6,8,,8,earth,0.5,jawon-low-confidence,,,
U+4F9E,侞,여,,9人,9.6,8,8,8,earth,0.5,hun-missing jawon-low-confidence,,,
U+4FAE,侮,모,업신여길 모,9人,9.7,9,,9,earth,0.5,jawon-low-confidence,,,
U+4FAF,侯,후,"과녁 후, 벼슬이름 후",9人,9.7,9,,9,earth,0.5,jawon-low-confidence,,,
U+4FB2,侲,진,동자 진,9人,9.7,9,,9,earth,0.5,jawon-low-confidence,,,
U+4FB5,侵,침,"범할 침, 침노할 침, 습격할 침, 흉작 침",9人,9.7,9,,9,earth,0.5,jawon-low-confidence,,,
U+4FB6,侶,려 여,짝 려,9人,9.7,9,,9,earth,0.5,jawon-low-confidence,,,
U+4FB9,侹,정,,9人,9.7,8,9,9,earth,0.5,hun-missing jawon-low-confidence,,,
U+4FBB,侻,탈,"간사할 탈, 가벼울 탈, 간략할 탈",9人,9.7,9,,9,earth,0.5,jawon-low-confidence,,,
U+4FBD,侽,남,,9人,9.7,9,9,9,earth,0.5,hun-missing jawon-low-confidence,,,
U+4FBE,侾,효,,9人,9.7,9,9,9,earth,0.5,hun-missing jawon-low-confidence,,,
U+4FBF,便,변 편,"똥오줌 변, 문득 변",9人,9.7,9,,9,earth,0.5,jawon-low-confidence,,,
U+4FC1,俁,우,,9人,9.7,9,9,9,earth,0.5,hun-missing jawon-low-confidence,,,
U+4FC2,係,계,"걸릴 계, 이을 계",9人,9.7,9,,9,earth,0.5,jawon-low-confidence,,,
U+4FC3,促,촉,"핍박할 촉, 촉박할 촉, 좁을 촉, 빠를 촉, 짧을 촉, 재촉할 촉",9人,9.7,9,,9,earth,0.5,jawon-low-confidence,,,
U+4FC4,俄,아,갑자기 아,9人,9.7,9,,9,earth,0.5,jawon-low-confidence,,,
U+4FC5,俅,구,공손할 구,9人,9.7,9,,9,earth,0.5,jawon-low-confidence,,,
U+4FC9,俉,오,맞이할 오,9人,9.7,9,,9,earth,0.5,jawon-low-confidence,,,
U+4FCA,俊,준,준걸 준,9人,9.7,9,,9,earth,0.5,jawon-low-confidence,,,
U+4FCC,俌,보,도울 보,9人,9.7,9,,9,earth,0.5,jawon-low-confidence,,,
U+4FCD,俍,량 양,,9人,9.7,9,9,9,earth,0.5,hun-missing jawon-low-confidence,,,
U+4FCE,俎,조,도마 조,9人,9.7,9,,9,earth,0.5,jawon-low-confidence,,,
U+4FCF,俏,초,,9人,9.7,9,9,9,earth,0.5,hun-missing jawon-low-confidence,,,
U+4FD0,俐,리 이,똑똑할 리,9人,9.7,9,,9,earth,0.5,jawon-low-confidence,,,
U+4FD1,俑,용,시체와 함께 매장하는 허수아비 인형 용,9人,9.7,9,,9,earth,0.5,jawon-low-confidence,,,
U+4FD2,俒,혼,,9人,9.7,9,9,9,earth,0.5,hun-missing jawon-low-confidence,,,
U+4FD3,俓,경,"徑과 同字, 곧을 경",9人,9.7,9,,9,earth,0.5,jawon-low-confidence,,,
U+4FD4,俔,현,"연탐할 현, 풍세보는 깃 현, 정탐할 현",9人,9.7,9,,9,earth,0.5,jawon-low-confidence,,,
U+4FD6,俖,배,,9人,9.7,9,9,9,earth,0.5,hun-missing jawon-low-confidence,,,
U+4FD7,俗,속,"익을 속, 버릇 속, 풍속 속, 세상 속",9人,9.7,9,,9,earth,0.5,jawon-low-confidence,,,
U+4FD8,俘,부,사로잡을 부,9人,9.7,9,,9,earth,0.5,jawon-low-confidence,,,
U+4FD9,俙,희,,9人,9.7,9,9,9,earth,0.5,hun-missing jawon-low-confidence,,,
U+4FDA,俚,리 이,속될 리,9人,9.7,9,,9,earth,0.5,jawon-low-confidence,,,
U+4FDB,俛,면,힘쓸 면,9人,9.7,9,,9,earth,0.5,jawon-low-confidence,,,
U+4FDD,保,보,"지킬 보, 도울 보",9人,9.7,9,,9,earth,0.5,jawon-low-confidence,,,
U+4FDE,俞,유,,9人,9.7,9,9,9,earth,0.5,hun-missing jawon-low-confidence,,,
U+4FDF,俟,사,기다릴 사,9人,9.7,9,,9,earth,0.5,jawon-low-confidence,,,
U+4FE0,俠,협,"의기 협, 사이에 낄 협, 협기 협",9人,9.7,9,,9,earth,0.5,jawon-low-confidence,,,
U+4FE3,俣,오,갈래질 오,9人,9.7,9,,9,earth,0.5,jawon-low-confidence,,,
U+4FE4,俤,제,,9人,9.7,9,9,9,earth,0.5,hun-missing jawon-low-confidence,,,
U+4FEE,修,수,"닦을 수, 옳게할 수, 정리할 수, 꾸밀 수",9人,9.8,10,,10,earth,0.5,jawon-low-confidence,,,
U+4FEF,俯,부,"구푸릴 부, 구부릴 부",9人,9.8,10,,10,earth,0.5,jawon-low-confidence,,,
U+4FF0,俰,화,화할 화,9人,9.8,10,,10,earth,0.5,jawon-low-confidence,,,
U+4FF1,俱,구,함께 구,9人,9.8,10,,10,earth,0.5,jawon-low-confidence,,,
U+4FF3,俳,배,광대 배,9人,9.8,10,,10,earth,0.5,jawon-low-confidence,,,
U+4FF4,俴,천,엷을 천,9人,9.8,10,,10,earth,0.5,jawon-low-confidence,,,
U+4FF5,俵,표,"나누어 줄 표, 흩어질 표, 가마니 표",9人,9.8,10,,10,earth,0.5,jawon-low-confidence,,,
U+4FF6,俶,숙,"비롯할 숙, 처음 숙, 지을 숙",9人,9.8,10,,10,earth,0.5,jawon-low-confidence,,,
U+4FF8,俸,봉,녹 봉,9人,9.8,10,,10,earth,0.5,jawon-low-confidence,,,
U+4FFA,俺,엄,"자기 엄, 클 엄",9人,9.8,10,,10,earth,0.5,jawon-low-confidence,,,
U+4FFD,俽,흔,,9人,9.8,10,10,10,earth,0.5,hun-missing jawon-low-confidence,,,
U+4FFE,俾,비,더할 비,9人,9.8,10,,10,earth,0.5,jawon-low-confidence,,,
U+5000,倀,창,미칠 창,9人,9.8,10,,10,earth,0.5,jawon-low-confidence,,,
U+5002,倂,병,"아우를 병, 나란할 병",9人,9.8,10,,10,earth,0.5,jawon-low-confidence,,,
U+5005,倅,쉬,"버금 쉬, 아직 벼슬자리에 오르지 않은 아들 쉬, 원님 쉬",9人,9.8,10,,10,earth,0.5,jawon-low-confidence,,,
U+5006,倆,량 양,"재주 량, 공교할 량",9人,9.8,10,,10,earth,0.5,jawon-low-confidence,,,
U+5007,倇,원,,9人,9.8,10,10,10,earth,0.5,hun-missing jawon-low-confidence,,,
U+5008,倈,래 내(두음),,9人,9.8,10,10,10,earth,0.5,hun-missing jawon-low-confidence,,,
U+5009,倉,창,곳집 창,9人,9.8,10,,10,earth,0.5,jawon-low-confidence,,,
U+500B,個,개,"낱 개, 치우칠 개",9人,9.8,10,,10,earth,0.5,jawon-low-confidence,,,
U+500C,倌,관,,9人,9.8,10,10,10,earth,0.5,hun-missing jawon-low-confidence,,,
U+500D,倍,배,"곱 배, 갑절 배",9人,9.8,10,,10,earth,0.5,jawon-low-confidence,,,
U+500F,倏,숙,"잠간 숙, 홀연 숙, 개의 빨리 달리는 모양 숙",9人,9.8,10,,10,earth,0.5,jawon-low-confidence,,,
U+5011,們,문,"들 문, 무리 문",9人,9.8,10,,10,earth,0.5,jawon-low-confidence,,,
U+5012,倒,도,"넘어질 도, 거꾸러질 도",9人,9.8,10,,10,earth,0.5,jawon-low-confidence,,,
U+5013,倓,담,,9人,9.8,10,10,10,earth,0.5,hun-missing jawon-low-confidence,,,
U+5014,倔,굴,딱딱할 굴,9人,9.8,10,,10,earth,0.5,jawon-low-confidence,,,
U+5015,倕,수,,9人,9.8,10,10,10,earth,0.5,hun-missing jawon-low-confidence,,,
U+5016,倖,행,"요행 행, 괴일 행, 아당할 행, 친할 행, 사랑할 행",9人,9.8,10,,10,earth,0.5,jawon-low-confidence,,,
U+5018,倘,당,혹시 당,9人,9.8,10,,10,earth,0.5,jawon-low-confidence,,,
U+5019,候,후,"물을 후, 기후 후",9人,9.8,10,,10,earth,0.5,jawon-low-confidence,,,
U+501A,倚,의,"기댈 의, 의지할 의, 믿을 의",9人,9.8,10,,10,earth,0.5,jawon-low-confidence,,,
U+501B,倛,기,,9人,9.8,10,10,10,earth,0.5,hun-missing jawon-low-confidence,,,
U+501C,倜,척,"대범할 척, 빼어날 척",9人,9.8,10,,10,earth,0.5,jawon-low-confidence,,,
U+501E,倞,경,굳셀 경,9人,9.8,10,,10,earth,0.5,jawon-low-confidence,,,
U+501F,借,차,"빌 차, 빌릴 차",9人,9.8,10,,10,earth,0.5,jawon-low-confidence,,,
U+5021,倡,창,"여광대 창, 계집광대 창",9人,9.8,10,,10,earth,0.5,jawon-low-confidence,,,
U+5022,倢,첩,빠를 첩,9人,9.8,10,,10,earth,0.5,jawon-low-confidence,,,
U+5023,倣,방,"본뜰 방, 본받을 방",9人,9.8,10,,10,earth,0.5,jawon-low-confidence,,,
U+5024,値,치,"값 치, 가치있을 치, 만날 치, 당할 치",9人,9.8,10,,10,earth,0.5,jawon-low-confidence,,,
U+5025,倥,공,어리석을 공,9人,9.8,10,,10,earth,0.5,jawon-low-confidence,,,
U+5026,倦,권,게으를 권,9人,9.8,10,,10,earth,0.5,jawon-low-confidence,,,
U+5027,倧,종,"상고 신인 종, 옛적신인 종",9人,9.8,10,,10,earth,0.5,jawon-low-confidence,,,
U+5028,倨,거,"거만할 거, 걸터 앉을 거, 굽을 거",9人,9.8,10,,10,earth,0.5,jawon-low-confidence,,,
U+5029,倩,천,예쁠 천,9人,9.8,10,,10,earth,0.5,jawon-low-confidence,,,
U+502A,倪,예,"어릴 예, 도울 예, 끝 예",9人,9.8,10,,10,earth,0.5,jawon-low-confidence,,,
U+502B,倫,륜 윤,인륜 륜,9人,9.8,10,,10,earth,0.5,jawon-low-confidence,,,
U+502C,倬,탁,"환할 탁, 클 탁",9人,9.8,10,,10,earth,0.5,jawon-low-confidence,,,
U+502D,倭,왜,"나라이름 왜, 일본",9人,9.8,10,,10,earth,0.5,jawon-low-confidence,,,
U+502E,倮,라 나,알몸 라,9人,9.8,10,,10,earth,0.5,jawon-low-confidence,,,
U+5030,倰,릉 능,속일 릉,9人,9.8,10,,10,earth,0.5,jawon-low-confidence,,,
U+5032,倲,동,,9人,9.8,10,10,10,earth,0.5,hun-missing jawon-low-confidence,,,
U+503B,倻,야,땅이름 야,9人,9.9,10,,11,earth,0.5,jawon-low-confidence,,,
U+5040,偀,영,,9人,9.9,10,11,11,earth,0.5,hun-missing jawon-low-confidence,,,
U+5043,偃,언,"자빠질 언, 누울 언",9人,9.9,11,,11,earth,0.5,jawon-low-confidence,,,
U+5044,偄,난,언약할 난,9人,9.9,11,,11,earth,0.5,jawon-low-confidence,,,
U+5046,偆,준,,9人,9.9,11,11,11,earth,0.5,hun-missing jawon-low-confidence,,,
U+5047,假,가,거짓 가,9人,9.9,11,,11,earth,0.5,jawon-low-confidence,,,
U+5048,偈,게,"쉴 게, 게타 게, 글귀 게",9人,9.9,11,,11,earth,0.5,jawon-low-confidence,,,
U+5049,偉,위,"클 위, 넉넉할 위, 기특할 위",9人,9.9,11,,11,earth,0.5,jawon-low-confidence,,,
U+504A,偊,우,,9人,9.9,11,11,11,earth,0.5,hun-missing jawon-low-confidence,,,
U+504E,偎,외,"사랑할 외, 가물거릴 외",9人,9.9,11,,11,earth,0.5,jawon-low-confidence,,,
U+504F,偏,편,"치우칠 편, 무리 편, 오십명 편, 간사한 모양 편",9人,9.9,11,,11,earth,0.5,jawon-low-confidence,,,
U+5053,偓,악,거리낄 악,9人,9.9,11,,11,earth,0.5,jawon-low-confidence,,,
U+5055,偕,해,"함께할 해, 굳셀 해",9人,9.9,11,,11,earth,0.5,jawon-low-confidence,,,
U+5057,偗,성,,9人,9.9,11,11,11,earth,0.5,hun-missing jawon-low-confidence,,,
U+5058,偘,간,侃과 同字,9人,9.9,11,,11,earth,0.5,jawon-low-confidence,,,
U+5059,偙,제,,9人,9.9,11,11,11,earth,0.5,hun-missing jawon-low-confidence,,,
U+505A,做,주,"지을 주, 만들 주",9人,9.9,11,,11,earth,0.5,jawon-low-confidence,,,
U+505C,停,정,"머무를 정, 늦어질 정",9人,9.9,11,,11,earth,0.5,jawon-low-confidence,,,
U+505E,偞,엽,,9人,9.9,11,11,11,earth,0.5,hun-missing jawon-low-confidence,,,
U+5060,偠,요,허리 가늘 요,9人,9.9,11,,11,earth,0.5,jawon-low-confidence,,,
U+5062,偢,초,얼이 빠져 있을 초,9人,9.9,11,,11,earth,0.5,jawon-low-confidence,,,
U+5065,健,건,"굳셀 건, 병 없을 건, 탐할 건",9人,9.9,10,,11,earth,0.5,jawon-low-confidence,,,
U+5066,偦,서,,9人,9.9,11,11,11,earth,0.5,hun-missing jawon-low-confidence,,,
U+506A,偪,핍,"핍박할 핍, 가까울 핍",9人,9.9,11,,11,earth,0.5,jawon-low-confidence,,,
U+5070,偰,설,맑을 설,9人,9.9,11,,11,earth,0.5,jawon-low-confidence,,,
U+5072,偲,시,"간절히 책망할 시, 살피고 힘쓸 시, 굳셀 시",9人,9.9,11,,11,earth,0.5,jawon-low-confidence,,,
U+5073,偳,단,,9人,9.9,11,11,11,earth,0.5,hun-missing jawon-low-confidence,,,
U+5074,側,측,"곁 측, 기울어질 측, 저물 측, 배반할 측, 가까울 측, 미천할 측, 아플 측",9人,9.9,11,,11,earth,0.5,jawon-low-confidence,,,
U+5075,偵,정,"엿볼 정, 정탐할 정, 물을 정",9人,9.9,11,,11,earth,0.5,jawon-low-confidence,,,
U+5076,偶,우,"짝지울 우, 무리 우, 뜻밖에 우",9人,9.9,11,,11,earth,0.5,jawon-low-confidence,,,
U+5078,偸,투,"훔칠 투, 엷을 투, 구차할 투, 인정머리없을 투",9人,9.9,11,,11,earth,0.5,jawon-low-confidence,,,
U+5080,傀,괴,"클 괴, 괴이할 괴",9人,9.10,11,,12,earth,0.5,jawon-low-confidence,,,
U+5083,傃,소,,9人,9.10,12,12,12,earth,0.5,hun-missing jawon-low-confidence,,,
U+5085,傅,부,스승 부,9人,9.10,12,,12,earth,0.5,jawon-low-confidence,,,
U+508B,傋,강,아첨 아니할 강,9人,9.10,12,,12,earth,0.5,jawon-low-confidence,,,
U+508D,傍,방,곁 방,9人,9.10,12,,12,earth,0.5,jawon-low-confidence,,,
U+5091,傑,걸,"호걸 걸, 준걸 걸, 뛰어날 걸, 거만할 걸, 떡잎 걸",9人,9.10,12,,12,earth,0.5,jawon-low-confidence,,,
U+5092,傒,혜,묶을 혜,9人,9.10,12,,12,earth,0.5,jawon-low-confidence,,,
U+5094,傔,겸,겸종 겸,9人,9.10,12,,12,earth,0.5,jawon-low-confidence,,,
U+5095,傕,각,,9人,9.10,12,12,12,earth,0.5,hun-missing jawon-low-confidence,,,
U+5096,傖,창,천할 창,9人,9.10,12,,12,earth,0.5,jawon-low-confidence,,,
U+5098,傘,산,우산 산,9人,9.10,12,,12,earth,0.5,jawon-low-confidence,,,
U+5099,備,비,"깆출 비, 갖출 비",9人,9.10,12,,12,earth,0.5,jawon-low-confidence,,,
U+509A,傚,효,본받을 효,9人,9.10,12,,12,earth,0.5,jawon-low-confidence,,,
U+509B,傛,용,"혁혁할 용, 몸 굽힐 용",9人,9.10,12,,12,earth,0.5,jawon-low-confidence,,,
U+509D,傝,탑,"답답할 탑, 불안할 탑, 어리석을 탑, 용렬할 탑",9人,9.10,12,,12,earth,0.5,jawon-low-confidence,,,
U+509E,傞,사,취하여 춤추는 모양 사,9人,9.10,11,,12,earth,0.5,jawon-low-confidence,,,
U+50AC,催,최,"재촉할 최, 핍박할 최, 일어날 최",9人,9.11,13,,13,earth,0.5,jawon-low-confidence,,,
U+50AD,傭,용,"머슴 용, 지을 용, 삯 용",9人,9.11,13,,13,earth,0.5,jawon-low-confidence,,,
U+50AE,傮,조,마칠 조,9人,9.11,13,,13,earth,0.5,jawon-low-confidence,,,
U+50B2,傲,오,"업신여길 오, 즐길 오, 거만할 오",9人,9.11,12,,13,earth,0.5,jawon-low-confidence,,,
U+50B3,傳,전,"전할 전, 펼 전, 이을 전, 주막 전, 책 전",9人,9.11,13,,13,earth,0.5,jawon-low-confidence,,,
U+50B4,傴,구,구부릴 구,9人,9.11,13,,13,earth,0.5,jawon-low-confidence,,,
U+50B5,債,채,"빚 채, 빚질 채",9人,9.11,13,,13,earth,0.5,jawon-low-confidence,,,
U+50B7,傷,상,"상처 상, 상할 상",9人,9.11,13,,13,earth,0.5,jawon-low-confidence,,,
U+50B9,傹,경,,9人,9.11,13,13,13,earth,0.5,hun-missing jawon-low-confidence,,,
U+50BD,傽,장,놀랄 장,9人,9.11,13,,13,earth,0.5,jawon-low-confidence,,,
U+50BE,傾,경,"기울 경, 기울어질 경",9人,9.11,13,,13,earth,0.5,jawon-low-confidence,,,
U+50BF,傿,언,鄢과 同字,9人,9.11,13,,13,earth,0.5,jawon-low-confidence,,,
U+50C0,僀,제,,9人,9.11,13,13,13,earth,0.5,hun-missing jawon-low-confidence,,,
U+50C2,僂,루 누,구부릴 루,9人,9.11,13,,13,earth,0.5,jawon-low-confidence,,,
U+50C4,僄,표,"몸이 가벼울 표, 진중치 못할 표",9人,9.11,13,,13,earth,0.5,jawon-low-confidence,,,
U+50C5,僅,근,겨우 근,9人,9.11,13,,13,earth,0.5,jawon-low-confidence,,,
U+50C6,僆,련 연,,9人,9.11,12,13,13,earth,0.5,hun-missing jawon-low-confidence,,,
U+50C9,僉,첨,다 첨,9人,9.11,13,,13,earth,0.5,jawon-low-confidence,,,
U+50CA,僊,선,춤출 선,9人,9.11,14,13,14,earth,0.5,won-total-exceeds-formula jawon-low-confidence,,,
U+50CC,僌,웅,,9人,9.11,13,13,13,earth,0.5,hun-missing jawon-low-confidence,,,
U+50CD,働,동,,9人,9.11,13,13,13,earth,0.5,hun-missing jawon-low-confidence,,,
U+50CE,僎,선 준,,9人,9.12,14,14,14,earth,0.5,hun-missing jawon-low-confidence,,,
U+50CF,像,상,형상 상,9人,9.12,13,,14,earth,0.5,jawon-low-confidence,,,
U+50D1,僑,교,"높을 교, 붙어살 교",9人,9.12,14,,14,earth,0.5,jawon-low-confidence,,,
U+50D4,僔,준,,9人,9.12,14,14,14,earth,0.5,hun-missing jawon-low-confidence,,,
U+50D5,僕,복,"종 복, 시중꾼 복",9人,9.12,14,,14,earth,0.5,jawon-low-confidence,,,
U+50D6,僖,희,"기쁠 희, 즐거울 희",9人,9.12,14,,14,earth,0.5,jawon-low-confidence,,,
U+50D9,僙,광,,9人,9.12,13,14,14,earth,0.5,hun-missing jawon-low-confidence,,,
U+50DA,僚,료 요,"동료 료, 동관 료",9人,9.12,14,,14,earth,0.5,jawon-low-confidence,,,
U+50DB,僛,기,취하여 춤추는 모양 기,9人,9.12,14,,14,earth,0.5,jawon-low-confidence,,,
U+50DE,僞,위,"거짓 위, 속일 위",9人,9.12,14,,14,earth,0.5,jawon-low-confidence,,,
U+50E1,僡,혜,,9人,9.12,14,14,14,earth,0.5,hun-missing jawon-low-confidence,,,
U+50E2,僢,천,어그러질 천,9人,9.12,14,,14,earth,0.5,jawon-low-confidence,,,
U+50E5,僥,요,"거짓 요, 난장이 요, 요행 요",9人,9.12,14,,14,earth,0.5,jawon-low-confidence,,,
U+50E6,僦,추,"임금 추, 고용할 추",9人,9.12,14,,14,earth,0.5,jawon-low-confidence,,,
U+50E7,僧,승,중 승,9人,9.12,14,,14,earth,0.5,jawon-low-confidence,,,
U+50E9,僩,한,노할 한,9人,9.12,14,,14,earth,0.5,jawon-low-confidence,,,
U+50EC,僬,초,밝게 살필 초,9人,9.12,14,,14,earth,0.5,jawon-low-confidence,,,
U+50ED,僭,참,"참람할 참, 거짓 참",9人,9.12,14,,14,earth,0.5,jawon-low-confidence,,,
U+50EE,僮,동,아이 동,9人,9.12,14,,14,earth,0.5,jawon-low-confidence,,,
U+50F5,僵,강,"엎드러질 강, 쓰러질 강",9人,9.13,15,,15,earth,0.5,jawon-low-confidence,,,
U+50F6,僶,민,,9人,9.13,15,15,15,earth,0.5,hun-missing jawon-low-confidence,,,
U+50F9,價,가,값 가,9人,9.13,15,,15,earth,0.5,jawon-low-confidence,,,
U+50FB,僻,벽,후미질 벽,9人,9.13,15,,15,earth,0.5,jawon-low-confidence,,,
U+50FE,僾,애,어렴풋할 애,9人,9.13,15,,15,earth,0.5,jawon-low-confidence,,,
U+50FF,僿,사,"잘게 부슬 사, 정성없는 사",9人,9.13,15,,15,earth,0.5,jawon-low-confidence,,,
U+5100,儀,의,"꼴 의, 모양 의, 법도 의, 좋을 의",9人,9.13,15,,15,earth,0.5,jawon-low-confidence,,,
U+5101,儁,준,"雋·俊과 同字, 영특할 준",9人,9.13,14,,15,earth,0.5,jawon-low-confidence,,,
U+5102,儂,농,나 농,9人,9.13,15,,15,earth,0.5,jawon-low-confidence,,,
U+5103,儃,천,머뭇거릴 천,9人,9.13,15,,15,earth,0.5,jawon-low-confidence,,,
U+5104,億,억,"억 억, 편안할 억, 이바지할 억, 헤아릴 억, 인민 억",9人,9.13,15,,15,earth,0.5,jawon-low-confidence,,,
U+5106,儆,경,경계할 경,9人,9.13,14,,15,earth,0.5,jawon-low-confidence,,,
U+5107,儇,현,"영리할 현, 빠를 현",9人,9.13,15,,15,earth,0.5,jawon-low-confidence,,,
U+5109,儉,검,"검소할 검, 흉년들 검, 적을 검, 가난할 검",9人,9.13,15,,15,earth,0.5,jawon-low-confidence,,,
U+510B,儋,담,기운차고 날쌜해집 담,9人,9.13,15,,15,earth,0.5,jawon-low-confidence,,,
U+510C,儌,요,,9人,9.13,15,15,15,earth,0.5,hun-missing jawon-low-confidence,,,
U+5110,儐,빈,인도할 빈,9人,9.14,16,,16,earth,0.5,jawon-low-confidence,,,
U+5112,儒,유,"선비 유, 나장이 유, 유도 유, 광대 유",9人,9.14,16,,16,earth,0.5,jawon-low-confidence,,,
U+5113,儓,대,하인 대,9人,9.14,16,,16,earth,0.5,jawon-low-confidence,,,
U+5114,儔,주,무리 주,9人,9.14,16,,16,earth,0.5,jawon-low-confidence,,,
U+5115,儕,제,동배 제,9人,9.14,16,,16,earth,0.5,jawon-low-confidence,,,
U+5117,儗,의,"서로 못믿을 의, 참람할 의",9人,9.14,16,,16,earth,0.5,jawon-low-confidence,,,
U+5118,儘,진,盡과 同字,9人,9.14,16,,16,earth,0.5,jawon-low-confidence,,,
U+511B,儛,무,舞와 同字,9人,9.14,16,,16,earth,0.5,jawon-low-confidence,,,
U+511C,儜,녕 영,고달플 녕,9人,9.14,16,,16,earth,0.5,jawon-low-confidence,,,
U+511F,償,상,갚을 상,9人,9.15,17,,17,earth,0.5,jawon-low-confidence,,,
U+5121,儡,뢰 뇌,"영락할 뢰, 무너질 뢰",9人,9.15,17,,17,earth,0.5,jawon-low-confidence,,,
U+5122,儢,려 여,맘에 하기 싫을 려,9人,9.15,17,,17,earth,0.5,jawon-low-confidence,,,
U+5124,儤,포,,9人,9.15,17,17,17,earth,0.5,hun-missing jawon-low-confidence,,,
U+5125,儥,육,"팔 육, 길 육",9人,9.15,17,,17,earth,0.5,jawon-low-confidence,,,
U+5127,儧,찬,모일 찬,9人,9.15,17,,17,earth,0.5,jawon-low-confidence,,,
U+5129,儩,사,,9人,9.15,17,17,17,earth,0.5,hun-missing jawon-low-confidence,,,
U+512A,優,우,"넉넉할 우, 부드러울 우, 나을 우, 결단성 없을 우",9人,9.15,17,,17,earth,0.5,jawon-low-confidence,,,
U+512B,儫,호,영웅 호,9人,9.14,16,,16,earth,0.5,jawon-low-confidence,,,
U+5131,儱,롱 농,건목칠 롱,9人,9.16,18,,18,earth,0.5,jawon-low-confidence,,,
U+5132,儲,저,"쌓을 저, 버금 저, 용납할 저",9人,9.16,17,,18,earth,0.5,jawon-low-confidence,,,
U+5133,儳,참,어긋날 참,9人,9.17,19,,19,earth,0.5,jawon-low-confidence,,,
U+5135,儵,숙,"잿빛 숙, 남해 임금 숙, 독화당할 숙, 갑자기 숙",9人,9.17,18,,19,earth,0.5,jawon-low-confidence,,,
U+5137,儷,려 여,짝 려,9人,9.19,21,,21,earth,0.5,jawon-low-confidence,,,
U+5138,儸,라 나,,9人,9.19,21,21,21,earth,0.5,hun-missing jawon-low-confidence,,,
U+5139,儹,찬,모을 찬,9人,9.19,21,,21,earth,0.5,jawon-low-confidence,,,
U+513A,儺,나,"역귀 쫓을 나, 법도있는 나",9人,9.19,21,,21,earth,0.5,jawon-low-confidence,,,
U+513B,儻,당,빼어날 당,9人,9.20,22,,22,earth,0.5,jawon-low-confidence,,,
U+513C,儼,엄,"공경할 엄, 머리쳐들 엄",9人,9.20,21,,22,earth,0.5,jawon-low-confidence,,,
U+513F,儿,인,어진사람,10儿,10.0,2,,2,wood,0.5,jawon-low-confidence,,,
U+5140,兀,올,"우뚝할 올, 움직이지 않을 올, 오똑할 올",10儿,10.1,3,,3,wood,0.5,jawon-low-confidence,,,
U+5141,允,윤,"미쁠 윤, 마땅할 윤, 옳게 여길 윤, 좇을 윤, 허락할 윤, 진실로 윤",10儿,10.2,4,,4,wood,0.5,jawon-low-confidence,,,
U+5143,元,원,"으뜸 원, 착하고 어질 원, 일 년의 첫 날 원, 임금 원, 백성 원, 하늘 원",10儿,10.2,4,,4,wood,0.5,jawon-low-confidence,,,
U+5144,兄,형,맏이 형,10儿,10.3,5,,5,wood,0.5,jawon-low-confidence,,,
U+5145,充,충,"가득찰 충, 막을 충, 당할 충",10儿,10.4,6,,6,wood,0.5,jawon-low-confidence,,,
U+5146,兆,조,조짐 조,10儿,10.4,6,,6,wood,0.5,jawon-low-confidence,,,
U+5147,兇,흉,"흉악할 흉, 나쁜 흉",10儿,10.4,6,,6,wood,0.5,jawon-low-confidence,,,
U+5148,先,선,먼저 선,10儿,10.4,6,,6,wood,0.5,jawon-low-confidence,,,
U+5149,光,광,빛 광,10儿,10.4,6,,6,wood,0.5,jawon-low-confidence,,,
U+514B,克,극,이길 극,10儿,10.5,7,,7,wood,0.5,jawon-low-confidence,,,
U+514C,兌,태,"기쁠 태, 지름길 태, 모일 태, 통할 태, 곧을 태, 구멍 태, 바꿀 태, 괘 이름 태",10儿,10.5,7,,7,wood,0.5,jawon-low-confidence,,,
U+514D,免,면,면할 면,10儿,10.5,7,,7,wood,0.5,jawon-low-confidence,,,
U+514E,兎,토,"兔의 俗字, 토끼 토",10儿,10.5,7,,7,wood,0.5,jawon-low-confidence,,,
U+5150,児,아,,10儿,10.5,7,7,7,wood,0.5,hun-missing jawon-low-confidence,,,
U+5152,兒,아 예,아이 아,10儿,10.6,8,,8,wood,0.5,jawon-low-confidence,,,
U+5154,兔,토,,10儿,10.6,8,8,8,wood,0.5,hun-missing jawon-low-confidence,,,
U+5155,兕,시,외뿔난 소 시,10儿,10.6,7,,8,wood,0.5,jawon-low-confidence,,,
U+5156,兖,연,,10儿,10.6,8,8,8,wood,0.5,hun-missing jawon-low-confidence,,,
U+5157,兗,연,"고을이름 연, 믿을 연, 단정할 연",10儿,10.7,9,,9,wood,0.5,jawon-low-confidence,,,
U+515C,兜,두,"투구 두, 둘러쌀 두",10儿,10.9,11,,11,wood,0.5,jawon-low-confidence,,,
U+515F,兟,신,,10儿,10.10,12,12,12,wood,0.5,hun-missing jawon-low-confidence,,,
U+5162,兢,긍,"삼갈 긍, 조심할 긍",10儿,10.12,14,,14,wood,0.5,jawon-low-confidence,,,
U+5164,兤,황,,10儿,10.19,20,21,21,wood,0.5,hun-missing jawon-low-confidence,,,
U+516B,八,팔,여덟 팔,12八,12.0,2,2,8,metal,0.6,numeral-suui jawon-low-confidence,,,
U+516C,公,공,공변될 공,12八,12.2,4,,4,metal,0.6,jawon-low-confidence,,,
U+516D,六,륙 육,여섯 륙,12八,12.2,4,4,6,metal,0.6,numeral-suui jawon-low-confidence,,,
U+516E,兮,혜,어조사 혜,12八,12.2,4,,4,metal,0.6,jawon-low-confidence,,,
U+5171,共,공,"함께 공, 한가지 공",12八,12.4,6,,6,metal,0.6,jawon-low-confidence,,,
U+5175,兵,병,군사 병,12八,12.5,7,,7,metal,0.6,jawon-low-confidence,,,
U+5176,其,기,그 기,12八,12.6,8,,8,metal,0.6,jawon-low-confidence,,,
U+5177,具,구,갖출 구,12八,12.6,8,,8,metal,0.6,jawon-low-confidence,,,
U+5178,典,전,"책 전, 법 전, 맡을 전, 도덕 전",12八,12.6,8,,8,metal,0.6,jawon-low-confidence,,,
U+517C,兼,겸,"겸할 겸, 아우를 겸, 둘 얻을 겸, 모을 겸",12八,12.8,10,,10,metal,0.6,jawon-low-confidence,,,
U+5180,冀,기,바랄 기,12八,12.14,16,,16,metal,0.6,jawon-low-confidence,,,
U+5182,冂,경,멀다,13冂,13.0,2,,2,,,jawon-unclassified,,,
U+5186,円,엔,일본화폐단위,13冂,13.2,4,,4,,,jawon-unclassified,,,
U+5189,冉,염,"가는 털 늘어질 염, 남생이 등 언저리 염, 침노할 염",13冂,13.3,5,,5,,,jawon-unclassified,,,
U+518A,冊,책,책 책,13冂,13.3,5,,5,,,jawon-unclassified,,,
U+518C,册,책,,13冂,13.3,5,5,5,,,hun-missing jawon-unclassified,,,
U+518D,再,재,"두 번 재, 거듭 재",13冂,13.4,6,,6,,,jawon-unclassified,,,
U+518F,冏,경,빛날 경,13冂,13.5,7,,7,,,jawon-unclassified,,,
U+5191,冑,주,,13冂,13.7,9,9,9,,,hun-missing jawon-unclassified,,,
U+5192,冒,모,"가릴 모, 무릅쓸 모",13冂,13.7,9,,9,,,jawon-unclassified,,,
U+5193,冓,구,재목 어긋매겨 쌓을 구,13冂,13.8,10,,10,,,jawon-unclassified,,,
U+5195,冕,면,면류관 면,13冂,13.9,11,,11,,,jawon-unclassified,,,
U+5197,冗,용,"宂과 同字, 한산할 용",14冖,14.2,4,,4,,,jawon-unclassified,,,
U+5198,冘,유,"머뭇거릴 유, 갈 유",14冖,14.2,4,,4,,,jawon-unclassified,,,
U+519E,冞,미,,14冖,14.6,8,8,8,,,hun-missing jawon-unclassified,,,
U+51A0,冠,관,갓 관,14冖,14.7,9,,9,,,jawon-unclassified,,,
U+51A2,冢,총,,14冖,14.8,10,10,10,,,hun-missing jawon-unclassified,,,
U+51A3,冣,취,"쌓을 취, 모을 취",14冖,14.8,10,,10,,,jawon-unclassified,,,
U+51A4,冤,원,"원통할 원, 원한 원",14冖,14.8,10,,10,,,jawon-unclassified,,,
U+51A5,冥,명,어두울 명,14冖,14.8,10,,10,,,jawon-unclassified,,,
U+51AA,冪,멱,덮을 멱,14冖,14.14,15,,16,,,jawon-unclassified,,,
U+51BE,冾,협,,15冫,15.6,8,8,8,water,0.9,hun-missing,,,
U+51BF,冿,전 점,,15冫,15.6,8,8,8,water,0.9,hun-missing,,,
U+51C8,凈,정,,15冫,15.8,10,10,10,water,0.9,hun-missing,,,
U+51D1,凑,주,,15冫,15.9,11,11,11,water,0.9,hun-missing,,,
U+51D6,凖,준,,15冫,15.10,12,12,12,water,0.9,hun-missing,,,
U+51E0,几,궤,안석 궤,16几,16.0,2,,2,,,jawon-unclassified,,,
U+51E1,凡,범,무릇 범,16几,16.1,3,,3,,,jawon-unclassified,,,
U+51E6,処,처,,16几,16.3 34.2,5,5,5,,,multiple-radical-values hun-missing jawon-unclassified,,,
U+51ED,凭,빙,기대다 빙,16几,16.6,8,,8,,,jawon-unclassified,,,
U+51F0,凰,황,"봉황새 황, 암봉황새 황",16几,16.9,11,,11,,,jawon-unclassified,,,
U+51F1,凱,개,"싸움 이긴 풍류 개, 착할 개, 마파람 개, 좋은 사람 개, 승전악 개",16几,16.10,12,,12,,,jawon-unclassified,,,
U+51F3,凳,등,걸상 등,16几,16.12,14,,14,,,jawon-unclassified,,,
U+51F6,凶,흉,흉할 흉,17凵,17.2,4,,4,,,jawon-unclassified,,,
U+51F8,凸,철,"볼록할 철, 뾰족할 철",17凵,17.3,5,,5,,,jawon-unclassified,,,
U+51F9,凹,요,오목할 요,17凵,17.3,5,,5,,,jawon-unclassified,,,
U+51FA,出,출,"날 출, 게울 출, 도망할 출, 보일 출, 낳을 출, 물러갈 출, 생질 출",17凵,17.3,5,,5,,,jawon-unclassified,,,
U+51FD,函,함,상자 함,17凵,17.6,8,,8,,,jawon-unclassified,,,
U+521D,初,초,처음 초,18刀,18.5 145.2,8,7,8,metal,0.9,won-total-exceeds-formula multiple-radical-values,,,
U+5246,剆,라 나,,18刀,18.7,8,9,9,metal,0.9,hun-missing,,,
U+5258,剘,기,,18刀,18.8,10,10,10,metal,0.9,hun-missing,,,
U+5260,剠,경,,18刀,18.8,10,10,10,metal,0.9,hun-missing,,,
U+526C,剬,단,,18刀,18.9,11,11,11,metal,0.9,hun-missing,,,
U+5282,劂,궤,,18刀,18.12,14,14,14,metal,0.9,hun-missing,,,
U+529B,力,력 역,힘 력,19力,19.0,2,,2,earth,0.6,jawon-low-confidence,,,
U+529F,功,공,공 공,19力,19.3,5,,5,earth,0.6,jawon-low-confidence,,,
U+52A0,加,가,더할 가,19力,19.3,5,,5,earth,0.6,jawon-low-confidence,,,
U+52A3,劣,렬 열,"못할 렬, 용렬할 렬",19力,19.4,6,,6,earth,0.6,jawon-low-confidence,,,
U+52A4,劤,근,"힘많을 근, 힘셀 근",19力,19.4,6,,6,earth,0.6,jawon-low-confidence,,,
U+52A6,劦,협,,19力,19.4,6,6,6,earth,0.6,hun-missing jawon-low-confidence,,,
U+52A7,劧,지,,19力,19.4,6,6,6,earth,0.6,hun-missing jawon-low-confidence,,,
U+52A9,助,조,도울 조,19力,19.5,7,,7,earth,0.6,jawon-low-confidence,,,
U+52AA,努,노,힘쓸 노,19力,19.5,7,,7,earth,0.6,jawon-low-confidence,,,
U+52AB,劫,겁,"위협할 겁, 겁탈할 겁, 부지런할 겁, 대궐 층계 겁, 겁 겁, 화재 겁, 빼앗을 겁",19力,19.5,7,,7,earth,0.6,jawon-low-confidence,,,
U+52AC,劬,구,수고로울 구,19力,19.5,7,,7,earth,0.6,jawon-low-confidence,,,
U+52AD,劭,소,,19力,19.5,7,7,7,earth,0.6,hun-missing jawon-low-confidence,,,
U+52AE,劮,일,,19力,19.5,7,7,7,earth,0.6,hun-missing jawon-low-confidence,,,
U+52B5,劵,권,,19力,19.6,8,8,8,earth,0.6,hun-missing jawon-low-confidence,,,
U+52B9,効,효,,19力,19.6,8,8,8,earth,0.6,hun-missing jawon-low-confidence,,,
U+52BE,劾,핵,"캐물을 핵, 핵실할 핵, 죄를캐물 핵",19力,19.6,8,,8,earth,0.6,jawon-low-confidence,,,
U+52C1,勁,경,굳셀 경,19力,19.7,9,,9,earth,0.6,jawon-low-confidence,,,
U+52C3,勃,발,"갑작스러울 발, 발끈할 발",19力,19.7,9,,9,earth,0.6,jawon-low-confidence,,,
U+52C5,勅,칙,"신칙할 칙, 칙령 칙",19力,19.7,9,,9,earth,0.6,jawon-low-confidence,,,
U+52C7,勇,용,"날랠 용, 용맹할 용",19力,19.7,9,,9,earth,0.6,jawon-low-confidence,,,
U+52C9,勉,면,힘쓸 면,19力,19.7,9,,9,earth,0.6,jawon-low-confidence,,,
U+52CC,勌,권,倦과 同字,19力,19.8,10,,10,earth,0.6,jawon-low-confidence,,,
U+52CD,勍,경,"셀 경, 굳셀 경",19力,19.8,10,,10,earth,0.6,jawon-low-confidence,,,
U+52D2,勒,륵 늑,굴레 륵,19力,19.9,11,,11,earth,0.6,jawon-low-confidence,,,
U+52D3,勓,개,,19力,19.9,11,11,11,earth,0.6,hun-missing jawon-low-confidence,,,
U+52D5,動,동,움직일 동,19力,19.9,11,,11,earth,0.6,jawon-low-confidence,,,
U+52D6,勖,욱,힘쓸 욱,19力,19.9,11,,11,earth,0.6,jawon-low-confidence,,,
U+52D8,勘,감,"마감할 감, 정할 감",19力,19.9,11,,11,earth,0.6,jawon-low-confidence,,,
U+52D9,務,무,"일 무, 힘쓸 무, 권장할 무",19力,19.9,11,,11,earth,0.6,jawon-low-confidence,,,
U+52DB,勛,훈,"勳의 古字, 공적 훈",19力,19.10,12,,12,earth,0.6,jawon-low-confidence,,,
U+52DD,勝,승,"이길 승, 경치가 좋을 승, 가질 승",19力,19.10,12,,12,earth,0.6,jawon-low-confidence,,,
U+52DE,勞,로 노,일할 로,19力,19.10,12,,12,earth,0.6,jawon-low-confidence,,,
U+52DF,募,모,"모을 모, 뽑을 모",19力,19.11,12,,13,earth,0.6,jawon-low-confidence,,,
U+52E0,勠,륙 육,협력할 륙,19力,19.11,13,,13,earth,0.6,jawon-low-confidence,,,
U+52E1,勡,표,"겁탈할 표, 겁박할 표",19力,19.11,13,,13,earth,0.6,jawon-low-confidence,,,
U+52E2,勢,세,"권세 세, 위엄 세, 불알 세, 기회 세",19力,19.11,13,,13,earth,0.6,jawon-low-confidence,,,
U+52E3,勣,적,"공적 적, 사업 적",19力,19.11,13,,13,earth,0.6,jawon-low-confidence,,,
U+52E4,勤,근,부지런할 근,19力,19.11,13,,13,earth,0.6,jawon-low-confidence,,,
U+52E6,勦,초,수고롭게 할 초,19力,19.11,13,,13,earth,0.6,jawon-low-confidence,,,
U+52E9,勩,예,,19力,19.12,14,14,14,earth,0.6,hun-missing jawon-low-confidence,,,
U+52EB,勫,번,,19力,19.12,14,14,14,earth,0.6,hun-missing jawon-low-confidence,,,
U+52ED,勭,동,,19力,19.12,14,14,14,earth,0.6,hun-missing jawon-low-confidence,,,
U+52F1,勱,매,,19力,19.13,14,15,15,earth,0.6,hun-missing jawon-low-confidence,,,
U+52F2,勲,훈,,19力,19.13 86.11,15,15,15,earth,0.6,multiple-radical-values hun-missing jawon-low-confidence,,,
U+52F3,勳,훈,공 훈,19力,19.14,16,,16,earth,0.6,jawon-low-confidence,,,
U+52F4,勴,려 여(두음),,19力,19.15,17,17,17,earth,0.6,hun-missing jawon-low-confidence,,,
U+52F5,勵,려 여,힘쓸 려,19力,19.15,17,,17,earth,0.6,jawon-low-confidence,,,
U+52F8,勸,권,권할 권,19力,19.18,20,,20,earth,0.6,jawon-low-confidence,,,
U+52FA,勺,작,"구기 작, 잔질할 작",20勹,20.1,3,,3,metal,0.6,jawon-low-confidence,,,
U+52FB,勻,균 윤,고를 균,20勹,20.2,4,,4,metal,0.6,jawon-low-confidence,,,
U+52FC,勼,구,,20勹,20.2,4,4,4,metal,0.6,hun-missing jawon-low-confidence,,,
U+52FE,勾,구,글귀절 구,20勹,20.2,4,,4,metal,0.6,jawon-low-confidence,,,
U+52FF,勿,물,"말 물, 아닐 물, 깃발 물",20勹,20.2,4,,4,metal,0.6,jawon-low-confidence,,,
U+5300,匀,균 윤,,20勹,20.2,4,4,4,metal,0.6,hun-missing jawon-low-confidence,,,
U+5303,匃,개,"청구할 개, 줄 개, 빌 개",20勹,20.3,5,,5,metal,0.6,jawon-low-confidence,,,
U+5305,包,포,"꾸릴 포, 용납할 포, 더부룩히 날 포, 보따리 포, 쌀 포",20勹,20.3,5,,5,metal,0.6,jawon-low-confidence,,,
U+5308,匈,흉,가슴,20勹,20.4,6,,6,metal,0.6,jawon-low-confidence,,,
U+5309,匉,평,,20勹,20.5,7,7,7,metal,0.6,hun-missing jawon-low-confidence,,,
U+530A,匊,국,움켜 뜰 국,20勹,20.6,8,,8,metal,0.6,jawon-low-confidence,,,
U+530C,匌,합,기운 답답할 합,20勹,20.6,8,,8,metal,0.6,jawon-low-confidence,,,
U+530D,匍,포,"엉금엉금 길 포, 엎드러질 포",20勹,20.7,9,,9,metal,0.6,jawon-low-confidence,,,
U+530F,匏,포,"박 포, 바가지 포, 퉁소 포",20勹,20.9,11,,11,metal,0.6,jawon-low-confidence,,,
U+5310,匐,복,"길 복, 엉금엉금길 복",20勹,20.9,11,,11,metal,0.6,jawon-low-confidence,,,
U+5315,匕,비,비수 비,21匕,21.0,2,,2,metal,0.6,jawon-low-confidence,,,
U+5316,化,화,될 화,21匕,21.2,4,,4,metal,0.6,jawon-low-confidence,,,
U+5319,匙,시,"숟가락 시, 열쇠 시",21匕,21.9,11,,11,metal,0.6,jawon-low-confidence,,,
U+5320,匠,장,"장인 장, 바치 장",22匚,22.4,6,,6,earth,0.6,jawon-low-confidence,,,
U+5321,匡,광,"바룰 광, 바를 광",22匚,22.4,6,,6,earth,0.6,jawon-low-confidence,,,
U+5323,匣,갑,"궤 갑, 상자 갑, 궤짝 갑",22匚,22.5,7,,7,earth,0.6,jawon-low-confidence,,,
U+5327,匧,협,"옷상자 협, 꿰맬 협",22匚,22.7,9,,9,earth,0.6,jawon-low-confidence,,,
U+532A,匪,비,대상자 비,22匚,22.8,10,,10,earth,0.6,jawon-low-confidence,,,
U+532F,匯,회,"물돌 회, 물이돌아가는 회",22匚,22.11,13,,13,earth,0.6,jawon-low-confidence,,,
U+5331,匱,궤,갑 궤,22匚,22.12,14,,14,earth,0.6,jawon-low-confidence,,,
U+5336,匶,구,柩의 古字,22匚,22.17,19,,19,earth,0.6,jawon-low-confidence,,,
U+5338,匸,혜,감추다,23匸,23.0,2,,2,earth,0.6,jawon-low-confidence,,,
U+5339,匹,필,"짝 필, 둘 필, 한마리 필, 벗 필, 무리 필",23匸,23.2,4,,4,earth,0.6,jawon-low-confidence,,,
U+533B,医,예 의,,23匸,23.5,7,7,7,earth,0.6,hun-missing jawon-low-confidence,,,
U+533D,匽,언,"숨길 언, 길 곁 언, 한데 뒷간 언",23匸,23.7,9,,9,earth,0.6,jawon-low-confidence,,,
U+533E,匾,편,,23匸,23.9,11,11,11,earth,0.6,hun-missing jawon-low-confidence,,,
U+533F,匿,닉 익,"숨쉴 닉, 숨을 닉",23匸,23.9,11,,11,earth,0.6,jawon-low-confidence,,,
U+5340,區,구,"감출 구, 지경 구",23匸,23.9,11,,11,earth,0.6,jawon-low-confidence,,,
U+5341,十,십,"열 십, 전부 십",24十,24.0,2,2,10,water,0.6,numeral-suui jawon-low-confidence,,,
U+5343,千,천,일천 천,24十,24.1,3,,3,water,0.6,jawon-low-confidence,,,
U+5344,卄,입,스물 입,1一,1.2 24.1,3,3,3,,,multiple-radical-values jawon-unclassified,,,
U+5345,卅,삽,서른 삽,24十,24.2,4,,4,water,0.6,jawon-low-confidence,,,
U+5347,升,승,"되 승, 오를 승, 피륙의 짜인 날을 세는 단위 새 승, 괘 이름 승",24十,24.2,4,,4,water,0.6,jawon-low-confidence,,,
U+5349,卉,훼,풀 훼,24十,24.3,5,,5,water,0.6,jawon-low-confidence,,,
U+534A,半,반,반 반,24十,24.3,5,,5,water,0.6,jawon-low-confidence,,,
U+534D,卍,만,"만자 만, 범자의만 만",24十,24.4,4,,6,water,0.6,jawon-low-confidence,,,
U+5351,卑,비,낮을 비,24十,24.6,8,,8,water,0.6,jawon-low-confidence,,,
U+5352,卒,졸,군사 졸,24十,24.6,8,,8,water,0.6,jawon-low-confidence,,,
U+5353,卓,탁,"높을 탁, 뛰어날 탁, 책상 탁, 성씨 탁",24十,24.6,8,,8,water,0.6,jawon-low-confidence,,,
U+5354,協,협,"조화할 협, 맞을 협, 도울 협",24十,24.6,8,,8,water,0.6,jawon-low-confidence,,,
U+5359,卙,집,,24十,24.9,11,11,11,water,0.6,hun-missing jawon-low-confidence,,,
U+535A,博,박,넓을 박,24十,24.10,12,,12,water,0.6,jawon-low-confidence,,,
U+535C,卜,복,"점 복, 점칠 복",25卜,25.0,2,,2,,,jawon-unclassified,,,
U+535E,卞,변,"조급할 변, 성 변",25卜,25.2,4,,4,,,jawon-unclassified,,,
U+5360,占,점,"점칠 점, 날씨 볼 점, 점령할 점",25卜,25.3,5,,5,,,jawon-unclassified,,,
U+5361,卡,잡,관 잡,25卜,25.3,5,,5,,,jawon-unclassified,,,
U+5366,卦,괘,"걸 괘, 점괘 괘",25卜,25.6,8,,8,,,jawon-unclassified,,,
U+5368,卨,설,사람이름 설,25卜,25.9,11,,11,,,jawon-unclassified,,,
U+536C,卬,앙,자기 앙,26卩,26.2,4,,4,wood,0.6,jawon-low-confidence,,,
U+536E,卮,치,"술잔 치, 연지 치",26卩,26.3,5,,5,wood,0.6,jawon-low-confidence,,,
U+5370,印,인,도장 인,26卩,26.4,6,,6,wood,0.6,jawon-low-confidence,,,
U+5371,危,위,"위태할 위, 무너질 위, 상할 위, 높을 위, 별 이름 위",26卩,26.4,6,,6,wood,0.6,jawon-low-confidence,,,
U+5372,卲,소,"높을 소, 성씨 소",26卩,26.5,7,,7,wood,0.6,jawon-low-confidence,,,
U+5373,即,즉,卽의 俗字,26卩,26.5,7,,7,wood,0.6,jawon-low-confidence,,,
U+5374,却,각,물리칠 각,26卩,26.5,7,,7,wood,0.6,jawon-low-confidence,,,
U+5375,卵,란 난,알 란,26卩,26.5,7,,7,wood,0.6,jawon-low-confidence,,,
U+5376,卶,치,,26卩,26.6,8,8,8,wood,0.6,hun-missing jawon-low-confidence,,,
U+5377,卷,권,"굽을 권, 책 권",26卩,26.6,8,,8,wood,0.6,jawon-low-confidence,,,
U+5378,卸,사,풀 사,26卩,26.6,9,8,9,wood,0.6,won-total-exceeds-formula jawon-low-confidence,,,
U+5379,卹,휼,,26卩,26.6,8,8,8,wood,0.6,hun-missing jawon-low-confidence,,,
U+537B,卻,각,却의 本字,26卩,26.7,9,,9,wood,0.6,jawon-low-confidence,,,
U+537D,卽,즉,곧 즉,26卩,26.7,9,,9,wood,0.6,jawon-low-confidence,,,
U+537F,卿,경,벼슬 경,26卩,26.8 26.10,10,10,10,wood,0.6,multiple-radical-values jawon-low-confidence,,,
U+538E,厎,지,,27厂,27.5,7,7,7,earth,0.9,hun-missing,,,
U+53B3,厳,엄,,27厂,27.15,16,17,17,earth,0.9,hun-missing,,,
U+53B9,厹,구,세모창 구,28厶,28.2,4,,4,,,jawon-unclassified,,,
U+53BB,去,거,"갈 거, 버릴 거, 오래될 거, 떨어질 거, 쫓을 거, 감출 거",28厶,28.3,5,,5,,,jawon-unclassified,,,
U+53C3,參,삼 참,석 삼,28厶,28.9,11,,11,,,jawon-unclassified,,,
U+53C8,又,우,"또 우, 용서할 우",29又,29.0,2,,2,water,0.6,jawon-low-confidence,,,
U+53C9,叉,차,"깍지낄 차, 두갈래 차",29又,29.1,3,,3,water,0.6,jawon-low-confidence,,,
U+53CA,及,급,미칠 급,29又,29.2,4,,4,water,0.6,jawon-low-confidence,,,
U+53CB,友,우,"벗 우, 합할 우",29又,29.2,4,,4,water,0.6,jawon-low-confidence,,,
U+53CC,双,쌍,,29又,29.2,4,4,4,water,0.6,hun-missing jawon-low-confidence,,,
U+53CD,反,반,돌이킬 반,29又,29.2,4,,4,water,0.6,jawon-low-confidence,,,
U+53D4,叔,숙,"아재비 숙, 주울 숙, 어릴 숙, 끝 숙",29又,29.6,8,,8,water,0.6,jawon-low-confidence,,,
U+53D6,取,취,"거둘 취, 찾을 취, 받을 취, 빼앗을 취, 장가들 취, 취할 취",29又,29.6,8,,8,water,0.6,jawon-low-confidence,,,
U+53D7,受,수,"이을 수, 얻을 수, 담을 수, 받을 수",29又,29.6,8,,8,water,0.6,jawon-low-confidence,,,
U+53D9,叙,서,,29又,29.7,9,9,9,water,0.6,hun-missing jawon-low-confidence,,,
U+53DB,叛,반,배반할 반,29又,29.7,9,,9,water,0.6,jawon-low-confidence,,,
U+53DF,叟,수,"어른 수, 쌀 씻는 소리 수",29又,29.8,10,,10,water,0.6,jawon-low-confidence,,,
U+53E1,叡,예,"밝을 예, 임금 예, 어질 예",29又,29.14,16,,16,water,0.6,jawon-low-confidence,,,
U+53E2,叢,총,"떨기 총, 모을 총, 번잡할 총",29又,29.16,18,,18,water,0.6,jawon-low-confidence,,,
U+53F7,号,호,,30口,30.2,5,5,5,water,0.9,hun-missing,,,
U+5401,吁,우,,30口,30.3,6,6,6,water,0.9,hun-missing,,,
U+5418,吘,우,,30口,30.4,7,7,7,water,0.9,hun-missing,,,
U+542A,吪,와,,30口,30.4,7,7,7,water,0.9,hun-missing,,,
U+5431,吱,지,,30口,30.4,7,7,7,water,0.9,hun-missing,,,
U+543D,吽,후,,30口,30.4,7,7,7,water,0.9,hun-missing,,,
U+5447,呇,계,,30口,30.4,7,7,7,water,0.9,hun-missing,,,
U+544F,呏,승,,30口,30.4,7,7,7,water,0.9,hun-missing,,,
U+545F,呟,현,,30口,30.5,8,8,8,water,0.9,hun-missing,,,
U+546D,呭,예,,30口,30.5,8,8,8,water,0.9,hun-missing,,,
U+5470,呰,자,주차할 자,30口,30.5,9,8,9,water,0.9,won-total-exceeds-formula,,,
U+54A3,咣,굉,,30口,30.6,9,9,9,water,0.9,hun-missing,,,
U+54AA,咪,미,,30口,30.6,9,9,9,water,0.9,hun-missing,,,
U+54AD,咭,길,,30口,30.6,9,9,9,water,0.9,hun-missing,,,
U+54AE,咮,주,,30口,30.6,9,9,9,water,0.9,hun-missing,,,
U+54B2,咲,소,,30口,30.6,9,9,9,water,0.9,hun-missing,,,
U+54E0,哠,호,,30口,30.7,10,10,10,water,0.9,hun-missing,,,
U+54EA,哪,나,,30口,30.7,9,10,10,water,0.9,hun-missing,,,
U+54EC,哬,하,,30口,30.7,10,10,10,water,0.9,hun-missing,,,
U+550D,唍,완,,30口,30.7,10,10,10,water,0.9,hun-missing,,,
U+552A,唪,봉,,30口,30.8,11,11,11,water,0.9,hun-missing,,,
U+552C,唬,호,,30口,30.8,11,11,11,water,0.9,hun-missing,,,
U+5539,唹,어,,30口,30.8,11,11,11,water,0.9,hun-missing,,,
U+553B,唻,래 내(두음),,30口,30.8,11,11,11,water,0.9,hun-missing,,,
U+553E,唾,타,"침 타, 버릴 타",30口,30.8 30.9,11,11,11,water,0.9,multiple-radical-values,,,
U+5541,啁,조 주,,30口,30.8,11,11,11,water,0.9,hun-missing,,,
U+5542,啂,누,,30口,30.8,11,11,11,water,0.9,hun-missing,,,
U+5547,啇,적,,30口,30.8,11,11,11,water,0.9,hun-missing,,,
U+554A,啊,아,,30口,30.8,10,11,11,water,0.9,hun-missing,,,
U+554E,啎,오,,30口,30.8,11,11,11,water,0.9,hun-missing,,,
U+5563,啣,함,"재갈 함, 머금을 함",30口,30.8,12,11,12,water,0.9,won-total-exceeds-formula,,,
U+557F,啿,담,,30口,30.9,12,12,12,water,0.9,hun-missing,,,
U+559E,喞,즉,,30口,30.9,12,12,12,water,0.9,hun-missing,,,
U+55C2,嗂,요,,30口,30.10,13,13,13,water,0.9,hun-missing,,,
U+55C3,嗃,학,,30口,30.10,13,13,13,water,0.9,hun-missing,,,
U+55D9,嗙,방,,30口,30.10,13,13,13,water,0.9,hun-missing,,,
U+55E0,嗠,락 낙,,30口,30.10,13,13,13,water,0.9,hun-missing,,,
U+560F,嘏,가 하,,30口,30.11,14,14,14,water,0.9,hun-missing,,,
U+5615,嘕,언,,30口,30.11,14,14,14,water,0.9,hun-missing,,,
U+561F,嘟,도,,30口,30.12,13,15,15,water,0.9,hun-missing,,,
U+562F,嘯,소,"휘파람 소, 세게 뿜을 소, 읊을 소",30口,30.12,16,15,16,water,0.9,won-total-exceeds-formula,,,
U+5634,嘴,취,부리 취,30口,30.12,16,15,16,water,0.9,won-total-exceeds-formula,,,
U+5635,嘵,효,,30口,30.12,15,15,15,water,0.9,hun-missing,,,
U+563E,嘾,담,,30口,30.12,15,15,15,water,0.9,hun-missing,,,
U+5653,噓,허,"불 허, 뿜을 허, 탄식할 허",30口,30.11,15,14,15,water,0.9,won-total-exceeds-formula,,,
U+5675,噵,도,,30口,30.13,15,16,16,water,0.9,hun-missing,,,
U+567E,噾,음,,30口,30.14,17,17,17,water,0.9,hun-missing,,,
U+568E,嚎,호,,30口,30.14,17,17,17,water,0.9,hun-missing,,,
U+56A7,嚧,로 노,,30口,30.16,19,19,19,water,0.9,hun-missing,,,
U+56AB,嚫,친,,30口,30.16,19,19,19,water,0.9,hun-missing,,,
U+56AD,嚭,비,,30口,30.16,19,19,19,water,0.9,hun-missing,,,
U+56B3,嚳,곡,,30口,30.17,20,20,20,water,0.9,hun-missing,,,
U+56CA,囊,낭,주머니 낭,30口,30.19 145.17,22,22,22,water,0.9,multiple-radical-values,,,
U+56CD,囍,희,쌍희 희,30口,30.18,24,21,24,water,0.9,won-total-exceeds-formula,,,
U+56DA,囚,수,"가둘 수, 갇힐 수, 묶일 수",31囗,31.2,5,,5,water,0.6,jawon-low-confidence,,,
U+56DB,四,사,"넉 사, 넷 사",31囗,31.2,5,5,4,water,0.6,numeral-suui jawon-low-confidence,,,
U+56DD,囝,건,,31囗,31.3,6,6,6,water,0.6,hun-missing jawon-low-confidence,,,
U+56DE,回,회,"돌 회, 돌아올 회",31囗,31.3,6,,6,water,0.6,jawon-low-confidence,,,
U+56DF,囟,신,"숨구멍 신, 정수리 신",31囗,31.3,6,,6,water,0.6,jawon-low-confidence,,,
U+56E0,因,인,인할 인,31囗,31.3,6,,6,water,0.6,jawon-low-confidence,,,
U+56E6,囦,연,물 깊을 연,31囗,31.4,7,,7,water,0.6,jawon-low-confidence,,,
U+56E7,囧,경,,31囗,31.4,7,7,7,water,0.6,hun-missing jawon-low-confidence,,,
U+56EB,囫,홀,온전할 홀,31囗,31.4,7,,7,water,0.6,jawon-low-confidence,,,
U+56EE,囮,와,새 후릴 와,31囗,31.4,7,,7,water,0.6,jawon-low-confidence,,,
U+56F0,困,곤,"괴로울 곤, 곤할 곤",31囗,31.4,7,,7,water,0.6,jawon-low-confidence,,,
U+56F7,囷,균,둥근곳집 균,31囗,31.5,8,,8,water,0.6,jawon-low-confidence,,,
U+56F9,囹,령 영,"옥 령, 감옥 령",31囗,31.5,8,,8,water,0.6,jawon-low-confidence,,,
U+56FA,固,고,굳을 고,31囗,31.5,8,,8,water,0.6,jawon-low-confidence,,,
U+56FD,国,국,,31囗,31.5,8,8,8,water,0.6,hun-missing jawon-low-confidence,,,
U+56FF,囿,유,"엔담 유, 고루할 유",31囗,31.6,9,,9,water,0.6,jawon-low-confidence,,,
U+5701,圁,은,물이름 은,31囗,31.7,10,,10,water,0.6,jawon-low-confidence,,,
U+5702,圂,혼,뒷간 혼,31囗,31.7,10,,10,water,0.6,jawon-low-confidence,,,
U+5703,圃,포,"채마밭 포, 밭 갈 포, 곳 포, 산이름 포, 나물밭 포",31囗,31.7,10,,10,water,0.6,jawon-low-confidence,,,
U+5704,圄,어,"가둘 어, 옥 어",31囗,31.7,10,,10,water,0.6,jawon-low-confidence,,,
U+5707,圇,륜 윤,,31囗,31.8,11,11,11,water,0.6,hun-missing jawon-low-confidence,,,
U+5708,圈,권,둥글 권,31囗,31.8,11,,11,water,0.6,jawon-low-confidence,,,
U+5709,圉,어,"마부 어, 변방 어",31囗,31.8,11,,11,water,0.6,jawon-low-confidence,,,
U+570A,圊,청,뒷간 청,31囗,31.8,11,,11,water,0.6,jawon-low-confidence,,,
U+570B,國,국,나라 국,31囗,31.8,11,,11,water,0.6,jawon-low-confidence,,,
U+570D,圍,위,"둘레 위, 에워 쌀 위, 한아람 위, 지킬 위",31囗,31.9,12,,12,water,0.6,jawon-low-confidence,,,
U+5712,園,원,"동산 원, 능 원, 울타리 원",31囗,31.10,13,,13,water,0.6,jawon-low-confidence,,,
U+5713,圓,원,"둥글 원, 원만할 원, 화폐의 단위 원",31囗,31.10,13,,13,water,0.6,jawon-low-confidence,,,
U+5716,圖,도,그림 도,31囗,31.11,14,,14,water,0.6,jawon-low-confidence,,,
U+5718,團,단,둥글 단,31囗,31.11,14,,14,water,0.6,jawon-low-confidence,,,
U+571C,圜,환,두를 환,31囗,31.13,16,,16,water,0.6,jawon-low-confidence,,,
U+571D,圝,란 난(두음),,31囗,31.19,22,22,22,water,0.6,hun-missing jawon-low-confidence,,,
U+5722,圢,정,,32土,32.2,5,5,5,earth,0.9,hun-missing,,,
U+5729,圩,우,,32土,32.3,6,6,6,earth,0.9,hun-missing,,,
U+572A,圪,을,,32土,32.3,6,6,6,earth,0.9,hun-missing,,,
U+5733,圳,수,,32土,32.3,6,6,6,earth,0.9,hun-missing,,,
U+5734,圴,작,,32土,32.3,6,6,6,earth,0.9,hun-missing,,,
U+5741,坁,지,,32土,32.4,7,7,7,earth,0.9,hun-missing,,,
U+574B,坋,분,,32土,32.4,7,7,7,earth,0.9,hun-missing,,,
U+5768,坨,타,,32土,32.5,8,8,8,earth,0.9,hun-missing,,,
U+576B,坫,점,,32土,32.5,8,8,8,earth,0.9,hun-missing,,,
U+5776,坶,목,,32土,32.5,8,8,8,earth,0.9,hun-missing,,,
U+577D,坽,령 영,,32土,32.5,8,8,8,earth,0.9,hun-missing,,,
U+5780,垀,호,,32土,32.5,8,8,8,earth,0.9,hun-missing,,,
U+5782,垂,수,"드리울 수, 변방 수, 거의 수, 남길 수",32土,32.5 33.5,8,8,8,earth,0.9,multiple-radical-values,,,
U+5798,垘,복,,32土,32.6,9,9,9,earth,0.9,hun-missing,,,
U+5799,垙,광,,32土,32.6,9,9,9,earth,0.9,hun-missing,,,
U+579A,垚,요,,32土,32.6,9,9,9,earth,0.9,hun-missing,,,
U+579E,垞,택,,32土,32.6,9,9,9,earth,0.9,hun-missing,,,
U+57B6,垶,성,,32土,32.7,10,10,10,earth,0.9,hun-missing,,,
U+57C2,埂,경,,32土,32.7,10,10,10,earth,0.9,hun-missing,,,
U+57C9,埉,협,,32土,32.7,10,10,10,earth,0.9,hun-missing,,,
U+57CD,埍,현,,32土,32.7,10,10,10,earth,0.9,hun-missing,,,
U+57E9,埩,정,,32土,32.8,9,11,11,earth,0.9,hun-missing,,,
U+57EE,埮,담,,32土,32.8,11,11,11,earth,0.9,hun-missing,,,
U+57F1,埱,숙,,32土,32.8,11,11,11,earth,0.9,hun-missing,,,
U+57F6,埶,예,,32土,32.8,11,11,11,earth,0.9,hun-missing,,,
U+57FE,埾,추,,32土,32.8,11,11,11,earth,0.9,hun-missing,,,
U+5804,堄,예,,32土,32.8,11,11,11,earth,0.9,hun-missing,,,
U+5807,堇,근,,32土,32.8,11,11,11,earth,0.9,hun-missing,,,
U+580B,堋,붕,,32土,32.8,11,11,11,earth,0.9,hun-missing,,,
U+581C,堜,련 연,,32土,32.9,12,12,12,earth,0.9,hun-missing,,,
U+5823,堣,우,,32土,32.9,12,12,12,earth,0.9,hun-missing,,,
U+5825,堥,무,,32土,32.9,12,12,12,earth,0.9,hun-missing,,,
U+582D,堭,황,,32土,32.9,12,12,12,earth,0.9,hun-missing,,,
U+5833,堳,미,,32土,32.9,12,12,12,earth,0.9,hun-missing,,,
U+5839,堹,종,,32土,32.9,12,12,12,earth,0.9,hun-missing,,,
U+584D,塍,승,,32土,32.10,13,13,13,earth,0.9,hun-missing,,,
U+585D,塝,방,,32土,32.10,13,13,13,earth,0.9,hun-missing,,,
U+5880,墀,지,계단 위의 공지 지,32土,32.11,15,14,15,earth,0.9,won-total-exceeds-formula,,,
U+5886,墆,절 체,,32土,32.11,14,14,14,earth,0.9,hun-missing,,,
U+5887,墇,장,,32土,32.11,14,14,14,earth,0.9,hun-missing,,,
U+588C,墌,척,,32土,32.11,14,14,14,earth,0.9,hun-missing,,,
U+5892,墒,상,,32土,32.11,14,14,14,earth,0.9,hun-missing,,,
U+58A0,墠,선,,32土,32.12,15,15,15,earth,0.9,hun-missing,,,
U+58A8,墨,묵,"먹 묵, 형벌 이름 묵",203黑,203.3 32.12,15,15,15,water,0.8,multiple-radical-values,,,
U+58C6,壆,학,,32土,32.13,16,16,16,earth,0.9,hun-missing,,,
U+58D6,壖,연,,32土,32.14,17,17,17,earth,0.9,hun-missing,,,
U+58E1,壡,예,,29又,29.17,19,19,19,water,0.6,hun-missing jawon-low-confidence,,,
U+58E9,壩,파 패,,32土,32.21,24,24,24,earth,0.9,hun-missing,,,
U+58EB,士,사,"선비 사, 벼슬 사",33士,33.0,3,,3,,,jawon-unclassified,,,
U+58EE,壮,장,,33士,33.3,6,6,6,,,hun-missing jawon-unclassified,,,
U+58EF,壯,장,"씩씩할 장, 장할 장",33士,33.4,7,,7,,,jawon-unclassified,,,
U+58F9,壹,일,"한 일, 하나 일",33士,33.9,12,,12,,,jawon-unclassified,,,
U+58FA,壺,호,"병 호, 단지 호, 항아리 호",33士,33.9,12,,12,,,jawon-unclassified,,,
U+58FB,壻,서,사위 서,33士,33.9,12,,12,,,jawon-unclassified,,,
U+58FD,壽,수,"목숨 수, 장수할 수, 나이 수, 축복할 수",33士,33.11,14,,14,,,jawon-unclassified,,,
U+5906,夆,봉,끌 봉,34夂,34.4,7,,7,,,jawon-unclassified,,,
U+5908,夈,재,,34夂,34.6,9,9,9,,,hun-missing jawon-unclassified,,,
U+590B,夋,준,,35夊,35.4,7,7,7,,,hun-missing jawon-unclassified,,,
U+590F,夏,하,여름 하,35夊,35.7,10,,10,,,jawon-unclassified,,,
U+5910,夐,형,"멀 형, 바라보는 모양 형",35夊,35.11,14,,14,,,jawon-unclassified,,,
U+5914,夔,기,"조심할 기, 외발짐승 기",35夊,35.19,21,,22,,,jawon-unclassified,,,
U+591B,夛,다,,36夕,36.3,6,6,6,water,0.8,hun-missing,,,
U+5920,夠,구,,36夕,36.8,11,11,11,water,0.8,hun-missing,,,
U+5930,夰,고 호,,37大,37.2,5,5,5,wood,0.8,hun-missing,,,
U+5932,夲,도,,37大,37.2,5,5,5,wood,0.8,hun-missing,,,
U+593D,夽,운,,37大,37.4,7,7,7,wood,0.8,hun-missing,,,
U+594C,奌,점,,37大,37.5,8,8,8,wood,0.8,hun-missing,,,
U+595B,奛,황,,37大,37.8,11,11,11,wood,0.8,hun-missing,,,
U+595C,奜,비,,37大,37.8,11,11,11,wood,0.8,hun-missing,,,
U+595D,奝,조,,37大,37.8,11,11,11,wood,0.8,hun-missing,,,
U+596B,奫,윤,"물 깊을 윤, 물이 충충할 윤, 물이 층층한 윤",37大,37.11,15,14,15,wood,0.8,won-total-exceeds-formula,,,
U+5970,奰,비,,37大,37.15,18,18,18,wood,0.8,hun-missing,,,
U+5971,奱,련 연,,37大,37.19,22,22,22,wood,0.8,hun-missing,,,
U+5972,奲,다 차,,37大,37.21,23,24,24,wood,0.8,hun-missing,,,
U+5975,奵,정,,38女,38.2,5,5,5,earth,0.9,hun-missing,,,
U+597C,奼,타,,38女,38.3,6,6,6,earth,0.9,hun-missing,,,
U+598C,妌,정,,38女,38.4,7,7,7,earth,0.9,hun-missing,,,
U+598D,妍,연,,38女,38.6,7,9,9,earth,0.9,hun-missing,,,
U+598F,妏,문,,38女,38.4,7,7,7,earth,0.9,hun-missing,,,
U+5998,妘,운,,38女,38.4,7,7,7,earth,0.9,hun-missing,,,
U+599E,妞,뉴 유,,38女,38.4,7,7,7,earth,0.9,hun-missing,,,
U+599F,妟,안,,38女,38.4,7,7,7,earth,0.9,hun-missing,,,
U+59A1,妡,흔,,38女,38.4,7,7,7,earth,0.9,hun-missing,,,
U+59A2,妢,분,,38女,38.4,7,7,7,earth,0.9,hun-missing,,,
U+59A4,妤,여,,38女,38.4,7,7,7,earth,0.9,hun-missing,,,
U+59A6,妦,봉,,38女,38.4,7,7,7,earth,0.9,hun-missing,,,
U+59AE,妮,니 이(두음),,38女,38.5,8,8,8,earth,0.9,hun-missing,,,
U+59B0,妰,작,,38女,38.5,8,8,8,earth,0.9,hun-missing,,,
U+59B1,妱,초,,38女,38.5,8,8,8,earth,0.9,hun-missing,,,
U+59B4,妴,원,,38女,38.5,8,8,8,earth,0.9,hun-missing,,,
U+59B6,妶,현,,38女,38.5,8,8,8,earth,0.9,hun-missing,,,
U+59B7,妷,일 질,,38女,38.5,8,8,8,earth,0.9,hun-missing,,,
U+59B8,妸,아,,38女,38.5,8,8,8,earth,0.9,hun-missing,,,
U+59BA,妺,말,,38女,38.5,8,8,8,earth,0.9,hun-missing,,,
U+59BC,妼,필,,38女,38.5,8,8,8,earth,0.9,hun-missing,,,
U+59BF,妿,아,,38女,38.5,8,8,8,earth,0.9,hun-missing,,,
U+59C0,姀,화,,38女,38.5,8,8,8,earth,0.9,hun-missing,,,
U+59C1,姁,후,,38女,38.5,8,8,8,earth,0.9,hun-missing,,,
U+59CA,姊,자,,38女,38.5,7,8,8,earth,0.9,hun-missing,,,
U+59D6,姖,거,,38女,38.5,7,8,8,earth,0.9,hun-missing,,,
U+59DB,姛,동,,38女,38.6,9,9,9,earth,0.9,hun-missing,,,
U+59DF,姟,해,,38女,38.6,9,9,9,earth,0.9,hun-missing,,,
U+59E2,姢,연,,38女,38.6,9,9,9,earth,0.9,hun-missing,,,
U+59EB,姫,희,,38女,38.6,9,9,9,earth,0.9,hun-missing,,,
U+59EF,姯,광,,38女,38.6,9,9,9,earth,0.9,hun-missing,,,
U+59F0,姰,순,,38女,38.6,9,9,9,earth,0.9,hun-missing,,,
U+59F1,姱,과,,38女,38.6,9,9,9,earth,0.9,hun-missing,,,
U+59F2,姲,안,,38女,38.6,9,9,9,earth,0.9,hun-missing,,,
U+59F4,姴,렬 열,,38女,38.6,9,9,9,earth,0.9,hun-missing,,,
U+59F7,姷,유,,38女,38.6,9,9,9,earth,0.9,hun-missing,,,
U+59F9,姹,차,,38女,38.6,9,9,9,earth,0.9,hun-missing,,,
U+59FC,姼,제,,38女,38.6,9,9,9,earth,0.9,hun-missing,,,
U+59FE,姾,전,,38女,38.6,9,9,9,earth,0.9,hun-missing,,,
U+5A0A,娊,현,,38女,38.7,10,10,10,earth,0.9,hun-missing,,,
U+5A0C,娌,리 이(두음),,38女,38.7,10,10,10,earth,0.9,hun-missing,,,
U+5A0D,娍,성,,38女,38.7,9,10,10,earth,0.9,hun-missing,,,
U+5A17,娗,정,,38女,38.7,9,10,10,earth,0.9,hun-missing,,,
U+5A1A,娚,남,,38女,38.7,10,10,10,earth,0.9,hun-missing,,,
U+5A2B,娫,연,,38女,38.7,9,10,10,earth,0.9,hun-missing,,,
U+5A2C,娬,무,,38女,38.8,11,11,11,earth,0.9,hun-missing,,,
U+5A39,娹,현,,38女,38.8,11,11,11,earth,0.9,hun-missing,,,
U+5A3E,娾,애,,38女,38.8,11,11,11,earth,0.9,hun-missing,,,
U+5A47,婇,채,,38女,38.8,11,11,11,earth,0.9,hun-missing,,,
U+5A4B,婋,호 효,,38女,38.8,11,11,11,earth,0.9,hun-missing,,,
U+5A4D,婍,기,,38女,38.8,11,11,11,earth,0.9,hun-missing,,,
U+5A51,婑,유,,38女,38.8,11,11,11,earth,0.9,hun-missing,,,
U+5A55,婕,첩,,38女,38.8,11,11,11,earth,0.9,hun-missing,,,
U+5A57,婗,예,,38女,38.8,11,11,11,earth,0.9,hun-missing,,,
U+5A58,婘,권,,38女,38.8,11,11,11,earth,0.9,hun-missing,,,
U+5A5E,婞,행,,38女,38.8,11,11,11,earth,0.9,hun-missing,,,
U+5A5F,婟,고,,38女,38.8,11,11,11,earth,0.9,hun-missing,,,
U+5A60,婠,완,,38女,38.8,11,11,11,earth,0.9,hun-missing,,,
U+5A63,婣,인,姻과 同字,38女,38.8,12,11,12,earth,0.9,won-total-exceeds-formula,,,
U+5A64,婤,주,,38女,38.8,11,11,11,earth,0.9,hun-missing,,,
U+5A65,婥,작,,38女,38.8,11,11,11,earth,0.9,hun-missing,,,
U+5A67,婧,정 청,,38女,38.8,11,11,11,earth,0.9,hun-missing,,,
U+5A69,婩,안,,38女,38.8,11,11,11,earth,0.9,hun-missing,,,
U+5A6D,婭,아,,38女,38.8,11,11,11,earth,0.9,hun-missing,,,
U+5A7B,婻,남,,38女,38.9,12,12,12,earth,0.9,hun-missing,,,
U+5A7D,婽,가,,38女,38.9,12,12,12,earth,0.9,hun-missing,,,
U+5A7E,婾,유,,38女,38.9,12,12,12,earth,0.9,hun-missing,,,
U+5A8B,媋,춘,,38女,38.9,12,12,12,earth,0.9,hun-missing,,,
U+5A90,媐,이,,38女,38.10,13,13,13,earth,0.9,hun-missing,,,
U+5A9E,媞,시 제,,38女,38.9,12,12,12,earth,0.9,hun-missing,,,
U+5AAA,媪,온,,38女,38.9,12,12,12,earth,0.9,hun-missing,,,
U+5AB6,媶,용,,38女,38.10,12,13,13,earth,0.9,hun-missing,,,
U+5ABC,媼,온,,38女,38.10,13,13,13,earth,0.9,hun-missing,,,
U+5ACF,嫏,랑 낭(두음),,38女,38.9,11,12,12,earth,0.9,hun-missing,,,
U+5AD5,嫕,예,,38女,38.11,14,14,14,earth,0.9,hun-missing,,,
U+5ADD,嫝,강,,38女,38.11,14,14,14,earth,0.9,hun-missing,,,
U+5AE4,嫤,근,,38女,38.11,14,14,14,earth,0.9,hun-missing,,,
U+5AEC,嫬,서,,38女,38.11,14,14,14,earth,0.9,hun-missing,,,
U+5AED,嫭,호,,38女,38.11,14,14,14,earth,0.9,hun-missing,,,
U+5AF5,嫵,무,,38女,38.12,15,15,15,earth,0.9,hun-missing,,,
U+5AF8,嫸,선,,38女,38.12,15,15,15,earth,0.9,hun-missing,,,
U+5AF9,嫹,묘,,38女,38.12,14,15,15,earth,0.9,hun-missing,,,
U+5B03,嬃,수,,38女,38.12,15,15,15,earth,0.9,hun-missing,,,
U+5B13,嬓,교,,38女,38.13,16,16,16,earth,0.9,hun-missing,,,
U+5B17,嬗,선,,38女,38.13,16,16,16,earth,0.9,hun-missing,,,
U+5B2C,嬬,유,,38女,38.14,17,17,17,earth,0.9,hun-missing,,,
U+5B2E,嬮,염,,38女,38.14,17,17,17,earth,0.9,hun-missing,,,
U+5B4B,孋,려 리 여(두음) 이(두음),,38女,38.19,22,22,22,earth,0.9,hun-missing,,,
U+5B61,孡,태,,39子,39.5,8,8,8,water,0.9,hun-missing,,,
U+5B66,学,학,,39子,39.5,8,8,8,water,0.9,hun-missing,,,
U+5B6E,孮,종,,39子,39.8,11,11,11,water,0.9,hun-missing,,,
U+5B72,孲,아,,39子,39.8,11,11,11,water,0.9,hun-missing,,,
U+5B7E,孾,영,,39子,39.17,20,20,20,water,0.9,hun-missing,,,
U+5B9D,宝,보,,40宀,40.5,8,8,8,wood,0.9,hun-missing,,,
U+5B9F,実,실,,40宀,40.5,8,8,8,wood,0.9,hun-missing,,,
U+5BAD,宭,군,,40宀,40.7,10,10,10,wood,0.9,hun-missing,,,
U+5BCA,寊,정,,40宀,40.9,12,12,12,wood,0.9,hun-missing,,,
U+5BDB,寛,관,,40宀,40.10,13,13,13,wood,0.9,hun-missing,,,
U+5BF8,寸,촌,"치 촌, 마디 촌, 헤아릴 촌, 조금 촌",41寸,41.0,3,,3,,,jawon-unclassified,,,
U+5BFA,寺,사,절 사,41寸,41.3,6,,6,,,jawon-unclassified,,,
U+5BFF,寿,수,,41寸,41.4,7,7,7,,,hun-missing jawon-unclassified,,,
U+5C01,封,봉,봉할 봉,41寸,41.6,9,,9,,,jawon-unclassified,,,
U+5C03,尃,부,,41寸,41.7,10,10,10,,,hun-missing jawon-unclassified,,,
U+5C04,射,사,"궁술 사, 쏠 사",41寸,41.7,10,,10,,,jawon-unclassified,,,
U+5C05,尅,극,剋과 同字,41寸,41.7,10,,10,,,jawon-unclassified,,,
U+5C06,将,장,,41寸,41.6 90'.6,10,9,10,,,won-total-exceeds-formula multiple-radical-values hun-missing jawon-unclassified,,,
U+5C07,將,장,"장차 장, 장수 장",41寸,41.8,11,,11,,,jawon-unclassified,,,
U+5C08,專,전,"오로지 전, 전일할 전",41寸,41.8,11,,11,,,jawon-unclassified,,,
U+5C09,尉,위,"벼슬이름 위, 눌릴 위",41寸,41.8,11,,11,,,jawon-unclassified,,,
U+5C0A,尊,존,"존귀할 존, 높을 존",41寸,41.9,12,,12,,,jawon-unclassified,,,
U+5C0B,尋,심,찾을 심,41寸,41.9,12,,12,,,jawon-unclassified,,,
U+5C0C,尌,주,세울 주,41寸,41.9,12,,12,,,jawon-unclassified,,,
U+5C0D,對,대,"마주볼 대, 대답할 대",41寸,41.11,14,,14,,,jawon-unclassified,,,
U+5C0E,導,도,"이끌 도, 인도할 도",41寸,41.12,15,,15,,,jawon-unclassified,,,
U+5C0F,小,소,"작을 소, 좁을 소, 적을 소, 어릴 소, 적게 여길 소",42小,42.0,3,,3,,,jawon-unclassified,,,
U+5C11,少,소,"적을 소, 조금 소, 멸시할 소, 잠깐 소, 젊을 소",42小,42.1,4,,4,,,jawon-unclassified,,,
U+5C14,尔,이,爾와 同字,42小,42.2,5,,5,,,jawon-unclassified,,,
U+5C16,尖,첨,뾰족할 첨,42小,42.3,6,,6,,,jawon-unclassified,,,
U+5C19,尙,상,오히려 상,42小,42.5,8,,8,,,jawon-unclassified,,,
U+5C1F,尟,선,尠과 同字,42小,42.10,13,,13,,,jawon-unclassified,,,
U+5C24,尤,우,"가장 우, 더욱 우, 탓할 우",43尢,43.1,4,,4,earth,0.6,jawon-low-confidence,,,
U+5C28,尨,방,삽살개 방,43尢,43.4,7,,7,earth,0.6,jawon-low-confidence,,,
U+5C31,就,취,"좇을 취, 이룰 취, 곧 취, 가령 취, 능할 취, 저자 취, 나아갈 취",43尢,43.9,12,,12,earth,0.6,jawon-low-confidence,,,
U+5C38,尸,시,"시동 시, 주검 시, 시체 시",44尸,44.0,3,,3,,,jawon-unclassified,,,
U+5C39,尹,윤,"다스릴 윤, 바를 윤, 벼슬이름 윤, 믿을 윤",4丿,4.3 44.1,4,4,4,water,0.6,multiple-radical-values jawon-low-confidence,,,
U+5C3A,尺,척,자 척,44尸,44.1,4,,4,,,jawon-unclassified,,,
U+5C3B,尻,고,꽁무니 고,44尸,44.2,5,,5,,,jawon-unclassified,,,
U+5C3C,尼,니 이,"여승 니, 여자중 니",44尸,44.2,5,,5,,,jawon-unclassified,,,
U+5C3D,尽,진,,44尸,44.3,6,6,6,,,hun-missing jawon-unclassified,,,
U+5C3E,尾,미,"꼬리 미, 등 미",44尸,44.4,7,,7,,,jawon-unclassified,,,
U+5C3F,尿,뇨 요,오줌 뇨,44尸,44.4,7,,7,,,jawon-unclassified,,,
U+5C40,局,국,"부분 국, 판 국",44尸,44.4,7,,7,,,jawon-unclassified,,,
U+5C41,屁,비,방귀 비,44尸,44.4,7,,7,,,jawon-unclassified,,,
U+5C45,居,거,"살 거, 곳 거, 앉을 거, 놓을 거, 쌓을 거",44尸,44.5,8,,8,,,jawon-unclassified,,,
U+5C46,屆,계,"이를 계, 다다를 계",44尸,44.5,8,,8,,,jawon-unclassified,,,
U+5C47,屇,전,구멍 전,44尸,44.5,8,,8,,,jawon-unclassified,,,
U+5C48,屈,굴,굽을 굴,44尸,44.5,8,,8,,,jawon-unclassified,,,
U+5C4B,屋,옥,"집 옥, 지붕 옥, 거북 덮개 옥",44尸,44.6,9,,9,,,jawon-unclassified,,,
U+5C4D,屍,시,"주검 시, 송장 시, 시체 시",44尸,44.6,9,,9,,,jawon-unclassified,,,
U+5C4E,屎,시 히,"똥 시, 변 시",44尸,44.6,9,,9,,,jawon-unclassified,,,
U+5C50,屐,극,나막신 극,44尸,44.7,10,,10,,,jawon-unclassified,,,
U+5C51,屑,설,"가루 설, 구차할 설",44尸,44.7,10,,10,,,jawon-unclassified,,,
U+5C55,展,전,"펼칠 전, 열릴 전, 살필 전",44尸,44.7,10,,10,,,jawon-unclassified,,,
U+5C5B,屛,병,병풍 병,44尸,44.8,11,,11,,,jawon-unclassified,,,
U+5C60,屠,도,"잡을 도, 죽일 도",44尸,44.9,12,,12,,,jawon-unclassified,,,
U+5C62,屢,루 누,창 루,44尸,44.11,14,,14,,,jawon-unclassified,,,
U+5C64,層,층,"겹 층, 거듭 층, 층층대 층",44尸,44.12,15,,15,,,jawon-unclassified,,,
U+5C65,履,리 이,"신 리, 밟을 리",44尸,44.12,15,,15,,,jawon-unclassified,,,
U+5C68,屨,구,삼으로 짠 신 구,44尸,44.14,17,,17,,,jawon-unclassified,,,
U+5C6C,屬,속,"무리 속, 좇을 속, 붙이 속, 거느릴 속, 붙일 속",44尸,44.18,21,,21,,,jawon-unclassified,,,
U+5C6D,屭,희,,44尸,44.21,24,24,24,,,hun-missing jawon-unclassified,,,
U+5C6F,屯,둔,진칠 둔,45屮,45.1,4,,4,wood,0.6,jawon-low-confidence,,,
U+5C92,岒,겸,,46山,46.4,7,7,7,earth,0.9,hun-missing,,,
U+5CA0,岠,거,,46山,46.5,7,8,8,earth,0.9,hun-missing,,,
U+5CA2,岢,가,,46山,46.5,8,8,8,earth,0.9,hun-missing,,,
U+5CAF,岯,비,,46山,46.5,8,8,8,earth,0.9,hun-missing,,,
U+5CB0,岰,유,,46山,46.5,8,8,8,earth,0.9,hun-missing,,,
U+5CCB,峋,순,,46山,46.6,9,9,9,earth,0.9,hun-missing,,,
U+5CD3,峓,이,,46山,46.6,9,9,9,earth,0.9,hun-missing,,,
U+5CD8,峘,환,,46山,46.6,9,9,9,earth,0.9,hun-missing,,,
U+5CF9,峹,도,,46山,46.7,10,10,10,earth,0.9,hun-missing,,,
U+5CFC,峼,곡 호,,46山,46.7,10,10,10,earth,0.9,hun-missing,,,
U+5D13,崓,고,,46山,46.8,11,11,11,earth,0.9,hun-missing,,,
U+5D18,崘,륜 윤,,46山,46.8,11,11,11,earth,0.9,hun-missing,,,
U+5D20,崠,동,,46山,46.8,11,11,11,earth,0.9,hun-missing,,,
U+5D36,崶,봉,,46山,46.9,12,12,12,earth,0.9,hun-missing,,,
U+5D39,崹,체,,46山,46.9,12,12,12,earth,0.9,hun-missing,,,
U+5D3C,崼,시,,46山,46.9,12,12,12,earth,0.9,hun-missing,,,
U+5D3D,崽,재,,46山,46.9,12,12,12,earth,0.9,hun-missing,,,
U+5D43,嵃,언,,46山,46.9,12,12,12,earth,0.9,hun-missing,,,
U+5D44,嵄,미,,46山,46.9,12,12,12,earth,0.9,hun-missing,,,
U+5D49,嵉,정,,46山,46.9,12,12,12,earth,0.9,hun-missing,,,
U+5D4A,嵊,승,,46山,46.10,13,13,13,earth,0.9,hun-missing,,,
U+5D4F,嵏,종,,46山,46.9,12,12,12,earth,0.9,hun-missing,,,
U+5D52,嵒,암,,46山,46.9,12,12,12,earth,0.9,hun-missing,,,
U+5D60,嵠,계,,46山,46.10,13,13,13,earth,0.9,hun-missing,,,
U+5D62,嵢,창,,46山,46.10,13,13,13,earth,0.9,hun-missing,,,
U+5D64,嵤,형,,46山,46.10,13,13,13,earth,0.9,hun-missing,,,
U+5D65,嵥,걸,,46山,46.10,13,13,13,earth,0.9,hun-missing,,,
U+5D70,嵰,겸,,46山,46.10,13,13,13,earth,0.9,hun-missing,,,
U+5D77,嵷,종,,46山,46.11,14,14,14,earth,0.9,hun-missing,,,
U+5D78,嵸,종,,46山,46.11,14,14,14,earth,0.9,hun-missing,,,
U+5D7A,嵺,교,,46山,46.11,14,14,14,earth,0.9,hun-missing,,,
U+5D86,嶆,조,,46山,46.11,14,14,14,earth,0.9,hun-missing,,,
U+5D88,嶈,장,,46山,46.11,14,14,14,earth,0.9,hun-missing,,,
U+5D93,嶓,파,,46山,46.12,15,15,15,earth,0.9,hun-missing,,,
U+5D9F,嶟,준,,46山,46.12,15,15,15,earth,0.9,hun-missing,,,
U+5DB1,嶱,갈,,46山,46.13,15,16,16,earth,0.9,hun-missing,,,
U+5DB2,嶲,수,,46山,46.13,16,16,16,earth,0.9,hun-missing,,,
U+5DBE,嶾,은,,46山,46.14,17,17,17,earth,0.9,hun-missing,,,
U+5DC3,巃,롱 농(두음),,46山,46.16,19,19,19,earth,0.9,hun-missing,,,
U+5DCB,巋,규,,46山,46.17,21,20,21,earth,0.9,won-total-exceeds-formula hun-missing,,,
U+5DD8,巘,헌,,46山,46.20,23,23,23,earth,0.9,hun-missing,,,
U+5DDD,川,천,내 천,47巛,47.0,3,,3,water,0.6,jawon-low-confidence,,,
U+5DDE,州,주,고을 주,47巛,47.3,6,,6,water,0.6,jawon-low-confidence,,,
U+5DE0,巠,경,,47巛,47.4,7,7,7,water,0.6,hun-missing jawon-low-confidence,,,
U+5DE1,巡,순,"돌 순, 순행할 순, 두루 순",162辵,162.3 47.4,6,10,10,earth,0.9,multiple-radical-values,,,
U+5DE2,巢,소,"새집 소, 집 지을 소, 새 보금자리 소, 적진 망보는 높을 수레 소, 도둑굴 소, 큰 피리 소, 채소이름 소",47巛,47.8,11,,11,water,0.6,jawon-low-confidence,,,
U+5DE5,工,공,장인 공,48工,48.0,3,,3,fire,0.5,jawon-low-confidence,,,
U+5DE6,左,좌,"왼 좌, 왼쪽 좌",48工,48.2,5,,5,fire,0.5,jawon-low-confidence,,,
U+5DE7,巧,교,"공교할 교, 교묘할 교",48工,48.2,5,,5,fire,0.5,jawon-low-confidence,,,
U+5DE8,巨,거,"클 거, 많을 거, 억 거",48工,48.2,5,,5,fire,0.5,jawon-low-confidence,,,
U+5DEB,巫,무,"무당 무, 산 이름 무",48工,48.4,7,,7,fire,0.5,jawon-low-confidence,,,
U+5DED,巭,부,,48工,48.6,9,9,9,fire,0.5,hun-missing jawon-low-confidence,,,
U+5DEE,差,차,"어긋날 차, 어길 차",48工,48.7,10,,10,fire,0.5,jawon-low-confidence,,,
U+5DF2,已,이,"이미 이, 그칠 이, 버릴 이, 너무 이",49己,49.0,3,,3,earth,0.6,jawon-low-confidence,,,
U+5DF4,巴,파,"꼬리 파, 뱀 파, 땅이름 파",49己,49.1,4,,4,earth,0.6,jawon-low-confidence,,,
U+5DF7,巷,항,"거리 항, 마을 항, 복도 항, 내시 항, 골목 항",49己,49.6,9,,9,earth,0.6,jawon-low-confidence,,,
U+5DF8,巸,이 희,,49己,49.6,10,9,10,earth,0.6,won-total-exceeds-formula hun-missing jawon-low-confidence,,,
U+5DF9,巹,근,받들 근,49己,49.6,9,,9,earth,0.6,jawon-low-confidence,,,
U+5DFD,巽,손,"사양할 손, 낮은체 할 손, 부드러울 손, 괘 이름 손, 동과 남의 사이방향 손",49己,49.9,12,,12,earth,0.6,jawon-low-confidence,,,
U+5E15,帕,말,,50巾,50.5,8,8,8,wood,0.9,hun-missing,,,
U+5E20,帠,예,,50巾,50.6,9,9,9,wood,0.9,hun-missing,,,
U+5E5C,幜,경,,50巾,50.12,15,15,15,wood,0.9,hun-missing,,,
U+5E72,干,간,방패 간,51干,51.0,3,,3,wood,0.6,jawon-low-confidence,,,
U+5E73,平,평,"평탄할 평, 바를 평, 고를 평, 다스릴 평, 쉬울 평, 풍년 평, 화친할 평, 재관관 평, 평평할 평",51干,51.2,5,,5,wood,0.6,jawon-low-confidence,,,
U+5E74,年,년 연,해 년,51干,51.3,6,,6,wood,0.6,jawon-low-confidence,,,
U+5E76,并,병,,51干,51.5,6,8,8,wood,0.6,hun-missing jawon-low-confidence,,,
U+5E77,幷,병,아우를,51干,51.5,8,,8,wood,0.6,jawon-low-confidence,,,
U+5E78,幸,행,"다행할 행, 바랄 행",51干,51.5,8,,8,wood,0.6,jawon-low-confidence,,,
U+5E79,幹,간,"줄기 간, 우물난간 간",51干,51.10,13,,13,wood,0.6,jawon-low-confidence,,,
U+5E7A,幺,요,"작을 요, 어릴 요, 작다 요",52幺,52.0,3,,3,fire,0.6,jawon-low-confidence,,,
U+5E7B,幻,환,"변할 환, 허깨비 환",52幺,52.1,4,,4,fire,0.6,jawon-low-confidence,,,
U+5E7C,幼,유,"어릴 유, 사랑할 유",52幺,52.2,5,,5,fire,0.6,jawon-low-confidence,,,
U+5E7D,幽,유,"숨을 유, 그윽할 유, 적을 유, 어두울 유, 귀신 유, 저승 유, 깊을 유",52幺,52.6,9,,9,fire,0.6,jawon-low-confidence,,,
U+5E7E,幾,기,"기미 기, 몇 기",52幺,52.9,12,,12,fire,0.6,jawon-low-confidence,,,
U+5E80,庀,비,,53广,53.2,5,5,5,wood,0.7,hun-missing,,,
U+5E83,広,광,,53广,53.2,5,5,5,wood,0.7,hun-missing,,,
U+5E88,庈,금,,53广,53.4,7,7,7,wood,0.7,hun-missing,,,
U+5E8C,庌,아,,53广,53.4,7,7,7,wood,0.7,hun-missing,,,
U+5EA5,庥,휴,,53广,53.6,9,9,9,wood,0.7,hun-missing,,,
U+5EA8,庨,효,,53广,53.7,10,10,10,wood,0.7,hun-missing,,,
U+5EA9,庩,도,,53广,53.7,10,10,10,wood,0.7,hun-missing,,,
U+5EB2,庲,래 내(두음),,53广,53.8,11,11,11,wood,0.7,hun-missing,,,
U+5EB3,庳,비,,53广,53.8,11,11,11,wood,0.7,hun-missing,,,
U+5EBD,庽,우,,53广,53.9,12,12,12,wood,0.7,hun-missing,,,
U+5EC1,廁,측,,53广,53.9,12,12,12,wood,0.7,hun-missing,,,
U+5ED9,廙,이,,53广,53.12,14,15,15,wood,0.7,hun-missing,,,
U+5EEE,廮,영,,53广,53.17,20,20,20,wood,0.7,hun-missing,,,
U+5EF6,延,연,"미칠 연, 닿을 연",54廴,54.4,8,7,8,wood,0.6,won-total-exceeds-formula jawon-low-confidence,,,
U+5EF7,廷,정,"조정 정, 바를 정, 곧을 정",54廴,54.4,7,,7,wood,0.6,jawon-low-confidence,,,
U+5EFA,建,건,"세울 건, 둘 건, 심을 건, 칼집 건, 별이름 건",54廴,54.6,9,,9,wood,0.6,jawon-low-confidence,,,
U+5EFB,廻,회,"돌 회, 돌아올 회",54廴,54.6,9,,9,wood,0.6,jawon-low-confidence,,,
U+5EFE,廾,공,들다,55廾,55.0,3,,3,,,jawon-unclassified,,,
U+5EFF,廿,입,스물 입,55廾,55.1,4,,4,,,jawon-unclassified,,,
U+5F01,弁,변,고깔 변,55廾,55.2,5,,5,,,jawon-unclassified,,,
U+5F03,弃,기,棄의 古字,55廾,55.4 8.5,7,7,7,,,multiple-radical-values jawon-unclassified,,,
U+5F04,弄,롱 농,희롱할 롱,55廾,55.4,7,,7,,,jawon-unclassified,,,
U+5F05,弅,분,,55廾,55.4,7,7,7,,,hun-missing jawon-unclassified,,,
U+5F07,弇,감,"뚜껑 감, 사람이름 감",55廾,55.6,9,,9,,,jawon-unclassified,,,
U+5F08,弈,혁,바둑둘 혁,55廾,55.6,9,,9,,,jawon-unclassified,,,
U+5F0A,弊,폐,"해질 폐, 폐단 폐, 곤할 폐, 곰곰 궁리할 폐, 결단할 폐, 엎드릴 폐",55廾,55.12,14,,15,,,jawon-unclassified,,,
U+5F0B,弋,익,"주살 익, 취할 익, 홰 익, 검을 익, 벼슬이름 익, 오랑캐 익",56弋,56.0,3,,3,,,jawon-unclassified,,,
U+5F0F,式,식,"법 식, 쓸 식, 제도 식, 수레 앞 가로막대 식",56弋,56.3,6,,6,,,jawon-unclassified,,,
U+5F12,弒,시,,56弋,56.10,13,13,13,,,hun-missing jawon-unclassified,,,
U+5F13,弓,궁,활 궁,57弓,57.0,3,,3,metal,0.6,jawon-low-confidence,,,
U+5F14,弔,조,"위문할 조, 조상할 조",57弓,57.1,4,,4,metal,0.6,jawon-low-confidence,,,
U+5F15,引,인,"끌 인, 이끌 인",57弓,57.1,4,,4,metal,0.6,jawon-low-confidence,,,
U+5F17,弗,불,"아닐 불, 말 불",57弓,57.2,5,,5,metal,0.6,jawon-low-confidence,,,
U+5F18,弘,홍,"넓을 홍, 클 홍",57弓,57.2,5,,5,metal,0.6,jawon-low-confidence,,,
U+5F19,弙,오,,57弓,57.3,6,6,6,metal,0.6,hun-missing jawon-low-confidence,,,
U+5F1B,弛,이,"늦출 이, 활 부릴 이, 방탕할 이, 해이할 이",57弓,57.3,6,,6,metal,0.6,jawon-low-confidence,,,
U+5F1E,弞,신,,57弓,57.4,7,7,7,metal,0.6,hun-missing jawon-low-confidence,,,
U+5F1F,弟,제,아우 제,57弓,57.4,7,,7,metal,0.6,jawon-low-confidence,,,
U+5F22,弢,도,활집 도,57弓,57.5,8,,8,metal,0.6,jawon-low-confidence,,,
U+5F25,弥,미,彌와 同字,57弓,57.5,8,,8,metal,0.6,jawon-low-confidence,,,
U+5F26,弦,현,"시위 현, 반달 현, 맥박 잦을 현, 땅이름 현, 활시위 현",57弓,57.5,8,,8,metal,0.6,jawon-low-confidence,,,
U+5F27,弧,호,"활 호, 나무활 호",57弓,57.5,8,,8,metal,0.6,jawon-low-confidence,,,
U+5F29,弩,노,쇠뇌(여러 개의 화살이나 돌을 잇따라 쏘게 된 큰 활) 노,57弓,57.5,8,,8,metal,0.6,jawon-low-confidence,,,
U+5F2D,弭,미,"활고자 미, 그칠 미",57弓,57.6,9,,9,metal,0.6,jawon-low-confidence,,,
U+5F31,弱,약,"약할 약, 어릴 약",57弓,57.7,10,,10,metal,0.6,jawon-low-confidence,,,
U+5F34,弴,돈,그림 그린 활 돈,57弓,57.8,11,,11,metal,0.6,jawon-low-confidence,,,
U+5F35,張,장,베풀 장,57弓,57.8,11,,11,metal,0.6,jawon-low-confidence,,,
U+5F37,強,강,강할,57弓,57.8,11,,11,metal,0.6,jawon-low-confidence,,,
U+5F3A,强,강,"강할 강, 나머지 강, 바구미 강",57弓,57.9,12,,12,metal,0.6,jawon-low-confidence,,,
U+5F3C,弼,필,"도울 필, 도지개 필, 거듭 필",57弓,57.9,12,,12,metal,0.6,jawon-low-confidence,,,
U+5F40,彀,구,활 잔뜩 당길 구,57弓,57.10,13,,13,metal,0.6,jawon-low-confidence,,,
U+5F46,彆,별,활 뒤틀릴 별,57弓,57.12,14,,15,metal,0.6,jawon-low-confidence,,,
U+5F48,彈,탄,"쏠 탄, 악기부릴 탄, 탄알 탄, 탄핵할 탄, 퉁길 탄",57弓,57.12,15,,15,metal,0.6,jawon-low-confidence,,,
U+5F4A,彊,강,"굳셀 강, 센 활 강, 사나울 강, 송장 뻣뻣할 강, 꿋꿋할 강",57弓,57.13,16,,16,metal,0.6,jawon-low-confidence,,,
U+5F4C,彌,미,"두루 미, 널리 미, 그칠 미",57弓,57.14,17,,17,metal,0.6,jawon-low-confidence,,,
U+5F4E,彎,만,"굽을 만, 활당길 만",57弓,57.19,22,,22,metal,0.6,jawon-low-confidence,,,
U+5F54,彔,록 녹,나무 깍을 록,58彐,58.5,8,,8,,,jawon-unclassified,,,
U+5F56,彖,단,"결단할 단, 결단내릴 단",58彐,58.6,9,,9,,,jawon-unclassified,,,
U+5F57,彗,세 혜,"비 혜, 꼬리별 혜",58彐,58.8,11,,11,,,jawon-unclassified,,,
U+5F58,彘,체,돼지 체,58彐,58.9,12,,12,,,jawon-unclassified,,,
U+5F59,彙,휘,"무리 휘, 모을 휘",58彐,58.10,13,,13,,,jawon-unclassified,,,
U+5F5B,彛,이,"彝의 俗字, 떳떳할 이",58彐,58.13,16,,16,,,jawon-unclassified,,,
U+5F5D,彝,이,"떳떳할 이, 법 이, 종묘 제기 이, 술통 이",58彐,58.15,18,,18,,,jawon-unclassified,,,
U+5F62,形,형,"모양 형, 몸 형, 형상 형",59彡,59.4,7,,7,wood,0.6,jawon-low-confidence,,,
U+5F64,彤,동,붉은 칠 동,59彡,59.4,7,,7,wood,0.6,jawon-low-confidence,,,
U+5F65,彥,언,,59彡,59.6,9,9,9,wood,0.6,hun-missing jawon-low-confidence,,,
U+5F66,彦,언,"彥과 同字, 선비 언",59彡,59.6,9,,9,wood,0.6,jawon-low-confidence,,,
U+5F67,彧,욱,"빛날 욱, 문채날 욱, 무성할 욱",59彡,59.7,10,,10,wood,0.6,jawon-low-confidence,,,
U+5F69,彩,채,"무늬 채, 채색 채",59彡,59.8,11,,11,wood,0.6,jawon-low-confidence,,,
U+5F6A,彪,표,"칡범 표, 문채 표, 작은 범 표",141虍,141.5 59.8,11,11,11,,,multiple-radical-values jawon-unclassified,,,
U+5F6B,彫,조,새길 조,59彡,59.8,11,,11,wood,0.6,jawon-low-confidence,,,
U+5F6C,彬,빈,빛날 빈,59彡,59.8,11,,11,wood,0.6,jawon-low-confidence,,,
U+5F6D,彭,팽,"성씨 팽, 땅이름 팽, 방패 팽, 총소리 팽, 북소리 팽",59彡,59.9,12,,12,wood,0.6,jawon-low-confidence,,,
U+5F70,彰,창,밝을 창,59彡,59.11,14,,14,wood,0.6,jawon-low-confidence,,,
U+5F71,影,영,"그림자 영, 형상 영",59彡,59.12,15,,15,wood,0.6,jawon-low-confidence,,,
U+5F86,徆,서,,60彳,60.6,9,9,9,fire,0.9,hun-missing,,,
U+5F96,徖,종,,60彳,60.8,11,11,11,fire,0.9,hun-missing,,,
U+5FA1,御,어,"거느릴 어, 모실 어",60彳,60.8,12,11,12,fire,0.9,won-total-exceeds-formula,,,
U+5FA5,徥,시,,60彳,60.9,12,12,12,fire,0.9,hun-missing,,,
U+5FA6,徦,가,,60彳,60.9,12,12,12,fire,0.9,hun-missing,,,
U+5FA7,徧,편,,60彳,60.9,12,12,12,fire,0.9,hun-missing,,,
U+5FB3,徳,덕,,60彳,60.11,14,14,14,fire,0.9,hun-missing,,,
U+5FBF,徿,룡 용,,60彳,60.16,19,19,19,fire,0.9,hun-missing,,,
U+5FC7,忇,륵 늑,,61心,61.2,5,6,6,fire,0.9,hun-missing,,,
U+5FC8,忈,인,,61心,61.2,6,6,6,fire,0.9,hun-missing,,,
U+5FCB,忋,개,,61心,61.3,6,7,7,fire,0.9,hun-missing,,,
U+5FCE,忎,인,,61心,61.3,7,7,7,fire,0.9,hun-missing,,,
U+5FD0,忐,탐,,61心,61.3,7,7,7,fire,0.9,hun-missing,,,
U+5FD3,忓,간 한,,61心,61.3,6,7,7,fire,0.9,hun-missing,,,
U+5FD5,忕,세 태,,61心,61.3,6,7,7,fire,0.9,hun-missing,,,
U+5FEC,忬,여,,61心,61.4,7,8,8,fire,0.9,hun-missing,,,
U+5FEF,忯,기 지,,61心,61.4,7,8,8,fire,0.9,hun-missing,,,
U+600B,怋,민,,61心,61.5,8,9,9,fire,0.9,hun-missing,,,
U+601E,怞,추,,61心,61.5,8,9,9,fire,0.9,hun-missing,,,
U+6030,怰,현,,61心,61.5,8,9,9,fire,0.9,hun-missing,,,
U+6032,怲,병,,61心,61.5,8,9,9,fire,0.9,hun-missing,,,
U+6040,恀,치,,61心,61.6,9,10,10,fire,0.9,hun-missing,,,
U+6054,恔,교 효,,61心,61.6,9,10,10,fire,0.9,hun-missing,,,
U+605E,恞,이,,61心,61.6,9,10,10,fire,0.9,hun-missing,,,
U+6066,恦,상,,61心,61.6,9,10,10,fire,0.9,hun-missing,,,
U+6075,恵,혜,,61心,61.6,10,10,10,fire,0.9,hun-missing,,,
U+607F,恿,용,,61心,61.7,11,11,11,fire,0.9,hun-missing,,,
U+6086,悆,서 여,,61心,61.7,11,11,11,fire,0.9,hun-missing,,,
U+6087,悇,여,,61心,61.7,10,11,11,fire,0.9,hun-missing,,,
U+608A,悊,철,,61心,61.7,11,11,11,fire,0.9,hun-missing,,,
U+608F,悏,협,,61心,61.7,10,11,11,fire,0.9,hun-missing,,,
U+60BE,悾,강,,61心,61.8,11,12,12,fire,0.9,hun-missing,,,
U+60C0,惀,론 논(두음),,61心,61.8,11,12,12,fire,0.9,hun-missing,,,
U+60CD,惍,금,,61心,61.8,11,12,12,fire,0.9,hun-missing,,,
U+60D4,惔,담,,61心,61.8,11,12,12,fire,0.9,hun-missing,,,
U+60D7,惗,녑 엽,,61心,61.8,11,12,12,fire,0.9,hun-missing,,,
U+60DE,惞,흔,,61心,61.8,11,12,12,fire,0.9,hun-missing,,,
U+60E2,惢,쇄 예,,61心,61.8,12,12,12,fire,0.9,hun-missing,,,
U+6104,愄,외,,61心,61.9,12,13,13,fire,0.9,hun-missing,,,
U+610C,愌,환,,61心,61.9,12,13,13,fire,0.9,hun-missing,,,
U+6110,愐,면,,61心,61.9,12,13,13,fire,0.9,hun-missing,,,
U+6116,愖,심,,61心,61.9,12,13,13,fire,0.9,hun-missing,,,
U+611E,愞,난,,61心,61.9,12,13,13,fire,0.9,hun-missing,,,
U+6122,愢,새 시,,61心,61.9,12,13,13,fire,0.9,hun-missing,,,
U+6128,愨,각,,61心,61.10,14,14,14,fire,0.9,hun-missing,,,
U+612B,愫,소,,61心,61.10,13,14,14,fire,0.9,hun-missing,,,
U+613B,愻,손,,61心,61.10,14,14,14,fire,0.9,hun-missing,,,
U+6149,慉,휵,,61心,61.10,13,14,14,fire,0.9,hun-missing,,,
U+614F,慏,명,,61心,61.10,13,14,14,fire,0.9,hun-missing,,,
U+6154,慔,모,,61心,61.11,13,15,15,fire,0.9,hun-missing,,,
U+615C,慜,민,,61心,61.11,15,15,15,fire,0.9,hun-missing,,,
U+6161,慡,상,,61心,61.11,14,15,15,fire,0.9,hun-missing,,,
U+616A,慪,우,,61心,61.11,14,15,15,fire,0.9,hun-missing,,,
U+616C,慬,근,,61心,61.11,14,15,15,fire,0.9,hun-missing,,,
U+6174,慴,습,,61心,61.11,14,15,15,fire,0.9,hun-missing,,,
U+617C,慼,척,,61心,61.11,15,15,15,fire,0.9,hun-missing,,,
U+6193,憓,혜,,61心,61.12,15,16,16,fire,0.9,hun-missing,,,
U+61AA,憪,한,,61心,61.12,15,16,16,fire,0.9,hun-missing,,,
U+61BD,憽,송,,61心,61.13,15,17,17,fire,0.9,hun-missing,,,
U+61C1,懁,환,,61心,61.13,16,17,17,fire,0.9,hun-missing,,,
U+61CD,懍,름 늠(두음),,61心,61.13,16,17,17,fire,0.9,hun-missing,,,
U+61CF,懏,준,,61心,61.13,15,17,17,fire,0.9,hun-missing,,,
U+61E9,懩,양,,61心,61.15,17,19,19,fire,0.9,hun-missing,,,
U+61EC,懬,광,,61心,61.15,18,19,19,fire,0.9,hun-missing,,,
U+61F0,懰,류 유,,61心,61.15,18,19,19,fire,0.9,hun-missing,,,
U+6208,戈,과,창 과,62戈,62.0,4,,4,metal,0.5,jawon-low-confidence,,,
U+620D,戍,수,"수자리 수, 막을 수, 집 수",62戈,62.2,6,,6,metal,0.5,jawon-low-confidence,,,
U+620E,戎,융,"병장기 융, 싸움수레 융, 클 융, 너 융, 도울 융, 서쪽 오랑캐 융",62戈,62.2,6,,6,metal,0.5,jawon-low-confidence,,,
U+6210,成,성,"이룰 성, 거듭 성, 마칠 성, 화목할 성",62戈,62.2,7,6,7,metal,0.5,won-total-exceeds-formula jawon-low-confidence,,,
U+6211,我,아,"자기 아, 나 아",62戈,62.3,7,,7,metal,0.5,jawon-low-confidence,,,
U+6212,戒,계,경계할 계,62戈,62.3,7,,7,metal,0.5,jawon-low-confidence,,,
U+6215,戕,장,죽일 장,62戈,62.4,8,,8,metal,0.5,jawon-low-confidence,,,
U+6216,或,혹,혹 혹,62戈,62.4,8,,8,metal,0.5,jawon-low-confidence,,,
U+621A,戚,척,겨레 척,62戈,62.7,11,,11,metal,0.5,jawon-low-confidence,,,
U+621F,戟,극,갈래진 창 극,62戈,62.8,12,,12,metal,0.5,jawon-low-confidence,,,
U+6221,戡,감,"찌를 감, 이길 감, 죽일 감",62戈,62.9,13,,13,metal,0.5,jawon-low-confidence,,,
U+6222,戢,집,그칠 집,62戈,62.9,13,,13,metal,0.5,jawon-low-confidence,,,
U+6227,戧,창,다칠 창,62戈,62.10,14,,14,metal,0.5,jawon-low-confidence,,,
U+6229,戩,전,,62戈,62.10,14,14,14,metal,0.5,hun-missing jawon-low-confidence,,,
U+622A,截,절,"끊을 절, 말 잘할 절",62戈,62.10,14,,14,metal,0.5,jawon-low-confidence,,,
U+622D,戭,연 인,,62戈,62.11,15,15,15,metal,0.5,hun-missing jawon-low-confidence,,,
U+622E,戮,륙 육,죽일 륙,62戈,62.11,15,,15,metal,0.5,jawon-low-confidence,,,
U+6230,戰,전,"싸움 전, 경쟁할 전",62戈,62.12,16,,16,metal,0.5,jawon-low-confidence,,,
U+6231,戱,희,"戲의 俗字, 희롱할 희",62戈,62.11,16,15,16,metal,0.5,won-total-exceeds-formula jawon-low-confidence,,,
U+6232,戲,희,"탄식할 희, 희롱할 희",62戈,62.13,17,,17,metal,0.5,jawon-low-confidence,,,
U+6233,戳,착,창으로 찌를 착,62戈,62.14,18,,18,metal,0.5,jawon-low-confidence,,,
U+6234,戴,대,"받들 대, 머리에일 대",62戈,62.13,17,,17,metal,0.5,jawon-low-confidence,,,
U+6235,戵,구,창 구,62戈,62.18,22,,22,metal,0.5,jawon-low-confidence,,,
U+6236,戶,호,지게 호,63戶,63.0,4,,4,wood,0.6,jawon-low-confidence,,,
U+6239,戹,액,좁을 액,63戶,63.1,5,,5,wood,0.6,jawon-low-confidence,,,
U+623E,戾,려 여,"여그러질 려, 어그러질 려",63戶,63.4,8,,8,wood,0.6,jawon-low-confidence,,,
U+623F,房,방,방 방,63戶,63.4,8,,8,wood,0.6,jawon-low-confidence,,,
U+6240,所,소,"바 소, 곳 소, 쯤 소, 가질 소, 얼마 소",63戶,63.4,8,,8,wood,0.6,jawon-low-confidence,,,
U+6241,扁,편,"특별할 편, 거룻배 편, 작을 편",63戶,63.5,9,,9,wood,0.6,jawon-low-confidence,,,
U+6243,扃,경,빗장 경,63戶,63.5,9,,9,wood,0.6,jawon-low-confidence,,,
U+6247,扇,선,"사립문 선, 부채 선",63戶,63.6,10,,10,wood,0.6,jawon-low-confidence,,,
U+6248,扈,호,"뒤따를 호, 호위할 호",63戶,63.7,11,,11,wood,0.6,jawon-low-confidence,,,
U+6249,扉,비,"문짝 비, 사립문 비",63戶,63.8,12,,12,wood,0.6,jawon-low-confidence,,,
U+624A,扊,염,문 빗장 염,63戶,63.8,12,,12,wood,0.6,jawon-low-confidence,,,
U+6257,扗,재,,64手,64.3,6,7,7,wood,0.9,hun-missing,,,
U+625C,扜,우,,64手,64.3,6,7,7,wood,0.9,hun-missing,,,
U+625D,扝,우,,64手,64.3,6,7,7,wood,0.9,hun-missing,,,
U+625E,扞,한,,64手,64.3,6,7,7,wood,0.9,hun-missing,,,
U+6260,扠,차,,64手,64.3,6,7,7,wood,0.9,hun-missing,,,
U+6277,扷,오,,64手,64.4,7,8,8,wood,0.9,hun-missing,,,
U+6281,抁,연,,64手,64.4,7,8,8,wood,0.9,hun-missing,,,
U+628E,抎,운,,64手,64.4,7,8,8,wood,0.9,hun-missing,,,
U+628F,抏,완,,64手,64.4,7,8,8,wood,0.9,hun-missing,,,
U+62A6,抦,병,,64手,64.5,8,9,9,wood,0.9,hun-missing,,,
U+62AC,抬,대,,64手,64.5,8,9,9,wood,0.9,hun-missing,,,
U+62AE,抮,진,,64手,64.5,8,9,9,wood,0.9,hun-missing,,,
U+62B2,抲,하,,64手,64.5,8,9,9,wood,0.9,hun-missing,,,
U+62B4,抴,설,,64手,64.5,8,9,9,wood,0.9,hun-missing,,,
U+62BE,抾,거 겁,,64手,64.5,8,9,9,wood,0.9,hun-missing,,,
U+62BF,抿,민,,64手,64.5,8,9,9,wood,0.9,hun-missing,,,
U+62CB,拋,포,,64手,64.5,8,9,9,wood,0.9,hun-missing,,,
U+62EB,拫,흔,,64手,64.6,9,10,10,wood,0.9,hun-missing,,,
U+62F9,拹,협,,64手,64.6,9,10,10,wood,0.9,hun-missing,,,
U+6308,挈,계 설,,64手,64.6,10,10,10,wood,0.9,hun-missing,,,
U+630F,挏,동,,64手,64.6,9,10,10,wood,0.9,hun-missing,,,
U+6312,挒,렬 열,,64手,64.6,9,10,10,wood,0.9,hun-missing,,,
U+6313,挓,차,,64手,64.6,9,10,10,wood,0.9,hun-missing,,,
U+632D,挭,경,,64手,64.7,10,11,11,wood,0.9,hun-missing,,,
U+6330,挰,정,,64手,64.7,10,11,11,wood,0.9,hun-missing,,,
U+6336,挶,국,,64手,64.7,10,11,11,wood,0.9,hun-missing,,,
U+6340,捀,봉,,64手,64.7,10,11,11,wood,0.9,hun-missing,,,
U+6345,捅,통,,64手,64.7,10,11,11,wood,0.9,hun-missing,,,
U+6348,捈,도,,64手,64.7,10,11,11,wood,0.9,hun-missing,,,
U+6352,捒,속 송 수,,64手,64.7,10,11,11,wood,0.9,hun-missing,,,
U+6353,捓,야,,64手,64.7,9,11,11,wood,0.9,hun-missing,,,
U+6356,捖,완,,64手,64.7,10,11,11,wood,0.9,hun-missing,,,
U+6357,捗,척,,64手,64.7,10,11,11,wood,0.9,hun-missing,,,
U+6358,捘,준,,64手,64.7,10,11,11,wood,0.9,hun-missing,,,
U+635A,捚,재,,64手,64.7,10,11,11,wood,0.9,hun-missing,,,
U+636C,捬,부,,64手,64.8,11,12,12,wood,0.9,hun-missing,,,
U+6376,捶,추,"종아리 칠 추, 짓찧을 추",64手,64.8 64.9,11,12,12,wood,0.9,multiple-radical-values,,,
U+6386,掆,강,,64手,64.8,11,12,12,wood,0.9,hun-missing,,,
U+6391,掑,기,,64手,64.8,11,12,12,wood,0.9,hun-missing,,,
U+6394,掔,견,,64手,64.8,12,12,12,wood,0.9,hun-missing,,,
U+63C1,揁,정,,64手,64.9,12,13,13,wood,0.9,hun-missing,,,
U+63C2,揂,추,,64手,64.9,12,13,13,wood,0.9,hun-missing,,,
U+63C7,揇,남,,64手,64.9,12,13,13,wood,0.9,hun-missing,,,
U+63D2,插,삽,,64手,64.9,12,13,13,wood,0.9,hun-missing,,,
U+63D7,揗,순,,64手,64.9,12,13,13,wood,0.9,hun-missing,,,
U+63E3,揣,췌,,64手,64.9,12,13,13,wood,0.9,hun-missing,,,
U+63EA,揪,추,,64手,64.9,12,13,13,wood,0.9,hun-missing,,,
U+640C,搌,전,,64手,64.10,13,14,14,wood,0.9,hun-missing,,,
U+6418,搘,지,,64手,64.10,13,14,14,wood,0.9,hun-missing,,,
U+6420,搠,삭,,64手,64.10,13,14,14,wood,0.9,hun-missing,,,
U+6434,搴,건,,64手,64.10,14,14,14,wood,0.9,hun-missing,,,
U+6437,搷,전,,64手,64.10,13,14,14,wood,0.9,hun-missing,,,
U+6438,搸,진,,64手,64.10,13,14,14,wood,0.9,hun-missing,,,
U+6439,搹,격,,64手,64.10,13,14,14,wood,0.9,hun-missing,,,
U+6453,摓,봉,,64手,64.11,13,15,15,wood,0.9,hun-missing,,,
U+6457,摗,수,,64手,64.11,14,15,15,wood,0.9,hun-missing,,,
U+645B,摛,리 이,,64手,64.11,13,15,15,wood,0.9,hun-missing,,,
U+645D,摝,록 녹(두음),,64手,64.11,14,15,15,wood,0.9,hun-missing,,,
U+645E,摞,라 나,,64手,64.11,14,15,15,wood,0.9,hun-missing,,,
U+645F,摟,루 누,,64手,64.11,14,15,15,wood,0.9,hun-missing,,,
U+6461,摡,개,,64手,64.11,12,15,15,wood,0.9,hun-missing,,,
U+6470,摰,체,,64手,64.11,15,15,15,wood,0.9,hun-missing,,,
U+6485,撅,궤,,64手,64.12,15,16,16,wood,0.9,hun-missing,,,
U+648C,撌,귀,,64手,64.12,15,16,16,wood,0.9,hun-missing,,,
U+6495,撕,서,,64手,64.12,15,16,16,wood,0.9,hun-missing,,,
U+6497,撗,광,,64手,64.12,14,16,16,wood,0.9,hun-missing,,,
U+649B,撛,린 인,,64手,64.12,15,16,16,wood,0.9,hun-missing,,,
U+64CF,擏,경,,64手,64.13,15,17,17,wood,0.9,hun-missing,,,
U+64FB,擻,수,,64手,64.15,18,19,19,wood,0.9,hun-missing,,,
U+6502,攂,뢰 뇌,,64手,64.15,18,19,19,wood,0.9,hun-missing,,,
U+6508,攈,군,,64手,64.16,19,20,20,wood,0.9,hun-missing,,,
U+650A,攊,력 역,,64手,64.16,19,20,20,wood,0.9,hun-missing,,,
U+650E,攎,로 노(두음),,64手,64.16,19,20,20,wood,0.9,hun-missing,,,
U+6513,攓,건,,64手,64.17,20,21,21,wood,0.9,hun-missing,,,
U+6516,攖,영,,64手,64.17,20,21,21,wood,0.9,hun-missing,,,
U+651B,攛,찬,,64手,64.18,21,22,22,wood,0.9,hun-missing,,,
U+651C,攜,휴,,64手,64.18,21,22,22,wood,0.9,hun-missing,,,
U+6521,攡,리 이(두음),,64手,64.19,21,23,23,wood,0.9,hun-missing,,,
U+652F,支,지,"가를 지, 지탱할 지",65支,65.0,4,,4,earth,0.6,jawon-low-confidence,,,
U+6531,攱,궤 기,,65支,65.5,9,9,9,earth,0.6,hun-missing jawon-low-confidence,,,
U+6532,攲,기,기울기 기,65支,65.8,12,,12,earth,0.6,jawon-low-confidence,,,
U+653F,政,정,"정사 정, 바르게 할 정, 조세 정",66攴,66.4,9,8,9,metal,0.8,won-total-exceeds-formula,,,
U+6543,敃,민,,66攴,66.5,9,9,9,metal,0.8,hun-missing,,,
U+6550,敐,진,,66攴,66.7,11,11,11,metal,0.8,hun-missing,,,
U+6552,敒,진,,66攴,66.7,11,11,11,metal,0.8,hun-missing,,,
U+6558,敘,서,,66攴,66.7,11,11,11,metal,0.8,hun-missing,,,
U+6559,教,교,,66攴,66.7,11,11,11,metal,0.8,hun-missing,,,
U+6561,敡,이,,66攴,66.8,12,12,12,metal,0.8,hun-missing,,,
U+6564,敤,과,,66攴,66.8,12,12,12,metal,0.8,hun-missing,,,
U+656D,敭,양,"오를 양, 칭찬할 양",66攴,66.8,13,12,13,metal,0.8,won-total-exceeds-formula,,,
U+6571,敱,애,,66攴,66.10,14,14,14,metal,0.8,hun-missing,,,
U+6574,整,정,"가지런할 정, 정돈할 정",66攴,66.11,16,15,16,metal,0.8,won-total-exceeds-formula,,,
U+6576,敶,진,,66攴,66.11,14,15,15,metal,0.8,hun-missing,,,
U+6584,斄,태,,66攴,66.15,19,19,19,metal,0.8,hun-missing,,,
U+658C,斌,빈,"빛날 빈, 문채날 빈",67文,67.7,12,11,12,wood,0.8,won-total-exceeds-formula,,,
U+6595,斕,란 난(두음),,67文,67.17,21,21,21,wood,0.8,hun-missing,,,
U+65A4,斤,근,근 근,69斤,69.0,4,,4,metal,0.6,jawon-low-confidence,,,
U+65A5,斥,척,"물리칠 척, 내칠 척",69斤,69.1,5,,5,metal,0.6,jawon-low-confidence,,,
U+65A6,斦,은,,69斤,69.4,8,8,8,metal,0.6,hun-missing jawon-low-confidence,,,
U+65A7,斧,부,도끼 부,69斤,69.4,8,,8,metal,0.6,jawon-low-confidence,,,
U+65AB,斫,작,"벨 작, 쪼갤 작",69斤,69.5,9,,9,metal,0.6,jawon-low-confidence,,,
U+65AC,斬,참,벨 참,69斤,69.7,11,,11,metal,0.6,jawon-low-confidence,,,
U+65AF,斯,사,이 사,69斤,69.8,12,,12,metal,0.6,jawon-low-confidence,,,
U+65B0,新,신,"새 신, 처음 신, 고울 신",69斤,69.9,13,,13,metal,0.6,jawon-low-confidence,,,
U+65B1,斱,작,쪼갤 작,69斤,69.9,12,,13,metal,0.6,jawon-low-confidence,,,
U+65B2,斲,착,깎을 착,69斤,69.10,14,,14,metal,0.6,jawon-low-confidence,,,
U+65B4,斴,린 인,,69斤,69.12,16,16,16,metal,0.6,hun-missing jawon-low-confidence,,,
U+65B7,斷,단,끊을 단,69斤,69.14,18,,18,metal,0.6,jawon-low-confidence,,,
U+65B9,方,방,"모 방, 방위 방",70方,70.0,4,,4,earth,0.6,jawon-low-confidence,,,
U+65BC,於,어,"방향의 어조사 어, 대신할 어",70方,70.4,8,,8,earth,0.6,jawon-low-confidence,,,
U+65BD,施,시,"베풀 시, 쓸 시, 더할 시, 안팎 곱사등이 시, 버릴 시, 줄 시, 은혜 시, 공로 시",70方,70.5,9,,9,earth,0.6,jawon-low-confidence,,,
U+65C1,旁,방,"두루 방, 넓을 방",70方,70.6,10,,10,earth,0.6,jawon-low-confidence,,,
U+65C2,旂,기,기 기,70方,70.6,10,,10,earth,0.6,jawon-low-confidence,,,
U+65C3,旃,전,"기 전, 말 그칠 전",70方,70.6,10,,10,earth,0.6,jawon-low-confidence,,,
U+65C4,旄,모,깃대 장식 모,70方,70.6,10,,10,earth,0.6,jawon-low-confidence,,,
U+65C5,旅,려 여,"군사 려, 나그네 려",70方,70.6,10,,10,earth,0.6,jawon-low-confidence,,,
U+65C6,旆,패,"기 패, 깃발 날릴 패",70方,70.6,10,,10,earth,0.6,jawon-low-confidence,,,
U+65CA,旊,방,옹기장 방,70方,70.6,10,,10,earth,0.6,jawon-low-confidence,,,
U+65CB,旋,선,돌 선,70方,70.7,11,,11,earth,0.6,jawon-low-confidence,,,
U+65CC,旌,정,"장목기 정, 표시할 정, 표할 정",70方,70.7,11,,11,earth,0.6,jawon-low-confidence,,,
U+65CF,族,족,겨레 족,70方,70.7,11,,11,earth,0.6,jawon-low-confidence,,,
U+65D2,旒,류 유,"깃발 류, 깃술 류",70方,70.9,13,,13,earth,0.6,jawon-low-confidence,,,
U+65D7,旗,기,기 기,70方,70.10,14,,14,earth,0.6,jawon-low-confidence,,,
U+65E0,无,무,없을 무,71无,71.0,4,,4,,,jawon-unclassified,,,
U+65E3,旣,기,이미 기,71无,71.7,11,,11,,,jawon-unclassified,,,
U+65F5,旵,참,,72日,72.3,7,7,7,fire,0.9,hun-missing,,,
U+65F9,旹,시,,72日,72.4,8,8,8,fire,0.9,hun-missing,,,
U+6600,昀,윤,,72日,72.4,8,8,8,fire,0.9,hun-missing,,,
U+6603,昃,측,,72日,72.4,8,8,8,fire,0.9,hun-missing,,,
U+6604,昄,판,,72日,72.4,8,8,8,fire,0.9,hun-missing,,,
U+6608,昈,호,,72日,72.4,8,8,8,fire,0.9,hun-missing,,,
U+660B,昋,계,,72日,72.4,8,8,8,fire,0.9,hun-missing,,,
U+660D,昍,헌 훤,,72日,72.4,8,8,8,fire,0.9,hun-missing,,,
U+661C,昜,양,,72日,72.5,9,9,9,fire,0.9,hun-missing,,,
U+6623,昣,진,,72日,72.5,9,9,9,fire,0.9,hun-missing,,,
U+6640,晀,조,,72日,72.6,10,10,10,fire,0.9,hun-missing,,,
U+664A,晊,질,,72日,72.6,10,10,10,fire,0.9,hun-missing,,,
U+6650,晐,해,,72日,72.6,10,10,10,fire,0.9,hun-missing,,,
U+6651,晑,향,,72日,72.6,10,10,10,fire,0.9,hun-missing,,,
U+6658,晘,한,,72日,72.7,11,11,11,fire,0.9,hun-missing,,,
U+665A,晚,만,,72日,72.7,11,11,11,fire,0.9,hun-missing,,,
U+6660,晠,성,,72日,72.7,10,11,11,fire,0.9,hun-missing,,,
U+666C,晬,수,,72日,72.8,12,12,12,fire,0.9,hun-missing,,,
U+666D,晭,주,,72日,72.8,12,12,12,fire,0.9,hun-missing,,,
U+6678,晸,정,해돋는모양,72日,72.8,13,12,13,fire,0.9,won-total-exceeds-formula,,,
U+6679,晹,역,,72日,72.8,12,12,12,fire,0.9,hun-missing,,,
U+667D,晽,림 임,,72日,72.8,12,12,12,fire,0.9,hun-missing,,,
U+667E,晾,량 양,,72日,72.8,12,12,12,fire,0.9,hun-missing,,,
U+667F,晿,창,,72日,72.8,12,12,12,fire,0.9,hun-missing,,,
U+6680,暀,왕,,72日,72.8,12,12,12,fire,0.9,hun-missing,,,
U+668F,暏,도,,72日,72.9,12,13,13,fire,0.9,hun-missing,,,
U+6691,暑,서,더울 서,72日,72.8,13,12,13,fire,0.9,won-total-exceeds-formula,,,
U+6694,暔,남,,72日,72.9,13,13,13,fire,0.9,hun-missing,,,
U+669A,暚,요,,72日,72.10,14,14,14,fire,0.9,hun-missing,,,
U+669F,暟,개,,72日,72.10,14,14,14,fire,0.9,hun-missing,,,
U+66A4,暤,호,,72日,72.10,14,14,14,fire,0.9,hun-missing,,,
U+66B6,暶,선,,72日,72.11,15,15,15,fire,0.9,hun-missing,,,
U+66BA,暺,탄,,72日,72.12,16,16,16,fire,0.9,hun-missing,,,
U+66BD,暽,린 인(두음),,72日,72.12,16,16,16,fire,0.9,hun-missing,,,
U+66C8,曈,동,,72日,72.12,16,16,16,fire,0.9,hun-missing,,,
U+66CE,曎,역,,72日,72.13,17,17,17,fire,0.9,hun-missing,,,
U+66CF,曏,향,,72日,72.13,15,17,17,fire,0.9,hun-missing,,,
U+66D2,曒,교,,72日,72.13,17,17,17,fire,0.9,hun-missing,,,
U+66D4,曔,경,,72日,72.13,16,17,17,fire,0.9,hun-missing,,,
U+66D8,曘,유,,72日,72.14,18,18,18,fire,0.9,hun-missing,,,
U+66DE,曞,려 여,,72日,72.15,18,19,19,fire,0.9,hun-missing,,,
U+66E4,曤,확,,72日,72.16,20,20,20,fire,0.9,hun-missing,,,
U+66E5,曥,려 여(두음),,72日,72.16,20,20,20,fire,0.9,hun-missing,,,
U+66EC,曬,쇄,,72日,72.19,23,23,23,fire,0.9,hun-missing,,,
U+66F0,曰,왈,가로되 왈,73曰,73.0,4,,4,fire,0.5,jawon-low-confidence,,,
U+66F2,曲,곡,굽을 곡,73曰,73.2,6,,6,fire,0.5,jawon-low-confidence,,,
U+66F3,曳,예,"끌 예, 당길 예, 천천히 할 예",73曰,73.2,6,,6,fire,0.5,jawon-low-confidence,,,
U+66F4,更,갱 경,다시 갱,73曰,73.3,7,,7,fire,0.5,jawon-low-confidence,,,
U+66F7,曷,갈,"어찌 갈, 그칠 갈, 벌레이름 갈",73曰,73.5,9,,9,fire,0.5,jawon-low-confidence,,,
U+66F8,書,서,"쓸 서, 글 서",73曰,73.6,10,,10,fire,0.5,jawon-low-confidence,,,
U+66F9,曹,조,무리 조,73曰,73.7,11,,11,fire,0.5,jawon-low-confidence,,,
U+66FA,曺,조,성 조,73曰,73.6,10,,10,fire,0.5,jawon-low-confidence,,,
U+66FC,曼,만,"끌 만, 길 만",73曰,73.7,11,,11,fire,0.5,jawon-low-confidence,,,
U+66FE,曾,증,일찍 증,73曰,73.8,12,,12,fire,0.5,jawon-low-confidence,,,
U+66FF,替,체,"바꿀 체, 대신할 체",73曰,73.8,12,,12,fire,0.5,jawon-low-confidence,,,
U+6700,最,최,"가장 최, 우뚝할 최, 넉넉할 최",13冂,13.10 73.8,12,12,12,,,multiple-radical-values jawon-unclassified,,,
U+6703,會,회,"모일 회, 모을 회",73曰,73.9,13,,13,fire,0.5,jawon-low-confidence,,,
U+6704,朄,인,,73曰,73.10,14,14,14,fire,0.5,hun-missing jawon-low-confidence,,,
U+6705,朅,걸,갈 걸,73曰,73.10,14,,14,fire,0.5,jawon-low-confidence,,,
U+670E,朎,령 영,,74月,74.5,9,9,9,water,0.9,hun-missing,,,
U+6718,朘,전,,74月,74.7,11,11,11,water,0.9,hun-missing,,,
U+6720,朠,영,,74月,74.9,12,13,13,water,0.9,hun-missing,,,
U+6722,朢,망,,74月,74.10,14,14,14,water,0.9,hun-missing,,,
U+6733,朳,팔,,75木,75.2,6,6,6,wood,0.9,hun-missing,,,
U+6739,朹,구,,75木,75.2,6,6,6,wood,0.9,hun-missing,,,
U+673E,朾,정,,75木,75.2,6,6,6,wood,0.9,hun-missing,,,
U+6745,杅,우,,75木,75.3,7,7,7,wood,0.9,hun-missing,,,
U+674B,杋,범,,75木,75.3,7,7,7,wood,0.9,hun-missing,,,
U+674C,杌,올,,75木,75.3,7,7,7,wood,0.9,hun-missing,,,
U+6755,杕,체 타,,75木,75.3,7,7,7,wood,0.9,hun-missing,,,
U+6759,杙,익,,75木,75.3,7,7,7,wood,0.9,hun-missing,,,
U+675D,杝,이,,75木,75.3,7,7,7,wood,0.9,hun-missing,,,
U+6765,来,래 내,,75木,75.3 1.6,7,7,7,wood,0.9,multiple-radical-values hun-missing,,,
U+676B,杫,지,,75木,75.4,8,8,8,wood,0.9,hun-missing,,,
U+6776,杶,춘,,75木,75.4,8,8,8,wood,0.9,hun-missing,,,
U+6778,杸,대 수,,75木,75.4,8,8,8,wood,0.9,hun-missing,,,
U+6779,杹,화,,75木,75.4,8,8,8,wood,0.9,hun-missing,,,
U+6783,枃,진,,75木,75.4,8,8,8,wood,0.9,hun-missing,,,
U+678A,枊,앙,,75木,75.4,8,8,8,wood,0.9,hun-missing,,,
U+678D,枍,예,,75木,75.4,8,8,8,wood,0.9,hun-missing,,,
U+678E,枎,부,,75木,75.4,8,8,8,wood,0.9,hun-missing,,,
U+6791,枑,호,,75木,75.4,8,8,8,wood,0.9,hun-missing,,,
U+6792,枒,아,,75木,75.4,8,8,8,wood,0.9,hun-missing,,,
U+6796,枖,요,,75木,75.4,8,8,8,wood,0.9,hun-missing,,,
U+67A1,枡,승,,75木,75.4,8,8,8,wood,0.9,hun-missing,,,
U+67B9,枹,포,,75木,75.5,9,9,9,wood,0.9,hun-missing,,,
U+67BB,枻,설 예,,75木,75.5,9,9,9,wood,0.9,hun-missing,,,
U+67BC,枼,엽,,75木,75.5,9,9,9,wood,0.9,hun-missing,,,
U+67C3,柃,령 영,,75木,75.5,9,9,9,wood,0.9,hun-missing,,,
U+67CB,柋,대,,75木,75.5,9,9,9,wood,0.9,hun-missing,,,
U+67CD,柍,앙 영,,75木,75.5,9,9,9,wood,0.9,hun-missing,,,
U+67CE,柎,부,,75木,75.5,9,9,9,wood,0.9,hun-missing,,,
U+67D6,柖,소,,75木,75.5,9,9,9,wood,0.9,hun-missing,,,
U+67DC,柜,거,,75木,75.5,8,9,9,wood,0.9,hun-missing,,,
U+67F2,柲,비 필,,75木,75.5,9,9,9,wood,0.9,hun-missing,,,
U+67F4,柴,시,"섶 시, 불 땔 나무 시, 시제지낼 시",75木,75.5,10,9,10,wood,0.9,won-total-exceeds-formula,,,
U+6804,栄,영,,75木,75.5,9,9,9,wood,0.9,hun-missing,,,
U+680D,栍,생,,75木,75.5,9,9,9,wood,0.9,hun-missing,,,
U+6810,栐,영,,75木,75.5,9,9,9,wood,0.9,hun-missing,,,
U+682D,栭,이,,75木,75.6,10,10,10,wood,0.9,hun-missing,,,
U+6835,栵,렬 례 열(두음) 예(두음),,75木,75.6,10,10,10,wood,0.9,hun-missing,,,
U+683F,栿,복,,75木,75.6,10,10,10,wood,0.9,hun-missing,,,
U+6857,桗,타,,75木,75.6,10,10,10,wood,0.9,hun-missing,,,
U+6871,桱,경,,75木,75.7,11,11,11,wood,0.9,hun-missing,,,
U+6875,桵,유,,75木,75.7,11,11,11,wood,0.9,hun-missing,,,
U+6878,桸,희,,75木,75.7,11,11,11,wood,0.9,hun-missing,,,
U+6879,桹,랑 낭(두음),,75木,75.7,11,11,11,wood,0.9,hun-missing,,,
U+687B,桻,봉,,75木,75.7,11,11,11,wood,0.9,hun-missing,,,
U+6882,梂,구,,75木,75.7,11,11,11,wood,0.9,hun-missing,,,
U+68AE,梮,국,,75木,75.7,11,11,11,wood,0.9,hun-missing,,,
U+68C6,棆,륜 윤,,75木,75.8,12,12,12,wood,0.9,hun-missing,,,
U+68E1,棡,강,,75木,75.8,12,12,12,wood,0.9,hun-missing,,,
U+68E9,棩,연,,75木,75.8,13,12,13,wood,0.9,won-total-exceeds-formula hun-missing,,,
U+68F6,棶,래 내(두음),,75木,75.8,12,12,12,wood,0.9,hun-missing,,,
U+68F7,棷,수,,75木,75.8,12,12,12,wood,0.9,hun-missing,,,
U+68FB,棻,분,,75木,75.8,11,12,12,wood,0.9,hun-missing,,,
U+68FD,棽,림 침 임,,75木,75.8,12,12,12,wood,0.9,hun-missing,,,
U+6906,椆,주,,75木,75.8,12,12,12,wood,0.9,hun-missing,,,
U+6907,椇,구,,75木,75.8,12,12,12,wood,0.9,hun-missing,,,
U+6908,椈,국,,75木,75.8,12,12,12,wood,0.9,hun-missing,,,
U+690B,椋,양,,75木,75.8,12,12,12,wood,0.9,hun-missing,,,
U+690F,椏,아,,75木,75.8,12,12,12,wood,0.9,hun-missing,,,
U+6935,椵,가,,75木,75.9,13,13,13,wood,0.9,hun-missing,,,
U+693A,椺,보,,75木,75.9,13,13,13,wood,0.9,hun-missing,,,
U+6940,楀,우,,75木,75.9,13,13,13,wood,0.9,hun-missing,,,
U+6945,楅,복,,75木,75.9,13,13,13,wood,0.9,hun-missing,,,
U+6948,楈,서,,75木,75.9,13,13,13,wood,0.9,hun-missing,,,
U+694E,楎,휘,,75木,75.9,13,13,13,wood,0.9,hun-missing,,,
U+6951,楑,규,,75木,75.9,13,13,13,wood,0.9,hun-missing,,,
U+695B,楛,호,,75木,75.9,12,13,13,wood,0.9,hun-missing,,,
U+695C,楜,호,,75木,75.9,13,13,13,wood,0.9,hun-missing,,,
U+695F,楟,정,,75木,75.9,13,13,13,wood,0.9,hun-missing,,,
U+6971,楱,주,,75木,75.9,13,13,13,wood,0.9,hun-missing,,,
U+697B,楻,황,,75木,75.9,13,13,13,wood,0.9,hun-missing,,,
U+697F,楿,향,,75木,75.9,13,13,13,wood,0.9,hun-missing,,,
U+698F,榏,익,,75木,75.10,14,14,14,wood,0.9,hun-missing,,,
U+699F,榟,재,,75木,75.10,14,14,14,wood,0.9,hun-missing,,,
U+69A3,榣,요,,75木,75.10,14,14,14,wood,0.9,hun-missing,,,
U+69AC,榬,원,,75木,75.10,14,14,14,wood,0.9,hun-missing,,,
U+69AF,榯,시,,75木,75.10,14,14,14,wood,0.9,hun-missing,,,
U+69B2,榲,온,,75木,75.10,14,14,14,wood,0.9,hun-missing,,,
U+69BA,榺,승,,75木,75.10,14,14,14,wood,0.9,hun-missing,,,
U+69BD,榽,혜,,75木,75.10,14,14,14,wood,0.9,hun-missing,,,
U+69BF,榿,기,,75木,75.10,14,14,14,wood,0.9,hun-missing,,,
U+69C7,槇,진,,75木,75.10,14,14,14,wood,0.9,hun-missing,,,
U+69CF,槏,겸 염,,75木,75.10,14,14,14,wood,0.9,hun-missing,,,
U+69D6,槖,탁,,75木,75.10,14,14,14,wood,0.9,hun-missing,,,
U+69E2,槢,습,,75木,75.11,15,15,15,wood,0.9,hun-missing,,,
U+69E9,槩,개,槪와 同字,75木,75.10,15,14,15,wood,0.9,won-total-exceeds-formula,,,
U+69F0,槰,봉,,75木,75.11,14,15,15,wood,0.9,hun-missing,,,
U+69F1,槱,유,,75木,75.11,15,15,15,wood,0.9,hun-missing,,,
U+69FE,槾,만,,75木,75.11,15,15,15,wood,0.9,hun-missing,,,
U+6A20,樠,만,,75木,75.11,15,15,15,wood,0.9,hun-missing,,,
U+6A29,権,권,,75木,75.11,15,15,15,wood,0.9,hun-missing,,,
U+6A45,橅,모 무,,75木,75.12,16,16,16,wood,0.9,hun-missing,,,
U+6A46,橆,무,,75木,75.12,16,16,16,wood,0.9,hun-missing,,,
U+6A47,橇,취,,75木,75.12,16,16,16,wood,0.9,hun-missing,,,
U+6A49,橉,린 인,,75木,75.12,16,16,16,wood,0.9,hun-missing,,,
U+6A4C,橌,한,,75木,75.12,16,16,16,wood,0.9,hun-missing,,,
U+6A4D,橍,윤,,75木,75.12,16,16,16,wood,0.9,hun-missing,,,
U+6A4F,橏,전,,75木,75.12,16,16,16,wood,0.9,hun-missing,,,
U+6A5A,橚,숙,길고 꼿꼿할 숙,75木,75.12,17,16,17,wood,0.9,won-total-exceeds-formula,,,
U+6A5E,橞,혜,,75木,75.12,16,16,16,wood,0.9,hun-missing,,,
U+6A60,橠,나,,75木,75.12,16,16,16,wood,0.9,hun-missing,,,
U+6A64,橤,예,,75木,75.12,16,16,16,wood,0.9,hun-missing,,,
U+6A6A,橪,연,,75木,75.12,16,16,16,wood,0.9,hun-missing,,,
U+6A6D,橭,고,,75木,75.12,16,16,16,wood,0.9,hun-missing,,,
U+6A72,橲,희,,75木,75.12,16,16,16,wood,0.9,hun-missing,,,
U+6A7D,橽,달,,75木,75.13,16,17,17,wood,0.9,hun-missing,,,
U+6A83,檃,은,,75木,75.13,16,17,17,wood,0.9,hun-missing,,,
U+6AA1,檡,석,,75木,75.13,17,17,17,wood,0.9,hun-missing,,,
U+6AAD,檭,은,,75木,75.14,18,18,18,wood,0.9,hun-missing,,,
U+6AAF,檯,대,,75木,75.14,18,18,18,wood,0.9,hun-missing,,,
U+6ABD,檽,누,,75木,75.14,18,18,18,wood,0.9,hun-missing,,,
U+6ABE,檾,경,,75木,75.14,18,18,18,wood,0.9,hun-missing,,,
U+6AE8,櫨,로 노,,75木,75.16,20,20,20,wood,0.9,hun-missing,,,
U+6AEF,櫯,소,,75木,75.16,20,20,20,wood,0.9,hun-missing,,,
U+6B05,欅,거,,75木,75.17,21,21,21,wood,0.9,hun-missing,,,
U+6B07,欇,섭,,75木,75.18,22,22,22,wood,0.9,hun-missing,,,
U+6B0F,欏,라 나(두음),,75木,75.19,23,23,23,wood,0.9,hun-missing,,,
U+6B17,欗,란 난,,75木,75.21,24,25,25,wood,0.9,hun-missing,,,
U+6B20,欠,흠,"하품 흠, 하품할 흠",76欠,76.0,4,,4,,,jawon-unclassified,,,
U+6B21,次,차,버금 차,76欠,76.2,6,,6,,,jawon-unclassified,,,
U+6B23,欣,흔,"기뻐할 흔, 기쁠 흔",76欠,76.4,8,,8,,,jawon-unclassified,,,
U+6B25,欥,율 일,,76欠,76.4,8,8,8,,,hun-missing jawon-unclassified,,,
U+6B26,欦,함,,76欠,76.4,8,8,8,,,hun-missing jawon-unclassified,,,
U+6B29,欩,초,,76欠,76.5,9,9,9,,,hun-missing jawon-unclassified,,,
U+6B2C,欬,해,"기침할 해, 크게 부를 해, 일깨울 해",76欠,76.6,10,,10,,,jawon-unclassified,,,
U+6B2F,欯,힐,,76欠,76.6,10,10,10,,,hun-missing jawon-unclassified,,,
U+6B32,欲,욕,"욕심낼 욕, 하고자할 욕",76欠,76.7,11,,11,,,jawon-unclassified,,,
U+6B37,欷,희,흐느낄 희,76欠,76.7,11,,11,,,jawon-unclassified,,,
U+6B38,欸,애,한숨쉴 애,76欠,76.7,11,,11,,,jawon-unclassified,,,
U+6B39,欹,의,"아름답다할 의, 거룩하다할 의",76欠,76.8,12,,12,,,jawon-unclassified,,,
U+6B3A,欺,기,속일 기,76欠,76.8,12,,12,,,jawon-unclassified,,,
U+6B3B,欻,훌,문득 훌,76欠,76.8,12,,12,,,jawon-unclassified,,,
U+6B3D,欽,흠,공경할 흠,76欠,76.8 167.4,12,12,12,,,multiple-radical-values jawon-unclassified,,,
U+6B3E,款,관,정성 관,76欠,76.8,12,,12,,,jawon-unclassified,,,
U+6B3F,欿,감,"서운할 감, 찌푸릴 감, 걱정할 감",76欠,76.8,12,,12,,,jawon-unclassified,,,
U+6B43,歃,삽,마실 삽,76欠,76.9,13,,13,,,jawon-unclassified,,,
U+6B45,歅,인,,76欠,76.9,13,13,13,,,hun-missing jawon-unclassified,,,
U+6B46,歆,흠,"받을 흠, 흠향할 흠",76欠,76.9,13,,13,,,jawon-unclassified,,,
U+6B47,歇,헐,"쉴 헐, 나른할 헐, 다할 헐, 으슥할 헐, 스러질 헐, 흩어질 헐",76欠,76.9,13,,13,,,jawon-unclassified,,,
U+6B49,歉,겸,"흉년들 겸, 적을 겸, 나쁠 겸",76欠,76.10,14,,14,,,jawon-unclassified,,,
U+6B4A,歊,효,,76欠,76.10,14,14,14,,,hun-missing jawon-unclassified,,,
U+6B4B,歋,이,,76欠,76.10,14,14,14,,,hun-missing jawon-unclassified,,,
U+6B4C,歌,가,노래 가,76欠,76.10,14,,14,,,jawon-unclassified,,,
U+6B4E,歎,탄,"탄식할 탄, 아름답다 할 탄, 화답할 탄",76欠,76.11,15,,15,,,jawon-unclassified,,,
U+6B50,歐,구,토할 구,76欠,76.11,15,,15,,,jawon-unclassified,,,
U+6B54,歔,허,"한숨 쉴 허, 흑흑 느껴 울 허, 코로 숨 내쉴 허",76欠,76.12,15,,16,,,jawon-unclassified,,,
U+6B56,歖,희,,76欠,76.12,16,16,16,,,hun-missing jawon-unclassified,,,
U+6B59,歙,흡,줄일 흡,76欠,76.12,16,,16,,,jawon-unclassified,,,
U+6B5A,歚,선,고을 선,76欠,76.12,16,,16,,,jawon-unclassified,,,
U+6B5B,歛,감,,76欠,76.13,17,17,17,,,hun-missing jawon-unclassified,,,
U+6B5F,歟,여,그런가할 어조사 여,76欠,76.14,17,,18,,,jawon-unclassified,,,
U+6B60,歠,철,마실 철,76欠,76.15,19,,19,,,jawon-unclassified,,,
U+6B61,歡,환,기뻐할 환,76欠,76.18,22,,22,,,jawon-unclassified,,,
U+6B69,歩,보,,77止,77.4,8,8,8,earth,0.8,hun-missing,,,
U+6B6B,歫,거,,77止,77.5,8,9,9,earth,0.8,hun-missing,,,
U+6B75,歵,색,,77止,77.11,15,15,15,earth,0.8,hun-missing,,,
U+6B7B,死,사,죽을 사,78歹,78.2,6,,6,water,0.6,jawon-low-confidence,,,
U+6B7F,歿,몰,죽을 몰,78歹,78.4,8,,8,water,0.6,jawon-low-confidence,,,
U+6B80,殀,요,단명할 요,78歹,78.4,8,,8,water,0.6,jawon-low-confidence,,,
U+6B82,殂,조,죽을 조,78歹,78.5,9,,9,water,0.6,jawon-low-confidence,,,
U+6B83,殃,앙,재앙 앙,78歹,78.5,9,,9,water,0.6,jawon-low-confidence,,,
U+6B84,殄,진,"끊어질 진, 다할 진",78歹,78.5,9,,9,water,0.6,jawon-low-confidence,,,
U+6B86,殆,태,"위태할 태, 가까이할 태, 비롯할 태",78歹,78.5,9,,9,water,0.6,jawon-low-confidence,,,
U+6B89,殉,순,"죽은 사람을 따라 죽을 순, 구할 순, 좇을 순",78歹,78.6,10,,10,water,0.6,jawon-low-confidence,,,
U+6B8A,殊,수,"죽을 수, 베일 수, 끊어질 수, 지나갈 수, 다를 수",78歹,78.6,10,,10,water,0.6,jawon-low-confidence,,,
U+6B8D,殍,표,굶어 죽을 표,78歹,78.7,11,,11,water,0.6,jawon-low-confidence,,,
U+6B91,殑,긍,까무라칠 긍,78歹,78.7,11,,11,water,0.6,jawon-low-confidence,,,
U+6B96,殖,식,"날 식, 심을 식, 성할 식, 불릴 식",78歹,78.8,12,,12,water,0.6,jawon-low-confidence,,,
U+6B98,殘,잔,"해칠 잔, 나머지 잔",78歹,78.8,12,,12,water,0.6,jawon-low-confidence,,,
U+6B9E,殞,운,"죽을 운, 떨어질 운",78歹,78.10,14,,14,water,0.6,jawon-low-confidence,,,
U+6BA2,殢,체,나른할 체,78歹,78.11,15,,15,water,0.6,jawon-low-confidence,,,
U+6BA4,殤,상,일찍죽을 상,78歹,78.11,15,,15,water,0.6,jawon-low-confidence,,,
U+6BAB,殫,탄,다할 탄,78歹,78.12,16,,16,water,0.6,jawon-low-confidence,,,
U+6BAD,殭,강,"죽어 썩지 않을 강, 마른 누에 강",78歹,78.13,17,,17,water,0.6,jawon-low-confidence,,,
U+6BAE,殮,렴 염,염할 렴,78歹,78.13,17,,17,water,0.6,jawon-low-confidence,,,
U+6BAF,殯,빈,염할 빈,78歹,78.14,18,,18,water,0.6,jawon-low-confidence,,,
U+6BB2,殲,섬,"다죽일 섬, 멸할 섬",78歹,78.17,21,,21,water,0.6,jawon-low-confidence,,,
U+6BB3,殳,수,치다,79殳,79.0,4,,4,metal,0.6,jawon-low-confidence,,,
U+6BB5,段,단,층계 단,79殳,79.5,9,,9,metal,0.6,jawon-low-confidence,,,
U+6BB7,殷,은,"많을 은, 무리 은, 클 은, 가운데 은, 은나라 은, 융성할 은, 천둥소리 은",79殳,79.6,10,,10,metal,0.6,jawon-low-confidence,,,
U+6BBA,殺,살 쇄,죽일 살,79殳,79.7,10,,11,metal,0.6,jawon-low-confidence,,,
U+6BBC,殼,각,껍질 각,79殳,79.8,12,,12,metal,0.6,jawon-low-confidence,,,
U+6BBD,殽,효,섞일 효,79殳,79.8,12,,12,metal,0.6,jawon-low-confidence,,,
U+6BBF,殿,전,대궐 전,79殳,79.9,13,,13,metal,0.6,jawon-low-confidence,,,
U+6BC0,毀,훼,,79殳,79.9,13,13,13,metal,0.6,hun-missing jawon-low-confidence,,,
U+6BC1,毁,훼,"毀의 俗字, 헐 훼",79殳,79.9,13,,13,metal,0.6,jawon-low-confidence,,,
U+6BC4,毄,격,"맞부딛는 소리 격, 충돌할 격, 창 격",79殳,79.10,14,,14,metal,0.6,jawon-low-confidence,,,
U+6BC5,毅,의,"굳셀 의, 발끈 성낼 의",79殳,79.11,15,,15,metal,0.6,jawon-low-confidence,,,
U+6BC6,毆,구,"때릴 구, 구박할 구",79殳,79.11,15,,15,metal,0.6,jawon-low-confidence,,,
U+6BCB,毋,무,말 무,80毋,80.0,4,,4,earth,0.6,jawon-low-confidence,,,
U+6BCD,母,모,어미 모,80毋,80.1,5,,5,earth,0.6,jawon-low-confidence,,,
U+6BCF,每,매,매양 매,80毋,80.3,7,,7,earth,0.6,jawon-low-confidence,,,
U+6BD2,毒,독,"독 독, 독할 독",80毋,80.4,9,8,9,earth,0.6,won-total-exceeds-formula jawon-low-confidence,,,
U+6BD3,毓,육,"기를 육, 어릴 육, 많을 육",80毋,80.9,14,13,14,earth,0.6,won-total-exceeds-formula jawon-low-confidence,,,
U+6BD4,比,비,견줄 비,81比,81.0,4,,4,,,jawon-unclassified,,,
U+6BD6,毖,비,삼갈 비,81比,81.5,9,,9,,,jawon-unclassified,,,
U+6BD7,毗,비,"도울 비, 밝을 비",81比,81.5 102.4,9,9,9,,,multiple-radical-values jawon-unclassified,,,
U+6BD8,毘,비,"毗와 同字, 밝을 비",81比,81.5,9,,9,,,jawon-unclassified,,,
U+6BDA,毚,참,토끼 참,81比,81.13,17,,17,,,jawon-unclassified,,,
U+6BDB,毛,모,"털 모, 터럭 모",82毛,82.0,4,,4,fire,0.6,jawon-low-confidence,,,
U+6BEB,毫,호,가는 털 호,82毛,82.7,11,,11,fire,0.6,jawon-low-confidence,,,
U+6BEC,毬,구,제기 구,82毛,82.7,11,,11,fire,0.6,jawon-low-confidence,,,
U+6BEF,毯,담,담자리 담,82毛,82.8,12,,12,fire,0.6,jawon-low-confidence,,,
U+6BF3,毳,취,"솜털 취, 연하고 부드러울 취",82毛,82.8,12,,12,fire,0.6,jawon-low-confidence,,,
U+6BF8,毸,시,,82毛,82.9,13,13,13,fire,0.6,hun-missing jawon-low-confidence,,,
U+6C05,氅,창,새털 창,82毛,82.12,16,,16,fire,0.6,jawon-low-confidence,,,
U+6C08,氈,전,"단자리 전, 전방석 전",82毛,82.13,17,,17,fire,0.6,jawon-low-confidence,,,
U+6C0F,氏,씨,성 씨,83氏,83.0,4,,4,fire,0.6,jawon-low-confidence,,,
U+6C10,氐,저,"낮을 저, 오랑캐 이름 저, 이를 저, 근본 저, 별이름 저",83氏,83.1,5,,5,fire,0.6,jawon-low-confidence,,,
U+6C11,民,민,백성 민,83氏,83.1,5,,5,fire,0.6,jawon-low-confidence,,,
U+6C13,氓,맹,백성 맹,83氏,83.4,8,,8,fire,0.6,jawon-low-confidence,,,
U+6C36,氶,승,,85水,85.1,5,5,5,water,0.9,hun-missing,,,
U+6C42,求,구,"찾을 구, 구할 구",85水,85.2,7,6,7,water,0.9,won-total-exceeds-formula,,,
U+6C43,汃,팔,,85水,85.2,5,6,6,water,0.9,hun-missing,,,
U+6C53,汓,수,,85水,85.3,6,7,7,water,0.9,hun-missing,,,
U+6C65,汥,지,,85水,85.4,7,8,8,water,0.9,hun-missing,,,
U+6C66,汦,지,,85水,85.4,7,8,8,water,0.9,hun-missing,,,
U+6C67,汧,견,,85水,85.4,7,8,8,water,0.9,hun-missing,,,
U+6C69,汩,골 율,,85水,85.4,7,8,8,water,0.9,hun-missing,,,
U+6C6B,汫,정,,85水,85.4,7,8,8,water,0.9,hun-missing,,,
U+6C78,汸,방,,85水,85.4,7,8,8,water,0.9,hun-missing,,,
U+6C7B,汻,오,,85水,85.4,7,8,8,water,0.9,hun-missing,,,
U+6C7F,汿,서,,85水,85.4,7,8,8,water,0.9,hun-missing,,,
U+6C80,沀,서,,85水,85.4,8,8,8,water,0.9,hun-missing,,,
U+6C91,沑,뉴 뉵 유 육(두음),,85水,85.4,7,8,8,water,0.9,hun-missing,,,
U+6CAC,沬,매,,85水,85.5,8,9,9,water,0.9,hun-missing,,,
U+6CAD,沭,술,,85水,85.5,8,9,9,water,0.9,hun-missing,,,
U+6CB4,沴,려 전 여(두음),,85水,85.5,8,9,9,water,0.9,hun-missing,,,
U+6CB6,沶,시,,85水,85.5,8,9,9,water,0.9,hun-missing,,,
U+6CBA,沺,전,,85水,85.5,8,9,9,water,0.9,hun-missing,,,
U+6CC5,泅,수,,85水,85.5,8,9,9,water,0.9,hun-missing,,,
U+6CC7,泇,가,,85水,85.5,8,9,9,water,0.9,hun-missing,,,
U+6CCD,泍,분,,85水,85.5,8,9,9,water,0.9,hun-missing,,,
U+6CCF,泏,굴 출,,85水,85.5,8,9,9,water,0.9,hun-missing,,,
U+6CD4,泔,감,,85水,85.5,8,9,9,water,0.9,hun-missing,,,
U+6CDF,泟,정,,85水,85.5,8,9,9,water,0.9,hun-missing,,,
U+6CE7,泧,월,,85水,85.5,8,9,9,water,0.9,hun-missing,,,
U+6CE9,泩,생,,85水,85.5,8,9,9,water,0.9,hun-missing,,,
U+6CF0,泰,태,"클 태, 통할 태, 너그러울 태, 편안할 태, 괘 이름 태, 타이",85水,85.5,10,9,10,water,0.9,won-total-exceeds-formula,,,
U+6CFF,泿,은,,85水,85.6,9,10,10,water,0.9,hun-missing,,,
U+6D00,洀,주,,85水,85.6,9,10,10,water,0.9,hun-missing,,,
U+6D06,洆,승,,85水,85.6,9,10,10,water,0.9,hun-missing,,,
U+6D08,洈,위,,85水,85.6,9,10,10,water,0.9,hun-missing,,,
U+6D0E,洎,계,,85水,85.6,9,10,10,water,0.9,hun-missing,,,
U+6D14,洔,지,,85水,85.6,9,10,10,water,0.9,hun-missing,,,
U+6D1A,洚,홍,,85水,85.6,9,10,10,water,0.9,hun-missing,,,
U+6D1D,洝,안,,85水,85.6,9,10,10,water,0.9,hun-missing,,,
U+6D20,洠,모,,85水,85.6,9,10,10,water,0.9,hun-missing,,,
U+6D22,洢,이,,85水,85.6,9,10,10,water,0.9,hun-missing,,,
U+6D23,洣,미,,85水,85.6,9,10,10,water,0.9,hun-missing,,,
U+6D28,洨,효,,85水,85.6,9,10,10,water,0.9,hun-missing,,,
U+6D2C,洬,속,,85水,85.6,9,10,10,water,0.9,hun-missing,,,
U+6D2D,洭,광,,85水,85.6,9,10,10,water,0.9,hun-missing,,,
U+6D2E,洮,도,,85水,85.6,9,10,10,water,0.9,hun-missing,,,
U+6D2F,洯,결,,85水,85.6,10,10,10,water,0.9,hun-missing,,,
U+6D31,洱,이,,85水,85.6,9,10,10,water,0.9,hun-missing,,,
U+6D33,洳,여,,85水,85.6,9,10,10,water,0.9,hun-missing,,,
U+6D42,浂,일,,85水,85.6,9,10,10,water,0.9,hun-missing,,,
U+6D58,浘,미,,85水,85.7,10,11,11,water,0.9,hun-missing,,,
U+6D5F,浟,유,,85水,85.7,10,11,11,water,0.9,hun-missing,,,
U+6D62,浢,두,,85水,85.7,10,11,11,water,0.9,hun-missing,,,
U+6D6D,浭,경,,85水,85.7,10,11,11,water,0.9,hun-missing,,,
U+6D6F,浯,오,,85水,85.7,10,11,11,water,0.9,hun-missing,,,
U+6D72,浲,봉,,85水,85.7,10,11,11,water,0.9,hun-missing,,,
U+6D75,浵,동,,85水,85.7,10,11,11,water,0.9,hun-missing,,,
U+6D7B,浻,형,,85水,85.7,10,11,11,water,0.9,hun-missing,,,
U+6D7D,浽,수,,85水,85.7,10,11,11,water,0.9,hun-missing,,,
U+6D80,涀,견,,85水,85.7,10,11,11,water,0.9,hun-missing,,,
U+6D86,涆,간,,85水,85.7,10,11,11,water,0.9,hun-missing,,,
U+6D8F,涏,정,,85水,85.7,9,11,11,water,0.9,hun-missing,,,
U+6D92,涒,군,,85水,85.7,10,11,11,water,0.9,hun-missing,,,
U+6D97,涗,세,,85水,85.7,10,11,11,water,0.9,hun-missing,,,
U+6D98,涘,사,,85水,85.7,10,11,11,water,0.9,hun-missing,,,
U+6DAC,涬,행,,85水,85.8,11,12,12,water,0.9,hun-missing,,,
U+6DAD,涭,수,,85水,85.8,11,12,12,water,0.9,hun-missing,,,
U+6DCC,淌,창,,85水,85.8,11,12,12,water,0.9,hun-missing,,,
U+6DCD,淍,주,,85水,85.8,11,12,12,water,0.9,hun-missing,,,
U+6DD0,淐,창,,85水,85.8,11,12,12,water,0.9,hun-missing,,,
U+6DD7,淗,국,,85水,85.8,11,12,12,water,0.9,hun-missing,,,
U+6DDB,淛,제,,85水,85.8,11,12,12,water,0.9,hun-missing,,,
U+6DE3,淣,예,,85水,85.8,11,12,12,water,0.9,hun-missing,,,
U+6DE6,淦,감,,85水,85.8,11,12,12,water,0.9,hun-missing,,,
U+6DEF,淯,육,,85水,85.8,11,12,12,water,0.9,hun-missing,,,
U+6E05,清,청,,85水,85.8,11,12,12,water,0.9,hun-missing,,,
U+6E08,済,제,,85水,85.8,11,12,12,water,0.9,hun-missing,,,
U+6E0A,渊,연,,85水,85.8,11,12,12,water,0.9,hun-missing,,,
U+6E20,渠,거,"개천 거, 도랑 거, 휑덩그렁할 거, 클 거, 껄껄 웃을 거, 무엇 거",85水,85.9 75.8,12,13,13,water,0.9,multiple-radical-values,,,
U+6E22,渢,범,,85水,85.9,12,13,13,water,0.9,hun-missing,,,
U+6E27,渧,제,,85水,85.9,12,13,13,water,0.9,hun-missing,,,
U+6E2E,渮,가,,85水,85.9,11,13,13,water,0.9,hun-missing,,,
U+6E33,渳,미,,85水,85.9,12,13,13,water,0.9,hun-missing,,,
U+6E3B,渻,성,,85水,85.9,12,13,13,water,0.9,hun-missing,,,
U+6E40,湀,규,,85水,85.9,12,13,13,water,0.9,hun-missing,,,
U+6E4B,湋,위,,85水,85.9,12,13,13,water,0.9,hun-missing,,,
U+6E55,湕,건,,85水,85.9,11,13,13,water,0.9,hun-missing,,,
U+6E5D,湝,개 해,,85水,85.9,12,13,13,water,0.9,hun-missing,,,
U+6E61,湡,우,,85水,85.9,12,13,13,water,0.9,hun-missing,,,
U+6E63,湣,혼,,85水,85.9,12,13,13,water,0.9,hun-missing,,,
U+6E64,湤,시,,85水,85.9,12,13,13,water,0.9,hun-missing,,,
U+6E66,湦,생,,85水,85.9,12,13,13,water,0.9,hun-missing,,,
U+6E69,湩,동,,85水,85.9,12,13,13,water,0.9,hun-missing,,,
U+6E75,湵,유,,85水,85.9,12,13,13,water,0.9,hun-missing,,,
U+6E78,湸,량 양,,85水,85.9,12,13,13,water,0.9,hun-missing,,,
U+6E8D,溍,진,,85水,85.10,13,14,14,water,0.9,hun-missing,,,
U+6E8E,溎,계 연,,85水,85.10,13,14,14,water,0.9,hun-missing,,,
U+6E92,溒,원,,85水,85.10,13,14,14,water,0.9,hun-missing,,,
U+6E95,溕,몽,,85水,85.10,13,14,14,water,0.9,hun-missing,,,
U+6E99,溙,태,,85水,85.10,13,14,14,water,0.9,hun-missing,,,
U+6EA1,溡,시,,85水,85.10,13,14,14,water,0.9,hun-missing,,,
U+6EA6,溦,미,,85水,85.10,13,14,14,water,0.9,hun-missing,,,
U+6EA8,溨,재,,85水,85.10,13,14,14,water,0.9,hun-missing,,,
U+6EB3,溳,운,,85水,85.10,13,14,14,water,0.9,hun-missing,,,
U+6EBF,溿,반,,85水,85.10,13,14,14,water,0.9,hun-missing,,,
U+6EC7,滇,신 진,,85水,85.10,13,14,14,water,0.9,hun-missing,,,
U+6ECB,滋,자,불을 자,85水,85.9 85.10,12,13,13,water,0.9,multiple-radical-values,,,
U+6ED5,滕,등,물 솟을 등,85水,85.10,15,14,15,water,0.9,won-total-exceeds-formula,,,
U+6EF0,滰,경,,85水,85.11,14,15,15,water,0.9,hun-missing,,,
U+6EF9,滹,호,,85水,85.11,14,15,15,water,0.9,hun-missing,,,
U+6EFA,滺,유,,85水,85.11,14,15,15,water,0.9,hun-missing,,,
U+6EFC,滼,범,,85水,85.11,14,15,15,water,0.9,hun-missing,,,
U+6F00,漀,경,,85水,85.11,15,15,15,water,0.9,hun-missing,,,
U+6F05,漅,소,,85水,85.11,14,15,15,water,0.9,hun-missing,,,
U+6F08,漈,제,,85水,85.11,14,15,15,water,0.9,hun-missing,,,
U+6F0A,漊,루 누(두음),,85水,85.11,14,15,15,water,0.9,hun-missing,,,
U+6F0E,漎,총,,85水,85.11,14,15,15,water,0.9,hun-missing,,,
U+6F18,漘,순,,85水,85.11,14,15,15,water,0.9,hun-missing,,,
U+6F24,漤,람 남,,85水,85.11,14,15,15,water,0.9,hun-missing,,,
U+6F26,漦,시,,85水,85.11,15,15,15,water,0.9,hun-missing,,,
U+6F27,漧,건,,85水,85.11,14,15,15,water,0.9,hun-missing,,,
U+6F28,漨,봉,,85水,85.11,13,15,15,water,0.9,hun-missing,,,
U+6F29,漩,선,,85水,85.11,14,15,15,water,0.9,hun-missing,,,
U+6F2E,漮,강,,85水,85.11,14,15,15,water,0.9,hun-missing,,,
U+6F2F,漯,루 누(두음),,85水,85.11,14,15,15,water,0.9,hun-missing,,,
U+6F30,漰,붕,,85水,85.11,14,15,15,water,0.9,hun-missing,,,
U+6F34,漴,충,,85水,85.11,14,15,15,water,0.9,hun-missing,,,
U+6F35,漵,서,,85水,85.11,14,15,15,water,0.9,hun-missing,,,
U+6F39,漹,언,,85水,85.11,14,15,15,water,0.9,hun-missing,,,
U+6F3A,漺,상 창,,85水,85.11,14,15,15,water,0.9,hun-missing,,,
U+6F3B,漻,료 류 요(두음) 유(두음),,85水,85.11,14,15,15,water,0.9,hun-missing,,,
U+6F4E,潎,별,,85水,85.12,14,16,16,water,0.9,hun-missing,,,
U+6F52,潒,상,,85水,85.12,14,16,16,water,0.9,hun-missing,,,
U+6F53,潓,혜,,85水,85.12,15,16,16,water,0.9,hun-missing,,,
U+6F59,潙,규,,85水,85.12,15,16,16,water,0.9,hun-missing,,,
U+6F63,潣,민,,85水,85.12,15,16,16,water,0.9,hun-missing,,,
U+6F68,潨,종 총,,85水,85.12,15,16,16,water,0.9,hun-missing,,,
U+6F6A,潪,지,,85水,85.12,15,16,16,water,0.9,hun-missing,,,
U+6F71,潱,열,,85水,85.12,15,16,16,water,0.9,hun-missing,,,
U+6F87,澇,로 노,,85水,85.12,15,16,16,water,0.9,hun-missing,,,
U+6F89,澉,감,,85水,85.12,14,16,16,water,0.9,hun-missing,,,
U+6F93,澓,복,,85水,85.12,15,16,16,water,0.9,hun-missing,,,
U+6F95,澕,화,,85水,85.12,13,16,16,water,0.9,hun-missing,,,
U+6F96,澖,한,,85水,85.12,15,16,16,water,0.9,hun-missing,,,
U+6F9E,澞,우,,85水,85.13,16,17,17,water,0.9,hun-missing,,,
U+6FA5,澥,해,,85水,85.13,16,17,17,water,0.9,hun-missing,,,
U+6FAA,澪,령 영,,85水,85.13,16,17,17,water,0.9,hun-missing,,,
U+6FB4,澴,환,,85水,85.13,16,17,17,water,0.9,hun-missing,,,
U+6FC8,濈,즙 집,,85水,85.13,15,17,17,water,0.9,hun-missing,,,
U+6FC9,濉,수,,85水,85.13,16,17,17,water,0.9,hun-missing,,,
U+6FCB,濋,초,,85水,85.13,16,17,17,water,0.9,hun-missing,,,
U+6FD4,濔,니 미 이,,85水,85.14,17,18,18,water,0.9,hun-missing,,,
U+6FDC,濜,신 진,,85水,85.14,17,18,18,water,0.9,hun-missing,,,
U+6FE5,濥,인,,85水,85.14,17,18,18,water,0.9,hun-missing,,,
U+6FE6,濦,은,,85水,85.14,17,18,18,water,0.9,hun-missing,,,
U+6FF0,濰,유,,85水,85.14,17,18,18,water,0.9,hun-missing,,,
U+6FF6,濶,활,,85水,85.14,17,18,18,water,0.9,hun-missing,,,
U+6FFC,濼,락 록 낙(두음) 녹(두음),,85水,85.15,18,19,19,water,0.9,hun-missing,,,
U+7000,瀀,우,,85水,85.15,18,19,19,water,0.9,hun-missing,,,
U+700A,瀊,반,,85水,85.15,18,19,19,water,0.9,hun-missing,,,
U+700D,瀍,전,,85水,85.15,18,19,19,water,0.9,hun-missing,,,
U+7022,瀢,유,,85水,85.16,18,20,20,water,0.9,hun-missing,,,
U+7024,瀤,회,,85水,85.16,19,20,20,water,0.9,hun-missing,,,
U+7031,瀱,계,,85水,85.17,20,21,21,water,0.9,hun-missing,,,
U+7034,瀴,영,,85水,85.17,20,21,21,water,0.9,hun-missing,,,
U+7041,灁,연,,85水,85.17,20,21,21,water,0.9,hun-missing,,,
U+7046,灆,람 남,,85水,85.18,20,22,22,water,0.9,hun-missing,,,
U+7048,灈,구,,85水,85.18,21,22,22,water,0.9,hun-missing,,,
U+704A,灊,심 첨,,85水,85.18,21,22,22,water,0.9,hun-missing,,,
U+7052,灒,찬,,85水,85.19,22,23,23,water,0.9,hun-missing,,,
U+7055,灕,라 리 나(두음) 이(두음),,85水,85.19,21,23,23,water,0.9,hun-missing,,,
U+705B,灛,천,,85水,85.20,23,24,24,water,0.9,hun-missing,,,
U+7060,灠,람 남,,85水,85.21,24,25,25,water,0.9,hun-missing,,,
U+7061,灡,란 난,,85水,85.21,23,25,25,water,0.9,hun-missing,,,
U+7064,灤,란 난(두음),,85水,85.23,26,27,27,water,0.9,hun-missing,,,
U+7065,灥,천,,85水,85.23,27,27,27,water,0.9,hun-missing,,,
U+7066,灦,현,,85水,85.23,26,27,27,water,0.9,hun-missing,,,
U+7068,灨,공,,85水,85.24,27,28,28,water,0.9,hun-missing,,,
U+706A,灪,울,,85水,85.29,32,33,33,water,0.9,hun-missing,,,
U+706F,灯,정,,86火,86.2,6,6,6,fire,0.9,hun-missing,,,
U+7071,灱,초 효,,86火,86.2,6,6,6,fire,0.9,hun-missing,,,
U+7074,灴,홍,,86火,86.3,7,7,7,fire,0.9,hun-missing,,,
U+7082,炂,종,,86火,86.4,8,8,8,fire,0.9,hun-missing,,,
U+7091,炑,목,,86火,86.4,8,8,8,fire,0.9,hun-missing,,,
U+7093,炓,료 요(두음),,86火,86.4,8,8,8,fire,0.9,hun-missing,,,
U+7094,炔,결,,86火,86.4,8,8,8,fire,0.9,hun-missing,,,
U+709B,炛,광,,86火,86.4,8,8,8,fire,0.9,hun-missing,,,
U+709F,炟,달,,86火,86.5,9,9,9,fire,0.9,hun-missing,,,
U+70A6,炦,발 별,,86火,86.5,9,9,9,fire,0.9,hun-missing,,,
U+70B1,炱,태,,86火,86.5,9,9,9,fire,0.9,hun-missing,,,
U+70B4,炴,앙,,86火,86.5,9,9,9,fire,0.9,hun-missing,,,
U+70B5,炵,동,,86火,86.5,9,9,9,fire,0.9,hun-missing,,,
U+70C6,烆,행,,86火,86.6,10,10,10,fire,0.9,hun-missing,,,
U+70CD,烍,선,,86火,86.6,10,10,10,fire,0.9,hun-missing,,,
U+70D1,烑,요,,86火,86.6,10,10,10,fire,0.9,hun-missing,,,
U+70D4,烔,동,,86火,86.6,10,10,10,fire,0.9,hun-missing,,,
U+70EF,烯,희,,86火,86.7,11,11,11,fire,0.9,hun-missing,,,
U+70F0,烰,부,,86火,86.7,11,11,11,fire,0.9,hun-missing,,,
U+70F2,烲,철,,86火,86.7,11,11,11,fire,0.9,hun-missing,,,
U+70F3,烳,보,,86火,86.7,11,11,11,fire,0.9,hun-missing,,,
U+70F4,烴,경,,86火,86.7,11,11,11,fire,0.9,hun-missing,,,
U+70FA,烺,랑 낭,,86火,86.7,11,11,11,fire,0.9,hun-missing,,,
U+7103,焃,혁,,86火,86.7,11,11,11,fire,0.9,hun-missing,,,
U+7106,焆,결,,86火,86.7,11,11,11,fire,0.9,hun-missing,,,
U+7107,焇,소,,86火,86.7,11,11,11,fire,0.9,hun-missing,,,
U+711B,焛,린 인,,86火,86.8,12,12,12,fire,0.9,hun-missing,,,
U+7131,焱,혁,,86火,86.8,12,12,12,fire,0.9,hun-missing,,,
U+7135,焵,강,,86火,86.8,12,12,12,fire,0.9,hun-missing,,,
U+7142,煂,혁,,86火,86.9,13,13,13,fire,0.9,hun-missing,,,
U+7143,煃,규,,86火,86.9,13,13,13,fire,0.9,hun-missing,,,
U+7144,煄,종,,86火,86.9,13,13,13,fire,0.9,hun-missing,,,
U+714B,煋,성,,86火,86.9,13,13,13,fire,0.9,hun-missing,,,
U+7153,煓,단,,86火,86.9,13,13,13,fire,0.9,hun-missing,,,
U+7154,煔,섬 첨,,86火,86.9,13,13,13,fire,0.9,hun-missing,,,
U+7155,煕,희,,86火,86.9,14,13,14,fire,0.9,won-total-exceeds-formula hun-missing,,,
U+715D,煝,미,,86火,86.9,13,13,13,fire,0.9,hun-missing,,,
U+715F,煟,위,,86火,86.9,13,13,13,fire,0.9,hun-missing,,,
U+7163,煣,유,,86火,86.9,13,13,13,fire,0.9,hun-missing,,,
U+716E,煮,자,"삶을 자, 지질 자",86火,86.8,13,12,13,fire,0.9,won-total-exceeds-formula,,,
U+7179,煹,구,,86火,86.10,14,14,14,fire,0.9,hun-missing,,,
U+7182,熂,희,,86火,86.10,14,14,14,fire,0.9,hun-missing,,,
U+7185,熅,온,,86火,86.10,14,14,14,fire,0.9,hun-missing,,,
U+7188,熈,희,,86火,86.10,14,14,14,fire,0.9,hun-missing,,,
U+7190,熐,명,,86火,86.10,14,14,14,fire,0.9,hun-missing,,,
U+719A,熚,필,,86火,86.11,14,15,15,fire,0.9,hun-missing,,,
U+71A1,熡,루 누,,86火,86.11,15,15,15,fire,0.9,hun-missing,,,
U+71A9,熩,호,,86火,86.11,15,15,15,fire,0.9,hun-missing,,,
U+71AF,熯,한,,86火,86.11,15,15,15,fire,0.9,hun-missing,,,
U+71BF,熿,황,,86火,86.12,15,16,16,fire,0.9,hun-missing,,,
U+71C0,燀,단 천,,86火,86.12,16,16,16,fire,0.9,hun-missing,,,
U+71C6,燆,교,,86火,86.12,16,16,16,fire,0.9,hun-missing,,,
U+71CA,燊,신,,86火,86.12,16,16,16,fire,0.9,hun-missing,,,
U+71CF,燏,율,,86火,86.12,16,16,16,fire,0.9,hun-missing,,,
U+71DB,燛,경,,86火,86.12,16,16,16,fire,0.9,hun-missing,,,
U+71F8,燸,유,,86火,86.14,18,18,18,fire,0.9,hun-missing,,,
U+71F9,燹,희,,86火,86.14,18,18,18,fire,0.9,hun-missing,,,
U+71FD,燽,주,,86火,86.14,18,18,18,fire,0.9,hun-missing,,,
U+7201,爁,람 남,,86火,86.14,18,18,18,fire,0.9,hun-missing,,,
U+7223,爣,당,,86火,86.20,24,24,24,fire,0.9,hun-missing,,,
U+7228,爨,찬,불땔 찬,86火,86.25,30,29,30,fire,0.9,won-total-exceeds-formula,,,
U+722A,爪,조,손톱 조,87爪,87.0,4,,4,,,jawon-unclassified,,,
U+722C,爬,파,"긁을 파, 기어다닐 파",87爪,87.4,8,,8,,,jawon-unclassified,,,
U+722D,爭,쟁,"다툴 쟁, 다스릴 쟁, 분별할 쟁",87爪,87.4,8,,8,,,jawon-unclassified,,,
U+7230,爰,원,"당길 원, 이끌 원, 가로되 원",87爪,87.5,9,,9,,,jawon-unclassified,,,
U+7232,爲,위,"할 위, 다스릴 위, 하여금 위, 어미원숭이 위, 이룰 위",87爪,87.8,12,,12,,,jawon-unclassified,,,
U+7235,爵,작,벼슬 작,87爪,87.14,17,,18,,,jawon-unclassified,,,
U+7236,父,부,아비 부,88父,88.0,4,,4,wood,0.6,jawon-low-confidence,,,
U+7238,爸,파,아비 파,88父,88.4,8,,8,wood,0.6,jawon-low-confidence,,,
U+7239,爹,다,아비 다,88父,88.6,10,,10,wood,0.6,jawon-low-confidence,,,
U+723A,爺,야,"아비 야, 노인 야, 노인존칭 야",88父,88.9,13,,13,wood,0.6,jawon-low-confidence,,,
U+723B,爻,효,"효 효, 괘이름 효",89爻,89.0,4,,4,,,jawon-unclassified,,,
U+723D,爽,상,시원할 상,89爻,89.7,11,,11,,,jawon-unclassified,,,
U+723E,爾,이,"너 이, 가까울 이, 오직 이",89爻,89.10,14,,14,,,jawon-unclassified,,,
U+7240,牀,상,평상 상,90爿,90.4,8,,8,,,jawon-unclassified,,,
U+7241,牁,가,,90爿,90.5,9,9,9,,,hun-missing jawon-unclassified,,,
U+7242,牂,장,암양 장,90爿,90.6,10,,10,,,jawon-unclassified,,,
U+7246,牆,장,담 장,90爿,90.13,17,,17,,,jawon-unclassified,,,
U+7247,片,편,"조각 편, 쪼갤 편, 성씨 편",91片,91.0,4,,4,wood,0.6,jawon-low-confidence,,,
U+7248,版,판,"조각 판, 호적 판, 국경 판, 한 길 판, 인쇄할 판",91片,91.4,8,,8,wood,0.6,jawon-low-confidence,,,
U+724B,牋,전,"글 전, 표 전, 문체이름 전",91片,91.8,12,,12,wood,0.6,jawon-low-confidence,,,
U+724C,牌,패,"방 붙일 패, 호패 패, 방패 패",91片,91.8,12,,12,wood,0.6,jawon-low-confidence,,,
U+7252,牒,첩,"글씨판 첩, 편지 첩",91片,91.9,13,,13,wood,0.6,jawon-low-confidence,,,
U+7253,牓,방,패 방,91片,91.10,14,,14,wood,0.6,jawon-low-confidence,,,
U+7254,牔,박,박공 박,91片,91.10,14,,14,wood,0.6,jawon-low-confidence,,,
U+7256,牖,유,"엇살창 유, 들창 유, 밝을 유, 인도할 유",91片,91.11,15,,15,wood,0.6,jawon-low-confidence,,,
U+7258,牘,독,편지 독,91片,91.15,19,,19,wood,0.6,jawon-low-confidence,,,
U+7259,牙,아,"어금니 아, 대장 기 아",92牙,92.0,4,,4,,,jawon-unclassified,,,
U+725A,牚,탱,,92牙,92.8,12,12,12,,,hun-missing jawon-unclassified,,,
U+7262,牢,뢰 뇌,우리 뢰,93牛,93.3 40.4,7,7,7,earth,0.8,multiple-radical-values,,,
U+7263,牣,인,,93牛,93.3,7,7,7,earth,0.8,hun-missing,,,
U+727E,牾,오,,93牛,93.7,11,11,11,earth,0.8,hun-missing,,,
U+7282,犂,리 이,,93牛,93.8,12,12,12,earth,0.8,hun-missing,,,
U+72AC,犬,견,큰 개 견,94犬,94.0,4,,4,,,jawon-unclassified,,,
U+72AF,犯,범,범할 범,94犬,94.2,5,,6,,,jawon-unclassified,,,
U+72B3,犳,작,아롱 짐승 작,94犬,94.3,6,,7,,,jawon-unclassified,,,
U+72B4,犴,안,들개 안,94犬,94.3,6,,7,,,jawon-unclassified,,,
U+72B5,犵,힐,오랑캐이름 힐,94犬,94.3,6,,7,,,jawon-unclassified,,,
U+72C0,狀,상 장,형상 상,94犬,94.4,8,,8,,,jawon-unclassified,,,
U+72C2,狂,광,"미질 광, 미칠 광",94犬,94.4,7,,8,,,jawon-unclassified,,,
U+72C4,狄,적,"북방 오랑캐 적, 꿩 그린 옷 적, 멀 적",94犬,94.4,7,,8,,,jawon-unclassified,,,
U+72C9,狉,비,삵의 새끼 비,94犬,94.5,8,,9,,,jawon-unclassified,,,
U+72CE,狎,압,"친근할 압, 업신여길 압, 익힐 압",94犬,94.5,8,,9,,,jawon-unclassified,,,
U+72D0,狐,호,여우 호,94犬,94.5,8,,9,,,jawon-unclassified,,,
U+72D2,狒,비,비비 비,94犬,94.5,8,,9,,,jawon-unclassified,,,
U+72D7,狗,구,개 구,94犬,94.5,8,,9,,,jawon-unclassified,,,
U+72D9,狙,저,"원숭이 저, 엿볼 저, 살필 저",94犬,94.5,8,,9,,,jawon-unclassified,,,
U+72E1,狡,교,"교활할 교, 간교할 교",94犬,94.6,9,,10,,,jawon-unclassified,,,
U+72E2,狢,학,오소리 학,94犬,94.6,9,,10,,,jawon-unclassified,,,
U+72E8,狨,융,원숭이 융,94犬,94.6,9,,10,,,jawon-unclassified,,,
U+72E9,狩,수,"겨울사냥 수, 순행할 수",94犬,94.6,9,,10,,,jawon-unclassified,,,
U+72F4,狴,폐,"짐승이름 폐, 옥 폐, 들개 폐",94犬,94.7,10,,11,,,jawon-unclassified,,,
U+72F7,狷,견,"고집스러울 견, 조수할 견, 편협할 견",94犬,94.7,10,,11,,,jawon-unclassified,,,
U+72F8,狸,리 이,"貍와 同字, 이리 리",94犬,94.7,10,,11,,,jawon-unclassified,,,
U+72F9,狹,협,좁을 협,94犬,94.7,10,,11,,,jawon-unclassified,,,
U+72FA,狺,은,뭇 개 짖는 소리 은,94犬,94.7,10,,11,,,jawon-unclassified,,,
U+72FB,狻,산,사자 산,94犬,94.7,10,,11,,,jawon-unclassified,,,
U+72FC,狼,랑 낭,이리 랑,94犬,94.7,10,,11,,,jawon-unclassified,,,
U+72FD,狽,패,이리 패,94犬,94.7,10,,11,,,jawon-unclassified,,,
U+7309,猉,기,,94犬,94.8,11,12,12,,,hun-missing jawon-unclassified,,,
U+730A,猊,예,사자 예,94犬,94.8,11,,12,,,jawon-unclassified,,,
U+7312,猒,염,,94犬,94.8,12,12,12,,,hun-missing jawon-unclassified,,,
U+7313,猓,과,긴 꼬리 원숭이 과,94犬,94.8,11,,12,,,jawon-unclassified,,,
U+7316,猖,창,"미쳐 날뛸 창, 놀랄 창",94犬,94.8,11,,12,,,jawon-unclassified,,,
U+7317,猗,아 의,"불 깐 개 의, 탄식할 의, 길 의",94犬,94.8,11,,12,,,jawon-unclassified,,,
U+7318,猘,제,미친개 제,94犬,94.8,11,,12,,,jawon-unclassified,,,
U+7319,猙,쟁,"밉살스럴 쟁, 짐승이름 쟁",94犬,94.8,11,,12,,,jawon-unclassified,,,
U+731B,猛,맹,사나울 맹,94犬,94.8,11,,12,,,jawon-unclassified,,,
U+731C,猜,시,"의심낼 시, 시기할 시, 두려워할 시, 사나울 시",94犬,94.8,11,,12,,,jawon-unclassified,,,
U+731D,猝,졸,갑자기 졸,94犬,94.8,11,,12,,,jawon-unclassified,,,
U+7322,猢,호,원숭이 호,94犬,94.9,12,,13,,,jawon-unclassified,,,
U+7325,猥,외,"더러울 외, 굽을 외, 섞일 외, 개 새끼 셋 낳을 외, 음란할 외",94犬,94.9,12,,13,,,jawon-unclassified,,,
U+7327,猧,와,와개 와,94犬,94.9,11,,13,,,jawon-unclassified,,,
U+7328,猨,원,猿과 同字,94犬,94.9,12,,13,,,jawon-unclassified,,,
U+7329,猩,성,성성이 성,94犬,94.9,12,,13,,,jawon-unclassified,,,
U+732A,猪,저,"豬의 俗字, 돼지 저",94犬,94.8 94.9,12,12,12,,,multiple-radical-values jawon-unclassified,,,
U+732B,猫,묘,고양이 묘,94犬,94.9,12,,13,,,jawon-unclassified,,,
U+7331,猱,노,못할 노,94犬,94.9,12,,13,,,jawon-unclassified,,,
U+7334,猴,후,원숭이 후,94犬,94.9,12,,13,,,jawon-unclassified,,,
U+7336,猶,유,"어미 원숭이 유, 같을 유, 오히려 유",94犬,94.9,12,,13,,,jawon-unclassified,,,
U+7337,猷,유,"꾀 유, 그릴 유, 옳을 유, 탄식할 유",94犬,94.9,13,,13,,,jawon-unclassified,,,
U+733E,猾,활,교활할 활,94犬,94.10,12,,14,,,jawon-unclassified,,,
U+733F,猿,원,"원숭이 원, 잔나비 원",94犬,94.10,13,,14,,,jawon-unclassified,,,
U+7343,獃,애,어리석을 애,94犬,94.10,14,,14,,,jawon-unclassified,,,
U+7344,獄,옥,감옥 옥,94犬,94.11,14,,15,,,jawon-unclassified,,,
U+7345,獅,사,사자 사,94犬,94.10,13,,14,,,jawon-unclassified,,,
U+734E,獎,장,권면할,94犬,94.11,15,,15,,,jawon-unclassified,,,
U+7350,獐,장,노루 장,94犬,94.11,14,,15,,,jawon-unclassified,,,
U+7352,獒,오,"사나운 개 오, 호박개 오",94犬,94.11,15,,15,,,jawon-unclassified,,,
U+7357,獗,궐,"도둑 일어날 궐, 뛰놀 궐",94犬,94.12,15,,16,,,jawon-unclassified,,,
U+7358,獘,폐,"곤할 폐, 폐단 폐, 죽을 폐, 엎드러질 폐",94犬,94.12,15,,16,,,jawon-unclassified,,,
U+735C,獜,린 인,튼튼할 린,94犬,94.12,15,,16,,,jawon-unclassified,,,
U+7360,獠,료 요,밤사냥 료,94犬,94.12,15,,16,,,jawon-unclassified,,,
U+7368,獨,독,홀로 독,94犬,94.13,16,,17,,,jawon-unclassified,,,
U+7369,獩,예,민족이름 예,94犬,94.13,16,,17,,,jawon-unclassified,,,
U+736A,獪,회,"교활할 회, 간교할 회",94犬,94.13,16,,17,,,jawon-unclassified,,,
U+736B,獫,험,험윤 오랑캐 험,94犬,94.13,16,,17,,,jawon-unclassified,,,
U+736C,獬,해,"신통한 양 해, 해갓 해",94犬,94.13,16,,17,,,jawon-unclassified,,,
U+736F,獯,훈,오랑캐 이름 훈,94犬,94.14,17,,18,,,jawon-unclassified,,,
U+7370,獰,녕 영,영악할,94犬,94.14,17,,18,,,jawon-unclassified,,,
U+7372,獲,획,얻을 획,94犬,94.14,17,,18,,,jawon-unclassified,,,
U+7375,獵,렵 엽,"사냥 렵, 사냥할 렵",94犬,94.15,18,,19,,,jawon-unclassified,,,
U+7377,獷,광,사나울 광,94犬,94.15,17,,19,,,jawon-unclassified,,,
U+7378,獸,수,짐승 수,94犬,94.15,19,,19,,,jawon-unclassified,,,
U+737A,獺,달,수달 달,94犬,94.16,19,,20,,,jawon-unclassified,,,
U+737B,獻,헌,"바칠 헌, 음식 헌, 어진이 헌, 드릴 헌",94犬,94.16,20,,20,,,jawon-unclassified,,,
U+737C,獼,미,원숭이 미,94犬,94.17,20,,21,,,jawon-unclassified,,,
U+7381,玁,험,獫과 同字,94犬,94.20,22,,24,,,jawon-unclassified,,,
U+738F,玏,륵 늑(두음),,96玉,96.2,6,7,7,metal,0.7,hun-missing,,,
U+7392,玒,강,,96玉,96.3,7,8,8,metal,0.7,hun-missing,,,
U+7393,玓,적,,96玉,96.3,7,8,8,metal,0.7,hun-missing,,,
U+73A1,玡,아,,96玉,96.4,8,9,9,metal,0.7,hun-missing,,,
U+73A2,玢,분,,96玉,96.4,8,9,9,metal,0.7,hun-missing,,,
U+73A4,玤,방,,96玉,96.4,8,9,9,metal,0.7,hun-missing,,,
U+73AA,玪,감 림 임,,96玉,96.4,8,9,9,metal,0.7,hun-missing,,,
U+73AF,环,배,,96玉,96.4,8,9,9,metal,0.7,hun-missing,,,
U+73B4,玴,예,,96玉,96.5,9,10,10,metal,0.7,hun-missing,,,
U+73B8,玸,부,,96玉,96.5,9,10,10,metal,0.7,hun-missing,,,
U+73BC,玼,체,,96玉,96.5,10,10,10,metal,0.7,hun-missing,,,
U+73BD,玽,구,,96玉,96.5,9,10,10,metal,0.7,hun-missing,,,
U+73BF,玿,소,,96玉,96.5,9,10,10,metal,0.7,hun-missing,,,
U+73C6,珆,이 태,,96玉,96.5,9,10,10,metal,0.7,hun-missing,,,
U+73C7,珇,조,,96玉,96.5,9,10,10,metal,0.7,hun-missing,,,
U+73CE,珎,진,,96玉,96.5,9,10,10,metal,0.7,hun-missing,,,
U+73D3,珓,교,,96玉,96.6,10,11,11,metal,0.7,hun-missing,,,
U+73D5,珕,려 여(두음),,96玉,96.6,10,11,11,metal,0.7,hun-missing,,,
U+73D7,珗,선,,96玉,96.6,10,11,11,metal,0.7,hun-missing,,,
U+73D8,珘,주,,96玉,96.6,10,11,11,metal,0.7,hun-missing,,,
U+73DA,珚,연,,96玉,96.6,10,11,11,metal,0.7,hun-missing,,,
U+73E7,珧,요,,96玉,96.6,10,11,11,metal,0.7,hun-missing,,,
U+73EB,珫,충,,96玉,96.6,10,11,11,metal,0.7,hun-missing,,,
U+73EC,珬,술,,96玉,96.6,10,11,11,metal,0.7,hun-missing,,,
U+73F4,珴,아,,96玉,96.7,11,12,12,metal,0.7,hun-missing,,,
U+73F8,珸,오,,96玉,96.7,11,12,12,metal,0.7,hun-missing,,,
U+73FA,珺,군,,96玉,96.7,11,12,12,metal,0.7,hun-missing,,,
U+7404,琄,현,,96玉,96.7,11,12,12,metal,0.7,hun-missing,,,
U+7408,琈,부,,96玉,96.7,11,12,12,metal,0.7,hun-missing,,,
U+7409,琉,류 유,"유리 류, 유리돌 류",96玉,96.6 96.7,11,11,11,metal,0.7,multiple-radical-values,,,
U+740A,琊,야,,96玉,96.7,10,12,12,metal,0.7,hun-missing,,,
U+740B,琋,희,,96玉,96.7,11,12,12,metal,0.7,hun-missing,,,
U+7411,琑,소,,96玉,96.7,11,12,12,metal,0.7,hun-missing,,,
U+7417,琗,채,,96玉,96.8,12,13,13,metal,0.7,hun-missing,,,
U+7418,琘,민,,96玉,96.8,12,13,13,metal,0.7,hun-missing,,,
U+741D,琝,민,,96玉,96.8,12,13,13,metal,0.7,hun-missing,,,
U+741F,琟,유,,96玉,96.8,12,13,13,metal,0.7,hun-missing,,,
U+7429,琩,창,,96玉,96.8,12,13,13,metal,0.7,hun-missing,,,
U+742D,琭,록 녹(두음),,96玉,96.8,12,13,13,metal,0.7,hun-missing,,,
U+7431,琱,조,,96玉,96.8,12,13,13,metal,0.7,hun-missing,,,
U+7442,瑂,미,,96玉,96.9,13,14,14,metal,0.7,hun-missing,,,
U+7446,瑆,성,,96玉,96.9,13,14,14,metal,0.7,hun-missing,,,
U+7448,瑈,유,,96玉,96.9,13,14,14,metal,0.7,hun-missing,,,
U+7449,瑉,민,,96玉,96.9,13,14,14,metal,0.7,hun-missing,,,
U+744A,瑊,감 함,,96玉,96.9,13,14,14,metal,0.7,hun-missing,,,
U+744C,瑌,연,,96玉,96.9,13,14,14,metal,0.7,hun-missing,,,
U+744D,瑍,환,,96玉,96.9,13,14,14,metal,0.7,hun-missing,,,
U+744E,瑎,해,,96玉,96.9,13,14,14,metal,0.7,hun-missing,,,
U+7452,瑒,창 탕,,96玉,96.9,13,14,14,metal,0.7,hun-missing,,,
U+7454,瑔,전,,96玉,96.9,13,14,14,metal,0.7,hun-missing,,,
U+7456,瑖,단,,96玉,96.9,13,14,14,metal,0.7,hun-missing,,,
U+746B,瑫,도,,96玉,96.10,14,15,15,metal,0.7,hun-missing,,,
U+746C,瑬,류 유(두음),,96玉,96.10,15,15,15,metal,0.7,hun-missing,,,
U+746E,瑮,률 율,,96玉,96.10,14,15,15,metal,0.7,hun-missing,,,
U+7471,瑱,진,,96玉,96.10,14,15,15,metal,0.7,hun-missing,,,
U+7484,璄,경,,96玉,96.11,15,16,16,metal,0.7,hun-missing,,,
U+7485,璅,소,,96玉,96.11,15,16,16,metal,0.7,hun-missing,,,
U+748C,璌,인,,96玉,96.11,15,16,16,metal,0.7,hun-missing,,,
U+7490,璐,로 노,,96玉,96.12,17,17,17,metal,0.7,hun-missing,,,
U+7491,璑,무,,96玉,96.12,16,17,17,metal,0.7,hun-missing,,,
U+7492,璒,등,,96玉,96.12,16,17,17,metal,0.7,hun-missing,,,
U+749A,璚,경,,96玉,96.12,16,17,17,metal,0.7,hun-missing,,,
U+74A0,璠,번,,96玉,96.12,16,17,17,metal,0.7,hun-missing,,,
U+74A6,璦,애,,96玉,96.13,17,18,18,metal,0.7,hun-missing,,,
U+74AD,璭,곤,,96玉,96.13,16,18,18,metal,0.7,hun-missing,,,
U+74B1,璱,슬,,96玉,96.13,17,18,18,metal,0.7,hun-missing,,,
U+74B6,璶,신,,96玉,96.14,18,19,19,metal,0.7,hun-missing,,,
U+74B8,璸,빈,,96玉,96.14,18,19,19,metal,0.7,hun-missing,,,
U+74BC,璼,람 남,,96玉,96.14,18,19,19,metal,0.7,hun-missing,,,
U+74C0,瓀,연,,96玉,96.14,18,19,19,metal,0.7,hun-missing,,,
U+74CD,瓍,수,,96玉,96.16,18,21,21,metal,0.7,hun-missing,,,
U+74D0,瓐,로 노,,96玉,96.16,20,21,21,metal,0.7,hun-missing,,,
U+74D3,瓓,란 난,,96玉,96.17,21,22,22,metal,0.7,hun-missing,,,
U+74DC,瓜,과,"오이 과, 외 과",97瓜,97.0,5,,5,,,jawon-unclassified,,,
U+74E0,瓠,호,"표주박 호, 단지 호",97瓜,97.6,11,,11,,,jawon-unclassified,,,
U+74E2,瓢,표,표주박 표,97瓜,97.11,16,,16,,,jawon-unclassified,,,
U+74E3,瓣,판,"외씨 판, 실과씨 판, 꽃잎 판",97瓜,97.14,19,,19,,,jawon-unclassified,,,
U+74E6,瓦,와,"질그릇 와, 기와 와",98瓦,98.0,5,,5,earth,0.6,jawon-low-confidence,,,
U+74EE,瓮,옹,"항아리 옹, 독 옹",98瓦,98.4,9,,9,earth,0.6,jawon-low-confidence,,,
U+74F3,瓳,호,,98瓦,98.5,9,10,10,earth,0.6,hun-missing jawon-low-confidence,,,
U+74F7,瓷,자,오지그릇 자,98瓦,98.6,10,,11,earth,0.6,jawon-low-confidence,,,
U+7501,甁,병,병 병,98瓦,98.8,12,,13,earth,0.6,jawon-low-confidence,,,
U+7503,甃,추,우물 벽돌 추,98瓦,98.9,13,,14,earth,0.6,jawon-low-confidence,,,
U+7504,甄,견,"질그릇 견, 살필 견, 표시할 견, 진 이름 견, 면할 견, 밝을 견",98瓦,98.9,13,,14,earth,0.6,jawon-low-confidence,,,
U+750C,甌,구,사발 구,98瓦,98.11,15,,16,earth,0.6,jawon-low-confidence,,,
U+750D,甍,맹,,98瓦,98.11,16,16,16,earth,0.6,hun-missing jawon-low-confidence,,,
U+750E,甎,전,"벽돌 전, 기와 전",98瓦,98.11,15,,16,earth,0.6,jawon-low-confidence,,,
U+7511,甑,증,시루 증,98瓦,98.12,16,,17,earth,0.6,jawon-low-confidence,,,
U+7513,甓,벽,벽돌 벽,98瓦,98.13,17,,18,earth,0.6,jawon-low-confidence,,,
U+7515,甕,옹,"항아리 옹, 물장군 옹, 독 옹",98瓦,98.13,17,,18,earth,0.6,jawon-low-confidence,,,
U+7518,甘,감,"달 감, 달게 여길 감",99甘,99.0,5,,5,earth,0.6,jawon-low-confidence,,,
U+751A,甚,심,"심할 심, 무엇 심",99甘,99.4,9,,9,earth,0.6,jawon-low-confidence,,,
U+751B,甛,첨,"달 첨, 단 첨",99甘,99.6,11,,11,earth,0.6,jawon-low-confidence,,,
U+751C,甜,첨,,99甘,99.6,11,11,11,earth,0.6,hun-missing jawon-low-confidence,,,
U+751E,甞,상,맛볼 상,99甘,99.8,13,,13,earth,0.6,jawon-low-confidence,,,
U+751F,生,생,날 생,100生,100.0,5,,5,wood,0.6,jawon-low-confidence,,,
U+7521,甡,신,,100生,100.5,10,10,10,wood,0.6,hun-missing jawon-low-confidence,,,
U+7522,產,산,,100生,100.6,11,11,11,wood,0.6,hun-missing jawon-low-confidence,,,
U+7523,産,산,낳을 산,100生,100.6,11,,11,wood,0.6,jawon-low-confidence,,,
U+7524,甤,유,,100生,100.7,12,12,12,wood,0.6,hun-missing jawon-low-confidence,,,
U+7525,甥,생,"생질 생, 사위 생",100生,100.7,12,,12,wood,0.6,jawon-low-confidence,,,
U+7526,甦,소,"깨어날 소, 숨 쉴 소",100生,100.7,12,,12,wood,0.6,jawon-low-confidence,,,
U+752A,甪,록 녹(두음),,101用,101.1,6,6,6,water,0.9,hun-missing,,,
U+752F,甯,녕 영,,101用,101.7,12,12,12,water,0.9,hun-missing,,,
U+753B,画,획,,102田,102.3 1.7,8,8,8,earth,0.9,multiple-radical-values hun-missing,,,
U+753F,甿,맹,,102田,102.3,8,8,8,earth,0.9,hun-missing,,,
U+7543,畃,순,,102田,102.3,8,8,8,earth,0.9,hun-missing,,,
U+7550,畐,복 핍,,102田,102.4,9,9,9,earth,0.9,hun-missing,,,
U+7551,畑,전,"화전 전, 밭 전",102田,102.4 86.5,9,9,9,earth,0.9,multiple-radical-values,,,
U+7553,畓,답,논 답,102田,102.4 85.5,9,9,9,earth,0.9,multiple-radical-values,,,
U+757C,畼,창,,102田,102.9,14,14,14,earth,0.9,hun-missing,,,
U+758B,疋,아 필,"짝 필, 끝 필",103疋,103.0,5,,5,,,jawon-unclassified,,,
U+758E,疎,소,"성길 소, 드물 소",103疋,103.7,12,,12,,,jawon-unclassified,,,
U+758F,疏,소,"뚫릴 소, 나눌 소, 멀 소, 추할 소, 드물 소, 성길 소",103疋,103.7,12,,12,,,jawon-unclassified,,,
U+7591,疑,의,"의심할 의, 두려워할 의, 그럴듯할 의",103疋,103.9,14,,14,,,jawon-unclassified,,,
U+75A3,疣,우,,104疒,104.4,9,9,9,water,0.8,hun-missing,,,
U+75B5,疵,자,"흠 자, 죽은깨 자",104疒,104.5,11,10,11,water,0.8,won-total-exceeds-formula,,,
U+7601,瘁,췌,,104疒,104.8,13,13,13,water,0.8,hun-missing,,,
U+761F,瘟,온,"염병 온, 온역 온",104疒,104.9 104.10,14,14,14,water,0.8,multiple-radical-values,,,
U+7631,瘱,예,,104疒,104.11,16,16,16,water,0.8,hun-missing,,,
U+7647,癇,간,,104疒,104.12,17,17,17,water,0.8,hun-missing,,,
U+767B,登,등,오를 등,105癶,105.7,12,,12,,,jawon-unclassified,,,
U+767C,發,발,"쏠 발, 일어날 발",105癶,105.7,12,,12,,,jawon-unclassified,,,
U+768A,皊,령 영,,106白,106.5,10,10,10,metal,0.8,hun-missing,,,
U+7692,皒,아,,106白,106.7,12,12,12,metal,0.8,hun-missing,,,
U+7697,皗,주,,106白,106.8,13,13,13,metal,0.8,hun-missing,,,
U+7699,皙,석,,106白,106.8,13,13,13,metal,0.8,hun-missing,,,
U+769D,皝,황,,106白,106.10,15,15,15,metal,0.8,hun-missing,,,
U+76A6,皦,교,,106白,106.13,18,18,18,metal,0.8,hun-missing,,,
U+76AD,皭,작,,106白,106.18,22,23,23,metal,0.8,hun-missing,,,
U+76AE,皮,피,"가죽 피, 껍질 피, 성씨 피",107皮,107.0,5,,5,metal,0.6,jawon-low-confidence,,,
U+76B4,皴,준,주름 준,107皮,107.7,12,,12,metal,0.6,jawon-low-confidence,,,
U+76B6,皶,사,,107皮,107.9,14,14,14,metal,0.6,hun-missing jawon-low-confidence,,,
U+76B8,皸,군,얼어터질 군,107皮,107.9,14,,14,metal,0.6,jawon-low-confidence,,,
U+76BA,皺,추,"쭈그러질 추, 추할 추",107皮,107.10,15,,15,metal,0.6,jawon-low-confidence,,,
U+76BF,皿,명,그릇 명,108皿,108.0,5,,5,earth,0.6,jawon-low-confidence,,,
U+76C2,盂,우,"바리 우, 사냥하는 진 우, 밥그릇 우",108皿,108.3,8,,8,earth,0.6,jawon-low-confidence,,,
U+76C3,盃,배,"杯의 俗字, 잔 배",108皿,108.4,9,,9,earth,0.6,jawon-low-confidence,,,
U+76C6,盆,분,동이 분,108皿,108.4,9,,9,earth,0.6,jawon-low-confidence,,,
U+76C8,盈,영,"가득할 영, 넘칠 영, 물 흐를 영, 찰 영",108皿,108.4,9,,9,earth,0.6,jawon-low-confidence,,,
U+76CA,益,익,더할 익,108皿,108.5,10,,10,earth,0.6,jawon-low-confidence,,,
U+76CC,盌,완,은 바리 완,108皿,108.5,10,,10,earth,0.6,jawon-low-confidence,,,
U+76CD,盍,합,"덮을 합, 합할 합, 어찌 아니할 합",108皿,108.5,10,,10,earth,0.6,jawon-low-confidence,,,
U+76CE,盎,앙,동이 앙,108皿,108.5,10,,10,earth,0.6,jawon-low-confidence,,,
U+76D2,盒,합,"소반 뚜껑 합, 합 합",108皿,108.6,11,,11,earth,0.6,jawon-low-confidence,,,
U+76D3,盓,우,,108皿,108.6,11,11,11,earth,0.6,hun-missing jawon-low-confidence,,,
U+76D4,盔,회,바리 회,108皿,108.6,11,,11,earth,0.6,jawon-low-confidence,,,
U+76D6,盖,개,"蓋의 俗字, 뚜껑 개",108皿,108.6,11,,11,earth,0.6,jawon-low-confidence,,,
U+76D9,盙,보,簠의 本字,108皿,108.7,12,,12,earth,0.6,jawon-low-confidence,,,
U+76DB,盛,성,"담을 성, 이룰 성, 정제할 성, 많을 성, 성할 성",108皿,108.6,12,11,12,earth,0.6,won-total-exceeds-formula jawon-low-confidence,,,
U+76DC,盜,도,도둑 도,108皿,108.7,12,,12,earth,0.6,jawon-low-confidence,,,
U+76DE,盞,잔,작은 술잔 잔,108皿,108.8,13,,13,earth,0.6,jawon-low-confidence,,,
U+76DF,盟,맹,맹세할 맹,108皿,108.8,13,,13,earth,0.6,jawon-low-confidence,,,
U+76E1,盡,진,다할 진,108皿,108.9,14,,14,earth,0.6,jawon-low-confidence,,,
U+76E3,監,감,"거느릴 감, 살필 감, 볼 감, 벼슬 감, 감옥 감",108皿,108.9,14,,14,earth,0.6,jawon-low-confidence,,,
U+76E4,盤,반,소반 반,108皿,108.10,15,,15,earth,0.6,jawon-low-confidence,,,
U+76E5,盥,관,대야 관,108皿,108.11,16,,16,earth,0.6,jawon-low-confidence,,,
U+76E7,盧,로 노,밥그릇 로,108皿,108.11,16,,16,earth,0.6,jawon-low-confidence,,,
U+76EA,盪,탕,"씻을 탕, 움직일 탕, 진동할 탕, 그릇 부실 탕, 뭍 배질할 탕",108皿,108.12,17,,17,earth,0.6,jawon-low-confidence,,,
U+76EC,盬,고,염지 고,108皿,108.13,18,,18,earth,0.6,jawon-low-confidence,,,
U+76EF,盯,정,,109目,109.2,7,7,7,wood,0.9,hun-missing,,,
U+76F1,盱,우,,109目,109.3,8,8,8,wood,0.9,hun-missing,,,
U+76F4,直,직,곧을 직,109目,109.3 24.6,8,8,8,wood,0.9,multiple-radical-values,,,
U+76F6,盶,원,,109目,109.4,9,9,9,wood,0.9,hun-missing,,,
U+76FF,盿,민,,109目,109.4,9,9,9,wood,0.9,hun-missing,,,
U+7700,眀,명,,109目,109.4,9,9,9,wood,0.9,hun-missing,,,
U+7702,眂,시,,109目,109.4,9,9,9,wood,0.9,hun-missing,,,
U+770E,眎,시,,109目,109.5,10,10,10,wood,0.9,hun-missing,,,
U+7710,眐,정,,109目,109.5,10,10,10,wood,0.9,hun-missing,,,
U+7715,眕,진,,109目,109.5,10,10,10,wood,0.9,hun-missing,,,
U+771F,真,진,,109目,109.5 12.8,10,10,10,wood,0.9,multiple-radical-values hun-missing,,,
U+7725,眥,자,흘길 자,109目,109.5,11,10,11,wood,0.9,won-total-exceeds-formula,,,
U+7726,眦,자,眥와 同字,109目,109.5,11,10,11,wood,0.9,won-total-exceeds-formula,,,
U+7739,眹,진,,109目,109.6,11,11,11,wood,0.9,hun-missing,,,
U+7740,着,착,"붙을 착, 부딪칠 착",109目,109.7 123.5 109.6,12,12,12,wood,0.9,multiple-radical-values,,,
U+7743,睃,준,,109目,109.7,12,12,12,wood,0.9,hun-missing,,,
U+774B,睋,아,,109目,109.7,12,12,12,wood,0.9,hun-missing,,,
U+774C,睌,만,,109目,109.7,12,12,12,wood,0.9,hun-missing,,,
U+774E,睎,희,,109目,109.7,12,12,12,wood,0.9,hun-missing,,,
U+7757,睗,석,,109目,109.8,13,13,13,wood,0.9,hun-missing,,,
U+775E,睞,래 내(두음),,109目,109.8,13,13,13,wood,0.9,hun-missing,,,
U+7761,睡,수,"졸음 수, 잠 수",109目,109.9 109.8,13,14,14,wood,0.9,multiple-radical-values,,,
U+7762,睢,수,,109目,109.8,13,13,13,wood,0.9,hun-missing,,,
U+7768,睨,예,,109目,109.8,13,13,13,wood,0.9,hun-missing,,,
U+776C,睬,채,,109目,109.8,13,13,13,wood,0.9,hun-missing,,,
U+776D,睭,주,,109目,109.8,13,13,13,wood,0.9,hun-missing,,,
U+7772,睲,성,,109目,109.9,14,14,14,wood,0.9,hun-missing,,,
U+77AE,瞮,철,,109目,109.12,17,17,17,wood,0.9,hun-missing,,,
U+77B1,瞱,엽,,109目,109.12,15,17,17,wood,0.9,hun-missing,,,
U+77B5,瞵,린 인(두음),,109目,109.12,17,17,17,wood,0.9,hun-missing,,,
U+77CE,矎,현 형,,109目,109.15,19,20,20,wood,0.9,hun-missing,,,
U+77D1,矑,로 노,,109目,109.16,21,21,21,wood,0.9,hun-missing,,,
U+77D7,矗,촉,"곧을 촉, 우뚝 솟을 촉, 우뚝할 촉",109目,109.19 24.22,24,24,24,wood,0.9,multiple-radical-values,,,
U+77D9,矙,감,,109目,109.20,24,25,25,wood,0.9,hun-missing,,,
U+77E1,矡,확,,110矛,110.20,25,25,25,metal,0.8,hun-missing,,,
U+77E6,矦,후,,111矢,111.4,9,9,9,metal,0.8,hun-missing,,,
U+77F4,矴,정,,112石,112.2,7,7,7,metal,0.7,hun-missing,,,
U+77F8,矸,간 안,,112石,112.3,8,8,8,metal,0.7,hun-missing,,,
U+7803,砃,단,,112石,112.4,9,9,9,metal,0.7,hun-missing,,,
U+7807,砇,민,,112石,112.4,9,9,9,metal,0.7,hun-missing,,,
U+7822,砢,라 나,,112石,112.5,10,10,10,metal,0.7,hun-missing,,,
U+7826,砦,채,"울타리 채, 울타리칠 채",112石,112.5,11,10,11,metal,0.7,won-total-exceeds-formula,,,
U+7831,砱,령 영(두음),,112石,112.5,10,10,10,metal,0.7,hun-missing,,,
U+7844,硄,광,,112石,112.6,11,11,11,metal,0.7,hun-missing,,,
U+7848,硈,갈 할,,112石,112.6,11,11,11,metal,0.7,hun-missing,,,
U+784C,硌,락 낙(두음),,112石,112.6,11,11,11,metal,0.7,hun-missing,,,
U+7850,硐,동,,112石,112.6,11,11,11,metal,0.7,hun-missing,,,
U+7864,硤,협,,112石,112.7,12,12,12,metal,0.7,hun-missing,,,
U+7867,硧,용,,112石,112.7,12,12,12,metal,0.7,hun-missing,,,
U+7869,硩,척 철,,112石,112.7,12,12,12,metal,0.7,hun-missing,,,
U+786A,硪,아,,112石,112.7,12,12,12,metal,0.7,hun-missing,,,
U+787B,硻,경,,112石,112.8,13,13,13,metal,0.7,hun-missing,,,
U+7884,碄,림 임,,112石,112.8,13,13,13,metal,0.7,hun-missing,,,
U+7889,碉,조,,112石,112.8,13,13,13,metal,0.7,hun-missing,,,
U+7894,碔,무,,112石,112.8,13,13,13,metal,0.7,hun-missing,,,
U+789D,碝,연,,112石,112.9,14,14,14,metal,0.7,hun-missing,,,
U+78A0,碠,정,,112石,112.9,14,14,14,metal,0.7,hun-missing,,,
U+78AC,碬,하,,112石,112.9,14,14,14,metal,0.7,hun-missing,,,
U+78C9,磉,상,,112石,112.10,15,15,15,metal,0.7,hun-missing,,,
U+78E4,磤,은,,112石,112.10,15,15,15,metal,0.7,hun-missing,,,
U+78F6,磶,석,,112石,112.12,17,17,17,metal,0.7,hun-missing,,,
U+7926,礦,광,,112石,112.15,19,20,20,metal,0.7,hun-missing,,,
U+792D,礭,확,,112石,112.16,21,21,21,metal,0.7,hun-missing,,,
U+793A,示,시,"보일 시, 바칠 시, 가르칠 시",113示,113.0,5,,5,fire,0.5,jawon-low-confidence,,,
U+793C,礼,례 예,,113示,113.1,6,6,6,fire,0.5,hun-missing jawon-low-confidence,,,
U+793E,社,사,"토지의 신 사, 모일 사",113示,113.3,8,,8,fire,0.5,jawon-low-confidence,,,
U+7940,祀,사,제사 사,113示,113.3,7,,8,fire,0.5,jawon-low-confidence,,,
U+7941,祁,기,"성할 기, 성하게 기",113示,113.3,6,,8,fire,0.5,jawon-low-confidence,,,
U+7944,祄,해,,113示,113.4,8,9,9,fire,0.5,hun-missing jawon-low-confidence,,,
U+7945,祅,요,재앙 요,113示,113.4,8,,9,fire,0.5,jawon-low-confidence,,,
U+7946,祆,천,하늘 천,113示,113.4,8,,9,fire,0.5,jawon-low-confidence,,,
U+7947,祇,기 지,"토지의 신 기, 편안할 기",113示,113.4,8,,9,fire,0.5,jawon-low-confidence,,,
U+7948,祈,기,"빌 기, 기도할 기",113示,113.4,9,,9,fire,0.5,jawon-low-confidence,,,
U+7949,祉,지,복 지,113示,113.4,8,,9,fire,0.5,jawon-low-confidence,,,
U+794A,祊,팽,사당문 제사 팽,113示,113.4,8,,9,fire,0.5,jawon-low-confidence,,,
U+794F,祏,석,,113示,113.5,9,10,10,fire,0.5,hun-missing jawon-low-confidence,,,
U+7950,祐,우,"도울 우, 다행할 우",113示,113.5,9,,10,fire,0.5,jawon-low-confidence,,,
U+7952,祒,초,,113示,113.5,9,10,10,fire,0.5,hun-missing jawon-low-confidence,,,
U+7953,祓,불,푸닥거리할 불,113示,113.5,9,,10,fire,0.5,jawon-low-confidence,,,
U+7954,祔,부,합사할 부,113示,113.5,9,,10,fire,0.5,jawon-low-confidence,,,
U+7955,祕,비,"귀신 비, 비밀 비",113示,113.5,9,,10,fire,0.5,jawon-low-confidence,,,
U+7956,祖,조,"조상 조, 할아버지 조",113示,113.5,10,,10,fire,0.5,jawon-low-confidence,,,
U+7957,祗,지,공경할 지,113示,113.5,9,,10,fire,0.5,jawon-low-confidence,,,
U+7958,祘,산,,113示,113.5,10,10,10,fire,0.5,hun-missing jawon-low-confidence,,,
U+795A,祚,조,복 조,113示,113.5,9,,10,fire,0.5,jawon-low-confidence,,,
U+795B,祛,거,"물리칠 거, 빌 거, 굳셀 거",113示,113.5,9,,10,fire,0.5,jawon-low-confidence,,,
U+795C,祜,호,복 호,113示,113.5,9,,10,fire,0.5,jawon-low-confidence,,,
U+795D,祝,축,"빌 축, 끊을 축, 비로소 축",113示,113.5,10,,10,fire,0.5,jawon-low-confidence,,,
U+795E,神,신,"천신 신, 영검할 신, 신명 신, 정신 신, 귀신 신",113示,113.5,10,,10,fire,0.5,jawon-low-confidence,,,
U+795F,祟,수,빌미 수,113示,113.5,10,,10,fire,0.5,jawon-low-confidence,,,
U+7960,祠,사,"사당 사, 봄제사 사",113示,113.5,9,,10,fire,0.5,jawon-low-confidence,,,
U+7962,祢,니 이,,113示,113.5,9,10,10,fire,0.5,hun-missing jawon-low-confidence,,,
U+7964,祤,우,,113示,113.6,10,11,11,fire,0.5,hun-missing jawon-low-confidence,,,
U+7965,祥,상,상서로울 상,113示,113.6,11,,11,fire,0.5,jawon-low-confidence,,,
U+7967,祧,조,조묘 조,113示,113.6,10,,11,fire,0.5,jawon-low-confidence,,,
U+7968,票,표,"쪽지 표, 문서 표, 불날릴 표, 훌쩍 날 표, 날랠 표",113示,113.6,11,,11,fire,0.5,jawon-low-confidence,,,
U+796D,祭,제 채,제사 제,113示,113.6,11,,11,fire,0.5,jawon-low-confidence,,,
U+7979,祹,도,,113示,113.8,12,13,13,fire,0.5,hun-missing jawon-low-confidence,,,
U+797A,祺,기,"복 기, 길할 기",113示,113.8,12,,13,fire,0.5,jawon-low-confidence,,,
U+797C,祼,관,강신제 관,113示,113.8,12,,13,fire,0.5,jawon-low-confidence,,,
U+797F,祿,록 녹,복 록,113示,113.8,13,,13,fire,0.5,jawon-low-confidence,,,
U+7981,禁,금,금할 금,113示,113.8,13,,13,fire,0.5,jawon-low-confidence,,,
U+798A,禊,계,계제 계,113示,113.9,13,,14,fire,0.5,jawon-low-confidence,,,
U+798B,禋,인,제사지낼 인,113示,113.9,13,,14,fire,0.5,jawon-low-confidence,,,
U+798D,禍,화,재화 화,113示,113.9,12,,14,fire,0.5,jawon-low-confidence,,,
U+798E,禎,정,상서로울 정,113示,113.9,13,,14,fire,0.5,jawon-low-confidence,,,
U+798F,福,복,복 복,113示,113.9,14,,14,fire,0.5,jawon-low-confidence,,,
U+7991,禑,우,복,113示,113.9,13,,14,fire,0.5,jawon-low-confidence,,,
U+7994,禔,시 제 지,"복 시, 편안할 시",113示,113.9,13,,14,fire,0.5,jawon-low-confidence,,,
U+7995,禕,의,,113示,113.9,13,14,14,fire,0.5,hun-missing jawon-low-confidence,,,
U+799B,禛,진,,113示,113.10,14,15,15,fire,0.5,hun-missing jawon-low-confidence,,,
U+799C,禜,영,,113示,113.10,15,15,15,fire,0.5,hun-missing jawon-low-confidence,,,
U+799D,禝,직,사람 이름 직,113示,113.10,14,,15,fire,0.5,jawon-low-confidence,,,
U+79A0,禠,사,,113示,113.10,14,15,15,fire,0.5,hun-missing jawon-low-confidence,,,
U+79A5,禥,기,,113示,113.11,15,16,16,fire,0.5,hun-missing jawon-low-confidence,,,
U+79A6,禦,어,"막을 어, 그칠 어",113示,113.11,17,16,17,fire,0.5,won-total-exceeds-formula jawon-low-confidence,,,
U+79A7,禧,희,복 희,113示,113.12,16,,17,fire,0.5,jawon-low-confidence,,,
U+79A8,禨,기,조짐 기,113示,113.12,16,,17,fire,0.5,jawon-low-confidence,,,
U+79AA,禪,선,"봉선 선, 전위할 선",113示,113.12,16,,17,fire,0.5,jawon-low-confidence,,,
U+79AB,禫,담,담제 담,113示,113.12,16,,17,fire,0.5,jawon-low-confidence,,,
U+79B0,禰,니 이,,113示,113.14,18,19,19,fire,0.5,hun-missing jawon-low-confidence,,,
U+79B1,禱,도,빌 도,113示,113.14,18,,19,fire,0.5,jawon-low-confidence,,,
U+79B3,禳,양,"푸닥거리할 양, 기도할 양",113示,113.17,21,,22,fire,0.5,jawon-low-confidence,,,
U+79B4,禴,약,종묘의 여름제사 약,113示,113.17,21,,22,fire,0.5,jawon-low-confidence,,,
U+79B9,禹,우,"하우씨 우, 성씨 우, 느릴 우",114禸,114.4,9,,9,wood,0.6,jawon-low-confidence,,,
U+79BA,禺,옹,땅 이름 옹,114禸,114.4,9,,9,wood,0.6,jawon-low-confidence,,,
U+79BB,离,리 이,산신 리,114禸,114.6 8.8,11,11,11,wood,0.6,multiple-radical-values jawon-low-confidence,,,
U+79BC,禼,설,,114禸,114.7,11,12,12,wood,0.6,hun-missing jawon-low-confidence,,,
U+79BD,禽,금,"날짐승 금, 새 금",114禸,114.8,13,,13,wood,0.6,jawon-low-confidence,,,
U+79C4,秄,자,,115禾,115.3,8,8,8,wood,0.9,hun-missing,,,
U+79C8,秈,선,,115禾,115.3,8,8,8,wood,0.9,hun-missing,,,
U+79CE,秎,분,,115禾,115.4,9,9,9,wood,0.9,hun-missing,,,
U+79D6,秖,지,,115禾,115.4,9,9,9,wood,0.9,hun-missing,,,
U+79DE,秞,유,,115禾,115.5,10,10,10,wood,0.9,hun-missing,,,
U+79F1,秱,동,,115禾,115.6,11,11,11,wood,0.9,hun-missing,,,
U+79F5,秵,인,,115禾,115.6,11,11,11,wood,0.9,hun-missing,,,
U+7A15,稕,준,,115禾,115.8,13,13,13,wood,0.9,hun-missing,,,
U+7A18,稘,기,,115禾,115.8,13,13,13,wood,0.9,hun-missing,,,
U+7A22,稢,욱,,115禾,115.8,13,13,13,wood,0.9,hun-missing,,,
U+7A24,稤,숙,,115禾,115.8,13,13,13,wood,0.9,hun-missing,,,
U+7A27,稧,설,,115禾,115.9,14,14,14,wood,0.9,hun-missing,,,
U+7A2C,稬,나,,115禾,115.9,14,14,14,wood,0.9,hun-missing,,,
U+7A30,稰,서,,115禾,115.9,14,14,14,wood,0.9,hun-missing,,,
U+7A33,稳,온,,115禾,115.9,14,14,14,wood,0.9,hun-missing,,,
U+7A42,穂,수,,115禾,115.10,15,15,15,wood,0.9,hun-missing,,,
U+7A4C,穌,소,,115禾,115.11,16,16,16,wood,0.9,hun-missing,,,
U+7A5A,穚,교,,115禾,115.12,17,17,17,wood,0.9,hun-missing,,,
U+7A66,穦,빈,,115禾,115.14,19,19,19,wood,0.9,hun-missing,,,
U+7A73,穳,찬,,115禾,115.17,24,22,24,wood,0.9,won-total-exceeds-formula hun-missing,,,
U+7A74,穴,혈,"굴 혈, 움 혈, 틈 혈, 굿 혈",116穴,116.0,5,,5,earth,0.5,jawon-low-confidence,,,
U+7A75,穵,알,구멍 알,116穴,116.1,6,,6,earth,0.5,jawon-low-confidence,,,
U+7A76,究,구,궁리할 구,116穴,116.2,7,,7,earth,0.5,jawon-low-confidence,,,
U+7A79,穹,궁,높을 궁,116穴,116.3,8,,8,earth,0.5,jawon-low-confidence,,,
U+7A7A,空,공,빌 공,116穴,116.3,8,,8,earth,0.5,jawon-low-confidence,,,
U+7A7B,穻,우,,116穴,116.3,8,8,8,earth,0.5,hun-missing jawon-low-confidence,,,
U+7A7D,穽,정,"구덩이 정, 함정 정",116穴,116.4,9,,9,earth,0.5,jawon-low-confidence,,,
U+7A7E,穾,요,"깊숙할 요, 골방 요",116穴,116.4,9,,9,earth,0.5,jawon-low-confidence,,,
U+7A7F,穿,천,"뚫을 천, 통할 천",116穴,116.4,9,,9,earth,0.5,jawon-low-confidence,,,
U+7A80,窀,둔,광중 둔,116穴,116.4,9,,9,earth,0.5,jawon-low-confidence,,,
U+7A81,突,돌,부딪칠 돌,116穴,116.4,9,,9,earth,0.5,jawon-low-confidence,,,
U+7A82,窂,로 노,우리 로,116穴,116.4,9,,9,earth,0.5,jawon-low-confidence,,,
U+7A84,窄,착,"좁을 착, 끼일 착",116穴,116.5,10,,10,earth,0.5,jawon-low-confidence,,,
U+7A85,窅,요,"움펑눈 요, 까마득할 요",116穴,116.5,10,,10,earth,0.5,jawon-low-confidence,,,
U+7A86,窆,폄,"하관할 폄, 광중 폄",116穴,116.5,9,,10,earth,0.5,jawon-low-confidence,,,
U+7A88,窈,요,"고요할 요, 깊을 요",116穴,116.5,10,,10,earth,0.5,jawon-low-confidence,,,
U+7A8A,窊,와,웅덩이 와,116穴,116.5,10,,10,earth,0.5,jawon-low-confidence,,,
U+7A92,窒,질,막을 질,116穴,116.6,11,,11,earth,0.5,jawon-low-confidence,,,
U+7A93,窓,창,창 창,116穴,116.6,11,,11,earth,0.5,jawon-low-confidence,,,
U+7A95,窕,조,"정숙할 조, 안존할 조",116穴,116.6,11,,11,earth,0.5,jawon-low-confidence,,,
U+7A96,窖,교,,116穴,116.7,12,12,12,earth,0.5,hun-missing jawon-low-confidence,,,
U+7A97,窗,창,창 창,116穴,116.7,12,,12,earth,0.5,jawon-low-confidence,,,
U+7A98,窘,군,"군색할 군, 급할 군",116穴,116.7,12,,12,earth,0.5,jawon-low-confidence,,,
U+7A99,窙,효,,116穴,116.7,12,12,12,earth,0.5,hun-missing jawon-low-confidence,,,
U+7A9A,窚,성,,116穴,116.7,11,12,12,earth,0.5,hun-missing jawon-low-confidence,,,
U+7A9F,窟,굴,구멍 굴,116穴,116.8,13,,13,earth,0.5,jawon-low-confidence,,,
U+7AA0,窠,과,보금자리 과,116穴,116.8,13,,13,earth,0.5,jawon-low-confidence,,,
U+7AA3,窣,솔,"느릿느릿 걸을 솔, 우지직거릴 솔, 구멍으로 나올 솔",116穴,116.8,13,,13,earth,0.5,jawon-low-confidence,,,
U+7AA9,窩,와,"굴 와, 움집 와, 감출 와",116穴,116.9,13,,14,earth,0.5,jawon-low-confidence,,,
U+7AAA,窪,와,"도랑 와, 깊을 와, 맑은물 와",116穴,116.9,14,,14,earth,0.5,jawon-low-confidence,,,
U+7AAC,窬,유,판장문 유,116穴,116.9,14,,14,earth,0.5,jawon-low-confidence,,,
U+7AAE,窮,궁,다할 궁,116穴,116.10,15,,15,earth,0.5,jawon-low-confidence,,,
U+7AAF,窯,요,"기와가마 요, 오지그릇 요",116穴,116.10,15,,15,earth,0.5,jawon-low-confidence,,,
U+7AB3,窳,유,"이지러질 유, 약할 유, 짐승이름 유",116穴,116.10,15,,15,earth,0.5,jawon-low-confidence,,,
U+7AB6,窶,구,가난하여 예절없을 구,116穴,116.11,16,,16,earth,0.5,jawon-low-confidence,,,
U+7AB9,窹,오,아궁이 오,116穴,116.11,16,,16,earth,0.5,jawon-low-confidence,,,
U+7ABA,窺,규,엿볼 규,116穴,116.11,16,,16,earth,0.5,jawon-low-confidence,,,
U+7ABE,窾,관,빌 관,116穴,116.12,17,,17,earth,0.5,jawon-low-confidence,,,
U+7ABF,窿,륭 융,활꼴 륭,116穴,116.12,16,,17,earth,0.5,jawon-low-confidence,,,
U+7AC4,竄,찬,"숨을 찬, 숨길 찬",116穴,116.13,18,,18,earth,0.5,jawon-low-confidence,,,
U+7AC5,竅,규,"구멍 규, 엿볼 규",116穴,116.13,18,,18,earth,0.5,jawon-low-confidence,,,
U+7AC7,竇,두,구멍 두,116穴,116.15,20,,20,earth,0.5,jawon-low-confidence,,,
U+7AC8,竈,조,부엌 조,116穴,116.16,21,,21,earth,0.5,jawon-low-confidence,,,
U+7ACA,竊,절,"좀도둑 절, 얕을 절",116穴,116.17,22,,22,earth,0.5,jawon-low-confidence,,,
U+7ACB,立,립 입,설 립,117立,117.0,5,,5,metal,0.6,jawon-low-confidence,,,
U+7ACC,竌,처,,117立,117.2,7,7,7,metal,0.6,hun-missing jawon-low-confidence,,,
U+7AD1,竑,횡,,117立,117.4,9,9,9,metal,0.6,hun-missing jawon-low-confidence,,,
U+7AD7,竗,묘,땅 이름 묘,117立,117.4,9,,9,metal,0.6,jawon-low-confidence,,,
U+7AD8,竘,구,,117立,117.5,10,10,10,metal,0.6,hun-missing jawon-low-confidence,,,
U+7AD9,站,참,"우두커니 설 참, 역마을 참",117立,117.5,10,,10,metal,0.6,jawon-low-confidence,,,
U+7ADC,竜,룡 용,,117立,117.5 212''.0,10,10,10,metal,0.6,multiple-radical-values hun-missing jawon-low-confidence,,,
U+7ADD,竝,병,아우를 병,117立,117.5,10,,10,metal,0.6,jawon-low-confidence,,,
U+7ADF,竟,경,"다할 경, 마칠 경",180音,180.2 117.6,11,11,11,metal,0.6,multiple-radical-values jawon-low-confidence,,,
U+7AE0,章,장,"문채 장, 글 장",180音,180.2 117.6,11,11,11,metal,0.6,multiple-radical-values jawon-low-confidence,,,
U+7AE2,竢,사,기다릴 사,117立,117.7,12,,12,metal,0.6,jawon-low-confidence,,,
U+7AE3,竣,준,"마칠 준, 일마칠 준",117立,117.7,12,,12,metal,0.6,jawon-low-confidence,,,
U+7AE5,童,동,아이 동,117立,117.7,12,,12,metal,0.6,jawon-low-confidence,,,
U+7AE6,竦,송,"공경할 송, 두려울 송, 높일 송, 솟을 송",117立,117.7,12,,12,metal,0.6,jawon-low-confidence,,,
U+7AEA,竪,수,"세울 수, 서있을 수, 더벅머리 수",117立,117.8,13,,13,metal,0.6,jawon-low-confidence,,,
U+7AEB,竫,정,,117立,117.8,11,13,13,metal,0.6,hun-missing jawon-low-confidence,,,
U+7AED,竭,갈,"다할 갈, 마를 갈",117立,117.9,14,,14,metal,0.6,jawon-low-confidence,,,
U+7AEF,端,단,끝 단,117立,117.9,14,,14,metal,0.6,jawon-low-confidence,,,
U+7AF1,竱,단 전,,117立,117.11,16,16,16,metal,0.6,hun-missing jawon-low-confidence,,,
U+7AF4,竴,준,,117立,117.12,17,17,17,metal,0.6,hun-missing jawon-low-confidence,,,
U+7AF6,競,경,"겨룰 경, 다툴 경",117立,117.15,20,,20,metal,0.6,jawon-low-confidence,,,
U+7AF8,竸,경,競과 同字,117立,117.17,22,,22,metal,0.6,jawon-low-confidence,,,
U+7B0B,笋,순,,118竹,118.4,10,10,10,wood,0.9,hun-missing,,,
U+7B0E,笎,원,,118竹,118.4,10,10,10,wood,0.9,hun-missing,,,
U+7B18,笘,점,,118竹,118.5,11,11,11,wood,0.9,hun-missing,,,
U+7B75,筵,연,대자리 연,118竹,118.7,14,13,14,wood,0.9,won-total-exceeds-formula,,,
U+7BBE,箾,소,,118竹,118.9,15,15,15,wood,0.9,hun-missing,,,
U+7BE1,篡,찬,,118竹,118.10,16,16,16,wood,0.9,hun-missing,,,
U+7C05,簅,산,,118竹,118.11,17,17,17,wood,0.9,hun-missing,,,
U+7C0A,簊,기,,118竹,118.11,17,17,17,wood,0.9,hun-missing,,,
U+7C2B,簫,소,"퉁소 소, 활고지 소",118竹,118.12,19,18,19,wood,0.9,won-total-exceeds-formula,,,
U+7C5F,籟,뢰 뇌,,118竹,118.16,22,22,22,wood,0.9,hun-missing,,,
U+7C63,籣,란 난(두음),,118竹,118.17,23,23,23,wood,0.9,hun-missing,,,
U+7C7D,籽,자,,119米,119.3,9,9,9,wood,0.9,hun-missing,,,
U+7C99,粙,주,,119米,119.5,11,11,11,wood,0.9,hun-missing,,,
U+7CF1,糱,얼,,119米,119.16,22,22,22,wood,0.9,hun-missing,,,
U+7CF5,糵,얼,,119米,119.17,22,23,23,wood,0.9,hun-missing,,,
U+7D0F,紏,두,,120糸,120.4,10,10,10,wood,0.9,hun-missing,,,
U+7D1D,紝,임,,120糸,120.4,10,10,10,wood,0.9,hun-missing,,,
U+7D2B,紫,자,"자주빛 자, 검붉을 자",120糸,120.5,12,11,12,wood,0.9,won-total-exceeds-formula,,,
U+7D38,紸,주,,120糸,120.5,11,11,11,wood,0.9,hun-missing,,,
U+7D3E,紾,진,,120糸,120.5,11,11,11,wood,0.9,hun-missing,,,
U+7D41,絁,시,,120糸,120.5,11,11,11,wood,0.9,hun-missing,,,
U+7D49,絉,술,,120糸,120.5,11,11,11,wood,0.9,hun-missing,,,
U+7D51,絑,주,,120糸,120.6,12,12,12,wood,0.9,hun-missing,,,
U+7D53,絓,괘,,120糸,120.6,12,12,12,wood,0.9,hun-missing,,,
U+7D55,絕,절,,120糸,120.6,12,12,12,wood,0.9,hun-missing,,,
U+7D5B,絛,조,,120糸,120.7,12,13,13,wood,0.9,hun-missing,,,
U+7D67,絧,동,,120糸,120.6,12,12,12,wood,0.9,hun-missing,,,
U+7D6F,絯,해,,120糸,120.6,12,12,12,wood,0.9,hun-missing,,,
U+7D75,絵,회,,120糸,120.6,12,12,12,wood,0.9,hun-missing,,,
U+7D89,綉,수,,120糸,120.7,13,13,13,wood,0.9,hun-missing,,,
U+7DC2,緂,담,,120糸,120.8,14,14,14,wood,0.9,hun-missing,,,
U+7DC6,緆,석,,120糸,120.8,14,14,14,wood,0.9,hun-missing,,,
U+7DCC,緌,유,,120糸,120.8,14,14,14,wood,0.9,hun-missing,,,
U+7DCF,総,총,,120糸,120.8,14,14,14,wood,0.9,hun-missing,,,
U+7DDF,緟,중,,120糸,120.9,15,15,15,wood,0.9,hun-missing,,,
U+7DFB,緻,치,"톡톡할 치, 빽빽할 치, 헌 옷 기울 치",120糸,120.9,16,15,16,wood,0.9,won-total-exceeds-formula,,,
U+7E03,縃,서,,120糸,120.9,15,15,15,wood,0.9,hun-missing,,,
U+7E07,縇,선,,120糸,120.9,15,15,15,wood,0.9,hun-missing,,,
U+7E24,縤,소,,120糸,120.10,16,16,16,wood,0.9,hun-missing,,,
U+7E33,縳,견,,120糸,120.11,17,17,17,wood,0.9,hun-missing,,,
U+7E60,繠,예,,120糸,120.12,18,18,18,wood,0.9,hun-missing,,,
U+7E61,繡,수,"수놓을 수, 성씨 수",120糸,120.12,19,18,19,wood,0.9,won-total-exceeds-formula,,,
U+7E65,繥,희,,120糸,120.12,18,18,18,wood,0.9,hun-missing,,,
U+7E7B,繻,수,,120糸,120.14,20,20,20,wood,0.9,hun-missing,,,
U+7E99,纙,라 나(두음),,120糸,120.19,25,25,25,wood,0.9,hun-missing,,,
U+7F54,罔,망,"그물 망, 없을 망",122网,122.3,8,,9,wood,0.6,jawon-low-confidence,,,
U+7F55,罕,한,드물 한,122网,122.3,7,,9,wood,0.6,jawon-low-confidence,,,
U+7F58,罘,부,그물 부,122网,122.4,9,,10,wood,0.6,jawon-low-confidence,,,
U+7F5D,罝,저,짐승 그물 저,122网,122.5,10,,11,wood,0.6,jawon-low-confidence,,,
U+7F5F,罟,고,그물 고,122网,122.5,10,,11,wood,0.6,jawon-low-confidence,,,
U+7F60,罠,민,그물 민,122网,122.5,10,,11,wood,0.6,jawon-low-confidence,,,
U+7F61,罡,강,강별 강,122网,122.5,10,,11,wood,0.6,jawon-low-confidence,,,
U+7F63,罣,괘,걸 괘,122网,122.6,11,,12,wood,0.6,jawon-low-confidence,,,
U+7F66,罦,부,그물 부,122网,122.7,12,,13,wood,0.6,jawon-low-confidence,,,
U+7F68,罨,엄,그물 엄,122网,122.8,13,,14,wood,0.6,jawon-low-confidence,,,
U+7F6A,罪,죄,허물 죄,122网,122.8,13,,14,wood,0.6,jawon-low-confidence,,,
U+7F6B,罫,괘,"줄 괘, 줄칠 괘",122网,122.8,13,,14,wood,0.6,jawon-low-confidence,,,
U+7F6E,置,치,"베풀 치, 버릴 치, 역말 치, 안치할 치, 둘 치",122网,122.8,13,,14,wood,0.6,jawon-low-confidence,,,
U+7F70,罰,벌,"죄 벌, 벌줄 벌",122网,122.9,14,,15,wood,0.6,jawon-low-confidence,,,
U+7F72,署,서,"관청 서, 마을 서",122网,122.8,14,,14,wood,0.6,jawon-low-confidence,,,
U+7F75,罵,매,욕할 매,122网,122.10,15,,16,wood,0.6,jawon-low-confidence,,,
U+7F77,罷,파,"파할 파, 내칠 파",122网,122.10,15,,16,wood,0.6,jawon-low-confidence,,,
U+7F78,罸,벌,罰과 同字,122网,122.10,15,,16,wood,0.6,jawon-low-confidence,,,
U+7F79,罹,리 이,"근심 리, 만날 리",122网,122.11,16,,17,wood,0.6,jawon-low-confidence,,,
U+7F7C,罼,필,토끼그물 필,122网,122.11,15,,17,wood,0.6,jawon-low-confidence,,,
U+7F7D,罽,계,물고기 그물 계,122网,122.12,17,,18,wood,0.6,jawon-low-confidence,,,
U+7F7E,罾,증,어망 증,122网,122.12,17,,18,wood,0.6,jawon-low-confidence,,,
U+7F82,羂,견,"걸 견, 걸릴 견",122网,122.13,18,,19,wood,0.6,jawon-low-confidence,,,
U+7F85,羅,라 나,새그물 라,122网,122.14,19,,20,wood,0.6,jawon-low-confidence,,,
U+7F86,羆,비,큰 곰 비,122网,122.14,19,,20,wood,0.6,jawon-low-confidence,,,
U+7F87,羇,기,나그네 기,122网,122.17,22,,23,wood,0.6,jawon-low-confidence,,,
U+7F88,羈,기,"굴레 기, 말 굴레 기",122网,122.19,24,,25,wood,0.6,jawon-low-confidence,,,
U+7F8D,羍,달,,123羊,123.3,9,9,9,earth,0.8,hun-missing,,,
U+7F8F,羏,양,,123羊,123.3,9,9,9,earth,0.8,hun-missing,,,
U+7F91,羑,유,,123羊,123.3,9,9,9,earth,0.8,hun-missing,,,
U+7F95,羕,양,,123羊,123.5,11,11,11,earth,0.8,hun-missing,,,
U+7FA1,羡,선 이,,123羊,123.6,12,12,12,earth,0.8,hun-missing,,,
U+7FBD,羽,우,"깃 우, 오음의 하나 우",124羽,124.0,6,,6,fire,0.6,jawon-low-confidence,,,
U+7FBE,羾,공,,124羽,124.3,9,9,9,fire,0.6,hun-missing jawon-low-confidence,,,
U+7FBF,羿,예,,124羽,124.3,9,9,9,fire,0.6,hun-missing jawon-low-confidence,,,
U+7FC1,翁,옹,"늙은이 옹, 새 목털 아래 옹",124羽,124.4,10,,10,fire,0.6,jawon-low-confidence,,,
U+7FC5,翅,시,"날개 시, 깃 시, 뿐 시",124羽,124.4,10,,10,fire,0.6,jawon-low-confidence,,,
U+7FC9,翉,분,,124羽,124.5,11,11,11,fire,0.6,hun-missing jawon-low-confidence,,,
U+7FCA,翊,익,도울 익,124羽,124.5,11,,11,fire,0.6,jawon-low-confidence,,,
U+7FCC,翌,익,다음날 익,124羽,124.5,11,,11,fire,0.6,jawon-low-confidence,,,
U+7FCE,翎,령 영,"깃 령, 날개 령",124羽,124.5,11,,11,fire,0.6,jawon-low-confidence,,,
U+7FD2,習,습,"익힐 습, 거듭 습",124羽,124.5,11,,11,fire,0.6,jawon-low-confidence,,,
U+7FD4,翔,상,빙빙돌아날 상,124羽,124.6,12,,12,fire,0.6,jawon-low-confidence,,,
U+7FD5,翕,흡,합할 흡,124羽,124.6,12,,12,fire,0.6,jawon-low-confidence,,,
U+7FD6,翖,흡,翕과 同字,124羽,124.6,12,,12,fire,0.6,jawon-low-confidence,,,
U+7FDB,翛,소,"날개치는 소리 소, 모지라질 소",124羽,124.7,12,,13,fire,0.6,jawon-low-confidence,,,
U+7FDF,翟,적,"꿩의 깃 적, 황후의 옷 적",124羽,124.8,14,,14,fire,0.6,jawon-low-confidence,,,
U+7FE0,翠,취,"비취 취, 푸를 취, 깃푸른새 취",124羽,124.8,14,,14,fire,0.6,jawon-low-confidence,,,
U+7FE1,翡,비,"물총새 비, 비취새 비",124羽,124.8,14,,14,fire,0.6,jawon-low-confidence,,,
U+7FE3,翣,삽,운삽 삽,124羽,124.8,14,,14,fire,0.6,jawon-low-confidence,,,
U+7FE4,翤,시,,124羽,124.8,14,14,14,fire,0.6,hun-missing jawon-low-confidence,,,
U+7FE6,翦,전,"베어 없앨 전, 멸할 전",124羽,124.9,15,,15,fire,0.6,jawon-low-confidence,,,
U+7FE9,翩,편,"훌쩍 날 편, 오락가락할 편, 훌쩍나는 모양 편",124羽,124.9,15,,15,fire,0.6,jawon-low-confidence,,,
U+7FEB,翫,완,"익숙할 완, 싫을 완, 구경할 완, 싫은 완",124羽,124.9,15,,15,fire,0.6,jawon-low-confidence,,,
U+7FEC,翬,휘,훨훨날 휘,124羽,124.9,15,,15,fire,0.6,jawon-low-confidence,,,
U+7FEE,翮,핵,"깃촉 핵, 쭉지 핵, 칼 갓 핵",124羽,124.10,16,,16,fire,0.6,jawon-low-confidence,,,
U+7FEF,翯,학,,124羽,124.10,16,16,16,fire,0.6,hun-missing jawon-low-confidence,,,
U+7FF0,翰,한,"날개 한, 벼슬이름 한",124羽,124.10,16,,16,fire,0.6,jawon-low-confidence,,,
U+7FF2,翲,표,,124羽,124.11,17,17,17,fire,0.6,hun-missing jawon-low-confidence,,,
U+7FF3,翳,예,"어조사 예, 깃 일산 예, 가려 숨길 예, 새이름 예",124羽,124.11,17,,17,fire,0.6,jawon-low-confidence,,,
U+7FF9,翹,교,"꼬리 긴 깃털 교, 우뚝우뚝솟은 모양 교",124羽,124.12,18,,18,fire,0.6,jawon-low-confidence,,,
U+7FFA,翺,고,날 고,124羽,124.12,18,,18,fire,0.6,jawon-low-confidence,,,
U+7FFB,翻,번,날 번,124羽,124.12,18,,18,fire,0.6,jawon-low-confidence,,,
U+7FFC,翼,익,날개 익,124羽,124.11,17,,17,fire,0.6,jawon-low-confidence,,,
U+7FFE,翾,현,"파뜩파뜩 날 현, 경박할 현, 영리할 현, 급할 현",124羽,124.13,19,,19,fire,0.6,jawon-low-confidence,,,
U+8000,耀,요,빛날 요,124羽,124.14,20,,20,fire,0.6,jawon-low-confidence,,,
U+8001,老,로 노,늙은이 로,125老,125.0,6,,6,earth,0.6,jawon-low-confidence,,,
U+8003,考,고,상고할 고,125老,125.0,6,,6,earth,0.6,jawon-low-confidence,,,
U+8004,耄,모,늙은이 모,125老,125.4,10,,10,earth,0.6,jawon-low-confidence,,,
U+8005,者,자,놈 자,125老,125.4,9,,10,earth,0.6,jawon-low-confidence,,,
U+8006,耆,기,늙은이 기,125老,125.4 72.6,10,10,10,earth,0.6,multiple-radical-values jawon-low-confidence,,,
U+8007,耇,구,,125老,125.5,9,11,11,earth,0.6,hun-missing jawon-low-confidence,,,
U+8008,耈,구,,125老,125.5,11,11,11,earth,0.6,hun-missing jawon-low-confidence,,,
U+8009,耉,구,"늙을 구, 늙은이 구",125老,125.5,9,,11,earth,0.6,jawon-low-confidence,,,
U+800C,而,이,"순접의 어조사 이, 너 이, 말이을 이, 이에 이",126而,126.0,6,,6,water,0.6,jawon-low-confidence,,,
U+800E,耎,연,,126而,126.3,9,9,9,water,0.6,hun-missing jawon-low-confidence,,,
U+8010,耐,내,견딜 내,126而,126.3,9,,9,water,0.6,jawon-low-confidence,,,
U+8011,耑,단,시초 단,126而,126.3,9,,9,water,0.6,jawon-low-confidence,,,
U+8012,耒,뢰 뇌,쟁기 뢰,127耒,127.0,6,,6,wood,0.6,jawon-low-confidence,,,
U+8014,耔,자,복돋을 자,127耒,127.3,9,,9,wood,0.6,jawon-low-confidence,,,
U+8015,耕,경,밭갈 경,127耒,127.4,10,,10,wood,0.6,jawon-low-confidence,,,
U+8016,耖,초,밭 거듭 갈 초,127耒,127.4,10,,10,wood,0.6,jawon-low-confidence,,,
U+8017,耗,모,"줄 모, 없을 모",127耒,127.4,10,,10,wood,0.6,jawon-low-confidence,,,
U+8018,耘,운,"길 맬 운, 김맬 운",127耒,127.4,10,,10,wood,0.6,jawon-low-confidence,,,
U+8019,耙,파,쇠시랑 파,127耒,127.4,10,,10,wood,0.6,jawon-low-confidence,,,
U+801E,耞,가,도리깨 가,127耒,127.5,11,,11,wood,0.6,jawon-low-confidence,,,
U+8021,耡,서,구실이름 서,127耒,127.7,13,,13,wood,0.6,jawon-low-confidence,,,
U+8026,耦,우,"쟁기 우, 겨리 우, 짝 맞을 우",127耒,127.9,15,,15,wood,0.6,jawon-low-confidence,,,
U+8028,耨,누,김맬 누,127耒,127.10,16,,16,wood,0.6,jawon-low-confidence,,,
U+802C,耬,루 누,씨 뿌리는 기구 루,127耒,127.11,17,,17,wood,0.6,jawon-low-confidence,,,
U+802D,耭,기,"갈 기, 밭갈 기",127耒,127.12,18,,18,wood,0.6,jawon-low-confidence,,,
U+8030,耰,우,"고무래 우, 곰방메 우",127耒,127.15,21,,21,wood,0.6,jawon-low-confidence,,,
U+8033,耳,이,"귀 이, 조자리 이, 말 그칠 이, 여덟대 손자 이",128耳,128.0,6,,6,fire,0.6,jawon-low-confidence,,,
U+8036,耶,야,"의문의 어조야 야, 아비 야, 어조사 야",128耳,128.3,9,,9,fire,0.6,jawon-low-confidence,,,
U+8039,耹,금,,128耳,128.4,10,10,10,fire,0.6,hun-missing jawon-low-confidence,,,
U+803D,耽,탐,"즐길 탐, 귀 축 늘어질 탐, 웅크리고 볼 탐, 즐거울 탐, 깊고 멀 탐",128耳,128.4,10,,10,fire,0.6,jawon-low-confidence,,,
U+803F,耿,경,"빛날 경, 반짝거릴 경",128耳,128.4,10,,10,fire,0.6,jawon-low-confidence,,,
U+8043,聃,담,"노자이름 담, 귀바퀴없는 담",128耳,128.5,11,,11,fire,0.6,jawon-low-confidence,,,
U+8044,聄,진,,128耳,128.5,11,11,11,fire,0.6,hun-missing jawon-low-confidence,,,
U+8046,聆,령 영,들을 령,128耳,128.5,11,,11,fire,0.6,jawon-low-confidence,,,
U+8048,聈,유,,128耳,128.5,11,11,11,fire,0.6,hun-missing jawon-low-confidence,,,
U+804A,聊,료 요,"귀 울 료, 애오라지 료",128耳,128.5,11,,11,fire,0.6,jawon-low-confidence,,,
U+804F,聏,이,,128耳,128.6,12,12,12,fire,0.6,hun-missing jawon-low-confidence,,,
U+8052,聒,괄,떠들석할 괄,128耳,128.6,12,,12,fire,0.6,jawon-low-confidence,,,
U+8055,聕,호,"들릴 호, 긴 귀 호",128耳,128.7,13,,13,fire,0.6,jawon-low-confidence,,,
U+8056,聖,성,"성인 성, 착할 성, 통할 성, 지극할 성",128耳,128.7,13,,13,fire,0.6,jawon-low-confidence,,,
U+8058,聘,빙,"찾아가다 빙, 청할 빙",128耳,128.7,13,,13,fire,0.6,jawon-low-confidence,,,
U+8059,聙,정,,128耳,128.8,14,14,14,fire,0.6,hun-missing jawon-low-confidence,,,
U+805A,聚,취,"모을 취, 고을 취, 걷을 취, 쌓을 취",128耳,128.8,14,,14,fire,0.6,jawon-low-confidence,,,
U+805E,聞,문,들을 문,128耳,128.8,14,,14,fire,0.6,jawon-low-confidence,,,
U+8061,聡,총,,128耳,128.8,14,14,14,fire,0.6,hun-missing jawon-low-confidence,,,
U+806F,聯,련 연,"잇달 련, 연할 련",128耳,128.11,17,,17,fire,0.6,jawon-low-confidence,,,
U+8070,聰,총,"귀 밝을 총, 민첩할 총, 귀맑을 총",128耳,128.11,17,,17,fire,0.6,jawon-low-confidence,,,
U+8071,聱,오,"못 들은채 할 오, 말 더듬거릴 오",128耳,128.11,16,,17,fire,0.6,jawon-low-confidence,,,
U+8072,聲,성,"소리 성, 풍류 성, 명예 성",128耳,128.11,17,,17,fire,0.6,jawon-low-confidence,,,
U+8073,聳,용,"솟을 용, 귀먹을 용, 공경할 용",128耳,128.11,17,,17,fire,0.6,jawon-low-confidence,,,
U+8075,聵,외,배냇귀머거리 외,128耳,128.12,18,,18,fire,0.6,jawon-low-confidence,,,
U+8076,聶,섭,"소곤거릴 섭, 낄 섭, 성씨 섭",128耳,128.12,18,,18,fire,0.6,jawon-low-confidence,,,
U+8077,職,직,"벼슬 직, 직분 직",128耳,128.12,18,,18,fire,0.6,jawon-low-confidence,,,
U+807D,聽,청,들을 청,128耳,128.16,22,,22,fire,0.6,jawon-low-confidence,,,
U+807E,聾,롱 농,귀머거리 롱,128耳,128.16,22,,22,fire,0.6,jawon-low-confidence,,,
U+807F,聿,율,"마침내 율, 지을 율, 오직 율, 스스로 율, 붓 율, 드디어 율",129聿,129.0,6,,6,,,jawon-unclassified,,,
U+8084,肄,이,"익힐 이, 수고할 이, 휘추리 이, 곁가지 이",129聿,129.7,13,,13,,,jawon-unclassified,,,
U+8085,肅,숙,"공손할 숙, 공경할 숙, 경계할 숙, 엄숙할 숙",129聿,129.7,12,,13,,,jawon-unclassified,,,
U+8086,肆,사,방자할 사,129聿,129.7,13,,13,,,jawon-unclassified,,,
U+8087,肇,조,"비롯할 조, 비로소 조",129聿,129.8,14,,14,,,jawon-unclassified,,,
U+8089,肉,육,"고기 육, 몸 육, 살 육",130肉,130.0,6,,6,water,0.6,jawon-low-confidence,,,
U+808B,肋,륵 늑,갈비 륵,130肉,130.2,6,,8,water,0.6,jawon-low-confidence,,,
U+808C,肌,기,살 기,130肉,130.2,6,,8,water,0.6,jawon-low-confidence,,,
U+8093,肓,황,명치 끝 황,130肉,130.3,7,,9,water,0.6,jawon-low-confidence,,,
U+8096,肖,초,닮을 초,130肉,130.3,7,,9,water,0.6,jawon-low-confidence,,,
U+8099,肙,연,,130肉,130.3,7,9,9,water,0.6,hun-missing jawon-low-confidence,,,
U+809A,肚,두,밥통 두,130肉,130.3,7,,9,water,0.6,jawon-low-confidence,,,
U+809B,肛,항,"똥구멍 항, 배 뚱뚱할 항, 항문 항",130肉,130.3,7,,9,water,0.6,jawon-low-confidence,,,
U+809D,肝,간,간 간,130肉,130.3,7,,9,water,0.6,jawon-low-confidence,,,
U+80A1,股,고,넓적다리 고,130肉,130.4,8,,10,water,0.6,jawon-low-confidence,,,
U+80A2,肢,지,"사지 지, 팔다리 지",130肉,130.4,8,,10,water,0.6,jawon-low-confidence,,,
U+80A3,肣,금 함,,130肉,130.4,8,10,10,water,0.6,hun-missing jawon-low-confidence,,,
U+80A5,肥,비,살찔 비,130肉,130.4,8,,10,water,0.6,jawon-low-confidence,,,
U+80A6,肦,분,머리 클 분,130肉,130.4,8,,10,water,0.6,jawon-low-confidence,,,
U+80A9,肩,견,"어깨 견, 이길 견, 맡길 견, 멜 견, 세 살 된 짐승 견",130肉,130.4,8,,10,water,0.6,jawon-low-confidence,,,
U+80AA,肪,방,"기름 방, 비계 방",130肉,130.4,8,,10,water,0.6,jawon-low-confidence,,,
U+80AB,肫,순,"광대뼈 순, 정성스러울 순",130肉,130.4,8,,10,water,0.6,jawon-low-confidence,,,
U+80AD,肭,눌,물개 눌,130肉,130.4,8,,10,water,0.6,jawon-low-confidence,,,
U+80AF,肯,긍,"옳이 여길 긍, 즐기어할 긍",130肉,130.4,8,,10,water,0.6,jawon-low-confidence,,,
U+80B1,肱,굉,팔뚝 굉,130肉,130.4,8,,10,water,0.6,jawon-low-confidence,,,
U+80B2,育,육,"기를 육, 날 육, 자랄 육",130肉,130.4,8,,10,water,0.6,jawon-low-confidence,,,
U+80B4,肴,효,안주 효,130肉,130.4,8,,10,water,0.6,jawon-low-confidence,,,
U+80B5,肵,기,적대 기,130肉,130.4,8,,10,water,0.6,jawon-low-confidence,,,
U+80BA,肺,폐,"허파 폐, 부아 폐, 친할 폐, 마음속 폐",130肉,130.4,8,,10,water,0.6,jawon-low-confidence,,,
U+80C3,胃,위,"밥통 위, 별 이름 위, 성씨 위",130肉,130.5,9,,11,water,0.6,jawon-low-confidence,,,
U+80C4,胄,주,"후사 주, 투구 주",130肉,130.5,9,,11,water,0.6,jawon-low-confidence,,,
U+80C6,胆,단,침비깨 단,130肉,130.5,9,,11,water,0.6,jawon-low-confidence,,,
U+80CA,胊,구,포(얇게 저미어서 말린 고기) 구,130肉,130.5,9,,11,water,0.6,jawon-low-confidence,,,
U+80CC,背,배,등 배,130肉,130.5,9,,11,water,0.6,jawon-low-confidence,,,
U+80CE,胎,태,"아이 밸 태, 시작 태, 애밸 태",130肉,130.5,9,,11,water,0.6,jawon-low-confidence,,,
U+80D5,胕,부 주,장부 부,130肉,130.5,9,,11,water,0.6,jawon-low-confidence,,,
U+80D6,胖,반,희생 반,130肉,130.5,9,,11,water,0.6,jawon-low-confidence,,,
U+80D7,胗,진,,130肉,130.5,9,11,11,water,0.6,hun-missing jawon-low-confidence,,,
U+80D8,胘,현,,130肉,130.5,9,11,11,water,0.6,hun-missing jawon-low-confidence,,,
U+80D9,胙,조,복 조,130肉,130.5,9,,11,water,0.6,jawon-low-confidence,,,
U+80DA,胚,배,아이 밸 배,130肉,130.5,9,,11,water,0.6,jawon-low-confidence,,,
U+80DB,胛,갑,어깻죽지 갑,130肉,130.5,9,,11,water,0.6,jawon-low-confidence,,,
U+80DC,胜,성 정,,130肉,130.5,9,11,11,water,0.6,hun-missing jawon-low-confidence,,,
U+80DE,胞,포,"태보 포, 한 배 포, 동포 포",130肉,130.5,9,,11,water,0.6,jawon-low-confidence,,,
U+80E0,胠,거,"열 거, 갈비 거",130肉,130.5,9,,11,water,0.6,jawon-low-confidence,,,
U+80E1,胡,호,"턱밑살 호, 오랑캐 호",130肉,130.5,9,,11,water,0.6,jawon-low-confidence,,,
U+80E4,胤,윤,"맏아들 윤, 익힐 윤, 이을 윤",130肉,130.5,9,,11,water,0.6,jawon-low-confidence,,,
U+80E5,胥,서,서로 서,130肉,130.5,9,,11,water,0.6,jawon-low-confidence,,,
U+80ED,胭,연,,130肉,130.6,10,12,12,water,0.6,hun-missing jawon-low-confidence,,,
U+80EF,胯,고,사타구니 고,130肉,130.6,10,,12,water,0.6,jawon-low-confidence,,,
U+80F1,胱,광,"오줌통 광, 방광 광",130肉,130.6,10,,12,water,0.6,jawon-low-confidence,,,
U+80F4,胴,동,큰 창자 동,130肉,130.6,10,,12,water,0.6,jawon-low-confidence,,,
U+80F7,胷,흉,胸과 同字,130肉,130.6,10,,12,water,0.6,jawon-low-confidence,,,
U+80F8,胸,흉,가슴 흉,130肉,130.6,10,,12,water,0.6,jawon-low-confidence,,,
U+80FD,能,능,능할 능,130肉,130.6,10,,12,water,0.6,jawon-low-confidence,,,
U+80FE,胾,자,고깃점 자,130肉,130.6,12,,12,water,0.6,jawon-low-confidence,,,
U+8102,脂,지,"기름 지, 비계 지",130肉,130.6,10,,12,water,0.6,jawon-low-confidence,,,
U+8105,脅,협,"갈빗대 협, 위협할 협",130肉,130.6,10,,12,water,0.6,jawon-low-confidence,,,
U+8106,脆,취,"연할 취, 약할 취",130肉,130.6,10,,12,water,0.6,jawon-low-confidence,,,
U+8107,脇,협,"脅과 同字, 갈비 협",130肉,130.6,10,,12,water,0.6,jawon-low-confidence,,,
U+8108,脈,맥,맥 맥,130肉,130.6,10,,12,water,0.6,jawon-low-confidence,,,
U+810A,脊,척,등성마루 척,130肉,130.6,10,,12,water,0.6,jawon-low-confidence,,,
U+8115,脕,만,,130肉,130.7,11,13,13,water,0.6,hun-missing jawon-low-confidence,,,
U+8116,脖,발,배꼽 발,130肉,130.7,11,,13,water,0.6,jawon-low-confidence,,,
U+8117,脗,민,,130肉,130.7,11,13,13,water,0.6,hun-missing jawon-low-confidence,,,
U+8118,脘,완,중완 완,130肉,130.7,11,,13,water,0.6,jawon-low-confidence,,,
U+811A,脚,각,"다리 각, 종아리 각",130肉,130.7,11,,13,water,0.6,jawon-low-confidence,,,
U+811B,脛,경,정강이 경,130肉,130.7,11,,13,water,0.6,jawon-low-confidence,,,
U+811D,脝,형,,130肉,130.7,11,13,13,water,0.6,hun-missing jawon-low-confidence,,,
U+8123,脣,순,입술 순,130肉,130.7,11,,13,water,0.6,jawon-low-confidence,,,
U+8124,脤,신,사직제 지낸 고기 신,130肉,130.7,11,,13,water,0.6,jawon-low-confidence,,,
U+8127,脧,최,,130肉,130.7,11,13,13,water,0.6,hun-missing jawon-low-confidence,,,
U+8129,脩,수,"포 수, 길 수, 마를 수, 닦을 수",130肉,130.7,11,,13,water,0.6,jawon-low-confidence,,,
U+812B,脫,탈 태,"벗어날 탈, 간략할 탈, 뼈 바를 탈, 그르칠 탈, 벗을 탈",130肉,130.7,11,,13,water,0.6,jawon-low-confidence,,,
U+812F,脯,포,"포 포, 말린 과실 포",130肉,130.7,11,,13,water,0.6,jawon-low-confidence,,,
U+8130,脰,두,목 두,130肉,130.7,11,,13,water,0.6,jawon-low-confidence,,,
U+8139,脹,창,"배부를 창, 배불룩할 창",130肉,130.8,12,,14,water,0.6,jawon-low-confidence,,,
U+813A,脺,수,"얼굴 윤택할 수, 머리덜미 수",130肉,130.8,12,,14,water,0.6,jawon-low-confidence,,,
U+813E,脾,비,"지라 비, 비위 비",130肉,130.8,12,,14,water,0.6,jawon-low-confidence,,,
U+8141,腁,변,살갗 틀 변,130肉,130.8,12,,14,water,0.6,jawon-low-confidence,,,
U+8146,腆,전,"두터울 전, 지극할 전, 많이 차려놓을 전",130肉,130.8,12,,14,water,0.6,jawon-low-confidence,,,
U+814A,腊,석,포 석,130肉,130.8,12,,14,water,0.6,jawon-low-confidence,,,
U+814B,腋,액,겨드랑이 액,130肉,130.8,12,,14,water,0.6,jawon-low-confidence,,,
U+814D,腍,임,,130肉,130.8,12,14,14,water,0.6,hun-missing jawon-low-confidence,,,
U+814E,腎,신,"콩팥 신, 불알 신, 자지 신",130肉,130.8,12,,14,water,0.6,jawon-low-confidence,,,
U+8150,腐,부,썩을 부,130肉,130.8,14,,14,water,0.6,jawon-low-confidence,,,
U+8151,腑,부,장부 부,130肉,130.8,12,,14,water,0.6,jawon-low-confidence,,,
U+8152,腒,거,"건치 거, 꿩 포 거",130肉,130.8,12,,14,water,0.6,jawon-low-confidence,,,
U+8153,腓,비,장딴지 비,130肉,130.8,12,,14,water,0.6,jawon-low-confidence,,,
U+8154,腔,강,"창자 강, 속 빌 강, 뼈대 강, 말 허구리 강",130肉,130.8,12,,14,water,0.6,jawon-low-confidence,,,
U+8155,腕,완,팔뚝 완,130肉,130.8,12,,14,water,0.6,jawon-low-confidence,,,
U+8160,腠,주,살결 주,130肉,130.9,13,,15,water,0.6,jawon-low-confidence,,,
U+8161,腡,라 나,,130肉,130.9,12,15,15,water,0.6,hun-missing jawon-low-confidence,,,
U+8164,腤,암,고기 삶을 암,130肉,130.9,13,,15,water,0.6,jawon-low-confidence,,,
U+8165,腥,성,"비린내 성, 더러울 성, 날고기 성, 냄새 성",130肉,130.9,13,,15,water,0.6,jawon-low-confidence,,,
U+8166,腦,뇌,"머리 뇌, 머릿골 뇌",130肉,130.9,13,,15,water,0.6,jawon-low-confidence,,,
U+816B,腫,종,부스럼 종,130肉,130.9,13,,15,water,0.6,jawon-low-confidence,,,
U+816D,腭,악,잇몸 악,130肉,130.9,13,,15,water,0.6,jawon-low-confidence,,,
U+8170,腰,요,허리 요,130肉,130.9,13,,15,water,0.6,jawon-low-confidence,,,
U+8171,腱,건,힘줄 건,130肉,130.9,12,,15,water,0.6,jawon-low-confidence,,,
U+8174,腴,유,아랫배 살찔 유,130肉,130.9,12,,15,water,0.6,jawon-low-confidence,,,
U+8176,腶,단,약포 단,130肉,130.9,13,,15,water,0.6,jawon-low-confidence,,,
U+8177,腷,픽,"뜩 막힐 픽, 답답할 픽, 닭 홰치는 소리 픽",130肉,130.9,13,,15,water,0.6,jawon-low-confidence,,,
U+8178,腸,장,창자 장,130肉,130.9,13,,15,water,0.6,jawon-low-confidence,,,
U+8179,腹,복,배 복,130肉,130.9,13,,15,water,0.6,jawon-low-confidence,,,
U+817A,腺,선,"샘 선, 멍울 선",130肉,130.9,13,,15,water,0.6,jawon-low-confidence,,,
U+817F,腿,퇴,넓적다리 퇴,130肉,130.10,13,,16,water,0.6,jawon-low-confidence,,,
U+8180,膀,방,"쌍배 방, 방광 방",130肉,130.10,14,,16,water,0.6,jawon-low-confidence,,,
U+8182,膂,려 여,등골 뼈 려,130肉,130.10,14,,16,water,0.6,jawon-low-confidence,,,
U+8183,膃,올,"해구 올, 살찔 올",130肉,130.10,14,,16,water,0.6,jawon-low-confidence,,,
U+8184,膄,수,파리할 수,130肉,130.10,13,,16,water,0.6,jawon-low-confidence,,,
U+8186,膆,소,"살찔 소, 멀떠구니 소",130肉,130.10,14,,16,water,0.6,jawon-low-confidence,,,
U+8188,膈,격,명치 격,130肉,130.10,14,,16,water,0.6,jawon-low-confidence,,,
U+818A,膊,박,"포 박, 어깨 박",130肉,130.10,14,,16,water,0.6,jawon-low-confidence,,,
U+818B,膋,료 요,발기름 료,130肉,130.10,14,,16,water,0.6,jawon-low-confidence,,,
U+818F,膏,고,"살찔 고, 기름 고",130肉,130.10,14,,16,water,0.6,jawon-low-confidence,,,
U+819A,膚,부,"살갗 부, 피부 부",130肉,130.11,15,,17,water,0.6,jawon-low-confidence,,,
U+819C,膜,막,"막 막, 살속의 가죽 막",130肉,130.11,14,,17,water,0.6,jawon-low-confidence,,,
U+819D,膝,슬,"무릎 슬, 종지뼈 슬, 치슬말 슬",130肉,130.11,15,,17,water,0.6,jawon-low-confidence,,,
U+819E,膞,전,"썰 전, 질그릇 만드는 틀 전",130肉,130.11,15,,17,water,0.6,jawon-low-confidence,,,
U+81A0,膠,교,아교 교,130肉,130.11,15,,17,water,0.6,jawon-low-confidence,,,
U+81A3,膣,질,"새살 날 질, 음도 질",130肉,130.11,15,,17,water,0.6,jawon-low-confidence,,,
U+81A8,膨,팽,"배 불룩할 팽, 큰배 팽",130肉,130.12,16,,18,water,0.6,jawon-low-confidence,,,
U+81A9,膩,니 이,살찔 니,130肉,130.12,16,,18,water,0.6,jawon-low-confidence,,,
U+81B0,膰,번,제사 고기 번,130肉,130.12,16,,18,water,0.6,jawon-low-confidence,,,
U+81B3,膳,선,반찬 선,130肉,130.12,16,,18,water,0.6,jawon-low-confidence,,,
U+81B4,膴,무,"포 무, 크게 저민 고기 무",130肉,130.12,16,,18,water,0.6,jawon-low-confidence,,,
U+81B5,膵,췌,"첩육경 췌, 지라 췌, 췌장 췌",130肉,130.12,15,,18,water,0.6,jawon-low-confidence,,,
U+81B8,膸,수,髓와 同字,130肉,130.13,17,,19,water,0.6,jawon-low-confidence,,,
U+81B9,膹,분,고기 삶은 국 분,130肉,130.13,16,,19,water,0.6,jawon-low-confidence,,,
U+81BA,膺,응,"가슴 응, 친할 응, 당할 응, 응할 응, 받을 응",130肉,130.13,17,,19,water,0.6,jawon-low-confidence,,,
U+81BD,膽,담,쓸개 담,130肉,130.13,17,,19,water,0.6,jawon-low-confidence,,,
U+81BE,膾,회,"회 회, 회칠 회",130肉,130.13,17,,19,water,0.6,jawon-low-confidence,,,
U+81BF,膿,농,고름 농,130肉,130.13,17,,19,water,0.6,jawon-low-confidence,,,
U+81C0,臀,둔,볼기 둔,130肉,130.13,17,,19,water,0.6,jawon-low-confidence,,,
U+81C2,臂,비,팔 비,130肉,130.13,17,,19,water,0.6,jawon-low-confidence,,,
U+81C6,臆,억,"가슴 억, 가득할 억",130肉,130.13,17,,19,water,0.6,jawon-low-confidence,,,
U+81CA,臊,조,누릴 조,130肉,130.13,17,,19,water,0.6,jawon-low-confidence,,,
U+81CD,臍,제,배꼽 제,130肉,130.14,18,,20,water,0.6,jawon-low-confidence,,,
U+81CF,臏,빈,종지뼈 빈,130肉,130.14,18,,20,water,0.6,jawon-low-confidence,,,
U+81D1,臑,노,팔마디 노,130肉,130.14,18,,20,water,0.6,jawon-low-confidence,,,
U+81D8,臘,랍 납,납향 랍,130肉,130.15,19,,21,water,0.6,jawon-low-confidence,,,
U+81D9,臙,연,"목구멍 연, 연지 연",130肉,130.16,20,,22,water,0.6,jawon-low-confidence,,,
U+81DA,臚,려 여,살갗 려,130肉,130.16,20,,22,water,0.6,jawon-low-confidence,,,
U+81DD,臝,라 나,벌거벗을 라,130肉,130.17,21,,23,water,0.6,jawon-low-confidence,,,
U+81DF,臟,장,오장 장,130肉,130.18,21,,24,water,0.6,jawon-low-confidence,,,
U+81E0,臠,련 연,저민고기 련,130肉,130.19,25,,25,water,0.6,jawon-low-confidence,,,
U+81E3,臣,신,"신하 신, 두려울 신",131臣,131.0,6,,6,,,jawon-unclassified,,,
U+81E5,臥,와,"누울 와, 쉴 와",131臣,131.2,8,,8,,,jawon-unclassified,,,
U+81E7,臧,장,"착할 장, 거둘 장",131臣,131.8,14,,14,,,jawon-unclassified,,,
U+81E8,臨,림 임,임할 림,131臣,131.11,17,,17,,,jawon-unclassified,,,
U+81EA,自,자,스스로 자,132自,132.0,6,,6,,,jawon-unclassified,,,
U+81EC,臬,얼,"법 얼, 문지방 얼, 과녁 얼",132自,132.4,10,,10,,,jawon-unclassified,,,
U+81ED,臭,취,"냄새 취, 향기 취, 썪을 취, 고약한 이름 취",132自,132.4,10,,10,,,jawon-unclassified,,,
U+81F8,臸,지,,133至,133.6,12,12,12,earth,0.8,hun-missing,,,
U+81F9,臹,수,,133至,133.7,12,13,13,earth,0.8,hun-missing,,,
U+81FC,臼,구,절구 구,134臼,134.0,6,,6,earth,0.6,jawon-low-confidence,,,
U+81FE,臾,유,"잠간 유, 착할 유, 나라이름 유, 활이 뒤로 젖혀질 유, 잠깐 유",134臼,134.2,9,8,9,earth,0.6,won-total-exceeds-formula jawon-low-confidence,,,
U+8201,舁,여,마주들 여,134臼,134.4,10,,10,earth,0.6,jawon-low-confidence,,,
U+8202,舂,용,"방아 찧을 용, 쇠북소리 용, 해가 질 용",134臼,134.5,11,,11,earth,0.6,jawon-low-confidence,,,
U+8203,舃,석 작,신 석,134臼,134.6,12,,12,earth,0.6,jawon-low-confidence,,,
U+8205,舅,구,외삼촌 구,134臼,134.7,13,,13,earth,0.6,jawon-low-confidence,,,
U+8207,與,여,"너울너울할 여, 더불어 여, 같을 여, 미칠 여",134臼,134.8,14,,14,earth,0.6,jawon-low-confidence,,,
U+8208,興,흥,"일 흥, 일어날 흥",134臼,134.9,16,15,16,earth,0.6,won-total-exceeds-formula jawon-low-confidence,,,
U+820A,舊,구,옛 구,134臼,134.12,17,,18,earth,0.6,jawon-low-confidence,,,
U+820C,舌,설,혀 설,135舌,135.0,6,,6,,,jawon-unclassified,,,
U+820D,舍,사,집 사,135舌,135.2,8,,8,,,jawon-unclassified,,,
U+8210,舐,지,핥을 지,135舌,135.4,10,,10,,,jawon-unclassified,,,
U+8212,舒,서,펼 서,135舌,135.6,12,,12,,,jawon-unclassified,,,
U+8218,舘,관,,135舌,135.10,16,16,16,,,hun-missing jawon-unclassified,,,
U+821B,舛,천,"어그러질 천, 어수선할 천",136舛,136.0,6,,6,wood,0.6,jawon-low-confidence,,,
U+821C,舜,순,"순임금 순, 무궁화 순",136舛,136.6,12,,12,wood,0.6,jawon-low-confidence,,,
U+821E,舞,무,춤출 무,136舛,136.8,14,,14,wood,0.6,jawon-low-confidence,,,
U+821F,舟,주,배 주,137舟,137.0,6,,6,wood,0.6,jawon-low-confidence,,,
U+8221,舡,강,오나라 배 강,137舟,137.3,9,,9,wood,0.6,jawon-low-confidence,,,
U+822A,航,항,"쌍배 항, 배질할 항",137舟,137.4,10,,10,wood,0.6,jawon-low-confidence,,,
U+822B,舫,방,"배 방, 사공 방",137舟,137.4,10,,10,wood,0.6,jawon-low-confidence,,,
U+822C,般,반,"옮길 반, 되돌아올 반",137舟,137.4,10,,10,wood,0.6,jawon-low-confidence,,,
U+8233,舳,축,"고물 축, 배 꼬리 축",137舟,137.5,11,,11,wood,0.6,jawon-low-confidence,,,
U+8235,舵,타,키 타,137舟,137.5,11,,11,wood,0.6,jawon-low-confidence,,,
U+8236,舶,박,"배 박, 큰배 박",137舟,137.5,11,,11,wood,0.6,jawon-low-confidence,,,
U+8237,舷,현,뱃전 현,137舟,137.5,11,,11,wood,0.6,jawon-low-confidence,,,
U+8238,舸,가,큰 배 가,137舟,137.5,11,,11,wood,0.6,jawon-low-confidence,,,
U+8239,船,선,배 선,137舟,137.5,11,,11,wood,0.6,jawon-low-confidence,,,
U+823D,舽,방,배 방,137舟,137.6,12,,12,wood,0.6,jawon-low-confidence,,,
U+8240,艀,부,작은 배 부,137舟,137.7,13,,13,wood,0.6,jawon-low-confidence,,,
U+8245,艅,여,"나룻배 여, 나뭇배 여",137舟,137.7,13,,13,wood,0.6,jawon-low-confidence,,,
U+8247,艇,정,"거룻배 정, 작은 배 정",137舟,137.7,12,,13,wood,0.6,jawon-low-confidence,,,
U+8251,艑,편,거룻배 편,137舟,137.9,15,,15,wood,0.6,jawon-low-confidence,,,
U+8258,艘,소,배 소,137舟,137.10,15,,16,wood,0.6,jawon-low-confidence,,,
U+8259,艙,창,선창 창,137舟,137.10,16,,16,wood,0.6,jawon-low-confidence,,,
U+825A,艚,조,거룻배 조,137舟,137.11,17,,17,wood,0.6,jawon-low-confidence,,,
U+825F,艟,동,배 동,137舟,137.12,18,,18,wood,0.6,jawon-low-confidence,,,
U+8264,艤,의,"배 닿을 의, 배언덕에 댈 의",137舟,137.13,19,,19,wood,0.6,jawon-low-confidence,,,
U+8266,艦,함,싸움배,137舟,137.14,20,,20,wood,0.6,jawon-low-confidence,,,
U+8268,艨,몽,싸움배 몽,137舟,137.14,19,,20,wood,0.6,jawon-low-confidence,,,
U+826A,艪,로 노,艫와 同字,137舟,137.15,21,,21,wood,0.6,jawon-low-confidence,,,
U+826B,艫,로 노,뱃머리 로,137舟,137.16,22,,22,wood,0.6,jawon-low-confidence,,,
U+8272,色,색,빛 색,139色,139.0,6,,6,,,jawon-unclassified,,,
U+8274,艴,불,발끈할 불,139色,139.5,11,,11,,,jawon-unclassified,,,
U+8276,艶,염,"고울 염, 얼굴 탐스러울 염",139色,139.13,19,,19,,,jawon-unclassified,,,
U+8277,艷,염,,139色,139.18,24,24,24,,,hun-missing jawon-unclassified,,,
U+8283,芃,봉,,140艸,140.3,6,9,9,wood,0.9,hun-missing,,,
U+8284,芄,환,,140艸,140.3,6,9,9,wood,0.9,hun-missing,,,
U+8290,芐,호,,140艸,140.3,6,9,9,wood,0.9,hun-missing,,,
U+82A0,芠,문,,140艸,140.4,8,10,10,wood,0.9,hun-missing,,,
U+82D0,苐,제,,140艸,140.5,8,11,11,wood,0.9,hun-missing,,,
U+82D8,苘,경,,140艸,140.5,8,11,11,wood,0.9,hun-missing,,,
U+82E9,苩,백,,140艸,140.5,8,11,11,wood,0.9,hun-missing,,,
U+82EA,苪,병,,140艸,140.5,8,11,11,wood,0.9,hun-missing,,,
U+82FF,苿,미,,140艸,140.5,8,11,11,wood,0.9,hun-missing,,,
U+831C,茜,천,,140艸,140.6,9,12,12,wood,0.9,hun-missing,,,
U+831F,茟,율,,140艸,140.6,10,12,12,wood,0.9,hun-missing,,,
U+8324,茤,다,,140艸,140.6,9,12,12,wood,0.9,hun-missing,,,
U+8325,茥,규,,140艸,140.6,9,12,12,wood,0.9,hun-missing,,,
U+8344,荄,해,,140艸,140.6,9,12,12,wood,0.9,hun-missing,,,
U+8357,荗,술,,140艸,140.6,9,12,12,wood,0.9,hun-missing,,,
U+8363,荣,영,,140艸,140.6 75.5,10,12,12,wood,0.9,multiple-radical-values hun-missing,,,
U+8370,荰,두,,140艸,140.7,10,13,13,wood,0.9,hun-missing,,,
U+8374,荴,부,,140艸,140.7,10,13,13,wood,0.9,hun-missing,,,
U+837A,荺,윤,,140艸,140.7,10,13,13,wood,0.9,hun-missing,,,
U+837C,荼,도,,140艸,140.7,11,13,13,wood,0.9,hun-missing,,,
U+837D,荽,유,,140艸,140.7,10,13,13,wood,0.9,hun-missing,,,
U+8382,莂,별,,140艸,140.7,10,13,13,wood,0.9,hun-missing,,,
U+8383,莃,희,,140艸,140.7,10,13,13,wood,0.9,hun-missing,,,
U+8386,莆,보 포,,140艸,140.7,10,13,13,wood,0.9,hun-missing,,,
U+83A7,莧,현,,140艸,140.7,11,13,13,wood,0.9,hun-missing,,,
U+83C0,菀,울,,140艸,140.8,12,14,14,wood,0.9,hun-missing,,,
U+83C4,菄,동,,140艸,140.8,11,14,14,wood,0.9,hun-missing,,,
U+83CB,菋,미,,140艸,140.8,11,14,14,wood,0.9,hun-missing,,,
U+83CF,菏,가 하,,140艸,140.8,11,14,14,wood,0.9,hun-missing,,,
U+83DF,菟,도,,140艸,140.8,11,14,14,wood,0.9,hun-missing,,,
U+83FB,菻,름 늠,,140艸,140.8,11,14,14,wood,0.9,hun-missing,,,
U+8401,萁,기,,140艸,140.8,11,14,14,wood,0.9,hun-missing,,,
U+842B,萫,향,,140艸,140.9,12,15,15,wood,0.9,hun-missing,,,
U+842C,萬,만,일만 만,114禸,114.8 140.9,13,13,13,wood,0.6,multiple-radical-values jawon-low-confidence,,,
U+842D,萭,우,,140艸,140.9,12,15,15,wood,0.9,hun-missing,,,
U+8439,萹,편,,140艸,140.9,12,15,15,wood,0.9,hun-missing,,,
U+8442,葂,면,,140艸,140.9,12,15,15,wood,0.9,hun-missing,,,
U+8450,葐,분,,140艸,140.9,12,15,15,wood,0.9,hun-missing,,,
U+8459,葙,상,,140艸,140.9,12,15,15,wood,0.9,hun-missing,,,
U+845F,葟,황,,140艸,140.9,12,15,15,wood,0.9,hun-missing,,,
U+8470,葰,준,,140艸,140.9,12,15,15,wood,0.9,hun-missing,,,
U+8476,葶,정,,140艸,140.9,12,15,15,wood,0.9,hun-missing,,,
U+8491,蒑,은,,140艸,140.10,13,16,16,wood,0.9,hun-missing,,,
U+849D,蒝,원,,140艸,140.10,13,16,16,wood,0.9,hun-missing,,,
U+84B8,蒸,증,찔 증,86火,86.10 140.10,13,14,14,fire,0.9,multiple-radical-values,,,
U+84BD,蒽,은,,140艸,140.10,13,16,16,wood,0.9,hun-missing,,,
U+84CF,蓏,라 나,,140艸,140.10,13,16,16,wood,0.9,hun-missing,,,
U+84FA,蓺,예,,140艸,140.11,15,17,17,wood,0.9,hun-missing,,,
U+850E,蔎,설,,140艸,140.11,14,17,17,wood,0.9,hun-missing,,,
U+8530,蔰,호,,140艸,140.11,14,17,17,wood,0.9,hun-missing,,,
U+8557,蕗,로 노,,140艸,140.12,16,18,18,wood,0.9,hun-missing,,,
U+8578,蕸,하,,140艸,140.13,15,19,19,wood,0.9,hun-missing,,,
U+85AB,薫,훈,,140艸,140.13,16,19,19,wood,0.9,hun-missing,,,
U+85B3,薳,원 위,,140艸,140.14,16,20,20,wood,0.9,hun-missing,,,
U+85B7,薷,유,,140艸,140.14,17,20,20,wood,0.9,hun-missing,,,
U+85BE,薾,이,,140艸,140.14,17,20,20,wood,0.9,hun-missing,,,
U+85BF,薿,의,,140艸,140.14,17,20,20,wood,0.9,hun-missing,,,
U+85C7,藇,서,,140艸,140.14,16,20,20,wood,0.9,hun-missing,,,
U+85D1,藑,경,,140艸,140.14,17,20,20,wood,0.9,hun-missing,,,
U+8605,蘅,형,,140艸,140.16,19,22,22,wood,0.9,hun-missing,,,
U+860D,蘍,훈,,140艸,140.16,19,22,22,wood,0.9,hun-missing,,,
U+861F,蘟,은,,140艸,140.17,19,23,23,wood,0.9,hun-missing,,,
U+8620,蘠,장,,140艸,140.17,20,23,23,wood,0.9,hun-missing,,,
U+862A,蘪,미,,140艸,140.17,20,23,23,wood,0.9,hun-missing,,,
U+864D,虍,호,범,141虍,141.0,6,,6,,,jawon-unclassified,,,
U+864E,虎,호,범 호,141虍,141.2,8,,8,,,jawon-unclassified,,,
U+8650,虐,학,"사나울 학, 혹독할 학",141虍,141.3,9,,9,,,jawon-unclassified,,,
U+8653,虓,효,울부짖을 효,141虍,141.4,10,,10,,,jawon-unclassified,,,
U+8654,虔,건,"정성 건, 빼앗을 건, 죽일 건, 공경할 건",141虍,141.4,10,,10,,,jawon-unclassified,,,
U+8655,處,처,"살 처, 곳 처",141虍,141.5,11,,11,,,jawon-unclassified,,,
U+865B,虛,허,"빌 허, 헛될 허, 다할 허, 약할 허, 거짓 허, 하늘 허",141虍,141.6,12,,12,,,jawon-unclassified,,,
U+865C,虜,로 노,포로 로,141虍,141.6,13,12,13,,,won-total-exceeds-formula jawon-unclassified,,,
U+865E,虞,우,"염려할 우, 즐거울 우, 갖출 우, 우제 지낼 우",141虍,141.7,13,,13,,,jawon-unclassified,,,
U+865F,號,호,"울부짖을 호, 부르짖을 호",141虍,141.7,13,,13,,,jawon-unclassified,,,
U+8664,虤,현,,141虍,141.10,16,16,16,,,hun-missing jawon-unclassified,,,
U+8667,虧,휴,이지러질 휴,141虍,141.11,17,,17,,,jawon-unclassified,,,
U+866B,虫,충,벌레 충,142虫,142.0,6,,6,water,0.6,jawon-low-confidence,,,
U+866F,虯,규,뿔없는 용 규,142虫,142.2,8,,8,water,0.6,jawon-low-confidence,,,
U+8671,虱,슬,蝨과 同字,142虫,142.2,8,,8,water,0.6,jawon-low-confidence,,,
U+8678,虸,자,,142虫,142.3,9,9,9,water,0.6,hun-missing jawon-low-confidence,,,
U+8679,虹,홍,무지개 홍,142虫,142.3,9,,9,water,0.6,jawon-low-confidence,,,
U+867A,虺,훼,살무사 훼,142虫,142.3,9,,9,water,0.6,jawon-low-confidence,,,
U+867B,虻,맹,,142虫,142.3,9,9,9,water,0.6,hun-missing jawon-low-confidence,,,
U+868A,蚊,문,모기 문,142虫,142.4,10,,10,water,0.6,jawon-low-confidence,,,
U+868B,蚋,예,모기 예,142虫,142.4,10,,10,water,0.6,jawon-low-confidence,,,
U+868C,蚌,방,"방합 방, 금조개 방",142虫,142.4,10,,10,water,0.6,jawon-low-confidence,,,
U+868D,蚍,비,왕개미 비,142虫,142.4,10,,10,water,0.6,jawon-low-confidence,,,
U+8693,蚓,인,지렁이 인,142虫,142.4,10,,10,water,0.6,jawon-low-confidence,,,
U+86A3,蚣,공,지네 공,142虫,142.4,10,,10,water,0.6,jawon-low-confidence,,,
U+86A4,蚤,조,벼룩 조,142虫,142.4,10,,10,water,0.6,jawon-low-confidence,,,
U+86A8,蚨,부,파랑강충이 부,142虫,142.4,10,,10,water,0.6,jawon-low-confidence,,,
U+86A9,蚩,치,"치벌레 치, 어리석을 치, 업신여길 치, 벌레이름 치",142虫,142.4,10,,10,water,0.6,jawon-low-confidence,,,
U+86AA,蚪,두,올챙이 두,142虫,142.4,10,,10,water,0.6,jawon-low-confidence,,,
U+86AF,蚯,구,지렁이 구,142虫,142.5,11,,11,water,0.6,jawon-low-confidence,,,
U+86B0,蚰,유,"노래기 유, 땅지네 유",142虫,142.5,11,,11,water,0.6,jawon-low-confidence,,,
U+86B1,蚱,책,벼메뚜기 책,142虫,142.5,11,,11,water,0.6,jawon-low-confidence,,,
U+86B4,蚴,유,굼틀거릴 유,142虫,142.5,11,,11,water,0.6,jawon-low-confidence,,,
U+86C0,蛀,주,나무좀 주,142虫,142.5,11,,11,water,0.6,jawon-low-confidence,,,
U+86C5,蛅,점,,142虫,142.5,11,11,11,water,0.6,hun-missing jawon-low-confidence,,,
U+86C6,蛆,저,"구더기 저, 지네 저",142虫,142.5,11,,11,water,0.6,jawon-low-confidence,,,
U+86C7,蛇,사,뱀 사,142虫,142.5,11,,11,water,0.6,jawon-low-confidence,,,
U+86C9,蛉,령 영,장자리 령,142虫,142.5,11,,11,water,0.6,jawon-low-confidence,,,
U+86CB,蛋,단,"오랑캐 이름 단, 새알 단",142虫,142.5,11,,11,water,0.6,jawon-low-confidence,,,
U+86D4,蛔,회,거위 회,142虫,142.6,12,,12,water,0.6,jawon-low-confidence,,,
U+86D9,蛙,와,개구리 와,142虫,142.6,12,,12,water,0.6,jawon-low-confidence,,,
U+86DB,蛛,주,거미 주,142虫,142.6,12,,12,water,0.6,jawon-low-confidence,,,
U+86DE,蛞,활,괄태충 활,142虫,142.6,12,,12,water,0.6,jawon-low-confidence,,,
U+86DF,蛟,교,"교룡 교, 도룡뇽 교",142虫,142.6,12,,12,water,0.6,jawon-low-confidence,,,
U+86E3,蛣,길,장구벌레 길,142虫,142.6,12,,12,water,0.6,jawon-low-confidence,,,
U+86E4,蛤,합,"조개 합, 두꺼비 합",142虫,142.6,12,,12,water,0.6,jawon-low-confidence,,,
U+86E9,蛩,공,메뚜기 공,142虫,142.6,12,,12,water,0.6,jawon-low-confidence,,,
U+86EC,蛬,공,귀뚜라미 공,142虫,142.6,12,,12,water,0.6,jawon-low-confidence,,,
U+86ED,蛭,질,거머리 질,142虫,142.6,12,,12,water,0.6,jawon-low-confidence,,,
U+86F8,蛸,소,"거미알 소, 연가시 알집 소",142虫,142.7,13,,13,water,0.6,jawon-low-confidence,,,
U+86F9,蛹,용,번데기 용,142虫,142.7,13,,13,water,0.6,jawon-low-confidence,,,
U+86FB,蛻,세,매미 허물 세,142虫,142.7,13,,13,water,0.6,jawon-low-confidence,,,
U+86FE,蛾,아,"누에나방 아, 누에나비 아",142虫,142.7,13,,13,water,0.6,jawon-low-confidence,,,
U+8700,蜀,촉,"촉규화벌레 촉, 큰 닭 촉, 나라이름 촉",142虫,142.7,13,,13,water,0.6,jawon-low-confidence,,,
U+8702,蜂,봉,벌 봉,142虫,142.7,13,,13,water,0.6,jawon-low-confidence,,,
U+8703,蜃,신,"큰 조개 신, 이무기 신, 술잔 신",142虫,142.7,13,,13,water,0.6,jawon-low-confidence,,,
U+8706,蜆,현,"가막조개 현, 호수이름 현",142虫,142.7,13,,13,water,0.6,jawon-low-confidence,,,
U+8708,蜈,오,지네 오,142虫,142.7,13,,13,water,0.6,jawon-low-confidence,,,
U+8709,蜉,부,하루살이 부,142虫,142.7,13,,13,water,0.6,jawon-low-confidence,,,
U+870A,蜊,리 이,참조개 리,142虫,142.7,13,,13,water,0.6,jawon-low-confidence,,,
U+870B,蜋,랑 낭,사마귀 랑,142虫,142.7,13,,13,water,0.6,jawon-low-confidence,,,
U+8711,蜑,단,오랑캐 이름 단,142虫,142.7,12,,13,water,0.6,jawon-low-confidence,,,
U+8718,蜘,지,거미 지,142虫,142.8,14,,14,water,0.6,jawon-low-confidence,,,
U+871A,蜚,비,"바퀴 비, 풍뎅이 비",142虫,142.8,14,,14,water,0.6,jawon-low-confidence,,,
U+871C,蜜,밀,꿀 밀,142虫,142.8,14,,14,water,0.6,jawon-low-confidence,,,
U+871D,蜝,기,방계 기,142虫,142.8,14,,14,water,0.6,jawon-low-confidence,,,
U+8721,蜡,사,납향 사,142虫,142.8,14,,14,water,0.6,jawon-low-confidence,,,
U+8725,蜥,석,도마뱀 석,142虫,142.8,14,,14,water,0.6,jawon-low-confidence,,,
U+8728,蜨,접,나비 접,142虫,142.8,14,,14,water,0.6,jawon-low-confidence,,,
U+8729,蜩,조,매미 조,142虫,142.8,14,,14,water,0.6,jawon-low-confidence,,,
U+8734,蜴,척,도마뱀 척,142虫,142.8,14,,14,water,0.6,jawon-low-confidence,,,
U+8735,蜵,연,"우렁찰 연, 벌레 이름 연",142虫,142.8,15,14,15,water,0.6,won-total-exceeds-formula jawon-low-confidence,,,
U+8737,蜷,권,움추러질 권,142虫,142.8,14,,14,water,0.6,jawon-low-confidence,,,
U+873A,蜺,예,"말매미 예, 암무지개 예",142虫,142.8,14,,14,water,0.6,jawon-low-confidence,,,
U+873B,蜻,청,귀뚜라미 청,142虫,142.8,14,,14,water,0.6,jawon-low-confidence,,,
U+873F,蜿,원,굼틀거릴 원,142虫,142.8,14,,14,water,0.6,jawon-low-confidence,,,
U+8740,蝀,동,무지개 동,142虫,142.8,14,,14,water,0.6,jawon-low-confidence,,,
U+874C,蝌,과,올챙이 과,142虫,142.9,15,,15,water,0.6,jawon-low-confidence,,,
U+874E,蝎,갈,"전갈 갈, 빈대 갈",142虫,142.9,15,,15,water,0.6,jawon-low-confidence,,,
U+8755,蝕,식,"벌레먹을 식, 일식 식, 월식 식, 좀먹을 식",142虫,142.9,14,,15,water,0.6,jawon-low-confidence,,,
U+8757,蝗,황,"누리 황, 메뚜기 황",142虫,142.9,15,,15,water,0.6,jawon-low-confidence,,,
U+8759,蝙,편,박쥐 편,142虫,142.9,15,,15,water,0.6,jawon-low-confidence,,,
U+875F,蝟,위,고슴도치 위,142虫,142.9,15,,15,water,0.6,jawon-low-confidence,,,
U+8760,蝠,복,박쥐 복,142虫,142.9,15,,15,water,0.6,jawon-low-confidence,,,
U+8764,蝤,유,하루살이 유,142虫,142.9,15,,15,water,0.6,jawon-low-confidence,,,
U+8765,蝥,모,해충 모,142虫,142.9,15,,15,water,0.6,jawon-low-confidence,,,
U+8766,蝦,하,"새우 하, 개구리 하",142虫,142.9,15,,15,water,0.6,jawon-low-confidence,,,
U+8768,蝨,슬,이 슬,142虫,142.9,15,,15,water,0.6,jawon-low-confidence,,,
U+876E,蝮,복,살무사 복,142虫,142.9,15,,15,water,0.6,jawon-low-confidence,,,
U+8774,蝴,호,나비,142虫,142.9,15,,15,water,0.6,jawon-low-confidence,,,
U+8776,蝶,접,들나비 접,142虫,142.9,15,,15,water,0.6,jawon-low-confidence,,,
U+8778,蝸,와,달팽이 와,142虫,142.9,14,,15,water,0.6,jawon-low-confidence,,,
U+8779,蝹,운,,142虫,142.10,15,16,16,water,0.6,hun-missing jawon-low-confidence,,,
U+8782,螂,랑 낭,"蜋과 同字, 버마재비 랑",142虫,142.10,14,,16,water,0.6,jawon-low-confidence,,,
U+8783,螃,방,방게 방,142虫,142.10,16,,16,water,0.6,jawon-low-confidence,,,
U+878C,螌,반,가뢰 반,142虫,142.10,16,,16,water,0.6,jawon-low-confidence,,,
U+878D,融,융,"부드러울 융, 밝을 융, 융통할 융, 불길 위로 오를 융, 귀신이름 융",142虫,142.10,16,,16,water,0.6,jawon-low-confidence,,,
U+8798,螘,의,목 매어 죽는 벌레 의,142虫,142.10,16,,16,water,0.6,jawon-low-confidence,,,
U+879E,螞,마,말거머리 마,142虫,142.10,16,,16,water,0.6,jawon-low-confidence,,,
U+879F,螟,명,"마디충 명, 며루 명",142虫,142.10,16,,16,water,0.6,jawon-low-confidence,,,
U+87A2,螢,형,"개똥벌레 형, 반딧불 형",142虫,142.10,16,,16,water,0.6,jawon-low-confidence,,,
U+87A3,螣,등,등사 등,142虫,142.10,16,,16,water,0.6,jawon-low-confidence,,,
U+87AD,螭,리 이,교륭 리,142虫,142.11,16,,17,water,0.6,jawon-low-confidence,,,
U+87B3,螳,당,버마 재비 당,142虫,142.11,17,,17,water,0.6,jawon-low-confidence,,,
U+87B4,螴,진,설렐 진,142虫,142.11,16,,17,water,0.6,jawon-low-confidence,,,
U+87BA,螺,라 나,소라 라,142虫,142.11,17,,17,water,0.6,jawon-low-confidence,,,
U+87BB,螻,루 누,땅강아지 루,142虫,142.11,17,,17,water,0.6,jawon-low-confidence,,,
U+87BD,螽,종,누리 종,142虫,142.11,17,,17,water,0.6,jawon-low-confidence,,,
U+87C0,蟀,솔,귀뚜라미 솔,142虫,142.11,17,,17,water,0.6,jawon-low-confidence,,,
U+87C4,蟄,칩,"벌레 움츠릴 칩, 우물거릴 칩",142虫,142.11,17,,17,water,0.6,jawon-low-confidence,,,
U+87C7,蟇,마,개구리 마,142虫,142.11,16,,17,water,0.6,jawon-low-confidence,,,
U+87CA,蟊,모,蝥와 同字,142虫,142.11,17,,17,water,0.6,jawon-low-confidence,,,
U+87CB,蟋,실,귀뚜라미 실,142虫,142.11,17,,17,water,0.6,jawon-low-confidence,,,
U+87DA,蟚,팽,蟛과 同字,142虫,142.12,18,,18,water,0.6,jawon-low-confidence,,,
U+87DB,蟛,팽,방게 팽,142虫,142.12,18,,18,water,0.6,jawon-low-confidence,,,
U+87E0,蟠,반,"서릴 반, 쥐며느리 반",142虫,142.12,18,,18,water,0.6,jawon-low-confidence,,,
U+87E3,蟣,기,서캐 기,142虫,142.12,18,,18,water,0.6,jawon-low-confidence,,,
U+87EC,蟬,선,매미 선,142虫,142.12,18,,18,water,0.6,jawon-low-confidence,,,
U+87EF,蟯,요,촌백충 요,142虫,142.12,18,,18,water,0.6,jawon-low-confidence,,,
U+87F2,蟲,충,"벌레 충, 김 오를 충",142虫,142.12,18,,18,water,0.6,jawon-low-confidence,,,
U+87F7,蟷,당,사마귀 당,142虫,142.13,19,,19,water,0.6,jawon-low-confidence,,,
U+87F9,蟹,해,게 해,142虫,142.13,19,,19,water,0.6,jawon-low-confidence,,,
U+87FB,蟻,의,"왕개미 의, 검을 의, 술구더기 의",142虫,142.13,19,,19,water,0.6,jawon-low-confidence,,,
U+87FE,蟾,섬,두꺼비 섬,142虫,142.13,19,,19,water,0.6,jawon-low-confidence,,,
U+8803,蠃,라 나(두음),,142虫,142.13,19,19,19,water,0.6,hun-missing jawon-low-confidence,,,
U+8805,蠅,승,파리 승,142虫,142.13,19,,19,water,0.6,jawon-low-confidence,,,
U+880D,蠍,갈,전갈 갈,142虫,142.13,19,,19,water,0.6,jawon-low-confidence,,,
U+8811,蠑,영,도마뱀 영,142虫,142.14,20,,20,water,0.6,jawon-low-confidence,,,
U+8815,蠕,연,,142虫,142.14,20,20,20,water,0.6,hun-missing jawon-low-confidence,,,
U+8819,蠙,빈,,142虫,142.14,20,20,20,water,0.6,hun-missing jawon-low-confidence,,,
U+881F,蠟,랍 납,밀 랍,142虫,142.15,21,,21,water,0.6,jawon-low-confidence,,,
U+8821,蠡,려 여,좀먹을 려,142虫,142.15,21,,21,water,0.6,jawon-low-confidence,,,
U+8822,蠢,준,"꿈틀거릴 준, 꿈실거리는 준",142虫,142.15,21,,21,water,0.6,jawon-low-confidence,,,
U+8823,蠣,려 여,굴 려,142虫,142.15,20,,21,water,0.6,jawon-low-confidence,,,
U+8831,蠱,고,"독 고, 회충 고",142虫,142.17,23,,23,water,0.6,jawon-low-confidence,,,
U+8832,蠲,견,"밝을 견, 조촐할 견, 반딧불 견",142虫,142.17,23,,23,water,0.6,jawon-low-confidence,,,
U+8836,蠶,잠,누에 잠,142虫,142.18,24,,24,water,0.6,jawon-low-confidence,,,
U+8839,蠹,두,좀 두,142虫,142.18,24,,24,water,0.6,jawon-low-confidence,,,
U+883B,蠻,만,오랑캐 만,142虫,142.19,25,,25,water,0.6,jawon-low-confidence,,,
U+884C,行,항 행,"시장 항, 항렬 항, 굳셀 항",144行,144.0,6,,6,fire,0.6,jawon-low-confidence,,,
U+884D,衍,연,"성할 연, 넓을 연, 물이 넘칠 연, 상자 연, 아름다울 연, 흐를 연",144行,144.3,9,,9,fire,0.6,jawon-low-confidence,,,
U+884E,衎,간,"즐길 간, 바를 간",144行,144.3,9,,9,fire,0.6,jawon-low-confidence,,,
U+8852,衒,현,"자랑할 현, 팔릴 현",144行,144.5,11,,11,fire,0.6,jawon-low-confidence,,,
U+8853,術,술,"재주 술, 심술부릴 술, 술법 술",144行,144.5,11,,11,fire,0.6,jawon-low-confidence,,,
U+8857,街,가,거리 가,144行,144.6,12,,12,fire,0.6,jawon-low-confidence,,,
U+8859,衙,아,마을 아,144行,144.7,13,,13,fire,0.6,jawon-low-confidence,,,
U+885B,衛,위,"衞와 同字, 호위할 위",144行,144.9,15,,15,fire,0.6,jawon-low-confidence,,,
U+885D,衝,충,"충돌할 충, 찌를 충, 거리 충, 돌파할 충",144行,144.9,15,,15,fire,0.6,jawon-low-confidence,,,
U+885E,衞,위,"막을 위, 지킬 위, 핏기운 위, 나라이름 위",144行,144.10,16,,16,fire,0.6,jawon-low-confidence,,,
U+8860,衠,순,,144行,144.10,16,16,16,fire,0.6,hun-missing jawon-low-confidence,,,
U+8861,衡,형,저울대 형,144行,144.10,16,,16,fire,0.6,jawon-low-confidence,,,
U+8862,衢,구,"네거리 구, 갈림길 구",144行,144.18,24,,24,fire,0.6,jawon-low-confidence,,,
U+8878,衸,개 해,,145衣,145.4,9,10,10,wood,0.9,hun-missing,,,
U+8879,衹,지,,145衣,145.4,9,10,10,wood,0.9,hun-missing,,,
U+887C,衼,지,,145衣,145.4,9,10,10,wood,0.9,hun-missing,,,
U+8880,袀,균,,145衣,145.4,9,10,10,wood,0.9,hun-missing,,,
U+889D,袝,부,,145衣,145.5,10,11,11,wood,0.9,hun-missing,,,
U+88A8,袨,현,,145衣,145.5,10,11,11,wood,0.9,hun-missing,,,
U+88B5,袵,임,,145衣,145.6,11,12,12,wood,0.9,hun-missing,,,
U+88D6,裖,진,,145衣,145.7,12,13,13,wood,0.9,hun-missing,,,
U+88FC,裼,석,,145衣,145.8,13,14,14,wood,0.9,hun-missing,,,
U+8908,褈,종 중,,145衣,145.9,14,15,15,wood,0.9,hun-missing,,,
U+8911,褑,원,,145衣,145.9,14,15,15,wood,0.9,hun-missing,,,
U+892F,褯,석 자,,145衣,145.10,15,16,16,wood,0.9,hun-missing,,,
U+8952,襒,별,,145衣,145.12,16,18,18,wood,0.9,hun-missing,,,
U+897E,襾,아,,146襾,146.0,6,6,6,,,hun-missing jawon-unclassified,,,
U+8981,要,요,"구할 요, 살필 요, 언약할 요, 허리 요, 기다릴 요, 부를 요, 반드시 요",146襾,146.3,9,,9,,,jawon-unclassified,,,
U+8983,覃,담,"미칠 담, 고요할 담",146襾,146.6,12,,12,,,jawon-unclassified,,,
U+8986,覆,복,"뒤집힐 복, 도리어 복",146襾,146.12,18,,18,,,jawon-unclassified,,,
U+8987,覇,패,"霸의 俗字, 두목 패",146襾,146.13,19,,19,,,jawon-unclassified,,,
U+8988,覈,핵,"핵실할 핵, 겨무거리 핵, 씨 핵, 액색할 핵",146襾,146.13,19,,19,,,jawon-unclassified,,,
U+8996,視,시,"볼 시, 견줄 시, 본받을 시, 대접 시",113示,113.7 147.5,11,12,12,fire,0.5,multiple-radical-values jawon-low-confidence,,,
U+8998,覘,점,,147見,147.5,12,12,12,fire,0.9,hun-missing,,,
U+899C,覜,조,,147見,147.6,13,13,13,fire,0.9,hun-missing,,,
U+899F,覟,지,,147見,147.7,14,14,14,fire,0.9,hun-missing,,,
U+89A0,覠,균,,147見,147.7,14,14,14,fire,0.9,hun-missing,,,
U+89AF,覯,구,,147見,147.10,17,17,17,fire,0.9,hun-missing,,,
U+89B4,覴,등,,147見,147.12,19,19,19,fire,0.9,hun-missing,,,
U+89B6,覶,라 나,,147見,147.12,19,19,19,fire,0.9,hun-missing,,,
U+89BC,覼,라 나(두음),,147見,147.14,21,21,21,fire,0.9,hun-missing,,,
U+89D7,觗,지,,148角,148.4,11,11,11,wood,0.8,hun-missing,,,
U+89F0,觰,다,,148角,148.9,15,16,16,wood,0.8,hun-missing,,,
U+8A0F,訏,우,,149言,149.3,10,10,10,metal,0.9,hun-missing,,,
U+8A22,訢,은,,149言,149.4,11,11,11,metal,0.9,hun-missing,,,
U+8A27,訧,우,,149言,149.4,11,11,11,metal,0.9,hun-missing,,,
U+8A2B,訫,신,,149言,149.4,11,11,11,metal,0.9,hun-missing,,,
U+8A2C,訬,묘 초,,149言,149.4,11,11,11,metal,0.9,hun-missing,,,
U+8A38,訸,화,,149言,149.5,12,12,12,metal,0.9,hun-missing,,,
U+8A3E,訾,자,헐뜯을 자,149言,149.5,13,12,13,metal,0.9,won-total-exceeds-formula,,,
U+8A43,詃,견,,149言,149.5,12,12,12,metal,0.9,hun-missing,,,
U+8A45,詅,령 영,,149言,149.5,12,12,12,metal,0.9,hun-missing,,,
U+8A47,詇,앙,,149言,149.5,12,12,12,metal,0.9,hun-missing,,,
U+8A4D,詍,예,,149言,149.5,12,12,12,metal,0.9,hun-missing,,,
U+8A51,詑,타,,149言,149.5,12,12,12,metal,0.9,hun-missing,,,
U+8A52,詒,이 태,,149言,149.5,12,12,12,metal,0.9,hun-missing,,,
U+8A5D,詝,저,,149言,149.5,12,12,12,metal,0.9,hun-missing,,,
U+8A65,詥,합,,149言,149.6,13,13,13,metal,0.9,hun-missing,,,
U+8A68,詨,효,,149言,149.6,13,13,13,metal,0.9,hun-missing,,,
U+8A76,詶,수 주,,149言,149.6,13,13,13,metal,0.9,hun-missing,,,
U+8A7A,詺,명,,149言,149.6,13,13,13,metal,0.9,hun-missing,,,
U+8A8F,誏,랑 낭(두음),,149言,149.7,14,14,14,metal,0.9,hun-missing,,,
U+8A90,誐,아,,149言,149.7,14,14,14,metal,0.9,hun-missing,,,
U+8A92,誒,희,,149言,149.7,14,14,14,metal,0.9,hun-missing,,,
U+8A99,誙,경,,149言,149.7,14,14,14,metal,0.9,hun-missing,,,
U+8AA2,誢,현,,149言,149.7,14,14,14,metal,0.9,hun-missing,,,
U+8AAB,誫,진,,149言,149.7,14,14,14,metal,0.9,hun-missing,,,
U+8AAF,誯,창,,149言,149.8,15,15,15,metal,0.9,hun-missing,,,
U+8ABD,誽,나 예,,149言,149.8,15,15,15,metal,0.9,hun-missing,,,
U+8AC6,諆,기,,149言,149.8,15,15,15,metal,0.9,hun-missing,,,
U+8AD7,諗,심,,149言,149.8,15,15,15,metal,0.9,hun-missing,,,
U+8AD8,諘,표,,149言,149.8,15,15,15,metal,0.9,hun-missing,,,
U+8ADA,諚,정,,149言,149.8,15,15,15,metal,0.9,hun-missing,,,
U+8ADD,諝,서,,149言,149.9,16,16,16,metal,0.9,hun-missing,,,
U+8AE8,諨,복,,149言,149.9,16,16,16,metal,0.9,hun-missing,,,
U+8AF2,諲,인,,149言,149.9,16,16,16,metal,0.9,hun-missing,,,
U+8AF5,諵,남,,149言,149.9,16,16,16,metal,0.9,hun-missing,,,
U+8AF9,諹,양,,149言,149.9,16,16,16,metal,0.9,hun-missing,,,
U+8B0D,謍,영,,149言,149.10,17,17,17,metal,0.9,hun-missing,,,
U+8B1E,謞,학,,149言,149.10,17,17,17,metal,0.9,hun-missing,,,
U+8B2A,謪,상,,149言,149.11,18,18,18,metal,0.9,hun-missing,,,
U+8B31,謱,루 누(두음),,149言,149.11,18,18,18,metal,0.9,hun-missing,,,
U+8B3C,謼,효,,149言,149.11,18,18,18,metal,0.9,hun-missing,,,
U+8B46,譆,희,,149言,149.12,19,19,19,metal,0.9,hun-missing,,,
U+8B53,譓,혜,,149言,149.12,19,19,19,metal,0.9,hun-missing,,,
U+8B5E,譞,현,,149言,149.13,20,20,20,metal,0.9,hun-missing,,,
U+8B6A,譪,애,,149言,149.13,19,20,20,metal,0.9,hun-missing,,,
U+8B79,譹,호,,149言,149.14,21,21,21,metal,0.9,hun-missing,,,
U+8B82,讂,현,,149言,149.15,21,22,22,metal,0.9,hun-missing,,,
U+8B83,讃,찬,,149言,149.15,22,22,22,metal,0.9,hun-missing,,,
U+8B85,讅,심,,149言,149.15,22,22,22,metal,0.9,hun-missing,,,
U+8B99,讙,환 훤,,149言,149.18,24,25,25,metal,0.9,hun-missing,,,
U+8C46,豆,두,콩 두,151豆,151.0,7,,7,,,jawon-unclassified,,,
U+8C47,豇,강,광저기 강,151豆,151.3,10,,10,,,jawon-unclassified,,,
U+8C48,豈,개 기,"승전악 개, 일찍 개",151豆,151.3,10,,10,,,jawon-unclassified,,,
U+8C49,豉,시,"메주 시, 콩자반 시",151豆,151.4,11,,11,,,jawon-unclassified,,,
U+8C4A,豊,풍,"豐의 略字, 풍년 풍",151豆,151.6,13,,13,,,jawon-unclassified,,,
U+8C4C,豌,완,"동부 완, 완두 완",151豆,151.8,15,,15,,,jawon-unclassified,,,
U+8C4E,豎,수,"세울 수, 내시 수, 더벅머리 수",151豆,151.8,15,,15,,,jawon-unclassified,,,
U+8C50,豐,풍,,151豆,151.11,18,18,18,,,hun-missing jawon-unclassified,,,
U+8C55,豕,시,"돼지 시, 돝 시",152豕,152.0,7,,7,water,0.6,jawon-low-confidence,,,
U+8C56,豖,축,발 얽은 돼지걸음 축,152豕,152.1,8,,8,water,0.6,jawon-low-confidence,,,
U+8C5A,豚,돈,돼지 돈,152豕,152.4,11,,11,water,0.6,jawon-low-confidence,,,
U+8C61,象,상,코끼리 상,152豕,152.5,12,,12,water,0.6,jawon-low-confidence,,,
U+8C62,豢,환,기를 환,152豕,152.6,13,,13,water,0.6,jawon-low-confidence,,,
U+8C68,豨,희,멧돼지 희,152豕,152.7,14,,14,water,0.6,jawon-low-confidence,,,
U+8C6A,豪,호,"호걸 호, 귀인 호",152豕,152.7,14,,14,water,0.6,jawon-low-confidence,,,
U+8C6B,豫,서 예,"기쁠 예, 편안할 예, 미리 예",152豕,152.9,15,,16,water,0.6,jawon-low-confidence,,,
U+8C73,豳,반 빈,나라 이름 빈,152豕,152.10,17,,17,water,0.6,jawon-low-confidence,,,
U+8C78,豸,치,"발 없는 벌레 치, 풀 치, 해치양 치, 발없는벌레의총칭 치",153豸,153.0,7,,7,water,0.6,jawon-low-confidence,,,
U+8C79,豹,표,"표범 표, 아롱범 표",153豸,153.3,10,,10,water,0.6,jawon-low-confidence,,,
U+8C7A,豺,시,"승냥이 시, 늑대 시",153豸,153.3,10,,10,water,0.6,jawon-low-confidence,,,
U+8C80,貀,놜,,153豸,153.5,12,12,12,water,0.6,hun-missing jawon-low-confidence,,,
U+8C82,貂,초,"담비 초, 돈피 초",153豸,153.5,12,,12,water,0.6,jawon-low-confidence,,,
U+8C83,貃,맥,오랑캐 맥,153豸,153.5,12,,12,water,0.6,jawon-low-confidence,,,
U+8C8A,貊,맥,"북방 종족 맥, 큰곰 맥",153豸,153.6,13,,13,water,0.6,jawon-low-confidence,,,
U+8C8C,貌,모,"얼굴 모, 모양 모",153豸,153.7,14,,14,water,0.6,jawon-low-confidence,,,
U+8C8D,貍,리 이,삵 리,153豸,153.7,14,,14,water,0.6,jawon-low-confidence,,,
U+8C93,貓,묘,猫와 同字,153豸,153.9,15,,16,water,0.6,jawon-low-confidence,,,
U+8C94,貔,비,비휴 비,153豸,153.10,17,,17,water,0.6,jawon-low-confidence,,,
U+8C98,貘,맥,짐승 이름 맥,153豸,153.11,17,,18,water,0.6,jawon-low-confidence,,,
U+8C9F,貟,원,,154貝,154.2,9,9,9,metal,0.9,hun-missing,,,
U+8CA4,貤,이,,154貝,154.3,10,10,10,metal,0.9,hun-missing,,,
U+8CA5,貥,항,,154貝,154.4,11,11,11,metal,0.9,hun-missing,,,
U+8CB2,貲,자,재물 자,154貝,154.5,13,12,13,metal,0.9,won-total-exceeds-formula,,,
U+8CB9,貹,성,,154貝,154.5,12,12,12,metal,0.9,hun-missing,,,
U+8CC5,賅,해,,154貝,154.6,13,13,13,metal,0.9,hun-missing,,,
U+8CC6,賆,변,,154貝,154.6,13,13,13,metal,0.9,hun-missing,,,
U+8CCF,賏,영,,154貝,154.7,14,14,14,metal,0.9,hun-missing,,,
U+8CD0,賐,준,,154貝,154.7,14,14,14,metal,0.9,hun-missing,,,
U+8CDB,賛,찬,,154貝,154.8,15,15,15,metal,0.9,hun-missing,,,
U+8CDD,賝,침,,154貝,154.8,15,15,15,metal,0.9,hun-missing,,,
U+8CDF,賟,전,,154貝,154.8,15,15,15,metal,0.9,hun-missing,,,
U+8CE5,賥,수,,154貝,154.8,15,15,15,metal,0.9,hun-missing,,,
U+8CF0,賰,춘,,154貝,154.9,16,16,16,metal,0.9,hun-missing,,,
U+8CF1,賱,운,,154貝,154.9,16,16,16,metal,0.9,hun-missing,,,
U+8CF2,賲,보,,154貝,154.9,16,16,16,metal,0.9,hun-missing,,,
U+8CF3,賳,재,,154貝,154.9,16,16,16,metal,0.9,hun-missing,,,
U+8D65,赥,혁,,155赤,155.4,11,11,11,fire,0.8,hun-missing,,,
U+8D69,赩,혁,,155赤,155.6,13,13,13,fire,0.8,hun-missing,,,
U+8D6C,赬,정,,155赤,155.9,16,16,16,fire,0.8,hun-missing,,,
U+8D6E,赮,하,,155赤,155.9,16,16,16,fire,0.8,hun-missing,,,
U+8D70,走,주,달릴 주,156走,156.0,7,,7,fire,0.6,jawon-low-confidence,,,
U+8D73,赳,규,"헌걸찰 규, 위엄스러울 규",156走,156.2,9,,9,fire,0.6,jawon-low-confidence,,,
U+8D74,赴,부,"나아갈 부, 달릴 부",156走,156.2,9,,9,fire,0.6,jawon-low-confidence,,,
U+8D76,赶,간,달릴 간,156走,156.3,10,,10,fire,0.6,jawon-low-confidence,,,
U+8D77,起,기,일어날 기,156走,156.3,10,,10,fire,0.6,jawon-low-confidence,,,
U+8D81,趁,진,좇을 진,156走,156.5,12,,12,fire,0.6,jawon-low-confidence,,,
U+8D85,超,초,뛰어넘을 초,156走,156.5,12,,12,fire,0.6,jawon-low-confidence,,,
U+8D8A,越,월,"넘을 월, 뛸 월, 월나라 월",156走,156.5,12,,12,fire,0.6,jawon-low-confidence,,,
U+8D8C,趌,길,,156走,156.6,13,13,13,fire,0.6,hun-missing jawon-low-confidence,,,
U+8D8E,趎,주,사람이름 주,156走,156.6,13,,13,fire,0.6,jawon-low-confidence,,,
U+8D90,趐,혈,"새가 떼로 날 혈, 나아갈 혈",156走,156.6,13,,13,fire,0.6,jawon-low-confidence,,,
U+8D99,趙,조,조나라 조,156走,156.7,14,,14,fire,0.6,jawon-low-confidence,,,
U+8D9C,趜,국,,156走,156.8,15,15,15,fire,0.6,hun-missing jawon-low-confidence,,,
U+8DA0,趠,초,멀 초,156走,156.8,15,,15,fire,0.6,jawon-low-confidence,,,
U+8DA1,趡,유 추,,156走,156.8,15,15,15,fire,0.6,hun-missing jawon-low-confidence,,,
U+8DA3,趣,취,"추창할 취, 뜻 취",156走,156.8,15,,15,fire,0.6,jawon-low-confidence,,,
U+8DA8,趨,추,"달아날 추, 추창할 추",156走,156.10,17,,17,fire,0.6,jawon-low-confidence,,,
U+8DAB,趫,교,,156走,156.12,19,19,19,fire,0.6,hun-missing jawon-low-confidence,,,
U+8DB2,趲,찬,놀라 흩어질 찬,156走,156.19,26,,26,fire,0.6,jawon-low-confidence,,,
U+8DB3,足,족,발 족,157足,157.0,7,,7,earth,0.6,jawon-low-confidence,,,
U+8DBA,趺,부,"책상다리할 부, 도사리어 앉을 부",157足,157.4,11,,11,earth,0.6,jawon-low-confidence,,,
U+8DBE,趾,지,발 지,157足,157.4,11,,11,earth,0.6,jawon-low-confidence,,,
U+8DC2,跂,기,육발 기,157足,157.4,11,,11,earth,0.6,jawon-low-confidence,,,
U+8DC6,跆,태,밟을 태,157足,157.5,12,,12,earth,0.6,jawon-low-confidence,,,
U+8DC7,跇,예,,157足,157.5,12,12,12,earth,0.6,hun-missing jawon-low-confidence,,,
U+8DCB,跋,발,밟을 발,157足,157.5,12,,12,earth,0.6,jawon-low-confidence,,,
U+8DCC,跌,질,"넘어질 질, 달아날 질",157足,157.5,12,,12,earth,0.6,jawon-low-confidence,,,
U+8DCE,跎,타,미끄러질 타,157足,157.5,12,,12,earth,0.6,jawon-low-confidence,,,
U+8DCF,跏,가,"책상다리할 가, 도사리어 앉을 가",157足,157.5,12,,12,earth,0.6,jawon-low-confidence,,,
U+8DD5,跕,접,미끄러질 접,157足,157.5,12,,12,earth,0.6,jawon-low-confidence,,,
U+8DD6,跖,척,발바닥 척,157足,157.5,12,,12,earth,0.6,jawon-low-confidence,,,
U+8DD7,跗,부,발등 부,157足,157.5,12,,12,earth,0.6,jawon-low-confidence,,,
U+8DDB,跛,파,"절뚝발이 파, 절름발이 파",157足,157.5,12,,12,earth,0.6,jawon-low-confidence,,,
U+8DDD,距,거,"며느리 발톱 거, 지낼 거, 뛸 거, 겨룰 거, 미눌 거, 떨어질 거",157足,157.5,12,,12,earth,0.6,jawon-low-confidence,,,
U+8DDF,跟,근,발두꿈치 근,157足,157.6,13,,13,earth,0.6,jawon-low-confidence,,,
U+8DE1,跡,적,자취 적,157足,157.6,13,,13,earth,0.6,jawon-low-confidence,,,
U+8DE3,跣,선,"맨발 선, 발벗을 선",157足,157.6,13,,13,earth,0.6,jawon-low-confidence,,,
U+8DE8,跨,과,타넘을 과,157足,157.6,13,,13,earth,0.6,jawon-low-confidence,,,
U+8DEA,跪,궤,끓어앉을 궤,157足,157.6,13,,13,earth,0.6,jawon-low-confidence,,,
U+8DEB,跫,공,발자국 소리 공,157足,157.6,13,,13,earth,0.6,jawon-low-confidence,,,
U+8DEC,跬,규,한발자국 규,157足,157.6,13,,13,earth,0.6,jawon-low-confidence,,,
U+8DED,跭,강,,157足,157.6,13,13,13,earth,0.6,hun-missing jawon-low-confidence,,,
U+8DEF,路,로 노,길 로,157足,157.6,13,,13,earth,0.6,jawon-low-confidence,,,
U+8DF1,跱,치,"머뭇거릴 치, 주저할 치, 갖출 치",157足,157.6,13,,13,earth,0.6,jawon-low-confidence,,,
U+8DF3,跳,도,"뛸 도, 미끄러질 도",157足,157.6,13,,13,earth,0.6,jawon-low-confidence,,,
U+8DFC,跼,국,구부릴 국,157足,157.7,14,,14,earth,0.6,jawon-low-confidence,,,
U+8E06,踆,준,그칠 준,157足,157.7,14,,14,earth,0.6,jawon-low-confidence,,,
U+8E09,踉,량 양,뛸 량,157足,157.7,14,,14,earth,0.6,jawon-low-confidence,,,
U+8E0A,踊,용,뛸,157足,157.7,14,,14,earth,0.6,jawon-low-confidence,,,
U+8E0F,踏,답,"떨어지는 소리 답, 밟을 답",157足,157.8,15,,15,earth,0.6,jawon-low-confidence,,,
U+8E10,踐,천,밟을 천,157足,157.8,15,,15,earth,0.6,jawon-low-confidence,,,
U+8E14,踔,탁,"우뚝 설 탁, 앙감질 탁",157足,157.8,15,,15,earth,0.6,jawon-low-confidence,,,
U+8E1A,踚,륜 윤,,157足,157.8,15,15,15,earth,0.6,hun-missing jawon-low-confidence,,,
U+8E1D,踝,과,복사뼈 과,157足,157.8,15,,15,earth,0.6,jawon-low-confidence,,,
U+8E1E,踞,거,걸터앉을 거,157足,157.8,15,,15,earth,0.6,jawon-low-confidence,,,
U+8E1F,踟,지,머뭇거릴 지,157足,157.8,15,,15,earth,0.6,jawon-low-confidence,,,
U+8E2A,踪,종,자취 종,157足,157.8,15,,15,earth,0.6,jawon-low-confidence,,,
U+8E30,踰,유,넘을 유,157足,157.9,16,,16,earth,0.6,jawon-low-confidence,,,
U+8E34,踴,용,뛸 용,157足,157.9,16,,16,earth,0.6,jawon-low-confidence,,,
U+8E35,踵,종,발꿈치 종,157足,157.9,16,,16,earth,0.6,jawon-low-confidence,,,
U+8E36,踶,제,찰 제,157足,157.9,16,,16,earth,0.6,jawon-low-confidence,,,
U+8E3A,踺,건,,157足,157.8,15,15,15,earth,0.6,hun-missing jawon-low-confidence,,,
U+8E3D,踽,우,타달거릴 우,157足,157.9,16,,16,earth,0.6,jawon-low-confidence,,,
U+8E3E,踾,복,,157足,157.9,16,16,16,earth,0.6,hun-missing jawon-low-confidence,,,
U+8E40,蹀,접,저벅저벅 걸을 접,157足,157.9,16,,16,earth,0.6,jawon-low-confidence,,,
U+8E42,蹂,유,"밟을 유, 쌀 씻을 유",157足,157.9,16,,16,earth,0.6,jawon-low-confidence,,,
U+8E44,蹄,제,굽 제,157足,157.9,16,,16,earth,0.6,jawon-low-confidence,,,
U+8E47,蹇,건,"절름거릴 건, 험할 건, 교만할 건, 절뚝발이 건",157足,157.10,17,,17,earth,0.6,jawon-low-confidence,,,
U+8E48,蹈,도,밟을 도,157足,157.10,17,,17,earth,0.6,jawon-low-confidence,,,
U+8E49,蹉,차,"넘어질 차, 지날 차",157足,157.10,16,,17,earth,0.6,jawon-low-confidence,,,
U+8E4A,蹊,혜,"지름길 혜, 건널 혜",157足,157.10,17,,17,earth,0.6,jawon-low-confidence,,,
U+8E4C,蹌,창,추창할 창,157足,157.10,17,,17,earth,0.6,jawon-low-confidence,,,
U+8E4F,蹏,제,蹄와 同字,157足,157.10,17,,17,earth,0.6,jawon-low-confidence,,,
U+8E55,蹕,필,길 치울 필,157足,157.11,17,,18,earth,0.6,jawon-low-confidence,,,
U+8E59,蹙,축,"찡그릴 축, 쭈그러질 축",157足,157.11,18,,18,earth,0.6,jawon-low-confidence,,,
U+8E5C,蹜,축,발 끌어 디딜 축,157足,157.11,18,,18,earth,0.6,jawon-low-confidence,,,
U+8E5F,蹟,적,"행적 적, 자취 적, 사적 적",157足,157.11,18,,18,earth,0.6,jawon-low-confidence,,,
U+8E60,蹠,척,"밟을 척, 뛸 척",157足,157.11,18,,18,earth,0.6,jawon-low-confidence,,,
U+8E63,蹣,만,비틀거릴 만,157足,157.11,18,,18,earth,0.6,jawon-low-confidence,,,
U+8E64,蹤,종,자취 종,157足,157.11,18,,18,earth,0.6,jawon-low-confidence,,,
U+8E72,蹲,준,걸터앉을 준,157足,157.12,19,,19,earth,0.6,jawon-low-confidence,,,
U+8E74,蹴,축,"찰 축, 밟을 축",157足,157.12,19,,19,earth,0.6,jawon-low-confidence,,,
U+8E76,蹶,궐,"우물벌레 궐, 쓰러질 궐",157足,157.12,19,,19,earth,0.6,jawon-low-confidence,,,
U+8E7B,蹻,교,,157足,157.12,19,19,19,earth,0.6,hun-missing jawon-low-confidence,,,
U+8E81,躁,조,"떠들 조, 움직일 조",157足,157.13,20,,20,earth,0.6,jawon-low-confidence,,,
U+8E85,躅,촉,"자취 촉, 강동강동 뛸 촉, 철쭉꽃 촉",157足,157.13,20,,20,earth,0.6,jawon-low-confidence,,,
U+8E87,躇,저,머뭇거릴 저,157足,157.13,18,,20,earth,0.6,jawon-low-confidence,,,
U+8E89,躉,돈,거룻배 돈,157足,157.13,19,,20,earth,0.6,jawon-low-confidence,,,
U+8E8A,躊,주,"머뭇거릴 주, 주저할 주",157足,157.14,21,,21,earth,0.6,jawon-low-confidence,,,
U+8E8B,躋,제,오를 제,157足,157.14,21,,21,earth,0.6,jawon-low-confidence,,,
U+8E8D,躍,약,뛸 약,157足,157.14,21,,21,earth,0.6,jawon-low-confidence,,,
U+8E90,躐,렵 엽,밟을 렵,157足,157.15,22,,22,earth,0.6,jawon-low-confidence,,,
U+8E91,躑,척,머뭇거릴 척,157足,157.15,21,,22,earth,0.6,jawon-low-confidence,,,
U+8E93,躓,지,넘어질 지,157足,157.15,22,,22,earth,0.6,jawon-low-confidence,,,
U+8E94,躔,전,"햇길 전, 별자리 전",157足,157.15,22,,22,earth,0.6,jawon-low-confidence,,,
U+8E99,躙,린 인,짓밟을 린,157足,157.16,23,,23,earth,0.6,jawon-low-confidence,,,
U+8E9E,躞,섭,,157足,157.17,24,24,24,earth,0.6,hun-missing jawon-low-confidence,,,
U+8EA1,躡,섭,"밟을 섭, 신 신을 섭, 오를 섭",157足,157.18,25,,25,earth,0.6,jawon-low-confidence,,,
U+8EAA,躪,린 인,"짓밟을 린, 짖밟을 린",157足,157.20,26,,27,earth,0.6,jawon-low-confidence,,,
U+8EAB,身,신,"몸 신, 아이 밸 신, 몸소 신",158身,158.0,7,,7,,,jawon-unclassified,,,
U+8EAC,躬,궁,몸 궁,158身,158.3,10,,10,,,jawon-unclassified,,,
U+8EB1,躱,타,피할 타,158身,158.6,13,,13,,,jawon-unclassified,,,
U+8EB3,躳,궁,躬의 本字,158身,158.7,13,,14,,,jawon-unclassified,,,
U+8EBE,躾,미,,158身,158.9,16,16,16,,,hun-missing jawon-unclassified,,,
U+8EC0,軀,구,몸 구,158身,158.11,18,,18,,,jawon-unclassified,,,
U+8EDE,軞,모,,159車,159.4,11,11,11,fire,0.7,hun-missing,,,
U+8F02,輂,국,,159車,159.6,13,13,13,fire,0.7,hun-missing,,,
U+8F10,輐,완,,159車,159.7,14,14,14,fire,0.7,hun-missing,,,
U+8F16,輖,주,,159車,159.8,15,15,15,fire,0.7,hun-missing,,,
U+8F2D,輭,연,,159車,159.9,16,16,16,fire,0.7,hun-missing,,,
U+8F43,轃,진,,159車,159.10,17,17,17,fire,0.7,hun-missing,,,
U+8F57,轗,감,,159車,159.13,20,20,20,fire,0.7,hun-missing,,,
U+8FAE,辮,변,,160辛,160.13 120.14,20,20,20,metal,0.9,multiple-radical-values hun-missing,,,
U+8FC3,迃,오,,162辵,162.3,6,10,10,earth,0.9,hun-missing,,,
U+8FF6,迶,우,,162辵,162.6,10,13,13,earth,0.9,hun-missing,,,
U+8FF8,迸,병,달아날 병,162辵,162.6 162.8,9,13,13,earth,0.9,multiple-radical-values,,,
U+8FFC,迼,결,,162辵,162.6,9,13,13,earth,0.9,hun-missing,,,
U+8FFF,迿,준,,162辵,162.6,9,13,13,earth,0.9,hun-missing,,,
U+900E,逎,주,,162辵,162.7,10,14,14,earth,0.9,hun-missing,,,
U+901C,逜,오,,162辵,162.7,10,14,14,earth,0.9,hun-missing,,,
U+9067,遧,장,,162辵,162.11,14,18,18,earth,0.9,hun-missing,,,
U+9077,遷,천,옮길 천,162辵,162.12 162.11,15,19,19,earth,0.9,multiple-radical-values,,,
U+9079,遹,휼,,162辵,162.12,15,19,19,earth,0.9,hun-missing,,,
U+907E,遾,서,,162辵,162.13,16,20,20,earth,0.9,hun-missing,,,
U+908D,邍,원,,162辵,162.16,19,23,23,earth,0.9,hun-missing,,,
U+9097,邗,한,,163邑,163.3,5,10,10,earth,0.9,hun-missing,,,
U+9098,邘,우,,163邑,163.3,5,10,10,earth,0.9,hun-missing,,,
U+90A7,邧,원,,163邑,163.4,6,11,11,earth,0.9,hun-missing,,,
U+90B2,邲,필,,163邑,163.5,7,12,12,earth,0.9,hun-missing,,,
U+90B4,邴,병,,163邑,163.5,7,12,12,earth,0.9,hun-missing,,,
U+90BE,邾,주,,163邑,163.6,8,13,13,earth,0.9,hun-missing,,,
U+90BF,邿,시,,163邑,163.6,8,13,13,earth,0.9,hun-missing,,,
U+90C7,郇,순,,163邑,163.6,8,13,13,earth,0.9,hun-missing,,,
U+90C8,郈,후,,163邑,163.6,8,13,13,earth,0.9,hun-missing,,,
U+90CB,郋,해,,163邑,163.6,8,13,13,earth,0.9,hun-missing,,,
U+90D4,郔,연,,163邑,163.7,8,14,14,earth,0.9,hun-missing,,,
U+90D5,郕,성,,163邑,163.7,8,14,14,earth,0.9,hun-missing,,,
U+90D7,郗,치,,163邑,163.7,9,14,14,earth,0.9,hun-missing,,,
U+90DA,郚,오,,163邑,163.7,9,14,14,earth,0.9,hun-missing,,,
U+90E0,郠,경,,163邑,163.7,9,14,14,earth,0.9,hun-missing,,,
U+90E9,郩,효,,163邑,163.8,10,15,15,earth,0.9,hun-missing,,,
U+90F2,郲,래 내(두음),,163邑,163.8,10,15,15,earth,0.9,hun-missing,,,
U+90F3,郳,예,,163邑,163.8,10,15,15,earth,0.9,hun-missing,,,
U+90FE,郾,언,,163邑,163.9,11,16,16,earth,0.9,hun-missing,,,
U+90FF,郿,미,,163邑,163.9,11,16,16,earth,0.9,hun-missing,,,
U+9103,鄃,유,,163邑,163.9,11,16,16,earth,0.9,hun-missing,,,
U+9104,鄄,견,,163邑,163.9,11,16,16,earth,0.9,hun-missing,,,
U+9105,鄅,우,,163邑,163.9,11,16,16,earth,0.9,hun-missing,,,
U+9106,鄆,운,,163邑,163.9,11,16,16,earth,0.9,hun-missing,,,
U+9107,鄇,후,,163邑,163.9,11,16,16,earth,0.9,hun-missing,,,
U+9108,鄈,규,,163邑,163.9,11,16,16,earth,0.9,hun-missing,,,
U+910B,鄋,수,,163邑,163.10,11,17,17,earth,0.9,hun-missing,,,
U+910D,鄍,명,,163邑,163.10,12,17,17,earth,0.9,hun-missing,,,
U+910E,鄎,식,,163邑,163.10,12,17,17,earth,0.9,hun-missing,,,
U+9114,鄔,오,,163邑,163.10,12,17,17,earth,0.9,hun-missing,,,
U+9116,鄖,운,,163邑,163.10,12,17,17,earth,0.9,hun-missing,,,
U+9117,鄗,교 호,,163邑,163.10,12,17,17,earth,0.9,hun-missing,,,
U+911D,鄝,료 요(두음),,163邑,163.11,13,18,18,earth,0.9,hun-missing,,,
U+9121,鄡,교,,163邑,163.11,13,18,18,earth,0.9,hun-missing,,,
U+9124,鄤,만,,163邑,163.11,13,18,18,earth,0.9,hun-missing,,,
U+9126,鄦,허,,163邑,163.12,14,19,19,earth,0.9,hun-missing,,,
U+9129,鄩,심,,163邑,163.12,14,19,19,earth,0.9,hun-missing,,,
U+912A,鄪,비,,163邑,163.12,14,19,19,earth,0.9,hun-missing,,,
U+912B,鄫,증,,163邑,163.12,14,19,19,earth,0.9,hun-missing,,,
U+912C,鄬,위,,163邑,163.12,14,19,19,earth,0.9,hun-missing,,,
U+912F,鄯,선,,163邑,163.12,14,19,19,earth,0.9,hun-missing,,,
U+9135,鄵,조,,163邑,163.13,15,20,20,earth,0.9,hun-missing,,,
U+9136,鄶,회,,163邑,163.13,15,20,20,earth,0.9,hun-missing,,,
U+9140,酀,연,,163邑,163.16,18,23,23,earth,0.9,hun-missing,,,
U+9147,酇,찬,,163邑,163.19,21,26,26,earth,0.9,hun-missing,,,
U+9163,酣,감,,164酉,164.5,12,12,12,metal,0.8,hun-missing,,,
U+91BC,醼,연,,164酉,164.16,23,23,23,metal,0.8,hun-missing,,,
U+91C1,釁,흔,피바를 흔,164酉,164.18,26,25,26,metal,0.8,won-total-exceeds-formula,,,
U+91C6,釆,변,분별하다,165釆,165.0,7,,7,,,jawon-unclassified,,,
U+91C7,采,채,"캘 채, 취할 채",165釆,165.1,8,,8,,,jawon-unclassified,,,
U+91C9,釉,유,물건 빛날 유,165釆,165.5,12,,12,,,jawon-unclassified,,,
U+91CB,釋,석,풀 석,165釆,165.13,20,,20,,,jawon-unclassified,,,
U+91CC,里,리 이,마을 리,166里,166.0,7,,7,earth,0.6,jawon-low-confidence,,,
U+91CD,重,중,무거울 중,166里,166.2,9,,9,earth,0.6,jawon-low-confidence,,,
U+91CE,野,야,들판 야,166里,166.4,11,,11,earth,0.6,jawon-low-confidence,,,
U+91CF,量,량 양,헤아릴 량,166里,166.5,12,,12,earth,0.6,jawon-low-confidence,,,
U+91D0,釐,리 이,"다스릴 리, 털끝 리",166里,166.11,18,,18,earth,0.6,jawon-low-confidence,,,
U+91E5,釥,초,,167金,167.3,11,11,11,metal,0.9,hun-missing,,,
U+91E9,釩,범,,167金,167.3,11,11,11,metal,0.9,hun-missing,,,
U+91EC,釬,한,,167金,167.3,11,11,11,metal,0.9,hun-missing,,,
U+91EE,釮,재,,167金,167.3,11,11,11,metal,0.9,hun-missing,,,
U+91F1,釱,체,,167金,167.3,11,11,11,metal,0.9,hun-missing,,,
U+91F4,釴,익,,167金,167.3,11,11,11,metal,0.9,hun-missing,,,
U+9204,鈄,두,,167金,167.4,12,12,12,metal,0.9,hun-missing,,,
U+920F,鈏,인,,167金,167.4,12,12,12,metal,0.9,hun-missing,,,
U+9215,鈕,뉴 유,,167金,167.4,12,12,12,metal,0.9,hun-missing,,,
U+9226,鈦,태,,167金,167.4,12,12,12,metal,0.9,hun-missing,,,
U+9231,鈱,민,,167金,167.5,13,13,13,metal,0.9,hun-missing,,,
U+9233,鈳,아,,167金,167.5,13,13,13,metal,0.9,hun-missing,,,
U+9235,鈵,병,,167金,167.5,13,13,13,metal,0.9,hun-missing,,,
U+9244,鉄,철,,167金,167.5,13,13,13,metal,0.9,hun-missing,,,
U+924C,鉌,화,,167金,167.5,13,13,13,metal,0.9,hun-missing,,,
U+924D,鉍,필,,167金,167.5,13,13,13,metal,0.9,hun-missing,,,
U+9251,鉑,박,,167金,167.5,13,13,13,metal,0.9,hun-missing,,,
U+9256,鉖,동,,167金,167.5,13,13,13,metal,0.9,hun-missing,,,
U+925A,鉚,류 유,,167金,167.5,13,13,13,metal,0.9,hun-missing,,,
U+9278,鉸,교,,167金,167.6,14,14,14,metal,0.9,hun-missing,,,
U+927A,鉺,이,,167金,167.6,14,14,14,metal,0.9,hun-missing,,,
U+927B,鉻,락 낙(두음),,167金,167.6,14,14,14,metal,0.9,hun-missing,,,
U+927D,鉽,식,,167金,167.6,14,14,14,metal,0.9,hun-missing,,,
U+9282,銂,주,,167金,167.6,14,14,14,metal,0.9,hun-missing,,,
U+92A7,銧,광,,167金,167.6,14,14,14,metal,0.9,hun-missing,,,
U+92B2,銲,한,,167金,167.7,15,15,15,metal,0.9,hun-missing,,,
U+92B4,銴,세,,167金,167.7,15,15,15,metal,0.9,hun-missing,,,
U+92BE,銾,홍,,167金,167.7,15,15,15,metal,0.9,hun-missing,,,
U+92C0,鋀,두,,167金,167.7,15,15,15,metal,0.9,hun-missing,,,
U+92C6,鋆,윤,,167金,167.7,15,15,15,metal,0.9,hun-missing,,,
U+92C8,鋈,옥,,167金,167.7,15,15,15,metal,0.9,hun-missing,,,
U+92CB,鋋,연,,167金,167.7,14,15,15,metal,0.9,hun-missing,,,
U+92CE,鋎,환,,167金,167.7,15,15,15,metal,0.9,hun-missing,,,
U+92D1,鋑,전,,167金,167.7,15,15,15,metal,0.9,hun-missing,,,
U+92D5,鋕,지,,167金,167.7,15,15,15,metal,0.9,hun-missing,,,
U+92E0,鋠,신,,167金,167.7,15,15,15,metal,0.9,hun-missing,,,
U+92E5,鋥,정,,167金,167.7,15,15,15,metal,0.9,hun-missing,,,
U+92E6,鋦,국,,167金,167.7,15,15,15,metal,0.9,hun-missing,,,
U+92E7,鋧,현,,167金,167.7,15,15,15,metal,0.9,hun-missing,,,
U+92F9,鋹,창,,167金,167.8,16,16,16,metal,0.9,hun-missing,,,
U+92FE,鋾,도,,167金,167.8,16,16,16,metal,0.9,hun-missing,,,
U+92FF,鋿,상,,167金,167.8,16,16,16,metal,0.9,hun-missing,,,
U+9300,錀,륜 윤,,167金,167.8,16,16,16,metal,0.9,hun-missing,,,
U+9308,錈,권,,167金,167.8,16,16,16,metal,0.9,hun-missing,,,
U+9309,錉,민,,167金,167.8,16,16,16,metal,0.9,hun-missing,,,
U+930C,錌,안,,167金,167.8,16,16,16,metal,0.9,hun-missing,,,
U+931D,錝,종,,167金,167.8,16,16,16,metal,0.9,hun-missing,,,
U+9329,錩,창,,167金,167.8,16,16,16,metal,0.9,hun-missing,,,
U+9351,鍑,복,,167金,167.9,17,17,17,metal,0.9,hun-missing,,,
U+935A,鍚,양,,167金,167.9,17,17,17,metal,0.9,hun-missing,,,
U+9360,鍠,굉 황,,167金,167.9,17,17,17,metal,0.9,hun-missing,,,
U+9365,鍥,결,,167金,167.9,17,17,17,metal,0.9,hun-missing,,,
U+9371,鍱,섭,,167金,167.9,17,17,17,metal,0.9,hun-missing,,,
U+9372,鍲,민,,167金,167.9,17,17,17,metal,0.9,hun-missing,,,
U+9378,鍸,호,,167金,167.9,17,17,17,metal,0.9,hun-missing,,,
U+9379,鍹,선,,167金,167.9,17,17,17,metal,0.9,hun-missing,,,
U+9380,鎀,수,,167金,167.9,17,17,17,metal,0.9,hun-missing,,,
U+9388,鎈,차,,167金,167.10,17,18,18,metal,0.9,hun-missing,,,
U+938F,鎏,류 유,,167金,167.10,18,18,18,metal,0.9,hun-missing,,,
U+93A0,鎠,강,,167金,167.10,18,18,18,metal,0.9,hun-missing,,,
U+93BB,鎻,쇄,,167金,167.10,18,18,18,metal,0.9,hun-missing,,,
U+93D0,鏐,류 유,,167金,167.11,19,19,19,metal,0.9,hun-missing,,,
U+93DB,鏛,상,,167金,167.11,19,19,19,metal,0.9,hun-missing,,,
U+93F4,鏴,로 노(두음),,167金,167.13,21,21,21,metal,0.9,hun-missing,,,
U+93F5,鏵,화,,167金,167.12,18,20,20,metal,0.9,hun-missing,,,
U+93F8,鏸,혜,,167金,167.12,20,20,20,metal,0.9,hun-missing,,,
U+93F9,鏹,강,,167金,167.11,20,19,20,metal,0.9,won-total-exceeds-formula hun-missing,,,
U+9400,鐀,궤,,167金,167.12,20,20,20,metal,0.9,hun-missing,,,
U+940C,鐌,상,,167金,167.12,19,20,20,metal,0.9,hun-missing,,,
U+940D,鐍,휼,,167金,167.12,20,20,20,metal,0.9,hun-missing,,,
U+941B,鐛,영,,167金,167.12,20,20,20,metal,0.9,hun-missing,,,
U+9445,鑅,횡,,167金,167.14,22,22,22,metal,0.9,hun-missing,,,
U+946B,鑫,흠,,167金,167.16,24,24,24,metal,0.9,hun-missing,,,
U+946D,鑭,란 난(두음),,167金,167.17,25,25,25,metal,0.9,hun-missing,,,
U+946E,鑮,박,,167金,167.17,24,25,25,metal,0.9,hun-missing,,,
U+947F,鑿,착,뚫을 착,167金,167.19,28,27,28,metal,0.9,won-total-exceeds-formula,,,
U+9481,钁,곽,,167金,167.20,28,28,28,metal,0.9,hun-missing,,,
U+9577,長,장,길 장,168長,168.0,8,,8,,,jawon-unclassified,,,
U+9580,門,문,문 문,169門,169.0,8,,8,wood,0.6,jawon-low-confidence,,,
U+9583,閃,섬,"번쩍할 섬, 피할 섬",169門,169.2,10,,10,wood,0.6,jawon-low-confidence,,,
U+9588,閈,한,마을 문 한,169門,169.3,11,,11,wood,0.6,jawon-low-confidence,,,
U+9589,閉,폐,"닫을 폐, 마칠 폐, 가릴 폐",169門,169.3,11,,11,wood,0.6,jawon-low-confidence,,,
U+958B,開,개,"열 개, 통할 개, 발할 개, 베풀 개, 풀 개",169門,169.4,12,,12,wood,0.6,jawon-low-confidence,,,
U+958E,閎,굉,마을문 굉,169門,169.4,12,,12,wood,0.6,jawon-low-confidence,,,
U+958F,閏,윤,윤달,169門,169.4,12,,12,wood,0.6,jawon-low-confidence,,,
U+9591,閑,한,한가할 한,169門,169.4,12,,12,wood,0.6,jawon-low-confidence,,,
U+9592,閒,한,"한가할 한, 겨를 한",169門,169.4,12,,12,wood,0.6,jawon-low-confidence,,,
U+9593,間,간,"틈 간, 사이 간",169門,169.4,12,,12,wood,0.6,jawon-low-confidence,,,
U+9594,閔,민,"위문할 민, 성 민",169門,169.4,12,,12,wood,0.6,jawon-low-confidence,,,
U+9598,閘,갑,"문 빗장 갑, 물 문 갑",169門,169.5,13,,13,wood,0.6,jawon-low-confidence,,,
U+959C,閜,하,,169門,169.5,13,13,13,wood,0.6,hun-missing jawon-low-confidence,,,
U+959F,閟,비,문 닫을 비,169門,169.5,13,,13,wood,0.6,jawon-low-confidence,,,
U+95A0,閠,윤,,169門,169.5,13,13,13,wood,0.6,hun-missing jawon-low-confidence,,,
U+95A3,閣,각,"문설주 각, 다락집 각",169門,169.6,14,,14,wood,0.6,jawon-low-confidence,,,
U+95A4,閤,합,"도장 합, 침방 합, 개구리소리 합, 규방 합",169門,169.6,14,,14,wood,0.6,jawon-low-confidence,,,
U+95A5,閥,벌,"공훈 벌, 가문 벌",169門,169.6,14,,14,wood,0.6,jawon-low-confidence,,,
U+95A8,閨,규,"색시 규, 안방 규",169門,169.6,14,,14,wood,0.6,jawon-low-confidence,,,
U+95A9,閩,민,종족이름 민,169門,169.6,14,,14,wood,0.6,jawon-low-confidence,,,
U+95AB,閫,곤,문지방 곤,169門,169.7,15,,15,wood,0.6,jawon-low-confidence,,,
U+95AC,閬,랑 낭,솟을 대문 랑,169門,169.7,15,,15,wood,0.6,jawon-low-confidence,,,
U+95AD,閭,려 여,이문 려,169門,169.7,14,,15,wood,0.6,jawon-low-confidence,,,
U+95B1,閱,열,"겪을 열, 군대 점호할 열, 용납할 열, 볼 열",169門,169.7,15,,15,wood,0.6,jawon-low-confidence,,,
U+95B5,閵,린 인(두음),,169門,169.8,16,16,16,wood,0.6,hun-missing jawon-low-confidence,,,
U+95B6,閶,창,,169門,169.8,16,16,16,wood,0.6,hun-missing jawon-low-confidence,,,
U+95B9,閹,엄,"고자 엄, 내시 엄",169門,169.8,16,,16,wood,0.6,jawon-low-confidence,,,
U+95BB,閻,염,"마을 염, 항간 염, 저승 염, 마을안의 문 염",169門,169.8,16,,16,wood,0.6,jawon-low-confidence,,,
U+95BC,閼,알,막을,169門,169.8,16,,16,wood,0.6,jawon-low-confidence,,,
U+95BD,閽,혼,문지기 혼,169門,169.8,16,,16,wood,0.6,jawon-low-confidence,,,
U+95BE,閾,역,문지방 역,169門,169.8,16,,16,wood,0.6,jawon-low-confidence,,,
U+95C3,闃,격,고요할 격,169門,169.9,17,,17,wood,0.6,jawon-low-confidence,,,
U+95C7,闇,암,"어두울 암, 어리석을 암, 망루 암",169門,169.9,17,,17,wood,0.6,jawon-low-confidence,,,
U+95C8,闈,위,대궐안의 문 위,169門,169.9,17,,17,wood,0.6,jawon-low-confidence,,,
U+95CA,闊,활,"트일 활, 넓을 활",169門,169.9,17,,17,wood,0.6,jawon-low-confidence,,,
U+95CB,闋,결,"쉴 결, 다할 결, 풍류 마칠 결, 문 닫을 결",169門,169.9,17,,17,wood,0.6,jawon-low-confidence,,,
U+95CC,闌,란 난,가막을 란,169門,169.9,17,,17,wood,0.6,jawon-low-confidence,,,
U+95CD,闍,도,성문 층대 도,169門,169.9,16,,17,wood,0.6,jawon-low-confidence,,,
U+95D3,闓,개,"열 개, 풀 개, 활깍지 개",169門,169.10,18,,18,wood,0.6,jawon-low-confidence,,,
U+95D4,闔,합,"문짝 합, 닫을 합",169門,169.10,18,,18,wood,0.6,jawon-low-confidence,,,
U+95D5,闕,궐,대궐 궐,169門,169.10,18,,18,wood,0.6,jawon-low-confidence,,,
U+95D6,闖,틈,엿볼,169門,169.10,18,,18,wood,0.6,jawon-low-confidence,,,
U+95DA,闚,규,갸웃이 볼 규,169門,169.11,19,,19,wood,0.6,jawon-low-confidence,,,
U+95DC,關,관,빗장 관,169門,169.11,19,,19,wood,0.6,jawon-low-confidence,,,
U+95DE,闞,함,범 소리 함,169門,169.12,19,,20,wood,0.6,jawon-low-confidence,,,
U+95E0,闠,궤,저자문 궤,169門,169.12,20,,20,wood,0.6,jawon-low-confidence,,,
U+95E1,闡,천,"열 천, 밝힐 천",169門,169.12,20,,20,wood,0.6,jawon-low-confidence,,,
U+95E2,闢,벽,열 벽,169門,169.13,21,,21,wood,0.6,jawon-low-confidence,,,
U+95E5,闥,달,대문 달,169門,169.13,20,,21,wood,0.6,jawon-low-confidence,,,
U+9627,阧,두,,170阜,170.4,6,12,12,earth,0.9,hun-missing,,,
U+9629,阩,승,,170阜,170.4,6,12,12,earth,0.9,hun-missing,,,
U+962D,阭,윤,,170阜,170.4,6,12,12,earth,0.9,hun-missing,,,
U+9637,阷,정,,170阜,170.5,7,13,13,earth,0.9,hun-missing,,,
U+964F,陏,수 타,,170阜,170.6,8,14,14,earth,0.9,hun-missing,,,
U+9651,陑,이,,170阜,170.6,8,14,14,earth,0.9,hun-missing,,,
U+9654,陔,해,,170阜,170.6,8,14,14,earth,0.9,hun-missing,,,
U+9656,陖,준,,170阜,170.7,9,15,15,earth,0.9,hun-missing,,,
U+9657,陗,초,,170阜,170.7,9,15,15,earth,0.9,hun-missing,,,
U+9671,陱,국,,170阜,170.8,10,16,16,earth,0.9,hun-missing,,,
U+9679,陹,승,,170阜,170.8,10,16,16,earth,0.9,hun-missing,,,
U+9691,隑,기,,170阜,170.10,12,18,18,earth,0.9,hun-missing,,,
U+96AE,隮,제,,170阜,170.14,16,22,22,earth,0.9,hun-missing,,,
U+96B6,隶,이,"밑 이, 미치다 이",171隶,171.0,8,,8,water,0.6,jawon-low-confidence,,,
U+96B7,隷,례 예,"隸와 同字, 붙을 례",171隶,171.8,16,,16,water,0.6,jawon-low-confidence,,,
U+96B8,隸,례 예,붙을 례,171隶,171.9,17,,17,water,0.6,jawon-low-confidence,,,
U+96BA,隺,각 학,,172隹,172.2,10,10,10,fire,0.8,hun-missing,,,
U+96CC,雌,자,암컷 자,172隹,172.5,14,13,14,fire,0.8,won-total-exceeds-formula,,,
U+96D7,雗,한,,172隹,172.10,18,18,18,fire,0.8,hun-missing,,,
U+9731,霱,율 휼,,173雨,173.12,20,20,20,water,0.9,hun-missing,,,
U+9732,露,로 노,이슬 로,173雨,173.12,21,20,21,water,0.9,won-total-exceeds-formula,,,
U+974C,靌,보,,173雨,173.19,27,27,27,water,0.9,hun-missing,,,
U+9752,青,청,,174靑,174.0,8,8,8,wood,0.8,hun-missing,,,
U+9755,靕,진,,174靑,174.5,13,13,13,wood,0.8,hun-missing,,,
U+9756,靖,정,"다스릴 정, 편안할 정, 생각할 정",174靑,174.5 117.8,13,13,13,wood,0.8,multiple-radical-values,,,
U+9758,靘,정,,174靑,174.6,14,14,14,wood,0.8,hun-missing,,,
U+9759,静,정,,174靑,174.6,14,14,14,wood,0.8,hun-missing,,,
U+975E,非,비,아닐 비,175非,175.0,8,,8,water,0.6,jawon-low-confidence,,,
U+9760,靠,고,기댈 고,175非,175.7,15,,15,water,0.6,jawon-low-confidence,,,
U+9761,靡,미,"쓰러질 미, 쏠릴 미, 흐트러질 미",175非,175.11,19,,19,water,0.6,jawon-low-confidence,,,
U+9762,面,면,낯 면,176面,176.0,9,,9,fire,0.6,jawon-low-confidence,,,
U+9766,靦,전,"무안할 전, 물끄러미 볼 전",176面,176.7,16,,16,fire,0.6,jawon-low-confidence,,,
U+9768,靨,엽,"웃는 볼 옴쏙 들어갈 엽, 얼굴의 검은 사마귀 엽",176面,176.14,23,,23,fire,0.6,jawon-low-confidence,,,
U+9795,鞕,경,,177革,177.7,16,16,16,metal,0.8,hun-missing,,,
U+97CC,韌,인,,178韋,178.3,12,12,12,metal,0.8,hun-missing,,,
U+97ED,韭,구,부추 구,179韭,179.0,9,,9,,,jawon-unclassified,,,
U+97F1,韱,섬,산부추 섬,179韭,179.8,17,,17,,,jawon-unclassified,,,
U+97F2,韲,제,양념할 제,179韭,179.10,19,,19,,,jawon-unclassified,,,
U+97F3,音,음,"소리 음, 편지 음, 음악 음",180音,180.0,9,,9,metal,0.6,jawon-low-confidence,,,
U+97F5,韵,운,韻과 同字,180音,180.4,13,,13,metal,0.6,jawon-low-confidence,,,
U+97F6,韶,소,"아름다울 소, 이을 소, 순의 풍류 소, 봄 소",180音,180.5,14,,14,metal,0.6,jawon-low-confidence,,,
U+97F8,韸,봉,,180音,180.7,16,16,16,metal,0.6,hun-missing jawon-low-confidence,,,
U+97FA,韺,영,풍류이름 영,180音,180.9,17,,18,metal,0.6,jawon-low-confidence,,,
U+97FB,韻,운,"울림 운, 소리 맞을 운, 운 운, 운치 운",180音,180.10,19,,19,metal,0.6,jawon-low-confidence,,,
U+97FE,韾,음,,180音,180.11,20,20,20,metal,0.6,hun-missing jawon-low-confidence,,,
U+97FF,響,향,"소리 울릴 향, 소리 마주칠 향, 악기 향",180音,180.11,20,,20,metal,0.6,jawon-low-confidence,,,
U+9800,頀,호,"구할 호, 지킬 호, 풍류이름 호",180音,180.14,22,,23,metal,0.6,jawon-low-confidence,,,
U+9801,頁,혈,"머리 혈, 마리 혈, 페이지(page) 혈",181頁,181.0,9,,9,fire,0.5,jawon-low-confidence,,,
U+9802,頂,정,"이마 정, 꼭대기 정, 관 꼭대기 치장하는 장식 정",181頁,181.2,11,,11,fire,0.5,jawon-low-confidence,,,
U+9803,頃,경,"밭 넓이 단위 경, 백이랑 경",181頁,181.2,11,,11,fire,0.5,jawon-low-confidence,,,
U+9805,項,항,"목덜미 항, 클 항, 항목 항, 목뒤 항",181頁,181.3,12,,12,fire,0.5,jawon-low-confidence,,,
U+9806,順,순,"좇을 순, 부드러울 순, 차례 순, 성씨 순, 순할 순",181頁,181.3,12,,12,fire,0.5,jawon-low-confidence,,,
U+9808,須,수,"수염 수, 기다릴 수, 모름지기 수",181頁,181.3,12,,12,fire,0.5,jawon-low-confidence,,,
U+980A,頊,욱,"머리 굽실거릴 욱, 별이름 욱, 사람이름 욱",181頁,181.4,13,,13,fire,0.5,jawon-low-confidence,,,
U+980C,頌,송,"기릴 송, 칭송할 송, 찬양하는 노래 송",181頁,181.4,13,,13,fire,0.5,jawon-low-confidence,,,
U+980D,頍,규,고깔비녀 규,181頁,181.4,13,,13,fire,0.5,jawon-low-confidence,,,
U+980E,頎,기,헌걸찰 기,181頁,181.4,13,,13,fire,0.5,jawon-low-confidence,,,
U+980F,頏,항,"목 항, 오르락 내리락할 항",181頁,181.4,13,,13,fire,0.5,jawon-low-confidence,,,
U+9810,預,예,"미리 예, 참여할 예",181頁,181.4,13,,13,fire,0.5,jawon-low-confidence,,,
U+9811,頑,완,"완고할 완, 완악할 완",181頁,181.4,13,,13,fire,0.5,jawon-low-confidence,,,
U+9812,頒,반,"나눌 반, 반포할 반",181頁,181.4,13,,13,fire,0.5,jawon-low-confidence,,,
U+9813,頓,돈,조아릴 돈,181頁,181.4,13,,13,fire,0.5,jawon-low-confidence,,,
U+9816,頖,반,풀릴 반,181頁,181.5,14,,14,fire,0.5,jawon-low-confidence,,,
U+9817,頗,파,"비뚤어질 파, 자못 파",181頁,181.5,14,,14,fire,0.5,jawon-low-confidence,,,
U+9818,領,령 영,"옷깃 령, 거느릴 령",181頁,181.5,14,,14,fire,0.5,jawon-low-confidence,,,
U+981E,頞,알,콧마루 알,181頁,181.6,15,,15,fire,0.5,jawon-low-confidence,,,
U+9821,頡,힐,곧은목 힐,181頁,181.6,15,,15,fire,0.5,jawon-low-confidence,,,
U+9823,頣,신,눈들고 볼 신,181頁,181.6,15,,15,fire,0.5,jawon-low-confidence,,,
U+9824,頤,이,,181頁,181.7,16,16,16,fire,0.5,hun-missing jawon-low-confidence,,,
U+9826,頦,해,턱 해,181頁,181.6,15,,15,fire,0.5,jawon-low-confidence,,,
U+982B,頫,부,머리 숙일 부,181頁,181.6,15,,15,fire,0.5,jawon-low-confidence,,,
U+982D,頭,두,머리 두,181頁,181.7,16,,16,fire,0.5,jawon-low-confidence,,,
U+982E,頮,회,세수할 회,181頁,181.7,16,,16,fire,0.5,jawon-low-confidence,,,
U+9830,頰,협,"뺨 협, 천천히 말할 협",181頁,181.7,16,,16,fire,0.5,jawon-low-confidence,,,
U+9832,頲,정,,181頁,181.7,15,16,16,fire,0.5,hun-missing jawon-low-confidence,,,
U+9837,頷,암,,181頁,181.7,16,16,16,fire,0.5,hun-missing jawon-low-confidence,,,
U+9838,頸,경,목 경,181頁,181.7,16,,16,fire,0.5,jawon-low-confidence,,,
U+9839,頹,퇴,"기울어질 퇴, 사나운 바람 퇴, 쇠할 퇴, 무너질 퇴, 대머리 퇴",181頁,181.7,16,,16,fire,0.5,jawon-low-confidence,,,
U+983B,頻,빈,자주 빈,181頁,181.7,16,,16,fire,0.5,jawon-low-confidence,,,
U+983C,頼,뢰 뇌,,181頁,181.7,16,16,16,fire,0.5,hun-missing jawon-low-confidence,,,
U+983F,頿,자,코밑수염 자,181頁,181.8,18,17,18,fire,0.5,won-total-exceeds-formula jawon-low-confidence,,,
U+9841,顁,정,,181頁,181.8,17,17,17,fire,0.5,hun-missing jawon-low-confidence,,,
U+9846,顆,과,"낟알 과, 알갱이 과",181頁,181.8,17,,17,fire,0.5,jawon-low-confidence,,,
U+9847,顇,췌,,181頁,181.8,17,17,17,fire,0.5,hun-missing jawon-low-confidence,,,
U+9848,顈,경,홑옷 경,181頁,181.8 120.11,17,17,17,fire,0.5,multiple-radical-values jawon-low-confidence,,,
U+984B,顋,시,"뺨 시, 볼 시",181頁,181.9,18,,18,fire,0.5,jawon-low-confidence,,,
U+984C,題,제,"이마 제, 제목 제",181頁,181.9,18,,18,fire,0.5,jawon-low-confidence,,,
U+984D,額,액,"이마 액, 수량 액",181頁,181.9,18,,18,fire,0.5,jawon-low-confidence,,,
U+984E,顎,악,"턱 악, 턱뼈 악",181頁,181.9,18,,18,fire,0.5,jawon-low-confidence,,,
U+9852,顒,옹,우러를 옹,181頁,181.9,18,,18,fire,0.5,jawon-low-confidence,,,
U+9853,顓,전,"어리석을 전, 오로지 전",181頁,181.9,18,,18,fire,0.5,jawon-low-confidence,,,
U+9854,顔,안,"顏과 同字, 얼굴 안",181頁,181.9,18,,18,fire,0.5,jawon-low-confidence,,,
U+9855,顕,현,,181頁,181.9,18,18,18,fire,0.5,hun-missing jawon-low-confidence,,,
U+9858,願,원,"하고자할 원, 바랄 원, 생각할 원, 원할 원",181頁,181.10,19,,19,fire,0.5,jawon-low-confidence,,,
U+9859,顙,상,이마 상,181頁,181.10,19,,19,fire,0.5,jawon-low-confidence,,,
U+985A,顚,전,"이마 전, 엎드러질 전",181頁,181.10,19,,19,fire,0.5,jawon-low-confidence,,,
U+985C,顜,강,,181頁,181.10,19,19,19,fire,0.5,hun-missing jawon-low-confidence,,,
U+985E,類,류 유,무리 류,181頁,181.10,19,,19,fire,0.5,jawon-low-confidence,,,
U+9865,顥,호,"클 호, 빛나는 모양 호",181頁,181.12,21,,21,fire,0.5,jawon-low-confidence,,,
U+9866,顦,초,야윌 초,181頁,181.12,21,,21,fire,0.5,jawon-low-confidence,,,
U+9867,顧,고,돌아볼 고,181頁,181.12,21,,21,fire,0.5,jawon-low-confidence,,,
U+986B,顫,전,"사지 떨릴 전, 머리 비뚤이 전",181頁,181.13,22,,22,fire,0.5,jawon-low-confidence,,,
U+986F,顯,현,"나타날 현, 밝을 현, 통달할 현, 높을 현",181頁,181.14,23,,23,fire,0.5,jawon-low-confidence,,,
U+9870,顰,빈,찡그릴 빈,181頁,181.15,24,,24,fire,0.5,jawon-low-confidence,,,
U+9871,顱,로 노,머리뼈 로,181頁,181.16,25,,25,fire,0.5,jawon-low-confidence,,,
U+9873,顳,섭,귀밑 뼈 섭,181頁,181.18,27,,27,fire,0.5,jawon-low-confidence,,,
U+9874,顴,관,광대뼈 관,181頁,181.18,26,,27,fire,0.5,jawon-low-confidence,,,
U+98C6,飆,표,,182風,182.12,21,21,21,wood,0.8,hun-missing,,,
U+9996,首,수,"머리 수, 먼저 수, 비롯할 수, 임금 수, 향할 수, 자백할 수",185首,185.0,9,,9,water,0.6,jawon-low-confidence,,,
U+9997,馗,규,아홉거리 규,185首,185.2,11,,11,water,0.6,jawon-low-confidence,,,
U+9998,馘,괵,벨 괵,185首,185.8,17,,17,water,0.6,jawon-low-confidence,,,
U+999C,馜,니 이,,186香,186.5,14,14,14,wood,0.8,hun-missing,,,
U+999E,馞,발,,186香,186.7,16,16,16,wood,0.8,hun-missing,,,
U+999F,馟,도,,186香,186.7,16,16,16,wood,0.8,hun-missing,,,
U+99A1,馡,비,,186香,186.8,17,17,17,wood,0.8,hun-missing,,,
U+99A7,馧,온,,186香,186.10,18,19,19,wood,0.8,hun-missing,,,
U+99AA,馪,빈,,186香,186.14,23,23,23,wood,0.8,hun-missing,,,
U+99B6,馶,지,,187馬,187.4,14,14,14,fire,0.8,hun-missing,,,
U+99C4,駄,태,,187馬,187.4,14,14,14,fire,0.8,hun-missing,,,
U+99D8,駘,태,,187馬,187.5,15,15,15,fire,0.8,hun-missing,,,
U+99E8,駨,순,,187馬,187.6,16,16,16,fire,0.8,hun-missing,,,
U+99FA,駺,랑 량 낭 양,,187馬,187.7,17,17,17,fire,0.8,hun-missing,,,
U+9A24,騤,규,,187馬,187.9,19,19,19,fire,0.8,hun-missing,,,
U+9A4C,驌,숙,"좋은말 숙, 숙상말 숙",187馬,187.12,23,22,23,fire,0.8,won-total-exceeds-formula,,,
U+9A56,驖,철,,187馬,187.13,23,23,23,fire,0.8,hun-missing,,,
U+9AA8,骨,골,뼈 골,188骨,188.0,10,,10,metal,0.6,jawon-low-confidence,,,
U+9AAA,骪,위,,188骨,188.3,12,13,13,metal,0.6,hun-missing jawon-low-confidence,,,
U+9AB0,骰,투,주사위 투,188骨,188.4,13,,14,metal,0.6,jawon-low-confidence,,,
U+9AB8,骸,해,뼈 해,188骨,188.6,15,,16,metal,0.6,jawon-low-confidence,,,
U+9AB9,骹,교,,188骨,188.6,15,16,16,metal,0.6,hun-missing jawon-low-confidence,,,
U+9ABC,骼,격,"마른 뼈 격, 드러난 뼈 격, 짐승의 뼈 격",188骨,188.6,15,,16,metal,0.6,jawon-low-confidence,,,
U+9ABF,骿,변,통갈비 변,188骨,188.8,15,,18,metal,0.6,jawon-low-confidence,,,
U+9AC0,髀,비,넓적다리 비,188骨,188.8,17,,18,metal,0.6,jawon-low-confidence,,,
U+9AC6,髆,박,어깨쭉지 박,188骨,188.10,19,,20,metal,0.6,jawon-low-confidence,,,
U+9ACF,髏,루 누,해굴 루,188骨,188.11,20,,21,metal,0.6,jawon-low-confidence,,,
U+9AD1,髑,촉,해골 촉,188骨,188.13,22,,23,metal,0.6,jawon-low-confidence,,,
U+9AD3,髓,수,"뼛속 기름 수, 마음속 수, 뼈골 수",188骨,188.13,21,,23,metal,0.6,jawon-low-confidence,,,
U+9AD4,體,체,몸 체,188骨,188.13,22,,23,metal,0.6,jawon-low-confidence,,,
U+9AD6,髖,관,허리뼈 관,188骨,188.15,23,,25,metal,0.6,jawon-low-confidence,,,
U+9AD7,髗,로 노,해골 로,188骨,188.16,25,,26,metal,0.6,jawon-low-confidence,,,
U+9ADF,髟,표,"머리털 희뜩희뜩할 표, 깃발 날릴 표, 머리 늘일 표, 머리털이길게드리워진모양 표",190髟,190.0,10,,10,fire,0.6,jawon-low-confidence,,,
U+9AE1,髡,곤,머리 깍을 곤,190髟,190.3,13,,13,fire,0.6,jawon-low-confidence,,,
U+9AE3,髣,방,비슷할 방,190髟,190.4,14,,14,fire,0.6,jawon-low-confidence,,,
U+9AE5,髥,염,구레나룻 염,190髟,190.4,14,,14,fire,0.6,jawon-low-confidence,,,
U+9AE6,髦,모,다팔머리 모,190髟,190.4,14,,14,fire,0.6,jawon-low-confidence,,,
U+9AEB,髫,초,다박머리 초,190髟,190.5,15,,15,fire,0.6,jawon-low-confidence,,,
U+9AED,髭,자,코밑수염 자,190髟,190.5,16,15,16,fire,0.6,won-total-exceeds-formula jawon-low-confidence,,,
U+9AEE,髮,발,터럭 발,190髟,190.5,15,,15,fire,0.6,jawon-low-confidence,,,
U+9AF0,髰,체,,190髟,190.5,15,15,15,fire,0.6,hun-missing jawon-low-confidence,,,
U+9AF2,髲,피,"머리쓰개 피, 첩지 피",190髟,190.5,15,,15,fire,0.6,jawon-low-confidence,,,
U+9AF4,髴,불,비슷할 불,190髟,190.5,15,,15,fire,0.6,jawon-low-confidence,,,
U+9AF9,髹,휴,옻칠할 휴,190髟,190.6,16,,16,fire,0.6,jawon-low-confidence,,,
U+9AFA,髺,괄,머리 묶을 괄,190髟,190.6,16,,16,fire,0.6,jawon-low-confidence,,,
U+9AFB,髻,계,상투 계,190髟,190.6,16,,16,fire,0.6,jawon-low-confidence,,,
U+9AFD,髽,좌,북상투 좌,190髟,190.7,17,,17,fire,0.6,jawon-low-confidence,,,
U+9B05,鬅,붕,,190髟,190.8,18,18,18,fire,0.6,hun-missing jawon-low-confidence,,,
U+9B06,鬆,송,터럭 더부룩할 송,190髟,190.8,18,,18,fire,0.6,jawon-low-confidence,,,
U+9B0A,鬊,순,머리 풀어헤칠 순,190髟,190.9,19,,19,fire,0.6,jawon-low-confidence,,,
U+9B0B,鬋,전,"수염 깎을 전, 귀밑 털 드릴 전",190髟,190.9,19,,19,fire,0.6,jawon-low-confidence,,,
U+9B0D,鬍,호,수염 호,190髟,190.9,19,,19,fire,0.6,jawon-low-confidence,,,
U+9B10,鬐,기,갈기 기,190髟,190.10,20,,20,fire,0.6,jawon-low-confidence,,,
U+9B12,鬒,진,숱 많을 진,190髟,190.10,20,,20,fire,0.6,jawon-low-confidence,,,
U+9B16,鬖,삼,헝클어질 삼,190髟,190.11,21,,21,fire,0.6,jawon-low-confidence,,,
U+9B18,鬘,만,머리장식 만,190髟,190.11,21,,21,fire,0.6,jawon-low-confidence,,,
U+9B19,鬙,승,터럭 더부룩할 승,190髟,190.12,22,,22,fire,0.6,jawon-low-confidence,,,
U+9B1A,鬚,수,"턱수염 수, 아랫수염 수",190髟,190.12,22,,22,fire,0.6,jawon-low-confidence,,,
U+9B1F,鬟,환,쪽찐 머리 환,190髟,190.13,23,,23,fire,0.6,jawon-low-confidence,,,
U+9B22,鬢,빈,살쩍 빈,190髟,190.14,24,,24,fire,0.6,jawon-low-confidence,,,
U+9B23,鬣,렵 엽,갈기 렵,190髟,190.15,25,,25,fire,0.6,jawon-low-confidence,,,
U+9B27,鬧,뇨 요,시끄러울 뇨,191鬥,191.5,15,,15,metal,0.6,jawon-low-confidence,,,
U+9B28,鬨,홍,싸울 홍,191鬥,191.6,16,,16,metal,0.6,jawon-low-confidence,,,
U+9B29,鬩,혁,"송사할 혁, 싸울 혁",191鬥,191.8,18,,18,metal,0.6,jawon-low-confidence,,,
U+9B2A,鬪,투,싸움 투,191鬥,191.10,20,,20,metal,0.6,jawon-low-confidence,,,
U+9B2E,鬮,구,제비뽑을 구,191鬥,191.17,27,,27,metal,0.6,jawon-low-confidence,,,
U+9B2F,鬯,창,술,192鬯,192.0,10,,10,wood,0.6,jawon-low-confidence,,,
U+9B31,鬱,울,"향기로운 풀 울, 무성할 울",192鬯,192.19,29,,29,wood,0.6,jawon-low-confidence,,,
U+9B32,鬲,격,"오지병 격, 땅이름 격, 다리굽은솥 격",193鬲,193.0,10,,10,,,jawon-unclassified,,,
U+9B37,鬷,종,,193鬲,193.9,19,19,19,,,hun-missing jawon-unclassified,,,
U+9B3A,鬺,상,삶을 상,193鬲,193.11,21,,21,,,jawon-unclassified,,,
U+9B3C,鬼,귀,귀신 귀,194鬼,194.0,10,,10,fire,0.6,jawon-low-confidence,,,
U+9B41,魁,괴,"으뜸 괴, 괴수 괴",194鬼,194.4,13,,14,fire,0.6,jawon-low-confidence,,,
U+9B42,魂,혼,넋 혼,194鬼,194.4,14,,14,fire,0.6,jawon-low-confidence,,,
U+9B43,魃,발,가물 귀신 발,194鬼,194.5,14,,15,fire,0.6,jawon-low-confidence,,,
U+9B44,魄,백,넋 백,194鬼,194.5,15,,15,fire,0.6,jawon-low-confidence,,,
U+9B45,魅,매,도깨비 매,194鬼,194.5,14,,15,fire,0.6,jawon-low-confidence,,,
U+9B48,魈,소,산도깨비 소,194鬼,194.7,16,,17,fire,0.6,jawon-low-confidence,,,
U+9B4B,魋,추,북상투 추,194鬼,194.8,17,,18,fire,0.6,jawon-low-confidence,,,
U+9B4D,魍,망,도깨비 망,194鬼,194.8,17,,18,fire,0.6,jawon-low-confidence,,,
U+9B4E,魎,량 양,도깨비 량,194鬼,194.8,17,,18,fire,0.6,jawon-low-confidence,,,
U+9B4F,魏,위,"위나라 위, 대궐 위, 우뚝할 위",194鬼,194.8,18,,18,fire,0.6,jawon-low-confidence,,,
U+9B51,魑,리 이,도깨비 리,194鬼,194.11,19,,21,fire,0.6,jawon-low-confidence,,,
U+9B54,魔,마,마귀 마,194鬼,194.11,20,,21,fire,0.6,jawon-low-confidence,,,
U+9B58,魘,염,잠꼬대할 염,194鬼,194.14,23,,24,fire,0.6,jawon-low-confidence,,,
U+9B90,鮐,태,,195魚,195.5,16,16,16,water,0.9,hun-missing,,,
U+9C79,鱹,관,,195魚,195.18,28,29,29,water,0.9,hun-missing,,,
U+9CF7,鳷,지,,196鳥,196.4,15,15,15,fire,0.8,hun-missing,,,
U+9D0A,鴊,정,,196鳥,196.5,16,16,16,fire,0.8,hun-missing,,,
U+9D25,鴥,율,,196鳥,196.5,16,16,16,fire,0.8,hun-missing,,,
U+9D2F,鴯,이,,196鳥,196.6,17,17,17,fire,0.8,hun-missing,,,
U+9D41,鵁,교,,196鳥,196.6,17,17,17,fire,0.8,hun-missing,,,
U+9D5B,鵛,경,,196鳥,196.7,18,18,18,fire,0.8,hun-missing,,,
U+9D61,鵡,무,앵무새 무,196鳥,196.7,19,18,19,fire,0.8,won-total-exceeds-formula,,,
U+9D66,鵦,록 녹,,196鳥,196.8,19,19,19,fire,0.8,hun-missing,,,
U+9D7F,鵿,승,,196鳥,196.8,19,19,19,fire,0.8,hun-missing,,,
U+9D8A,鶊,경,,196鳥,196.8,19,19,19,fire,0.8,hun-missing,,,
U+9DA0,鶠,언,,196鳥,196.9,20,20,20,fire,0.8,hun-missing,,,
U+9DAC,鶬,창,,196鳥,196.10,21,21,21,fire,0.8,hun-missing,,,
U+9DB1,鶱,건,,196鳥,196.10,21,21,21,fire,0.8,hun-missing,,,
U+9DB5,鶵,추,,196鳥,196.10,21,21,21,fire,0.8,hun-missing,,,
U+9DEB,鷫,숙,숙상새 숙,196鳥,196.12,24,23,24,fire,0.8,won-total-exceeds-formula,,,
U+9DFA,鷺,로 노,해오라기 로,196鳥,196.12,24,23,24,fire,0.8,won-total-exceeds-formula,,,
U+9E03,鸃,의,,196鳥,196.13,24,24,24,fire,0.8,hun-missing,,,
U+9E0E,鸎,앵,,196鳥,196.14,25,25,25,fire,0.8,hun-missing,,,
U+9E1D,鸝,리 이(두음),,196鳥,196.19,30,30,30,fire,0.8,hun-missing,,,
U+9E75,鹵,로 노,"소금 로, 개펄 로",197鹵,197.0,11,,11,,,jawon-unclassified,,,
U+9E77,鹷,령 영,나이 령,197鹵,197.5,16,,16,,,jawon-unclassified,,,
U+9E79,鹹,함,짤 함,197鹵,197.9,20,,20,,,jawon-unclassified,,,
U+9E7A,鹺,차,,197鹵,197.10,20,21,21,,,hun-missing jawon-unclassified,,,
U+9E7B,鹻,감,,197鹵,197.10,21,21,21,,,hun-missing jawon-unclassified,,,
U+9E7D,鹽,염,"소금 염, 절일 염, 후렴 염",197鹵,197.13,24,,24,,,jawon-unclassified,,,
U+9E7F,鹿,록 녹,사슴 록,198鹿,198.0,11,,11,earth,0.6,jawon-low-confidence,,,
U+9E80,麀,우,암사슴 우,198鹿,198.2,13,,13,earth,0.6,jawon-low-confidence,,,
U+9E82,麂,궤,큰고라니 궤,198鹿,198.2,13,,13,earth,0.6,jawon-low-confidence,,,
U+9E88,麈,주,,198鹿,198.5,16,16,16,earth,0.6,hun-missing jawon-low-confidence,,,
U+9E8B,麋,미,"큰사슴 미, 부서질 미",198鹿,198.6,17,,17,earth,0.6,jawon-low-confidence,,,
U+9E8C,麌,우,숫사슴 우,198鹿,198.7,18,,18,earth,0.6,jawon-low-confidence,,,
U+9E8F,麏,균,고라니 균,198鹿,198.7,18,,18,earth,0.6,jawon-low-confidence,,,
U+9E91,麑,예,"아기사슴 예, 사자 예",198鹿,198.8,19,,19,earth,0.6,jawon-low-confidence,,,
U+9E92,麒,기,기린 기,198鹿,198.8,19,,19,earth,0.6,jawon-low-confidence,,,
U+9E93,麓,록 녹,"신기슭 록, 산기슭 록",198鹿,198.8,19,,19,earth,0.6,jawon-low-confidence,,,
U+9E96,麖,경,,198鹿,198.8,19,19,19,earth,0.6,hun-missing jawon-low-confidence,,,
U+9E97,麗,려 여,고울 려,198鹿,198.8,19,,19,earth,0.6,jawon-low-confidence,,,
U+9E98,麘,향,,198鹿,198.9,20,20,20,earth,0.6,hun-missing jawon-low-confidence,,,
U+9E9D,麝,사,사향노루 사,198鹿,198.10,21,,21,earth,0.6,jawon-low-confidence,,,
U+9E9E,麞,장,노루 장,198鹿,198.11,22,,22,earth,0.6,jawon-low-confidence,,,
U+9E9F,麟,린 인,기린 린,198鹿,198.12,23,,23,earth,0.6,jawon-low-confidence,,,
U+9EA4,麤,추,"성길 추, 클 추, 거칠 추",198鹿,198.22,33,,33,earth,0.6,jawon-low-confidence,,,
U+9EA5,麥,맥,보리 맥,199麥,199.0,11,,11,wood,0.6,jawon-low-confidence,,,
U+9EA9,麩,부,밀기울 부,199麥,199.4,15,,15,wood,0.6,jawon-low-confidence,,,
U+9EAA,麪,면,밀가루 면,199麥,199.4,15,,15,wood,0.6,jawon-low-confidence,,,
U+9EAF,麯,국,麴과 同字,199麥,199.6,17,,17,wood,0.6,jawon-low-confidence,,,
U+9EB4,麴,국,누룩 국,199麥,199.8,19,,19,wood,0.6,jawon-low-confidence,,,
U+9EB5,麵,면,"麪과 同字, 밀가루 면",199麥,199.9,20,,20,wood,0.6,jawon-low-confidence,,,
U+9EBB,麻,마,삼 마,200麻,200.0,11,,11,wood,0.6,jawon-low-confidence,,,
U+9EBD,麽,마,잘 마,200麻,200.3,14,,14,wood,0.6,jawon-low-confidence,,,
U+9EBE,麾,휘,대장기 휘,200麻,200.4,15,,15,wood,0.6,jawon-low-confidence,,,
U+9EEF,黯,암,어두울 암,203黑,203.9 180.12,21,21,21,water,0.8,multiple-radical-values,,,
U+9EFA,黺,분,옷에 오색 수 놓을 분,204黹,204.4,16,,16,,,jawon-unclassified,,,
U+9EFB,黻,불,수 불,204黹,204.5,17,,17,,,jawon-unclassified,,,
U+9EFC,黼,보,수 보,204黹,204.7,19,,19,,,jawon-unclassified,,,
U+9EFD,黽,민,"힘쓸 민, 맹꽁이 민",205黽,205.0,13,,13,earth,0.6,jawon-low-confidence,,,
U+9EFF,黿,원,큰 자라 원,205黽,205.4,17,,17,earth,0.6,jawon-low-confidence,,,
U+9F00,鼀,축,두꺼비 축,205黽,205.5,18,,18,earth,0.6,jawon-low-confidence,,,
U+9F02,鼂,조,朝와 同字,205黽,205.5,18,,18,earth,0.6,jawon-low-confidence,,,
U+9F04,鼄,주,거미 주,205黽,205.6,19,,19,earth,0.6,jawon-low-confidence,,,
U+9F07,鼇,오,매우 큰 자라 오,205黽,205.10,23,,23,earth,0.6,jawon-low-confidence,,,
U+9F08,鼈,별,자라 별,205黽,205.12,24,,25,earth,0.6,jawon-low-confidence,,,
U+9F09,鼉,타,자라 타,205黽,205.12,25,,25,earth,0.6,jawon-low-confidence,,,
U+9F0A,鼊,벽,거북 벽,205黽,205.13,26,,26,earth,0.6,jawon-low-confidence,,,
U+9F0E,鼎,정,"솥 정, 바야흐로 정, 새로울 정",206鼎,206.0,13,,13,fire,0.6,jawon-low-confidence,,,
U+9F10,鼐,내,가마솥 내,206鼎,206.2,14,,15,fire,0.6,jawon-low-confidence,,,
U+9F13,鼓,고,북 고,207鼓,207.0,13,,13,metal,0.6,jawon-low-confidence,,,
U+9F14,鼔,고,,207鼓,207.0,13,13,13,metal,0.6,hun-missing jawon-low-confidence,,,
U+9F17,鼗,도,땡땡이 도,207鼓,207.6,19,,19,metal,0.6,jawon-low-confidence,,,
U+9F19,鼙,비,마상북 비,207鼓,207.8,21,,21,metal,0.6,jawon-low-confidence,,,
U+9F20,鼠,서,쥐 서,208鼠,208.0,13,,13,water,0.6,jawon-low-confidence,,,
U+9F22,鼢,분,두더지 분,208鼠,208.4,17,,17,water,0.6,jawon-low-confidence,,,
U+9F2B,鼫,석,석서 석,208鼠,208.5,18,,18,water,0.6,jawon-low-confidence,,,
U+9F2C,鼬,유,"청서 유, 족제비 유",208鼠,208.5,18,,18,water,0.6,jawon-low-confidence,,,
U+9F2F,鼯,오,날다람쥐 오,208鼠,208.7,20,,20,water,0.6,jawon-low-confidence,,,
U+9F34,鼴,언,"두더쥐 언, 소 같은 큰 쥐 언",208鼠,208.9,22,,22,water,0.6,jawon-low-confidence,,,
U+9F38,鼸,겸,두더쥐 겸,208鼠,208.10,23,,23,water,0.6,jawon-low-confidence,,,
U+9F39,鼹,언,鼴과 同字,208鼠,208.10,23,,23,water,0.6,jawon-low-confidence,,,
U+9F3B,鼻,비,코 비,209鼻,209.0,14,,14,,,jawon-unclassified,,,
U+9F3E,鼾,한,코골 한,209鼻,209.3,17,,17,,,jawon-unclassified,,,
U+9F4A,齊,제,가지런할 제,210齊,210.0,14,,14,earth,0.6,jawon-low-confidence,,,
U+9F4B,齋,재,"재계할 재, 집 재",210齊,210.3,17,,17,earth,0.6,jawon-low-confidence,,,
U+9F4E,齎,재,"탄식할 재, 쌀 재, 가질 재",210齊,210.7,21,,21,earth,0.6,jawon-low-confidence,,,
U+9F52,齒,치,"이 치, 나이 치, 같을 치",211齒,211.0,15,,15,metal,0.6,jawon-low-confidence,,,
U+9F55,齕,흘,깨물 흘,211齒,211.3,18,,18,metal,0.6,jawon-low-confidence,,,
U+9F57,齗,은,"잇몸 은, 말다툼할 은, 미워할 은",211齒,211.4,19,,19,metal,0.6,jawon-low-confidence,,,
U+9F5F,齟,저,이 어긋날 저,211齒,211.5,20,,20,metal,0.6,jawon-low-confidence,,,
U+9F60,齠,초,이를 갈 초,211齒,211.5,20,,20,metal,0.6,jawon-low-confidence,,,
U+9F61,齡,령 영,나이 령,211齒,211.5,20,,20,metal,0.6,jawon-low-confidence,,,
U+9F66,齦,간,물을 간,211齒,211.6,21,,21,metal,0.6,jawon-low-confidence,,,
U+9F67,齧,설,"물 설, 씹을 설",211齒,211.6,21,,21,metal,0.6,jawon-low-confidence,,,
U+9F69,齩,교,,211齒,211.6,21,21,21,metal,0.6,hun-missing jawon-low-confidence,,,
U+9F6A,齪,착,"악착할 착, 악착같을 착",211齒,211.7,22,,22,metal,0.6,jawon-low-confidence,,,
U+9F6B,齫,곤,이 빠질 곤,211齒,211.7,22,,22,metal,0.6,jawon-low-confidence,,,
U+9F6C,齬,어,이 어긋날 어,211齒,211.7,22,,22,metal,0.6,jawon-low-confidence,,,
U+9F72,齲,우,충치 우,211齒,211.9,24,,24,metal,0.6,jawon-low-confidence,,,
U+9F76,齶,악,잇몸 악,211齒,211.9,24,,24,metal,0.6,jawon-low-confidence,,,
U+9F77,齷,악,"악착할 악, 악착같을 악",211齒,211.9,24,,24,metal,0.6,jawon-low-confidence,,,
U+9F90,龐,방,"어지러울 방, 흑백의 잡색 방",53广,53.16 212.3,19,19,19,wood,0.7,multiple-radical-values,,,
U+9F91,龑,엄,,212龍,212.4,20,20,20,earth,0.8,hun-missing,,,
U+9F9C,龜,구 귀 균,"나라 이름 구, 거북 구",213龜,213.0,16,,16,water,0.6,jawon-low-confidence,,,
U+9F9D,龝,추,秋의 古字,213龜,213.5,22,21,22,water,0.6,won-total-exceeds-formula jawon-low-confidence,,,
U+9FA0,龠,약,피리 약,214龠,214.0,17,,17,fire,0.6,jawon-low-confidence,,,
U+9FA2,龢,화,풍류 조화될 화,214龠,214.5,22,,22,fire,0.6,jawon-low-confidence,,,
U+9FA4,龤,해,,214龠,214.9,26,26,26,fire,0.6,hun-missing jawon-low-confidence,,,
U+9FA5,龥,유,부르짖을 유,214龠,214.9,26,,26,fire,0.6,jawon-low-confidence,,,
U+200D7,𠃗,울,,5乙,5.3,4,4,4,wood,0.6,hun-missing jawon-low-confidence,,,
U+2012C,𠄬,조,,7二,7.6,8,8,8,,,hun-missing jawon-unclassified,,,
U+205CA,𠗊,경,,15冫,15.7,9,9,9,water,0.9,hun-missing,,,
U+20984,𠦄,훼,,24十,24.4,6,6,6,water,0.6,hun-missing jawon-low-confidence,,,
U+2128D,𡊍,술,,32土,32.5,8,8,8,earth,0.9,hun-missing,,,
U+21594,𡖔,나,,36夕,36.7,10,10,10,water,0.8,hun-missing,,,
U+21727,𡜧,세,,38女,38.6,9,9,9,earth,0.9,hun-missing,,,
U+21F5C,𡽜,한,,46山,46.14,17,17,17,earth,0.9,hun-missing,,,
U+224B0,𢒰,욱,,59彡,59.13,16,16,16,wood,0.6,hun-missing jawon-low-confidence,,,
U+224ED,𢓭,준,,60彳,60.7,10,10,10,fire,0.9,hun-missing,,,
U+2294F,𢥏,영,,61心,61.17,20,21,21,fire,0.9,hun-missing,,,
U+22C6F,𢱯,람 남,,64手,64.10,13,14,14,wood,0.9,hun-missing,,,
U+22EE0,𢻠,리 이,,65支,65.12,16,16,16,earth,0.6,hun-missing jawon-low-confidence,,,
U+230FD,𣃽,나,,70方,70.8,12,12,12,earth,0.6,hun-missing jawon-low-confidence,,,
U+23343,𣍃,인,,73曰,73.10,14,14,14,fire,0.5,hun-missing jawon-low-confidence,,,
U+2363B,𣘻,다,,75木,75.11,15,15,15,wood,0.9,hun-missing,,,
U+23AD9,𣫙,예,,79殳,79.15,19,19,19,metal,0.6,hun-missing jawon-low-confidence,,,
U+242F1,𤋱,훈,,86火,86.9,13,13,13,fire,0.9,hun-missing,,,
U+2439D,𤎝,안,,86火,86.12,16,16,16,fire,0.9,hun-missing,,,
U+248F0,𤣰,보,,96玉,96.3,7,8,8,metal,0.7,hun-missing,,,
U+24A01,𤨁,진,,96玉,96.10,14,15,15,metal,0.7,hun-missing,,,
U+24A12,𤨒,은,,96玉,96.10,14,15,15,metal,0.7,hun-missing,,,
U+25055,𥁕,온,,108皿,108.5,10,10,10,earth,0.6,hun-missing jawon-low-confidence,,,
U+2533E,𥌾,응,,109目,109.17,22,22,22,wood,0.9,hun-missing,,,
U+253B5,𥎵,지,,111矢,111.5,10,10,10,metal,0.8,hun-missing,,,
U+253FE,𥏾,지,,111矢,111.11,16,16,16,metal,0.8,hun-missing,,,
U+25832,𥠲,률 율,,115禾,115.10,15,15,15,wood,0.9,hun-missing,,,
U+2583A,𥠺,온,,115禾,115.10,15,15,15,wood,0.9,hun-missing,,,
U+25874,𥡴,계,,115禾,115.11,16,16,16,wood,0.9,hun-missing,,,
U+25978,𥥸,다,,116穴,116.7,12,12,12,earth,0.5,hun-missing jawon-low-confidence,,,
U+25B97,𥮗,국,,118竹,118.8,14,14,14,wood,0.9,hun-missing,,,
U+25E44,𥹄,미,,119米,119.5,11,11,11,wood,0.9,hun-missing,,,
U+26057,𦁗,섭,,120糸,120.8,14,14,14,wood,0.9,hun-missing,,,
U+265A4,𦖤,성,,128耳,128.9,15,15,15,fire,0.6,hun-missing jawon-low-confidence,,,
U+267D8,𦟘,인,,130肉,130.11,15,17,17,water,0.6,hun-missing jawon-low-confidence,,,
U+275FF,𧗿,솔,,144行,144.11,17,17,17,fire,0.6,hun-missing jawon-low-confidence,,,
U+27625,𧘥,뉴 유,,145衣,145.4,9,10,10,wood,0.9,hun-missing,,,
U+27A51,𧩑,서,,149言,149.8,15,15,15,metal,0.9,hun-missing,,,
U+27B02,𧬂,하,,149言,149.12,19,19,19,metal,0.9,hun-missing,,,
U+27E7D,𧹽,혁,,155赤,155.14,21,21,21,fire,0.8,hun-missing,,,
U+27F1B,𧼛,래 내,,156走,156.8,15,15,15,fire,0.6,hun-missing jawon-low-confidence,,,
U+283F6,𨏶,련 연,,159車,159.19,26,26,26,fire,0.7,hun-missing,,,
U+284DC,𨓜,일,,162辵,162.7,10,14,14,earth,0.9,hun-missing,,,
U+28D8A,𨶊,준,,169門,169.10,18,18,18,wood,0.6,hun-missing jawon-low-confidence,,,
U+28DA1,𨶡,은,,169門,169.11,19,19,19,wood,0.6,hun-missing jawon-low-confidence,,,
U+291D5,𩇕,정,,174靑,174.3,11,11,11,wood,0.8,hun-missing,,,
U+291E3,𩇣,슬,,174靑,174.13,21,21,21,wood,0.8,hun-missing,,,
U+294DE,𩓞,정,,181頁,181.8,17,17,17,fire,0.5,hun-missing jawon-low-confidence,,,
U+29509,𩔉,민,,181頁,181.9,18,18,18,fire,0.5,hun-missing jawon-low-confidence,,,
U+2983B,𩠻,별,,186香,186.4,13,13,13,wood,0.8,hun-missing,,,
U+2A2AD,𪊭,린 인,,198鹿,198.6,17,17,17,earth,0.6,hun-missing jawon-low-confidence,,,
U+2A4D0,𪓐,초,,204黹,204.11,23,23,23,,,hun-missing jawon-unclassified,,,
U+2A664,𪙤,은,,211齒,211.12,27,27,27,metal,0.6,hun-missing jawon-low-confidence,,,
U+2C115,𬄕,집,,75木,75.11,15,15,15,wood,0.9,hun-missing,,,
U+2C7D3,𬟓,훈,,140艸,140.16,18,22,22,wood,0.9,hun-missing,,,
U+2E569,𮕩,쇠,,145衣,145.4,10,10,10,wood,0.9,hun-missing,,,
U+30729,𰜩,은,,85水,85.10,13,14,14,water,0.9,hun-missing,,,
