url,initialStatus,status,indexable,canonical,title,headings,bodyChars,noJsBodyChars,streamingRequiresJs,articlePresent,author,datePublished,dateModified,locale,inSitemap,classification,classificationConfirmed,risk,action,gscClicks,gscImpressions,gscPeriod,backlinks
"https://code-destiny.com/","200","200","true","https://code-destiny.com/","무료 사주·타로·궁합·자미두수 운세 | 꿀꿀운세 CODE DESTINY","[{""level"":""h2"",""text"":""🌸 운명의 꽃 아틀리에""},{""level"":""h3"",""text"":""연꽃""},{""level"":""h2"",""text"":""다시 내 편에 서는 타로""},{""level"":""h3"",""text"":""5카드 스프레드 · 흔들린 마음에서 나의 기준으로""},{""level"":""h2"",""text"":""✨ 다시 세워지는 나의 기준""},{""level"":""h2"",""text"":""달빛처럼 조용한 쿠키 안내""},{""level"":""h1"",""text"":""오늘의 운세부터 여섯 체계를 함께 읽는 초융합운세까지""},{""level"":""h2"",""text"":""무료로 바로 시작하기""},{""level"":""h2"",""text"":""전체 서비스 검색""},{""level"":""h2"",""text"":""필요한 서비스를 찾아보세요""},{""level"":""h2"",""text"":""오늘의 운세""},{""level"":""h2"",""text"":""운기·기일 다이어리와 나의 운세 플래너""},{""level"":""h2"",""text"":""지금 가장 궁금한 건 무엇인가요?""},{""level"":""h2"",""text"":""오늘의 한마디부터 여섯 체계의 깊은 리딩까지""},{""level"":""h2"",""text"":""대표 운명 상담""},{""level"":""h2"",""text"":""CODE DESTINY 전문가의 특별한 경험""},{""level"":""h2"",""text"":""카카오 공유 이벤트""},{""level"":""h3"",""text"":""5,000원 리딩 두 번이면, 9,900원 이용권이 더 쌉니다""},{""level"":""h2"",""text"":""더 둘러보기""},{""level"":""h2"",""text"":""이용자 후기""},{""level"":""h2"",""text"":""무료 사주 풀이부터 자미두수·숙요점·베다점까지, 이렇게 읽습니다""},{""level"":""h3"",""text"":""사주팔자·만세력""},{""level"":""h3"",""text"":""타로 리딩""},{""level"":""h3"",""text"":""자미두수""},{""level"":""h3"",""text"":""점성술 (서양·베다점)""},{""level"":""h3"",""text"":""숙요점""},{""level"":""h3"",""text"":""궁합""},{""level"":""h2"",""text"":""종합 운세의 꽃문 열기""},{""level"":""h2"",""text"":""왜 Code Destiny인가""},{""level"":""h2"",""text"":""더 많은 운세가 궁금하다면""},{""level"":""h2"",""text"":""당신에게 맞는 운세를 선택하세요""},{""level"":""h2"",""text"":""서비스를 함께 만들어 주세요.""},{""level"":""h3"",""text"":""관상 & 심볼 컬렉션""},{""level"":""h2"",""text"":""명상 컬렉션""},{""level"":""h2"",""text"":""타로 리딩 컬렉션""},{""level"":""h3"",""text"":""신탁 & 점술 컬렉션""},{""level"":""h3"",""text"":""코즈믹 & 별자리 컬렉션""},{""level"":""h3"",""text"":""운명의 꽃 & 해몽 컬렉션""},{""level"":""h3"",""text"":""VVIP 운명 서고""},{""level"":""h3"",""text"":""기타 점술 컬렉션""},{""level"":""h2"",""text"":""자주 찾는 운세는 문라이트 패스로 더 편안하게 이어가요""},{""level"":""h2"",""text"":""무의식의 마법 상점: 드림 타로""},{""level"":""h3"",""text"":""드림 타로""},{""level"":""h2"",""text"":""정신분석 해몽 보고서""},{""level"":""h2"",""text"":""거북점 — 천기(天機) 신탁""},{""level"":""h3"",""text"":""나의 운명 카드 필요""},{""level"":""h3"",""text"":""출생 정보 필요""},{""level"":""h3"",""text"":""✨ 서양 점성술 기본 출생차트""},{""level"":""h3"",""text"":""나의 운명 카드 필요""},{""level"":""h2"",""text"":""우리는 무슨 사이?""},{""level"":""h3"",""text"":""카드를 순서대로 열어 관계의 온도를 확인하세요""},{""level"":""h2"",""text"":""🌙 우리 사이의 온도와 속도""},{""level"":""h2"",""text"":""다시 닿기 전, 무엇을 지켜야 할까?""},{""level"":""h3"",""text"":""남은 온기에서 지켜야 할 기준까지, 등대의 빛을 순서대로 열어보세요""},{""level"":""h2"",""text"":""🌌 관계 회복 등대 리딩""},{""level"":""h2"",""text"":""한 해의 결을 여는 12장의 카드""},{""level"":""h3"",""text"":""열두 달의 카드를 여는 중입니다""},{""level"":""h2"",""text"":""십이지신 천운 타로 · 1년의 방향서""},{""level"":""h3"",""text"":""1月 상세 운세""},{""level"":""h2"",""text"":""✨ 수호 동물의 메시지""},{""level"":""h2"",""text"":""THE ORACLE OF KEMET""},{""level"":""h3"",""text"":""𓂀 십이 주신 황금 오라클""},{""level"":""h2"",""text"":""홈 화면에 앱으로 담아 두세요""},{""level"":""h2"",""text"":""""},{""level"":""h3"",""text"":""흰빛과 검은빛의 태극이 명식의 중심을 비춥니다""},{""level"":""h3"",""text"":""오늘의 코스믹 라이프 가이드""},{""level"":""h3"",""text"":""🌸 사주 명식 (四柱命式) FREE""},{""level"":""h3"",""text"":""""},{""level"":""h2"",""text"":""운명의 큰 흐름을 읽는 심층 해석 2종 세트""},{""level"":""h3"",""text"":""대운 (大運) 분석""},{""level"":""h3"",""text"":""종합 사주 풀이""},{""level"":""h3"",""text"":""궁합 분석""},{""level"":""h3"",""text"":""🔮 대운 (大運) — 억부+조후+종격 통합 판단 PREMIUM""},{""level"":""h3"",""text"":""📖 종합 사주 풀이 PREMIUM""},{""level"":""h3"",""text"":""🔆 오늘의 운세 & 이달의 운세""},{""level"":""h3"",""text"":""💞 궁합 보기 (연애 · 사업 · 친구) PREMIUM""},{""level"":""h3"",""text"":""✨ 나와 영혼의 쌍둥이 연예인은?""},{""level"":""h3"",""text"":""📸 사주네컷 운명 필터 ON""},{""level"":""h3"",""text"":""🧠 나는 도파민 중독일까?""},{""level"":""h3"",""text"":""✦ 재미있는 사주 콘텐츠""},{""level"":""h3"",""text"":""⚡ 퀀텀 명리 전략 리포트 — 전문 v3 판정""},{""level"":""h3"",""text"":""💀 요주의 빌런 블랙리스트""},{""level"":""h3"",""text"":""🎮 사주 RPG 캐릭터 — 運命 클래스 시트""},{""level"":""h3"",""text"":""🧭 에너지 원정 리포트 — 사주 맞춤 에너지 좌표""},{""level"":""h3"",""text"":""명리 헬스 리포트""},{""level"":""h3"",""text"":""🎱 퀀텀 로또 리포트 — 수리 에너지 공명 번호""},{""level"":""h3"",""text"":""𓂀 고대 이집트 오라클 (Eye of Horus)""},{""level"":""h3"",""text"":""🧬 사주로 보는 테토 VS 에겐 테스트""},{""level"":""h3"",""text"":""The Frozen Logic — 극T 테스트""},{""level"":""h2"",""text"":""인생의 책 전문가 상담""},{""level"":""h2"",""text"":""연애 비책 전문가 상담""},{""level"":""h2"",""text"":""신년운세 전문가 상담""},{""level"":""h2"",""text"":""⚡ 시빌라 시스템""},{""level"":""h2"",""text"":""⚡ DESTINY SCANNER""},{""level"":""h3"",""text"":""💖 연이의 편지""},{""level"":""h3"",""text"":""📤 사주 결과 공유하기""},{""level"":""h2"",""text"":""ESFJ와 다른 MBTI 궁합""}]","10976","10976","false","false","미확인","미확인","미확인","ko","true","B","false","[]","protect observed traffic; improve before any indexing change","21","194","{""from"":""2026-06-07"",""to"":""2026-09-06""}","미확인"
"https://code-destiny.com/about","308","200","true","https://code-destiny.com/about/","Code Destiny 소개 | 무료 운세 플랫폼","[{""level"":""h1"",""text"":""Code Destiny 소개""},{""level"":""h2"",""text"":""우리가 만들고 싶은 것""},{""level"":""h2"",""text"":""제공 서비스""},{""level"":""h2"",""text"":""다루는 운세 체계""},{""level"":""h2"",""text"":""콘텐츠는 이렇게 만듭니다""},{""level"":""h2"",""text"":""만드는 사람과 책임""},{""level"":""h2"",""text"":""운영 원칙""},{""level"":""h2"",""text"":""무료와 유료""},{""level"":""h2"",""text"":""운세 서비스 둘러보기""},{""level"":""h2"",""text"":""이용권·단건 결제·월정석의 차이""},{""level"":""h2"",""text"":""디지털 콘텐츠 환불 기준""},{""level"":""h2"",""text"":""관련 문서""}]","3677","3677","false","false","미확인","미확인","미확인","ko","false","D","true","[]","verify existing disposition","미확인","미확인","미확인","미확인"
"https://code-destiny.com/about/","200","200","true","https://code-destiny.com/about/","Code Destiny 소개 | 무료 운세 플랫폼","[{""level"":""h1"",""text"":""Code Destiny 소개""},{""level"":""h2"",""text"":""우리가 만들고 싶은 것""},{""level"":""h2"",""text"":""제공 서비스""},{""level"":""h2"",""text"":""다루는 운세 체계""},{""level"":""h2"",""text"":""콘텐츠는 이렇게 만듭니다""},{""level"":""h2"",""text"":""만드는 사람과 책임""},{""level"":""h2"",""text"":""운영 원칙""},{""level"":""h2"",""text"":""무료와 유료""},{""level"":""h2"",""text"":""운세 서비스 둘러보기""},{""level"":""h2"",""text"":""이용권·단건 결제·월정석의 차이""},{""level"":""h2"",""text"":""디지털 콘텐츠 환불 기준""},{""level"":""h2"",""text"":""관련 문서""}]","3677","3677","false","false","미확인","미확인","미확인","ko","true","B","false","[]","retain pending evidence review; no automatic deletion","0","13","{""from"":""2026-06-07"",""to"":""2026-09-06""}","미확인"
"https://code-destiny.com/account/delete","308","200","false","https://code-destiny.com/account/delete/","계정 삭제 안내 | Code Destiny","[{""level"":""h1"",""text"":""계정 삭제 안내""},{""level"":""h2"",""text"":""1. 삭제 절차""},{""level"":""h2"",""text"":""2. 삭제되는 데이터""},{""level"":""h2"",""text"":""3. 법령에 따라 보관되는 데이터""},{""level"":""h2"",""text"":""4. 삭제 전에 확인할 점""},{""level"":""h2"",""text"":""5. 계정에 로그인할 수 없는 경우""},{""level"":""h2"",""text"":""6. 삭제가 완료된 뒤""},{""level"":""h2"",""text"":""계정 삭제 진행""},{""level"":""h2"",""text"":""핵심 운세""},{""level"":""h2"",""text"":""타로 리딩""},{""level"":""h2"",""text"":""신탁 & 특화""},{""level"":""h2"",""text"":""추천 가이드""},{""level"":""h2"",""text"":""디지털 운세 서비스 환불 안내""},{""level"":""h2"",""text"":""면책 고지""},{""level"":""h2"",""text"":""사업자 정보""}]","1938","0","true","false","미확인","미확인","미확인","ko","false","D","true","[]","verify existing disposition","미확인","미확인","미확인","미확인"
"https://code-destiny.com/account/phone","308","200","false","https://code-destiny.com/account/phone/","휴대폰 번호 변경","[{""level"":""h2"",""text"":""핵심 운세""},{""level"":""h2"",""text"":""타로 리딩""},{""level"":""h2"",""text"":""신탁 & 특화""},{""level"":""h2"",""text"":""추천 가이드""},{""level"":""h2"",""text"":""디지털 운세 서비스 환불 안내""},{""level"":""h2"",""text"":""면책 고지""},{""level"":""h2"",""text"":""사업자 정보""}]","0","0","true","false","미확인","미확인","미확인","ko","false","D","true","[]","verify existing disposition","미확인","미확인","미확인","미확인"
"https://code-destiny.com/ads.txt","미확인","200","미확인","미확인","미확인","미확인","미확인","미확인","미확인","미확인","미확인","미확인","미확인","미확인","미확인","미확인","미확인","미확인","미확인","미확인","미확인","미확인","미확인"
"https://code-destiny.com/advertising-policy/","200","200","true","https://code-destiny.com/advertising-policy/","Advertising Policy | 광고 운영정책 — Code Destiny","[{""level"":""h1"",""text"":""광고 운영정책 (Advertising Policy)""},{""level"":""h2"",""text"":""1. 기본 원칙 / Core Principles""},{""level"":""h2"",""text"":""2. 광고 유형 / Types of Advertising""},{""level"":""h2"",""text"":""3. 광고/제휴 표기 원칙 / Ad and Affiliate Disclosure""},{""level"":""h2"",""text"":""4. 편집 독립성 / Editorial Independence""},{""level"":""h2"",""text"":""5. 데이터 및 맞춤 광고 / Data and Personalized Ads""},{""level"":""h2"",""text"":""6. 제한 또는 거부 대상 광고 / Restricted or Rejected Ads""},{""level"":""h2"",""text"":""7. 결과 보장 부인 / No Guarantee of Outcomes""},{""level"":""h2"",""text"":""8. 정책 업데이트 및 문의 / Updates and Contact""},{""level"":""h2"",""text"":""핵심 운세""},{""level"":""h2"",""text"":""타로 리딩""},{""level"":""h2"",""text"":""신탁 & 특화""},{""level"":""h2"",""text"":""추천 가이드""},{""level"":""h2"",""text"":""디지털 운세 서비스 환불 안내""},{""level"":""h2"",""text"":""면책 고지""},{""level"":""h2"",""text"":""사업자 정보""}]","2157","0","true","false","미확인","미확인","미확인","ko","true","B","false","[]","retain pending evidence review; no automatic deletion","미확인","미확인","미확인","미확인"
"https://code-destiny.com/animal/mbti/","200","200","true","https://code-destiny.com/animal/mbti/","MBTI 궁합 무료 보는 곳 | 16유형 관계 케미 동물 궁합","[{""level"":""h1"",""text"":""MBTI 궁합 — 16유형 동물 케미""},{""level"":""h2"",""text"":""핵심 포인트""},{""level"":""h2"",""text"":""MBTI 궁합을 관계 기술로 바꾸는 6단계""},{""level"":""h3"",""text"":""1. MBTI 궁합은 성격 판정이 아니라 소통 지도입니다""},{""level"":""h3"",""text"":""2. 동물 비유는 복잡한 유형 차이를 쉽게 설명합니다""},{""level"":""h3"",""text"":""3. 궁합 점수보다 갈등 트리거를 먼저 확인하세요""},{""level"":""h3"",""text"":""4. 연애·우정·협업은 같은 조합도 작동이 다릅니다""},{""level"":""h3"",""text"":""5. 좋은 궁합도 운영 규칙 없이는 쉽게 흔들립니다""},{""level"":""h3"",""text"":""6. 결과를 대화 스크립트로 바꿔보세요""},{""level"":""h2"",""text"":""핵심 운세""},{""level"":""h2"",""text"":""타로 리딩""},{""level"":""h2"",""text"":""신탁 & 특화""},{""level"":""h2"",""text"":""추천 가이드""},{""level"":""h2"",""text"":""디지털 운세 서비스 환불 안내""},{""level"":""h2"",""text"":""면책 고지""},{""level"":""h2"",""text"":""사업자 정보""}]","1409","0","true","false","미확인","미확인","미확인","ko","true","B","false","[]","retain pending evidence review; no automatic deletion","미확인","미확인","미확인","미확인"
"https://code-destiny.com/astrology-ai/","200","200","false","https://code-destiny.com/astrology-ai/","점성술 전문가 상담 | Code Destiny","[]","0","0","false","false","미확인","미확인","미확인","ko","false","C","true","[]","verify existing disposition","미확인","미확인","미확인","미확인"
"https://code-destiny.com/astrology/","200","200","true","https://code-destiny.com/astrology/","무료 점성술 운세 사이트 | 출생차트·별자리 운세 무료 보기","[{""level"":""h1"",""text"":""무료 점성술 운세 — 출생차트로 보는 별자리""},{""level"":""h2"",""text"":""사용 방법""},{""level"":""h2"",""text"":""제공 결과""},{""level"":""h2"",""text"":""출생차트의 세 축 — 태양·달·상승점""},{""level"":""h2"",""text"":""열두 하우스와 행성 — 영역과 힘의 배치""},{""level"":""h2"",""text"":""어스펙트와 트랜싯 — 관계와 시기""},{""level"":""h2"",""text"":""주의와 면책""},{""level"":""h2"",""text"":""관련 기능""},{""level"":""h2"",""text"":""자주 묻는 질문""},{""level"":""h2"",""text"":""핵심 운세""},{""level"":""h2"",""text"":""타로 리딩""},{""level"":""h2"",""text"":""신탁 & 특화""},{""level"":""h2"",""text"":""추천 가이드""},{""level"":""h2"",""text"":""디지털 운세 서비스 환불 안내""},{""level"":""h2"",""text"":""면책 고지""},{""level"":""h2"",""text"":""사업자 정보""}]","2649","0","true","false","미확인","미확인","미확인","ko","true","B","false","[]","retain pending evidence review; no automatic deletion","미확인","미확인","미확인","미확인"
"https://code-destiny.com/astrology/cosmic/","200","200","true","https://code-destiny.com/astrology/cosmic/","점성술 코즈믹 차트 - 태양·달·상승궁 분석","[{""level"":""h1"",""text"":""점성술 코즈믹 차트""},{""level"":""h2"",""text"":""핵심 포인트""},{""level"":""h2"",""text"":""코즈믹 차트를 현실에 연결하는 6개 관점""},{""level"":""h3"",""text"":""1. 태양궁은 목표, 달궁은 회복, 상승궁은 표현입니다""},{""level"":""h3"",""text"":""2. 하우스는 사건의 무대, 행성은 행동의 배우입니다""},{""level"":""h3"",""text"":""3. 각은 긴장 신호가 아니라 조정 포인트입니다""},{""level"":""h3"",""text"":""4. 트랜짓은 이벤트 예언보다 준비 체크리스트에 가깝습니다""},{""level"":""h3"",""text"":""5. 궁합은 케미 점수보다 소통 번역 능력을 봅니다""},{""level"":""h3"",""text"":""6. 코즈믹 해석은 주간 실험으로 완성됩니다""},{""level"":""h2"",""text"":""핵심 운세""},{""level"":""h2"",""text"":""타로 리딩""},{""level"":""h2"",""text"":""신탁 & 특화""},{""level"":""h2"",""text"":""추천 가이드""},{""level"":""h2"",""text"":""디지털 운세 서비스 환불 안내""},{""level"":""h2"",""text"":""면책 고지""},{""level"":""h2"",""text"":""사업자 정보""}]","1471","0","true","false","미확인","미확인","미확인","ko","true","B","false","[]","retain pending evidence review; no automatic deletion","미확인","미확인","미확인","미확인"
"https://code-destiny.com/astrology/guide/","200","200","true","https://code-destiny.com/astrology/guide/","서양 점성술 기본 구조 | Code Destiny","[{""level"":""h1"",""text"":""서양 점성술 기본 구조""},{""level"":""h2"",""text"":""점성술이 살피는 것""},{""level"":""h2"",""text"":""필요한 입력값""},{""level"":""h2"",""text"":""어떤 때 참고하면 좋은가""},{""level"":""h2"",""text"":""무료와 유료 범위""},{""level"":""h2"",""text"":""해석 흐름""},{""level"":""h2"",""text"":""결과에서 확인할 수 있는 항목""},{""level"":""h2"",""text"":""짧은 예시 리딩""},{""level"":""h2"",""text"":""해석 시 주의할 점""},{""level"":""h2"",""text"":""출생시간을 모르면 점성술 차트를 볼 수 없나요?""},{""level"":""h2"",""text"":""태양별자리만으로 성격을 알 수 있나요?""},{""level"":""h2"",""text"":""나쁜 애스펙트가 있으면 불운한가요?""},{""level"":""h2"",""text"":""내 출생차트를 그려 보세요""},{""level"":""h2"",""text"":""핵심 운세""},{""level"":""h2"",""text"":""타로 리딩""},{""level"":""h2"",""text"":""신탁 & 특화""},{""level"":""h2"",""text"":""추천 가이드""},{""level"":""h2"",""text"":""디지털 운세 서비스 환불 안내""},{""level"":""h2"",""text"":""면책 고지""},{""level"":""h2"",""text"":""사업자 정보""}]","1430","0","true","true","{""@type"":""Person"",""@id"":""https://code-destiny.com/#author"",""name"":""박병하"",""jobTitle"":""명리학자"",""description"":""10년 경력의 명리학자. Code Destiny 가 공개하는 사주·운세 콘텐츠의 최종 검수 책임자입니다."",""knowsAbout"":[""사주"",""명리학"",""만세력"",""자미두수"",""숙요점""],""url"":""https://code-destiny.com/about"",""worksFor"":{""@type"":""Organization"",""@id"":""https://code-destiny.com/#organization"",""name"":""CODE DESTINY""}}","2026-06-21","2026-09-06","ko","true","B","false","[""editorial-review-required""]","retain pending evidence review; no automatic deletion","미확인","미확인","미확인","미확인"
"https://code-destiny.com/calendar/guide/","200","200","true","https://code-destiny.com/calendar/guide/","운세 달력과 일진 달력 사용법 | Code Destiny","[{""level"":""h1"",""text"":""운세 달력과 일진 달력 사용법""},{""level"":""h2"",""text"":""운세 달력이 살피는 것""},{""level"":""h2"",""text"":""필요한 입력값""},{""level"":""h2"",""text"":""어떤 때 참고하면 좋은가""},{""level"":""h2"",""text"":""무료와 유료 범위""},{""level"":""h2"",""text"":""해석 흐름""},{""level"":""h2"",""text"":""결과에서 확인할 수 있는 항목""},{""level"":""h2"",""text"":""짧은 예시 리딩""},{""level"":""h2"",""text"":""해석 시 주의할 점""},{""level"":""h2"",""text"":""좋은 날이면 중요한 결정을 바로 해도 되나요?""},{""level"":""h2"",""text"":""나쁜 날로 나오면 아무것도 하지 않는 편이 좋나요?""},{""level"":""h2"",""text"":""개인 정보는 왜 필요한가요?""},{""level"":""h2"",""text"":""오늘의 일진부터 보고 오세요""},{""level"":""h2"",""text"":""핵심 운세""},{""level"":""h2"",""text"":""타로 리딩""},{""level"":""h2"",""text"":""신탁 & 특화""},{""level"":""h2"",""text"":""추천 가이드""},{""level"":""h2"",""text"":""디지털 운세 서비스 환불 안내""},{""level"":""h2"",""text"":""면책 고지""},{""level"":""h2"",""text"":""사업자 정보""}]","1447","0","true","true","{""@type"":""Person"",""@id"":""https://code-destiny.com/#author"",""name"":""박병하"",""jobTitle"":""명리학자"",""description"":""10년 경력의 명리학자. Code Destiny 가 공개하는 사주·운세 콘텐츠의 최종 검수 책임자입니다."",""knowsAbout"":[""사주"",""명리학"",""만세력"",""자미두수"",""숙요점""],""url"":""https://code-destiny.com/about"",""worksFor"":{""@type"":""Organization"",""@id"":""https://code-destiny.com/#organization"",""name"":""CODE DESTINY""}}","2026-06-21","2026-09-06","ko","true","B","false","[""editorial-review-required""]","retain pending evidence review; no automatic deletion","미확인","미확인","미확인","미확인"
"https://code-destiny.com/compare/fortune-apps/","200","200","true","https://code-destiny.com/compare/fortune-apps/","운세 앱마다 답이 다른 이유 | 점신·포스텔러·헬로우봇 비교","[{""level"":""h1"",""text"":""운세 앱마다 답이 다른 이유""},{""level"":""h2"",""text"":""많이 쓰는 앱들이 각각 무엇을 전면에 두는가""},{""level"":""h2"",""text"":""체계마다 잘 답하는 질문이 다릅니다""},{""level"":""h2"",""text"":""갈린 해석을 읽는 세 가지 방법""},{""level"":""h2"",""text"":""Code Destiny 는 이 문제를 어떻게 다루는가""},{""level"":""h2"",""text"":""자주 묻는 질문""},{""level"":""h3"",""text"":""앱마다 결과가 다른데 어떤 앱이 맞는 건가요?""},{""level"":""h3"",""text"":""그러면 여러 앱을 다 봐야 하나요?""},{""level"":""h3"",""text"":""출생 시간을 모르면 어떤 것부터 봐야 하나요?""},{""level"":""h3"",""text"":""무료로 볼 수 있는 범위는 어디까지인가요?""},{""level"":""h2"",""text"":""해석을 받아들일 때""},{""level"":""h2"",""text"":""같은 생년월일로 직접 비교해 보세요""},{""level"":""h2"",""text"":""핵심 운세""},{""level"":""h2"",""text"":""타로 리딩""},{""level"":""h2"",""text"":""신탁 & 특화""},{""level"":""h2"",""text"":""추천 가이드""},{""level"":""h2"",""text"":""디지털 운세 서비스 환불 안내""},{""level"":""h2"",""text"":""면책 고지""},{""level"":""h2"",""text"":""사업자 정보""}]","2938","0","true","false","미확인","미확인","미확인","ko","true","B","false","[]","retain pending evidence review; no automatic deletion","미확인","미확인","미확인","미확인"
"https://code-destiny.com/compare/saju-vs-ziwei/","200","200","true","https://code-destiny.com/compare/saju-vs-ziwei/","사주와 자미두수는 무엇이 다른가 | Code Destiny","[{""level"":""h1"",""text"":""사주와 자미두수는 무엇이 다른가""},{""level"":""h2"",""text"":""한눈에 보는 차이""},{""level"":""h2"",""text"":""사주는 관계로 읽습니다""},{""level"":""h2"",""text"":""자미두수는 자리로 읽습니다""},{""level"":""h2"",""text"":""어느 쪽부터 보면 좋은가""},{""level"":""h2"",""text"":""자주 묻는 질문""},{""level"":""h3"",""text"":""사주와 자미두수 중 어느 쪽이 더 정확한가요?""},{""level"":""h3"",""text"":""같은 생년월일인데 결과가 다르게 나오는 이유는 무엇인가요?""},{""level"":""h3"",""text"":""출생시간을 모르면 둘 다 못 보나요?""},{""level"":""h3"",""text"":""둘을 같이 보면 더 좋은가요?""},{""level"":""h2"",""text"":""해석을 받아들일 때""},{""level"":""h2"",""text"":""두 체계를 같은 생년월일로 놓고 보세요""},{""level"":""h2"",""text"":""핵심 운세""},{""level"":""h2"",""text"":""타로 리딩""},{""level"":""h2"",""text"":""신탁 & 특화""},{""level"":""h2"",""text"":""추천 가이드""},{""level"":""h2"",""text"":""디지털 운세 서비스 환불 안내""},{""level"":""h2"",""text"":""면책 고지""},{""level"":""h2"",""text"":""사업자 정보""}]","2082","0","true","false","미확인","미확인","미확인","ko","true","B","false","[]","retain pending evidence review; no automatic deletion","미확인","미확인","미확인","미확인"
"https://code-destiny.com/compare/sukuyo-vs-vedic/","200","200","true","https://code-destiny.com/compare/sukuyo-vs-vedic/","숙요점 vs 베다 점성술 — 같은 27수를 다르게 읽는 이유","[{""level"":""h1"",""text"":""숙요점과 베다 점성술은 같은 27수를 왜 다르게 읽는가""},{""level"":""h2"",""text"":""한눈에 보는 차이""},{""level"":""h2"",""text"":""숙요점은 거리를 잽니다""},{""level"":""h2"",""text"":""베다 점성술은 국면을 봅니다""},{""level"":""h2"",""text"":""결과가 다를 때 확인하는 순서""},{""level"":""h2"",""text"":""어느 쪽부터 보면 좋은가""},{""level"":""h2"",""text"":""자주 묻는 질문""},{""level"":""h3"",""text"":""27수가 같은데 왜 결과가 다른가요?""},{""level"":""h3"",""text"":""출생시간을 모르면 어느 쪽을 봐야 하나요?""},{""level"":""h3"",""text"":""숙요점은 궁합만 보는 건가요?""},{""level"":""h3"",""text"":""둘을 같이 보면 더 정확해지나요?""},{""level"":""h2"",""text"":""해석을 받아들일 때""},{""level"":""h2"",""text"":""같은 27수를 두 방식으로 읽어 보세요""},{""level"":""h2"",""text"":""핵심 운세""},{""level"":""h2"",""text"":""타로 리딩""},{""level"":""h2"",""text"":""신탁 & 특화""},{""level"":""h2"",""text"":""추천 가이드""},{""level"":""h2"",""text"":""디지털 운세 서비스 환불 안내""},{""level"":""h2"",""text"":""면책 고지""},{""level"":""h2"",""text"":""사업자 정보""}]","2570","0","true","false","미확인","미확인","미확인","ko","true","B","false","[]","retain pending evidence review; no automatic deletion","미확인","미확인","미확인","미확인"
"https://code-destiny.com/compatibility/","200","200","true","https://code-destiny.com/compatibility/","무료 궁합 보기 | 사주·숙요점·타로 궁합 보는 곳","[{""level"":""h1"",""text"":""무료 궁합 보기 — 세 가지 방식으로""},{""level"":""h2"",""text"":""사용 방법""},{""level"":""h2"",""text"":""제공 결과""},{""level"":""h2"",""text"":""주의와 면책""},{""level"":""h2"",""text"":""관련 기능""},{""level"":""h2"",""text"":""자주 묻는 질문""},{""level"":""h2"",""text"":""핵심 운세""},{""level"":""h2"",""text"":""타로 리딩""},{""level"":""h2"",""text"":""신탁 & 특화""},{""level"":""h2"",""text"":""추천 가이드""},{""level"":""h2"",""text"":""디지털 운세 서비스 환불 안내""},{""level"":""h2"",""text"":""면책 고지""},{""level"":""h2"",""text"":""사업자 정보""}]","1548","0","true","false","미확인","미확인","미확인","ko","true","B","false","[]","retain pending evidence review; no automatic deletion","미확인","미확인","미확인","미확인"
"https://code-destiny.com/contact","308","200","true","https://code-destiny.com/contact/","Contact | 문의하기 — Code Destiny","[{""level"":""h1"",""text"":""문의하기""},{""level"":""h2"",""text"":""이메일 문의""},{""level"":""h2"",""text"":""문의 유형과 처리 기한""},{""level"":""h2"",""text"":""운영자 정보 / Operator""},{""level"":""h2"",""text"":""개인정보 요청 안내 / Privacy Request Guide""},{""level"":""h2"",""text"":""간단 문의 폼""}]","1442","1442","false","false","미확인","미확인","미확인","ko","false","D","true","[]","verify existing disposition","미확인","미확인","미확인","미확인"
"https://code-destiny.com/contact-us/","200","200","true","https://code-destiny.com/contact/","Contact | 문의하기 — Code Destiny","[{""level"":""h1"",""text"":""문의하기""},{""level"":""h2"",""text"":""이메일 문의""},{""level"":""h2"",""text"":""문의 유형과 처리 기한""},{""level"":""h2"",""text"":""운영자 정보 / Operator""},{""level"":""h2"",""text"":""개인정보 요청 안내 / Privacy Request Guide""},{""level"":""h2"",""text"":""간단 문의 폼""}]","1442","1442","false","false","미확인","미확인","미확인","ko","false","B","false","[]","retain pending evidence review; no automatic deletion","미확인","미확인","미확인","미확인"
"https://code-destiny.com/contact/","200","200","true","https://code-destiny.com/contact/","Contact | 문의하기 — Code Destiny","[{""level"":""h1"",""text"":""문의하기""},{""level"":""h2"",""text"":""이메일 문의""},{""level"":""h2"",""text"":""문의 유형과 처리 기한""},{""level"":""h2"",""text"":""운영자 정보 / Operator""},{""level"":""h2"",""text"":""개인정보 요청 안내 / Privacy Request Guide""},{""level"":""h2"",""text"":""간단 문의 폼""}]","1442","1442","false","false","미확인","미확인","미확인","ko","true","B","false","[]","retain pending evidence review; no automatic deletion","미확인","미확인","미확인","미확인"
"https://code-destiny.com/daily-fortune/","301","200","true","https://code-destiny.com/today/","오늘의 운세 | 생년월일 운세로 보는 오늘 재물운·연애운","[{""level"":""h1"",""text"":""오늘의 운세""},{""level"":""h2"",""text"":""세 체계는 오늘을 어떻게 읽는가""},{""level"":""h3"",""text"":""사주 — 오늘의 일진이 내 일간에 만드는 결""},{""level"":""h3"",""text"":""숙요점 — 달이 머무는 27수와 내 본명수의 거리""},{""level"":""h3"",""text"":""베다점 — 실제 달의 위치로 세우는 판창가""},{""level"":""h2"",""text"":""오늘의 운세는 무엇을 읽는 것인가""},{""level"":""h3"",""text"":""이렇게 읽으면 도움이 됩니다""},{""level"":""h3"",""text"":""확인할 수 있는 것""},{""level"":""h2"",""text"":""별자리·띠로 보는 기간별 운세""},{""level"":""h3"",""text"":""별자리 12종 오늘의 운세""},{""level"":""h3"",""text"":""띠 12종 오늘의 운세""},{""level"":""h2"",""text"":""자주 묻는 질문""},{""level"":""h2"",""text"":""더 깊게 보기""},{""level"":""h2"",""text"":""여섯 체계를 교차 검증하는 초융합 심층 리딩""}]","4440","0","true","false","미확인","미확인","미확인","ko","false","D","true","[]","verify existing disposition","미확인","미확인","미확인","미확인"
"https://code-destiny.com/destiny-compass/","200","200","true","https://code-destiny.com/destiny-compass/","운명의 나침반 · 사주·자미두수로 읽는 오늘의 방향","[{""level"":""h1"",""text"":""운명의 나침반""},{""level"":""h2"",""text"":""생년 정보를 알려주세요""},{""level"":""h2"",""text"":""운명의 나침반은 무엇을 보는가""},{""level"":""h2"",""text"":""입력하는 것과 나오는 것""},{""level"":""h2"",""text"":""방향은 어떻게 계산되는가""},{""level"":""h2"",""text"":""두 화자로 읽는 이유""},{""level"":""h2"",""text"":""읽을 때 주의할 점""},{""level"":""h2"",""text"":""자주 묻는 질문""}]","2500","0","true","false","미확인","미확인","미확인","ko","true","B","false","[]","retain pending evidence review; no automatic deletion","미확인","미확인","미확인","미확인"
"https://code-destiny.com/destiny-poker","200","200","true","https://code-destiny.com/destiny-poker","데스티니 포커 — 하루 한 번 운을 겨루는 무료 카드 게임","[{""level"":""h1"",""text"":""DESTINY POKER""},{""level"":""h2"",""text"":""데스티니 포커는 어떤 게임인가""},{""level"":""h3"",""text"":""네 명의 딜러, 네 가지 영역""},{""level"":""h3"",""text"":""진행 방식과 폴드 규칙""},{""level"":""h3"",""text"":""네 문양이 가리키는 영역""},{""level"":""h3"",""text"":""족보가 그날의 해석을 정한다""},{""level"":""h3"",""text"":""바이탈 럭은 어떻게 움직이나""},{""level"":""h3"",""text"":""이용 전 알아 둘 것""},{""level"":""h2"",""text"":""대결할 운명의 딜러를 선택하라""}]","2741","2741","false","false","미확인","미확인","미확인","ko","true","B","false","[]","retain pending evidence review; no automatic deletion","미확인","미확인","미확인","미확인"
"https://code-destiny.com/diary/","200","200","false","","운기 다이어리 | 코드 데스티니","[{""level"":""h1"",""text"":""운기 다이어리""},{""level"":""h2"",""text"":""오늘의 흐름""},{""level"":""h2"",""text"":""오늘의 나""},{""level"":""h2"",""text"":""오늘의 계획""},{""level"":""h2"",""text"":""오늘의 기록""}]","74","74","false","false","미확인","미확인","미확인","ko","false","C","true","[]","verify existing disposition","미확인","미확인","미확인","미확인"
"https://code-destiny.com/diary/more/","200","200","false","","운기 다이어리 | 코드 데스티니","[{""level"":""h1"",""text"":""운기 다이어리""},{""level"":""h2"",""text"":""챙겨 볼 것""},{""level"":""h2"",""text"":""기록 내보내기·불러오기""}]","318","318","false","false","미확인","미확인","미확인","ko","false","C","true","[]","verify existing disposition","미확인","미확인","미확인","미확인"
"https://code-destiny.com/disclaimer","308","200","true","https://code-destiny.com/disclaimer/","면책 고지 | Code Destiny","[{""level"":""h1"",""text"":""면책 고지""},{""level"":""h2"",""text"":""1. 고지의 목적""},{""level"":""h2"",""text"":""2. 콘텐츠의 성격""},{""level"":""h2"",""text"":""3. 전문가 조언을 대체하지 않음""},{""level"":""h2"",""text"":""4. 결과 보장 없음""},{""level"":""h2"",""text"":""5. 건강·재물·관계 해석""},{""level"":""h2"",""text"":""6. 불안 조장과 강제 결제 금지""},{""level"":""h2"",""text"":""7. 외부 링크와 제3자 서비스""},{""level"":""h2"",""text"":""8. 긴급 상황""},{""level"":""h2"",""text"":""9. 문의""},{""level"":""h2"",""text"":""핵심 운세""},{""level"":""h2"",""text"":""타로 리딩""},{""level"":""h2"",""text"":""신탁 & 특화""},{""level"":""h2"",""text"":""추천 가이드""},{""level"":""h2"",""text"":""디지털 운세 서비스 환불 안내""},{""level"":""h2"",""text"":""면책 고지""},{""level"":""h2"",""text"":""사업자 정보""}]","1624","0","true","false","미확인","미확인","미확인","ko","false","D","true","[]","verify existing disposition","미확인","미확인","미확인","미확인"
"https://code-destiny.com/disclaimer/","200","200","true","https://code-destiny.com/disclaimer/","면책 고지 | Code Destiny","[{""level"":""h1"",""text"":""면책 고지""},{""level"":""h2"",""text"":""1. 고지의 목적""},{""level"":""h2"",""text"":""2. 콘텐츠의 성격""},{""level"":""h2"",""text"":""3. 전문가 조언을 대체하지 않음""},{""level"":""h2"",""text"":""4. 결과 보장 없음""},{""level"":""h2"",""text"":""5. 건강·재물·관계 해석""},{""level"":""h2"",""text"":""6. 불안 조장과 강제 결제 금지""},{""level"":""h2"",""text"":""7. 외부 링크와 제3자 서비스""},{""level"":""h2"",""text"":""8. 긴급 상황""},{""level"":""h2"",""text"":""9. 문의""},{""level"":""h2"",""text"":""핵심 운세""},{""level"":""h2"",""text"":""타로 리딩""},{""level"":""h2"",""text"":""신탁 & 특화""},{""level"":""h2"",""text"":""추천 가이드""},{""level"":""h2"",""text"":""디지털 운세 서비스 환불 안내""},{""level"":""h2"",""text"":""면책 고지""},{""level"":""h2"",""text"":""사업자 정보""}]","1624","0","true","false","미확인","미확인","미확인","ko","true","B","false","[]","retain pending evidence review; no automatic deletion","미확인","미확인","미확인","미확인"
"https://code-destiny.com/dream/","200","200","true","https://code-destiny.com/dream/","무료 꿈해몽 | 꿈 상징과 감정으로 읽는 해몽 보는 곳","[{""level"":""h1"",""text"":""무료 꿈해몽 — 상징과 감정으로""},{""level"":""h2"",""text"":""사용 방법""},{""level"":""h2"",""text"":""제공 결과""},{""level"":""h2"",""text"":""주의와 면책""},{""level"":""h2"",""text"":""관련 기능""},{""level"":""h2"",""text"":""자주 묻는 질문""},{""level"":""h2"",""text"":""핵심 운세""},{""level"":""h2"",""text"":""타로 리딩""},{""level"":""h2"",""text"":""신탁 & 특화""},{""level"":""h2"",""text"":""추천 가이드""},{""level"":""h2"",""text"":""디지털 운세 서비스 환불 안내""},{""level"":""h2"",""text"":""면책 고지""},{""level"":""h2"",""text"":""사업자 정보""}]","1337","0","true","false","미확인","미확인","미확인","ko","true","B","false","[]","retain pending evidence review; no automatic deletion","미확인","미확인","미확인","미확인"
"https://code-destiny.com/dream/psycho/","200","200","true","https://code-destiny.com/dream/psycho/","정신분석 해몽 무료 보는 곳 | 프로이트 관점 꿈 해석","[{""level"":""h1"",""text"":""정신분석 해몽 — 프로이트 관점의 꿈 해석""},{""level"":""h2"",""text"":""핵심 포인트""},{""level"":""h2"",""text"":""정신분석 해몽을 안전하게 활용하는 6원칙""},{""level"":""h3"",""text"":""1. 프로이트 해석은 정답 찾기보다 질문 프레임입니다""},{""level"":""h3"",""text"":""2. 잠재내용과 표면내용을 구분하면 과장이 줄어듭니다""},{""level"":""h3"",""text"":""3. 반복 상징은 억압보다 미해결 긴장 신호일 수 있습니다""},{""level"":""h3"",""text"":""4. 해석 후에는 자기돌봄 행동을 반드시 붙이세요""},{""level"":""h3"",""text"":""5. 관계 해석은 타인 진단이 아니라 경계 설정에 활용하세요""},{""level"":""h3"",""text"":""6. 불편감이 크면 전문가 상담과 병행하세요""},{""level"":""h2"",""text"":""핵심 운세""},{""level"":""h2"",""text"":""타로 리딩""},{""level"":""h2"",""text"":""신탁 & 특화""},{""level"":""h2"",""text"":""추천 가이드""},{""level"":""h2"",""text"":""디지털 운세 서비스 환불 안내""},{""level"":""h2"",""text"":""면책 고지""},{""level"":""h2"",""text"":""사업자 정보""}]","1495","0","true","false","미확인","미확인","미확인","ko","true","B","false","[]","retain pending evidence review; no automatic deletion","미확인","미확인","미확인","미확인"
"https://code-destiny.com/dream/tarot/","200","200","true","https://code-destiny.com/dream/tarot/","드림 타로 - 꿈의 잔향을 전문가 상담 문장으로 봉인","[{""level"":""h1"",""text"":""드림 타로""},{""level"":""h2"",""text"":""핵심 포인트""},{""level"":""h2"",""text"":""꿈의 잔향을 전문가 상담 문장으로 봉인하는 6단계""},{""level"":""h3"",""text"":""1. 꿈해몽은 길흉 예언보다 감정 신호 해석입니다""},{""level"":""h3"",""text"":""2. 상징은 사전 뜻보다 개인 맥락이 우선입니다""},{""level"":""h3"",""text"":""3. 반복 꿈은 해결되지 않은 과제를 가리키는 경우가 많습니다""},{""level"":""h3"",""text"":""4. 해석 결과는 다음 48시간 행동으로 연결하세요""},{""level"":""h3"",""text"":""5. 관계 꿈은 상대 판정보다 내 욕구 언어를 읽는 데 쓰세요""},{""level"":""h3"",""text"":""6. 주간 꿈 로그를 만들면 패턴이 보입니다""},{""level"":""h2"",""text"":""핵심 운세""},{""level"":""h2"",""text"":""타로 리딩""},{""level"":""h2"",""text"":""신탁 & 특화""},{""level"":""h2"",""text"":""추천 가이드""},{""level"":""h2"",""text"":""디지털 운세 서비스 환불 안내""},{""level"":""h2"",""text"":""면책 고지""},{""level"":""h2"",""text"":""사업자 정보""}]","1413","0","true","false","미확인","미확인","미확인","ko","true","B","false","[]","retain pending evidence review; no automatic deletion","미확인","미확인","미확인","미확인"
"https://code-destiny.com/editorial-policy","308","200","true","https://code-destiny.com/editorial-policy/","콘텐츠 제작 및 AI 활용 고지 | Code Destiny","[{""level"":""h1"",""text"":""콘텐츠 제작 및 AI 활용 고지""},{""level"":""h2"",""text"":""1. 제작 원칙""},{""level"":""h2"",""text"":""2. AI 활용 범위""},{""level"":""h2"",""text"":""3. 고유성과 품질 기준""},{""level"":""h2"",""text"":""3-1. 제작 절차""},{""level"":""h2"",""text"":""3-2. 편집 책임""},{""level"":""h2"",""text"":""4. 운세 표현 안전 기준""},{""level"":""h2"",""text"":""5. 광고와 편집 독립성""},{""level"":""h2"",""text"":""6. 정정과 문의""},{""level"":""h2"",""text"":""7. 관련 정책""},{""level"":""h2"",""text"":""핵심 운세""},{""level"":""h2"",""text"":""타로 리딩""},{""level"":""h2"",""text"":""신탁 & 특화""},{""level"":""h2"",""text"":""추천 가이드""},{""level"":""h2"",""text"":""디지털 운세 서비스 환불 안내""},{""level"":""h2"",""text"":""면책 고지""},{""level"":""h2"",""text"":""사업자 정보""}]","2017","0","true","false","미확인","미확인","미확인","ko","false","D","true","[]","verify existing disposition","미확인","미확인","미확인","미확인"
"https://code-destiny.com/editorial-policy/","200","200","true","https://code-destiny.com/editorial-policy/","콘텐츠 제작 및 AI 활용 고지 | Code Destiny","[{""level"":""h1"",""text"":""콘텐츠 제작 및 AI 활용 고지""},{""level"":""h2"",""text"":""1. 제작 원칙""},{""level"":""h2"",""text"":""2. AI 활용 범위""},{""level"":""h2"",""text"":""3. 고유성과 품질 기준""},{""level"":""h2"",""text"":""3-1. 제작 절차""},{""level"":""h2"",""text"":""3-2. 편집 책임""},{""level"":""h2"",""text"":""4. 운세 표현 안전 기준""},{""level"":""h2"",""text"":""5. 광고와 편집 독립성""},{""level"":""h2"",""text"":""6. 정정과 문의""},{""level"":""h2"",""text"":""7. 관련 정책""},{""level"":""h2"",""text"":""핵심 운세""},{""level"":""h2"",""text"":""타로 리딩""},{""level"":""h2"",""text"":""신탁 & 특화""},{""level"":""h2"",""text"":""추천 가이드""},{""level"":""h2"",""text"":""디지털 운세 서비스 환불 안내""},{""level"":""h2"",""text"":""면책 고지""},{""level"":""h2"",""text"":""사업자 정보""}]","2017","0","true","false","미확인","미확인","미확인","ko","true","B","false","[]","retain pending evidence review; no automatic deletion","미확인","미확인","미확인","미확인"
"https://code-destiny.com/en/","200","200","true","https://code-destiny.com/en/","Free Korean Saju, Tarot & Zi Wei Dou Shu | CODE DESTINY","[{""level"":""h2"",""text"":""🌸 Destiny Flower Atelier""},{""level"":""h3"",""text"":""Lotus""},{""level"":""h2"",""text"":""Tarot for trusting your own standard again""},{""level"":""h3"",""text"":""5-card spread · from people-pleasing to restored inner standards""},{""level"":""h2"",""text"":""Self-standard recovery reading""},{""level"":""h2"",""text"":""Quiet Cookie Notice Like Moonlight""},{""level"":""h1"",""text"":""Start with today’s fortune Explore six perspectives with Fusion Fortune""},{""level"":""h2"",""text"":""Start free, right now""},{""level"":""h2"",""text"":""Search all services""},{""level"":""h2"",""text"":""Find the reading you need""},{""level"":""h2"",""text"":""Today's Fortune""},{""level"":""h2"",""text"":""A diary of daily energy and dates, and your own fortune planner""},{""level"":""h2"",""text"":""What's on your mind right now?""},{""level"":""h2"",""text"":""From today's single line to deep readings across six systems""},{""level"":""h2"",""text"":""Featured Readings""},{""level"":""h2"",""text"":""A special experience by CODE DESTINY experts""},{""level"":""h2"",""text"":""Kakao share event""},{""level"":""h3"",""text"":""Two KRW 5,000 readings already cost more than the KRW 9,900 pass""},{""level"":""h2"",""text"":""Explore more""},{""level"":""h2"",""text"":""User reviews""},{""level"":""h2"",""text"":""How to Read Saju, Tarot & Fortune""},{""level"":""h3"",""text"":""Saju & Manseryeok""},{""level"":""h3"",""text"":""Tarot Reading""},{""level"":""h3"",""text"":""Zi Wei Dou Shu""},{""level"":""h3"",""text"":""Astrology (Western & Vedic)""},{""level"":""h3"",""text"":""Sukuyo""},{""level"":""h3"",""text"":""Compatibility""},{""level"":""h2"",""text"":""Begin Your Saju Reading""},{""level"":""h2"",""text"":""Why Code Destiny""},{""level"":""h2"",""text"":""Every fortune gate lives here""},{""level"":""h2"",""text"":""Choose the fortune that fits you""},{""level"":""h2"",""text"":""Help us build this service.""},{""level"":""h3"",""text"":""Face Reading & Symbol Collection""},{""level"":""h2"",""text"":""Meditation Collection""},{""level"":""h2"",""text"":""Tarot Reading Collection""},{""level"":""h3"",""text"":""Oracle & Divination Collection""},{""level"":""h3"",""text"":""Cosmic & Zodiac Collection""},{""level"":""h3"",""text"":""Destiny Flower & Dream Collection""},{""level"":""h3"",""text"":""VVIP Destiny Archive""},{""level"":""h3"",""text"":""Other Divination Collection""},{""level"":""h2"",""text"":""Let your fortune routine flow more gently with a moonlight pass""},{""level"":""h2"",""text"":""The Magic Shop of the Unconscious: Dream Tarot""},{""level"":""h3"",""text"":""Dream Tarot""},{""level"":""h2"",""text"":""Psychoanalytic Dream Report""},{""level"":""h2"",""text"":""Tortoise Oracle - Heavenly Signs""},{""level"":""h3"",""text"":""Destiny card required""},{""level"":""h3"",""text"":""Birth details required""},{""level"":""h3"",""text"":""Western Astrology Birth Chart""},{""level"":""h3"",""text"":""Destiny card required""},{""level"":""h2"",""text"":""What are we to each other?""},{""level"":""h3"",""text"":""Open the cards in order and feel the temperature of the relationship.""},{""level"":""h2"",""text"":""The temperature and pace between us""},{""level"":""h2"",""text"":""Before reaching again, what should be protected?""},{""level"":""h3"",""text"":""Open the lighthouse beam in order, from remaining warmth to the boundary to keep.""},{""level"":""h2"",""text"":""Relationship recovery lighthouse reading""},{""level"":""h2"",""text"":""Twelve cards opening your year's direction""},{""level"":""h3"",""text"":""Opening the twelve monthly cards""},{""level"":""h2"",""text"":""Zodiac Heavenly Luck Tarot · Your yearly guide""},{""level"":""h3"",""text"":""January detailed fortune""},{""level"":""h2"",""text"":""Guardian animal message""},{""level"":""h2"",""text"":""THE ORACLE OF KEMET""},{""level"":""h3"",""text"":""Twelve golden deity oracle""},{""level"":""h2"",""text"":""Keep Code Destiny on your home screen""},{""level"":""h2"",""text"":""""},{""level"":""h3"",""text"":""The white and dark lights of taegeuk illuminate the center of your chart.""},{""level"":""h3"",""text"":""Today’s Cosmic Life Guide""},{""level"":""h3"",""text"":""Saju chart FREE""},{""level"":""h3"",""text"":""""},{""level"":""h2"",""text"":""Two deep readings for the larger flow of destiny""},{""level"":""h3"",""text"":""Daewun analysis""},{""level"":""h3"",""text"":""Full saju reading""},{""level"":""h3"",""text"":""Compatibility analysis""},{""level"":""h3"",""text"":""Daewun — integrated support, season, and pattern judgment PREMIUM""},{""level"":""h3"",""text"":""Full saju reading PREMIUM""},{""level"":""h3"",""text"":""Today’s fortune and this month’s fortune""},{""level"":""h3"",""text"":""Compatibility reading (love · business · friendship) PREMIUM""},{""level"":""h3"",""text"":""Which celebrity is my soul twin?""},{""level"":""h3"",""text"":""Saju four-cut: destiny filter""},{""level"":""h3"",""text"":""🧠 Am I addicted to dopamine?""},{""level"":""h3"",""text"":""Fun saju content""},{""level"":""h3"",""text"":""⚡ Quantum Saju Strategy Report — Expert v3 Judgment""},{""level"":""h3"",""text"":""💀 High-risk villain blacklist""},{""level"":""h3"",""text"":""🎮 Saju RPG Character — Destiny Class Sheet""},{""level"":""h3"",""text"":""🧭 Energy Expedition Report — Saju Energy Coordinates""},{""level"":""h3"",""text"":""Myeongli Health Report""},{""level"":""h3"",""text"":""🎱 Quantum Lotto Report — Numerology Energy Resonance Numbers""},{""level"":""h3"",""text"":""𓂀 Ancient Egyptian Oracle (Eye of Horus)""},{""level"":""h3"",""text"":""🧬 Teto vs Egen test by Saju""},{""level"":""h3"",""text"":""The Frozen Logic — Extreme T Test""},{""level"":""h2"",""text"":""Expert Reading: The Book of Your Life""},{""level"":""h2"",""text"":""Expert Reading: The Love Playbook""},{""level"":""h2"",""text"":""Expert Reading: The Year Ahead""},{""level"":""h2"",""text"":""Sibyl System""},{""level"":""h2"",""text"":""⚡ DESTINY SCANNER""},{""level"":""h3"",""text"":""💖 Yeoni’s Letter""},{""level"":""h3"",""text"":""📤 Share saju result""},{""level"":""h2"",""text"":""ESFJ and other MBTI compatibility""}]","21981","21981","false","false","미확인","미확인","미확인","en","true","B","false","[]","retain pending evidence review; no automatic deletion","미확인","미확인","미확인","미확인"
"https://code-destiny.com/en/about/","200","200","true","https://code-destiny.com/en/about/","About CODE DESTINY | Our Readings and Editorial Approach","[{""level"":""h1"",""text"":""About CODE DESTINY""},{""level"":""h2"",""text"":""Different traditions, distinct foundations""},{""level"":""h2"",""text"":""Astrology and tarot""},{""level"":""h2"",""text"":""Where AI fits""},{""level"":""h2"",""text"":""Editorial responsibility""},{""level"":""h2"",""text"":""A world built around reflection""},{""level"":""h2"",""text"":""Access and limits""},{""level"":""h2"",""text"":""Contact""},{""level"":""h2"",""text"":""Pages in English""},{""level"":""h2"",""text"":""Core Readings""},{""level"":""h2"",""text"":""Tarot Readings""},{""level"":""h2"",""text"":""Oracles & Specialties""},{""level"":""h2"",""text"":""Recommended Guides""},{""level"":""h2"",""text"":""Refund guide for digital fortune services""},{""level"":""h2"",""text"":""Disclaimer""},{""level"":""h2"",""text"":""Business information""}]","2764","0","true","false","미확인","미확인","미확인","en","true","B","false","[]","retain pending evidence review; no automatic deletion","미확인","미확인","미확인","미확인"
"https://code-destiny.com/en/astrology/","200","200","true","https://code-destiny.com/en/astrology/","Western Astrology Guide | Planets, Houses and Aspects","[{""level"":""h1"",""text"":""Explore a Western birth chart beyond one sign""},{""level"":""h2"",""text"":""More than a Sun-sign description""},{""level"":""h2"",""text"":""Houses and aspects in plain language""},{""level"":""h2"",""text"":""Check date, time and place""},{""level"":""h2"",""text"":""Turn placements into options""},{""level"":""h2"",""text"":""Public guidance and personal readings""},{""level"":""h2"",""text"":""Frequently asked questions""},{""level"":""h3"",""text"":""What if a result does not fit my experience?""},{""level"":""h2"",""text"":""Pages in English""},{""level"":""h2"",""text"":""Core Readings""},{""level"":""h2"",""text"":""Tarot Readings""},{""level"":""h2"",""text"":""Oracles & Specialties""},{""level"":""h2"",""text"":""Recommended Guides""},{""level"":""h2"",""text"":""Refund guide for digital fortune services""},{""level"":""h2"",""text"":""Disclaimer""},{""level"":""h2"",""text"":""Business information""}]","3265","0","true","false","미확인","미확인","미확인","en","true","B","false","[]","retain pending evidence review; no automatic deletion","미확인","미확인","미확인","미확인"
"https://code-destiny.com/en/contact/","200","200","true","https://code-destiny.com/en/contact/","Contact CODE DESTINY | Support and Content Corrections","[{""level"":""h1"",""text"":""Contact""},{""level"":""h2"",""text"":""Describe the problem""},{""level"":""h2"",""text"":""If a purchased result is missing""},{""level"":""h2"",""text"":""Keep sensitive information out of email""},{""level"":""h2"",""text"":""Report a translation or factual issue""},{""level"":""h2"",""text"":""The scope of this contact channel""},{""level"":""h2"",""text"":""Contact""},{""level"":""h2"",""text"":""Pages in English""},{""level"":""h2"",""text"":""Core Readings""},{""level"":""h2"",""text"":""Tarot Readings""},{""level"":""h2"",""text"":""Oracles & Specialties""},{""level"":""h2"",""text"":""Recommended Guides""},{""level"":""h2"",""text"":""Refund guide for digital fortune services""},{""level"":""h2"",""text"":""Disclaimer""},{""level"":""h2"",""text"":""Business information""}]","1770","0","true","false","미확인","미확인","미확인","en","true","B","false","[]","retain pending evidence review; no automatic deletion","미확인","미확인","미확인","미확인"
"https://code-destiny.com/en/destiny-compass/","200","200","true","https://code-destiny.com/en/destiny-compass/","Destiny Compass | Saju and Zi Wei","[{""level"":""h1"",""text"":""Use Destiny Compass to reconsider the next step""},{""level"":""h2"",""text"":""Keep two traditions distinct""},{""level"":""h2"",""text"":""Enter what you know""},{""level"":""h2"",""text"":""Turn direction into an observable action""},{""level"":""h2"",""text"":""Use it as reference""},{""level"":""h2"",""text"":""Public guidance and personal readings""},{""level"":""h2"",""text"":""Frequently asked questions""},{""level"":""h3"",""text"":""What if a result does not fit my experience?""},{""level"":""h2"",""text"":""Pages in English""},{""level"":""h2"",""text"":""Core Readings""},{""level"":""h2"",""text"":""Tarot Readings""},{""level"":""h2"",""text"":""Oracles & Specialties""},{""level"":""h2"",""text"":""Recommended Guides""},{""level"":""h2"",""text"":""Refund guide for digital fortune services""},{""level"":""h2"",""text"":""Disclaimer""},{""level"":""h2"",""text"":""Business information""}]","3304","0","true","false","미확인","미확인","미확인","en","true","B","false","[]","retain pending evidence review; no automatic deletion","미확인","미확인","미확인","미확인"
"https://code-destiny.com/en/disclaimer/","200","200","true","https://code-destiny.com/en/disclaimer/","CODE DESTINY Disclaimer | Limits of Fortune and AI Advice","[{""level"":""h1"",""text"":""Disclaimer""},{""level"":""h2"",""text"":""Interpretation has limits""},{""level"":""h2"",""text"":""AI text is not verified fact""},{""level"":""h2"",""text"":""Professional advice comes first""},{""level"":""h2"",""text"":""No promised outcome""},{""level"":""h2"",""text"":""If readings increase anxiety""},{""level"":""h2"",""text"":""Related documents""},{""level"":""h2"",""text"":""Contact""},{""level"":""h2"",""text"":""Pages in English""},{""level"":""h2"",""text"":""Core Readings""},{""level"":""h2"",""text"":""Tarot Readings""},{""level"":""h2"",""text"":""Oracles & Specialties""},{""level"":""h2"",""text"":""Recommended Guides""},{""level"":""h2"",""text"":""Refund guide for digital fortune services""},{""level"":""h2"",""text"":""Disclaimer""},{""level"":""h2"",""text"":""Business information""}]","2169","0","true","false","미확인","미확인","미확인","en","true","B","false","[]","retain pending evidence review; no automatic deletion","미확인","미확인","미확인","미확인"
"https://code-destiny.com/en/faq/","200","200","true","https://code-destiny.com/en/faq/","CODE DESTINY FAQ | AI Readings, Access and Service Help","[{""level"":""h1"",""text"":""Frequently asked questions""},{""level"":""h2"",""text"":""What is CODE DESTINY?""},{""level"":""h2"",""text"":""Can I read anything without paying?""},{""level"":""h2"",""text"":""How are AI readings created?""},{""level"":""h2"",""text"":""How do Saju and Zi Wei Dou Shu differ?""},{""level"":""h2"",""text"":""What does Sukuyo compatibility consider?""},{""level"":""h2"",""text"":""What if I do not know my birth time?""},{""level"":""h2"",""text"":""Are Vedic and Western astrology the same?""},{""level"":""h2"",""text"":""Are the results always accurate?""},{""level"":""h2"",""text"":""What do paid features add?""},{""level"":""h2"",""text"":""How is personal information handled?""},{""level"":""h2"",""text"":""How can I ask about a refund?""},{""level"":""h2"",""text"":""Where should I report an error?""},{""level"":""h2"",""text"":""Contact""},{""level"":""h2"",""text"":""Pages in English""},{""level"":""h2"",""text"":""Core Readings""},{""level"":""h2"",""text"":""Tarot Readings""},{""level"":""h2"",""text"":""Oracles & Specialties""},{""level"":""h2"",""text"":""Recommended Guides""},{""level"":""h2"",""text"":""Refund guide for digital fortune services""},{""level"":""h2"",""text"":""Disclaimer""},{""level"":""h2"",""text"":""Business information""}]","3657","0","true","false","미확인","미확인","미확인","en","true","B","false","[]","retain pending evidence review; no automatic deletion","미확인","미확인","미확인","미확인"
"https://code-destiny.com/en/fortune-tea-house/","200","200","true","https://code-destiny.com/en/fortune-tea-house/","Fortune Tea House Guide | A gentle way to sort a question","[{""level"":""h1"",""text"":""Use the Fortune Tea House to give a question some room""},{""level"":""h2"",""text"":""Four ways into the conversation""},{""level"":""h2"",""text"":""Prepare the question and inputs""},{""level"":""h2"",""text"":""Bring the result back to real life""},{""level"":""h2"",""text"":""Use it as reference""},{""level"":""h2"",""text"":""Public guidance and personal readings""},{""level"":""h2"",""text"":""Frequently asked questions""},{""level"":""h3"",""text"":""What if a result does not fit my experience?""},{""level"":""h2"",""text"":""Pages in English""},{""level"":""h2"",""text"":""Core Readings""},{""level"":""h2"",""text"":""Tarot Readings""},{""level"":""h2"",""text"":""Oracles & Specialties""},{""level"":""h2"",""text"":""Recommended Guides""},{""level"":""h2"",""text"":""Refund guide for digital fortune services""},{""level"":""h2"",""text"":""Disclaimer""},{""level"":""h2"",""text"":""Business information""}]","3288","0","true","false","미확인","미확인","미확인","en","true","B","false","[]","retain pending evidence review; no automatic deletion","미확인","미확인","미확인","미확인"
"https://code-destiny.com/en/insights/","200","200","true","https://code-destiny.com/en/insights/","Fortune Insights | Code Destiny","[{""level"":""h1"",""text"":""Fortune Insights""},{""level"":""h2"",""text"":""Zi Wei Dou Shu Beginner Guide: Reading Order""},{""level"":""h2"",""text"":""Sukuyo Relationship Reading: Conflict Pattern Basics""},{""level"":""h2"",""text"":""A place to learn the language of readings""},{""level"":""h2"",""text"":""Choose an entry point""},{""level"":""h2"",""text"":""Do not merge unlike concepts""},{""level"":""h2"",""text"":""Bring a question back to everyday life""},{""level"":""h2"",""text"":""Corrections, access and limits""},{""level"":""h2"",""text"":""Pages in English""},{""level"":""h2"",""text"":""Core Readings""},{""level"":""h2"",""text"":""Tarot Readings""},{""level"":""h2"",""text"":""Oracles & Specialties""},{""level"":""h2"",""text"":""Recommended Guides""},{""level"":""h2"",""text"":""Refund guide for digital fortune services""},{""level"":""h2"",""text"":""Disclaimer""},{""level"":""h2"",""text"":""Business information""}]","3252","0","true","false","미확인","미확인","미확인","en","true","B","false","[]","retain pending evidence review; no automatic deletion","미확인","미확인","미확인","미확인"
"https://code-destiny.com/en/insights/sukuyo-basics-en/","200","200","true","https://code-destiny.com/en/insights/sukuyo-basics-en/","Sukuyo Relationship Reading: Conflict Pattern Basics","[{""level"":""h1"",""text"":""Sukuyo Basics: Conflict Cycles and Recovery Timing""},{""level"":""h2"",""text"":""FAQ""},{""level"":""h2"",""text"":""Pages in English""},{""level"":""h2"",""text"":""Core Readings""},{""level"":""h2"",""text"":""Tarot Readings""},{""level"":""h2"",""text"":""Oracles & Specialties""},{""level"":""h2"",""text"":""Recommended Guides""},{""level"":""h2"",""text"":""Refund guide for digital fortune services""},{""level"":""h2"",""text"":""Disclaimer""},{""level"":""h2"",""text"":""Business information""}]","2846","0","true","true","미확인","미확인","미확인","en","true","B","false","[""editorial-review-required""]","retain pending evidence review; no automatic deletion","미확인","미확인","미확인","미확인"
"https://code-destiny.com/en/insights/ziwei-basics-en/","200","200","true","https://code-destiny.com/en/insights/ziwei-basics-en/","Zi Wei Dou Shu Beginner Guide: Reading Order","[{""level"":""h1"",""text"":""Zi Wei Dou Shu Basics: Start with Key Palaces""},{""level"":""h2"",""text"":""FAQ""},{""level"":""h2"",""text"":""Pages in English""},{""level"":""h2"",""text"":""Core Readings""},{""level"":""h2"",""text"":""Tarot Readings""},{""level"":""h2"",""text"":""Oracles & Specialties""},{""level"":""h2"",""text"":""Recommended Guides""},{""level"":""h2"",""text"":""Refund guide for digital fortune services""},{""level"":""h2"",""text"":""Disclaimer""},{""level"":""h2"",""text"":""Business information""}]","2752","0","true","true","미확인","미확인","미확인","en","true","B","false","[""editorial-review-required""]","retain pending evidence review; no automatic deletion","미확인","미확인","미확인","미확인"
"https://code-destiny.com/en/privacy-policy/","200","200","true","https://code-destiny.com/en/privacy-policy/","Privacy Policy | Code Destiny","[{""level"":""h1"",""text"":""Privacy Policy""},{""level"":""h2"",""text"":""1. Basic Principles""},{""level"":""h2"",""text"":""2. Data Collected and Purpose of Use""},{""level"":""h2"",""text"":""3. Automatically Processed Information""},{""level"":""h2"",""text"":""4. Cookies, Advertising Identifiers, and Google AdSense Notice""},{""level"":""h2"",""text"":""5. Third-Party Disclosure and Processing Delegation""},{""level"":""h2"",""text"":""6. Retention Period""},{""level"":""h2"",""text"":""7. User Rights""},{""level"":""h2"",""text"":""8. Children's Personal Information""},{""level"":""h2"",""text"":""9. Sensitive Interpretations and Ad Targeting""},{""level"":""h2"",""text"":""10. Security Measures""},{""level"":""h2"",""text"":""11. Changes to This Policy""},{""level"":""h2"",""text"":""12. Privacy Contact""},{""level"":""h2"",""text"":""Pages in English""},{""level"":""h2"",""text"":""Core Readings""},{""level"":""h2"",""text"":""Tarot Readings""},{""level"":""h2"",""text"":""Oracles & Specialties""},{""level"":""h2"",""text"":""Recommended Guides""},{""level"":""h2"",""text"":""Refund guide for digital fortune services""},{""level"":""h2"",""text"":""Disclaimer""},{""level"":""h2"",""text"":""Business information""}]","6922","0","true","false","미확인","미확인","미확인","en","true","B","false","[]","retain pending evidence review; no automatic deletion","미확인","미확인","미확인","미확인"
"https://code-destiny.com/en/psychotest/","200","200","true","https://code-destiny.com/en/psychotest/","Psychological Test Guide | Use personality prompts with care","[{""level"":""h1"",""text"":""Use psychological tests as a prompt for self-understanding""},{""level"":""h2"",""text"":""What the collection contains""},{""level"":""h2"",""text"":""Answer from a real situation""},{""level"":""h2"",""text"":""Use the result safely""},{""level"":""h2"",""text"":""Use it as reference""},{""level"":""h2"",""text"":""Public guidance and personal readings""},{""level"":""h2"",""text"":""Frequently asked questions""},{""level"":""h3"",""text"":""What if a result does not fit my experience?""},{""level"":""h2"",""text"":""Pages in English""},{""level"":""h2"",""text"":""Core Readings""},{""level"":""h2"",""text"":""Tarot Readings""},{""level"":""h2"",""text"":""Oracles & Specialties""},{""level"":""h2"",""text"":""Recommended Guides""},{""level"":""h2"",""text"":""Refund guide for digital fortune services""},{""level"":""h2"",""text"":""Disclaimer""},{""level"":""h2"",""text"":""Business information""}]","3298","0","true","false","미확인","미확인","미확인","en","true","B","false","[]","retain pending evidence review; no automatic deletion","미확인","미확인","미확인","미확인"
"https://code-destiny.com/en/refund-policy/","200","200","true","https://code-destiny.com/en/refund-policy/","Refund Policy | Code Destiny","[{""level"":""h1"",""text"":""Refund Policy""},{""level"":""h2"",""text"":""Refund Policy""},{""level"":""h2"",""text"":""How to use this page""},{""level"":""h2"",""text"":""Pages in English""},{""level"":""h2"",""text"":""Core Readings""},{""level"":""h2"",""text"":""Tarot Readings""},{""level"":""h2"",""text"":""Oracles & Specialties""},{""level"":""h2"",""text"":""Recommended Guides""},{""level"":""h2"",""text"":""Refund guide for digital fortune services""},{""level"":""h2"",""text"":""Disclaimer""},{""level"":""h2"",""text"":""Business information""}]","4553","0","true","false","미확인","미확인","미확인","en","true","B","false","[]","retain pending evidence review; no automatic deletion","미확인","미확인","미확인","미확인"
"https://code-destiny.com/en/saju/","200","200","true","https://code-destiny.com/en/saju/","Korean Saju Explained | Four Pillars and Five Elements","[{""level"":""h1"",""text"":""Read your patterns through Korean Saju""},{""level"":""h2"",""text"":""What the four pillars represent""},{""level"":""h2"",""text"":""More of an element is not automatically better""},{""level"":""h2"",""text"":""Check the inputs first""},{""level"":""h2"",""text"":""From ten-god relationships to practical choices""},{""level"":""h2"",""text"":""Public guidance and personal readings""},{""level"":""h2"",""text"":""Frequently asked questions""},{""level"":""h3"",""text"":""What if a result does not fit my experience?""},{""level"":""h2"",""text"":""Pages in English""},{""level"":""h2"",""text"":""Core Readings""},{""level"":""h2"",""text"":""Tarot Readings""},{""level"":""h2"",""text"":""Oracles & Specialties""},{""level"":""h2"",""text"":""Recommended Guides""},{""level"":""h2"",""text"":""Refund guide for digital fortune services""},{""level"":""h2"",""text"":""Disclaimer""},{""level"":""h2"",""text"":""Business information""}]","3365","0","true","false","미확인","미확인","미확인","en","true","B","false","[]","retain pending evidence review; no automatic deletion","미확인","미확인","미확인","미확인"
"https://code-destiny.com/en/sukuyo-compatibility-ai/","200","200","true","https://code-destiny.com/en/sukuyo-compatibility-ai/","Sukuyo Compatibility | 27 Mansions","[{""level"":""h1"",""text"":""Put a relationship rhythm into words with Sukuyo""},{""level"":""h2"",""text"":""What the twenty-seven mansions describe""},{""level"":""h2"",""text"":""Information needed for a calculation""},{""level"":""h2"",""text"":""Prepare a better conversation""},{""level"":""h2"",""text"":""Use it as reference""},{""level"":""h2"",""text"":""Public guidance and personal readings""},{""level"":""h2"",""text"":""Frequently asked questions""},{""level"":""h3"",""text"":""What if a result does not fit my experience?""},{""level"":""h2"",""text"":""Pages in English""},{""level"":""h2"",""text"":""Core Readings""},{""level"":""h2"",""text"":""Tarot Readings""},{""level"":""h2"",""text"":""Oracles & Specialties""},{""level"":""h2"",""text"":""Recommended Guides""},{""level"":""h2"",""text"":""Refund guide for digital fortune services""},{""level"":""h2"",""text"":""Disclaimer""},{""level"":""h2"",""text"":""Business information""}]","3303","0","true","false","미확인","미확인","미확인","en","true","B","false","[]","retain pending evidence review; no automatic deletion","미확인","미확인","미확인","미확인"
"https://code-destiny.com/en/sukuyo/","200","200","true","https://code-destiny.com/en/sukuyo/","Sukuyo Compatibility Reading | 27 Lunar Mansions","[{""level"":""h1"",""text"":""Sukuyo Compatibility and Relationship Reading""},{""level"":""h2"",""text"":""Key Points""},{""level"":""h2"",""text"":""Recommended Services""},{""level"":""h2"",""text"":""Related Links""},{""level"":""h2"",""text"":""FAQ""},{""level"":""h2"",""text"":""Compatibility as a question about distance""},{""level"":""h2"",""text"":""Inputs and the meaning of the result""},{""level"":""h2"",""text"":""Bringing a love reading into a conversation""},{""level"":""h2"",""text"":""Keep the traditions distinct""},{""level"":""h2"",""text"":""Access and responsible use""},{""level"":""h2"",""text"":""Pages in English""},{""level"":""h2"",""text"":""Core Readings""},{""level"":""h2"",""text"":""Tarot Readings""},{""level"":""h2"",""text"":""Oracles & Specialties""},{""level"":""h2"",""text"":""Recommended Guides""},{""level"":""h2"",""text"":""Refund guide for digital fortune services""},{""level"":""h2"",""text"":""Disclaimer""},{""level"":""h2"",""text"":""Business information""}]","3803","0","true","false","미확인","미확인","미확인","en","true","B","false","[]","retain pending evidence review; no automatic deletion","미확인","미확인","미확인","미확인"
"https://code-destiny.com/en/tarot/","200","200","true","https://code-destiny.com/en/tarot/","Tarot Reading Guide | Questions, Cards and Practical Choices","[{""level"":""h1"",""text"":""Use tarot to explore the question beneath the question""},{""level"":""h2"",""text"":""More than a list of card meanings""},{""level"":""h2"",""text"":""Make the question more specific""},{""level"":""h2"",""text"":""Love, reunion and another person's feelings""},{""level"":""h2"",""text"":""Choose one small action afterward""},{""level"":""h2"",""text"":""Public guidance and personal readings""},{""level"":""h2"",""text"":""Frequently asked questions""},{""level"":""h3"",""text"":""What if a result does not fit my experience?""},{""level"":""h2"",""text"":""Pages in English""},{""level"":""h2"",""text"":""Core Readings""},{""level"":""h2"",""text"":""Tarot Readings""},{""level"":""h2"",""text"":""Oracles & Specialties""},{""level"":""h2"",""text"":""Recommended Guides""},{""level"":""h2"",""text"":""Refund guide for digital fortune services""},{""level"":""h2"",""text"":""Disclaimer""},{""level"":""h2"",""text"":""Business information""}]","3327","0","true","false","미확인","미확인","미확인","en","true","B","false","[]","retain pending evidence review; no automatic deletion","미확인","미확인","미확인","미확인"
"https://code-destiny.com/en/terms-of-service/","200","200","true","https://code-destiny.com/en/terms-of-service/","Terms of Service | Code Destiny","[{""level"":""h1"",""text"":""Terms of Service""},{""level"":""h2"",""text"":""1. Purpose""},{""level"":""h2"",""text"":""2. Scope and Acceptance""},{""level"":""h2"",""text"":""3. Service Description""},{""level"":""h2"",""text"":""4. Cookies and Third-Party Ads""},{""level"":""h2"",""text"":""5. Eligibility and User Responsibility""},{""level"":""h2"",""text"":""6. Prohibited Conduct""},{""level"":""h2"",""text"":""7. Fair Use and Restriction of Abnormal Use""},{""level"":""h2"",""text"":""8. Intellectual Property""},{""level"":""h2"",""text"":""9. Nature and Limitations of the Service""},{""level"":""h2"",""text"":""10. Disclaimer""},{""level"":""h2"",""text"":""11. Limitation of Liability""},{""level"":""h2"",""text"":""12. Refund and Withdrawal Guide""},{""level"":""h2"",""text"":""13. Free Trial and Paid Pass Use""},{""level"":""h2"",""text"":""14. Changes to Terms""},{""level"":""h2"",""text"":""15. Governing Law and Jurisdiction""},{""level"":""h2"",""text"":""16. Contact""},{""level"":""h2"",""text"":""Pages in English""},{""level"":""h2"",""text"":""Core Readings""},{""level"":""h2"",""text"":""Tarot Readings""},{""level"":""h2"",""text"":""Oracles & Specialties""},{""level"":""h2"",""text"":""Recommended Guides""},{""level"":""h2"",""text"":""Refund guide for digital fortune services""},{""level"":""h2"",""text"":""Disclaimer""},{""level"":""h2"",""text"":""Business information""}]","12320","0","true","false","미확인","미확인","미확인","en","true","B","false","[]","retain pending evidence review; no automatic deletion","미확인","미확인","미확인","미확인"
"https://code-destiny.com/en/today/","200","200","true","https://code-destiny.com/en/today/","Daily Fortune Free Reading | Emotion, Relationships, Timing","[{""level"":""h1"",""text"":""Daily Fortune""},{""level"":""h2"",""text"":""Key Points""},{""level"":""h2"",""text"":""Recommended Services""},{""level"":""h2"",""text"":""Related Links""},{""level"":""h2"",""text"":""FAQ""},{""level"":""h2"",""text"":""A daily reading is a prompt, not a verdict""},{""level"":""h2"",""text"":""Check the date and the kind of reading""},{""level"":""h2"",""text"":""Love, work and money as everyday actions""},{""level"":""h2"",""text"":""When you read it again""},{""level"":""h2"",""text"":""Public content and individual consultations""},{""level"":""h2"",""text"":""Pages in English""},{""level"":""h2"",""text"":""Core Readings""},{""level"":""h2"",""text"":""Tarot Readings""},{""level"":""h2"",""text"":""Oracles & Specialties""},{""level"":""h2"",""text"":""Recommended Guides""},{""level"":""h2"",""text"":""Refund guide for digital fortune services""},{""level"":""h2"",""text"":""Disclaimer""},{""level"":""h2"",""text"":""Business information""}]","3517","0","true","false","미확인","미확인","미확인","en","true","B","false","[]","retain pending evidence review; no automatic deletion","미확인","미확인","미확인","미확인"
"https://code-destiny.com/en/vedic/","200","200","true","https://code-destiny.com/en/vedic/","Vedic Astrology Guide | Lagna, Rashi and Nakshatras","[{""level"":""h1"",""text"":""Understand the vocabulary of a Vedic birth chart""},{""level"":""h2"",""text"":""Three useful starting points""},{""level"":""h2"",""text"":""Why birth details matter""},{""level"":""h2"",""text"":""Keep Vedic and Western frameworks distinct""},{""level"":""h2"",""text"":""Use timing as context for reflection""},{""level"":""h2"",""text"":""Public guidance and personal readings""},{""level"":""h2"",""text"":""Frequently asked questions""},{""level"":""h3"",""text"":""What if a result does not fit my experience?""},{""level"":""h2"",""text"":""Pages in English""},{""level"":""h2"",""text"":""Core Readings""},{""level"":""h2"",""text"":""Tarot Readings""},{""level"":""h2"",""text"":""Oracles & Specialties""},{""level"":""h2"",""text"":""Recommended Guides""},{""level"":""h2"",""text"":""Refund guide for digital fortune services""},{""level"":""h2"",""text"":""Disclaimer""},{""level"":""h2"",""text"":""Business information""}]","3281","0","true","false","미확인","미확인","미확인","en","true","B","false","[]","retain pending evidence review; no automatic deletion","미확인","미확인","미확인","미확인"
"https://code-destiny.com/en/ziwei/","200","200","true","https://code-destiny.com/en/ziwei/","Free Zi Wei Dou Shu Reading | Chart and Twelve Palaces","[{""level"":""h1"",""text"":""Zi Wei Dou Shu Chart Reading""},{""level"":""h2"",""text"":""Key Points""},{""level"":""h2"",""text"":""Recommended Services""},{""level"":""h2"",""text"":""Related Links""},{""level"":""h2"",""text"":""FAQ""},{""level"":""h2"",""text"":""Reading a Zi Wei Dou Shu chart""},{""level"":""h2"",""text"":""What the input can and cannot establish""},{""level"":""h2"",""text"":""Turning career and money themes into questions""},{""level"":""h2"",""text"":""Relationships and uncertainty""},{""level"":""h2"",""text"":""Public guidance and detailed readings""},{""level"":""h2"",""text"":""Pages in English""},{""level"":""h2"",""text"":""Core Readings""},{""level"":""h2"",""text"":""Tarot Readings""},{""level"":""h2"",""text"":""Oracles & Specialties""},{""level"":""h2"",""text"":""Recommended Guides""},{""level"":""h2"",""text"":""Refund guide for digital fortune services""},{""level"":""h2"",""text"":""Disclaimer""},{""level"":""h2"",""text"":""Business information""}]","3830","0","true","false","미확인","미확인","미확인","en","true","B","false","[]","retain pending evidence review; no automatic deletion","미확인","미확인","미확인","미확인"
"https://code-destiny.com/faq","308","200","true","https://code-destiny.com/faq/","Code Destiny 자주 묻는 질문","[{""level"":""h1"",""text"":""Code Destiny 자주 묻는 질문""},{""level"":""h2"",""text"":""Code Destiny의 기본 운세 기능은 무료인가요?""},{""level"":""h2"",""text"":""운세 결과는 확정된 미래를 의미하나요?""},{""level"":""h2"",""text"":""생년월일과 개인정보는 어떻게 다루나요?""},{""level"":""h2"",""text"":""로그인이나 결제 페이지가 검색에 노출되나요?""},{""level"":""h2"",""text"":""사주와 타로 결과가 다르게 나오면 어떻게 보나요?""},{""level"":""h2"",""text"":""운세 결과를 바꾸나요?""},{""level"":""h2"",""text"":""어떤 순서로 들으면 좋나요?""},{""level"":""h2"",""text"":""이용권과 단건 결제는 어떻게 취소하거나 환불받나요?""}]","1117","1117","false","false","미확인","미확인","미확인","ko","false","D","true","[]","verify existing disposition","미확인","미확인","미확인","미확인"
"https://code-destiny.com/faq/","200","200","true","https://code-destiny.com/faq/","Code Destiny 자주 묻는 질문","[{""level"":""h1"",""text"":""Code Destiny 자주 묻는 질문""},{""level"":""h2"",""text"":""Code Destiny의 기본 운세 기능은 무료인가요?""},{""level"":""h2"",""text"":""운세 결과는 확정된 미래를 의미하나요?""},{""level"":""h2"",""text"":""생년월일과 개인정보는 어떻게 다루나요?""},{""level"":""h2"",""text"":""로그인이나 결제 페이지가 검색에 노출되나요?""},{""level"":""h2"",""text"":""사주와 타로 결과가 다르게 나오면 어떻게 보나요?""},{""level"":""h2"",""text"":""운세 결과를 바꾸나요?""},{""level"":""h2"",""text"":""어떤 순서로 들으면 좋나요?""},{""level"":""h2"",""text"":""이용권과 단건 결제는 어떻게 취소하거나 환불받나요?""}]","1117","1117","false","false","미확인","미확인","미확인","ko","true","B","false","[]","retain pending evidence review; no automatic deletion","미확인","미확인","미확인","미확인"
"https://code-destiny.com/feedback/","200","200","false","https://code-destiny.com/feedback/","버그 제보실 | Code Destiny","[]","0","0","false","false","미확인","미확인","미확인","ko","false","C","true","[]","verify existing disposition","미확인","미확인","미확인","미확인"
"https://code-destiny.com/flower/astrology/","200","200","false","","운명의 꽃 · 점성술 — 통합 아틀리에로 이동","[]","0","0","false","false","미확인","미확인","미확인","ko","false","C","true","[]","verify existing disposition","미확인","미확인","미확인","미확인"
"https://code-destiny.com/flower/destiny/","200","200","false","","운명의 꽃 · 운명 — 통합 아틀리에로 이동","[]","0","0","false","false","미확인","미확인","미확인","ko","false","C","true","[]","verify existing disposition","미확인","미확인","미확인","미확인"
"https://code-destiny.com/flower/jamidusu/","200","200","false","","운명의 꽃 · 자미두수 — 통합 아틀리에로 이동","[]","0","0","false","false","미확인","미확인","미확인","ko","false","C","true","[]","verify existing disposition","미확인","미확인","미확인","미확인"
"https://code-destiny.com/flower/sukuyo/","200","200","false","","운명의 꽃 · 숙요 — 통합 아틀리에로 이동","[]","0","0","false","false","미확인","미확인","미확인","ko","false","C","true","[]","verify existing disposition","미확인","미확인","미확인","미확인"
"https://code-destiny.com/fortune-chat/","200","200","false","https://code-destiny.com/fortune-chat/","꽃돼지 운명상담 | 가벼운 상담부터 초융합 심층 리딩까지 | Code Destiny","[]","0","0","false","false","미확인","미확인","미확인","ko","false","C","true","[]","verify existing disposition","미확인","미확인","미확인","미확인"
"https://code-destiny.com/fortune-tea-house/","200","200","true","https://code-destiny.com/fortune-tea-house/","운명의 찻집 | Code Destiny","[{""level"":""h2"",""text"":""장면을 조용히 열고 있어요""},{""level"":""h1"",""text"":""운명의 찻집 — 연이가 한 잔의 온기로 건네는 감성 상담""},{""level"":""h2"",""text"":""네 가지 찻잔""},{""level"":""h2"",""text"":""이런 순간에 찾아오시면 좋습니다""},{""level"":""h2"",""text"":""이용 순서""},{""level"":""h2"",""text"":""자주 묻는 질문""},{""level"":""h3"",""text"":""운명의 찻집은 어떤 상담인가요?""},{""level"":""h3"",""text"":""네 가지 상담은 무엇이 다른가요?""},{""level"":""h3"",""text"":""무료로 이용할 수 있나요?""},{""level"":""h3"",""text"":""생년월일이 꼭 필요한가요?""},{""level"":""h3"",""text"":""결과를 다시 볼 수 있나요?""},{""level"":""h2"",""text"":""운명의 찻집""},{""level"":""h2"",""text"":""찻잔 앞에 잠시 멈추면 마음의 질문이 선명해집니다""},{""level"":""h2"",""text"":""질문은 작아도 마음의 결은 충분히 깊게 읽습니다""},{""level"":""h2"",""text"":""상처를 크게 만들지 않고, 필요한 말만 부드럽게 건넵니다""}]","2765","0","true","false","미확인","미확인","미확인","ko","true","B","false","[]","retain pending evidence review; no automatic deletion","미확인","미확인","미확인","미확인"
"https://code-destiny.com/fortune/","200","200","true","https://code-destiny.com/fortune/","무료 운세 | 오늘·내일·주간·월간 별자리·띠별 운세","[{""level"":""h1"",""text"":""무료 운세 모음 — 별자리 12종 · 띠 12종""},{""level"":""h2"",""text"":""기간마다 보는 축이 다릅니다""},{""level"":""h2"",""text"":""띠별 운세 12종""},{""level"":""h2"",""text"":""별자리 운세 12종""},{""level"":""h2"",""text"":""내일 · 이번 주 · 이번 달 운세 72종""},{""level"":""h3"",""text"":""📆 내일 운세 24종""},{""level"":""h3"",""text"":""🗓️ 이번 주 운세 24종""},{""level"":""h3"",""text"":""📜 이번 달 운세 24종""},{""level"":""h2"",""text"":""점수는 이렇게 계산합니다""},{""level"":""h2"",""text"":""자주 묻는 질문""},{""level"":""h3"",""text"":""운세를 보려면 회원가입이나 결제가 필요한가요?""},{""level"":""h3"",""text"":""운세는 얼마나 자주 바뀌나요?""},{""level"":""h3"",""text"":""별자리 운세와 띠 운세는 무엇이 다른가요?""},{""level"":""h3"",""text"":""점수는 어떤 근거로 나온 숫자인가요?""}]","3225","3225","false","false","미확인","미확인","미확인","ko","true","B","false","[]","retain pending evidence review; no automatic deletion","미확인","미확인","미확인","미확인"
"https://code-destiny.com/fortune/monthly/","200","200","true","https://code-destiny.com/fortune/monthly/","이번 달 운세 2026년 9월 | 무료 별자리·띠별 운세","[{""level"":""h1"",""text"":""이번 달 운세""},{""level"":""h2"",""text"":""이번 달 의 기준 값""},{""level"":""h2"",""text"":""별자리 이번 달 운세 12종""},{""level"":""h2"",""text"":""띠별 이번 달 운세 12종""},{""level"":""h2"",""text"":""이어서 보기""},{""level"":""h2"",""text"":""여섯 체계를 교차 검증하는 초융합 심층 리딩""},{""level"":""h2"",""text"":""핵심 운세""},{""level"":""h2"",""text"":""타로 리딩""},{""level"":""h2"",""text"":""신탁 & 특화""},{""level"":""h2"",""text"":""추천 가이드""},{""level"":""h2"",""text"":""디지털 운세 서비스 환불 안내""},{""level"":""h2"",""text"":""면책 고지""},{""level"":""h2"",""text"":""사업자 정보""}]","2975","0","true","false","미확인","미확인","미확인","ko","true","B","false","[]","retain pending evidence review; no automatic deletion","미확인","미확인","미확인","미확인"
"https://code-destiny.com/fortune/monthly/aquarius/","200","200","true","https://code-destiny.com/fortune/monthly/aquarius/","물병자리 이번 달 운세 2026년 9월 | 무료 별자리 운세","[{""level"":""h1"",""text"":""물병자리 이번 달 운세""},{""level"":""h2"",""text"":""이번 달의 기준 값""},{""level"":""h2"",""text"":""물병자리와 이번 달 기운의 관계""},{""level"":""h2"",""text"":""이번 달의 운세 점수""},{""level"":""h3"",""text"":""이 점수는 이렇게 나왔습니다""},{""level"":""h2"",""text"":""이번 달 짚어 둘 것""},{""level"":""h2"",""text"":""물병자리의 기본 결""},{""level"":""h3"",""text"":""애정운""},{""level"":""h3"",""text"":""재물운""},{""level"":""h3"",""text"":""건강운""},{""level"":""h3"",""text"":""직장운""},{""level"":""h2"",""text"":""이번 달의 행운 포인트""},{""level"":""h2"",""text"":""물병자리는 어떤 기질인가""},{""level"":""h3"",""text"":""강점""},{""level"":""h3"",""text"":""주의할 결""},{""level"":""h3"",""text"":""행운을 부르는 습관""},{""level"":""h3"",""text"":""이 운세를 읽는 법""},{""level"":""h2"",""text"":""물병자리와 잘 맞는 상대""},{""level"":""h3"",""text"":""흐름이 맞는 쪽""},{""level"":""h3"",""text"":""조율이 필요한 쪽""},{""level"":""h2"",""text"":""자주 묻는 질문""},{""level"":""h2"",""text"":""다른 기간과 다른 별자리""},{""level"":""h3"",""text"":""별자리 12종""},{""level"":""h3"",""text"":""띠 12종""},{""level"":""h2"",""text"":""하루 너머를 보고 싶다면""},{""level"":""h2"",""text"":""여섯 체계를 교차 검증하는 초융합 심층 리딩""},{""level"":""h2"",""text"":""핵심 운세""},{""level"":""h2"",""text"":""타로 리딩""},{""level"":""h2"",""text"":""신탁 & 특화""},{""level"":""h2"",""text"":""추천 가이드""},{""level"":""h2"",""text"":""디지털 운세 서비스 환불 안내""},{""level"":""h2"",""text"":""면책 고지""},{""level"":""h2"",""text"":""사업자 정보""}]","2701","0","true","true","{""@type"":""Person"",""@id"":""https://code-destiny.com/#author"",""name"":""박병하"",""jobTitle"":""명리학자"",""description"":""10년 경력의 명리학자. Code Destiny 가 공개하는 사주·운세 콘텐츠의 최종 검수 책임자입니다."",""knowsAbout"":[""사주"",""명리학"",""만세력"",""자미두수"",""숙요점""],""url"":""https://code-destiny.com/about"",""worksFor"":{""@type"":""Organization"",""@id"":""https://code-destiny.com/#organization"",""name"":""CODE DESTINY""}}","2026-09-01T00:00:00+09:00","2026-09-01T00:00:00+09:00","ko","true","B","false","[""editorial-review-required""]","retain pending evidence review; no automatic deletion","미확인","미확인","미확인","미확인"
"https://code-destiny.com/fortune/monthly/aries/","200","200","true","https://code-destiny.com/fortune/monthly/aries/","양자리 이번 달 운세 2026년 9월 | 무료 별자리 운세","[{""level"":""h1"",""text"":""양자리 이번 달 운세""},{""level"":""h2"",""text"":""이번 달의 기준 값""},{""level"":""h2"",""text"":""양자리와 이번 달 기운의 관계""},{""level"":""h2"",""text"":""이번 달의 운세 점수""},{""level"":""h3"",""text"":""이 점수는 이렇게 나왔습니다""},{""level"":""h2"",""text"":""이번 달 짚어 둘 것""},{""level"":""h2"",""text"":""양자리의 기본 결""},{""level"":""h3"",""text"":""애정운""},{""level"":""h3"",""text"":""재물운""},{""level"":""h3"",""text"":""건강운""},{""level"":""h3"",""text"":""직장운""},{""level"":""h2"",""text"":""이번 달의 행운 포인트""},{""level"":""h2"",""text"":""양자리는 어떤 기질인가""},{""level"":""h3"",""text"":""강점""},{""level"":""h3"",""text"":""주의할 결""},{""level"":""h3"",""text"":""행운을 부르는 습관""},{""level"":""h3"",""text"":""이 운세를 읽는 법""},{""level"":""h2"",""text"":""양자리와 잘 맞는 상대""},{""level"":""h3"",""text"":""흐름이 맞는 쪽""},{""level"":""h3"",""text"":""조율이 필요한 쪽""},{""level"":""h2"",""text"":""자주 묻는 질문""},{""level"":""h2"",""text"":""다른 기간과 다른 별자리""},{""level"":""h3"",""text"":""별자리 12종""},{""level"":""h3"",""text"":""띠 12종""},{""level"":""h2"",""text"":""하루 너머를 보고 싶다면""},{""level"":""h2"",""text"":""여섯 체계를 교차 검증하는 초융합 심층 리딩""},{""level"":""h2"",""text"":""핵심 운세""},{""level"":""h2"",""text"":""타로 리딩""},{""level"":""h2"",""text"":""신탁 & 특화""},{""level"":""h2"",""text"":""추천 가이드""},{""level"":""h2"",""text"":""디지털 운세 서비스 환불 안내""},{""level"":""h2"",""text"":""면책 고지""},{""level"":""h2"",""text"":""사업자 정보""}]","2887","0","true","true","{""@type"":""Person"",""@id"":""https://code-destiny.com/#author"",""name"":""박병하"",""jobTitle"":""명리학자"",""description"":""10년 경력의 명리학자. Code Destiny 가 공개하는 사주·운세 콘텐츠의 최종 검수 책임자입니다."",""knowsAbout"":[""사주"",""명리학"",""만세력"",""자미두수"",""숙요점""],""url"":""https://code-destiny.com/about"",""worksFor"":{""@type"":""Organization"",""@id"":""https://code-destiny.com/#organization"",""name"":""CODE DESTINY""}}","2026-09-01T00:00:00+09:00","2026-09-01T00:00:00+09:00","ko","true","B","false","[""editorial-review-required""]","retain pending evidence review; no automatic deletion","미확인","미확인","미확인","미확인"
"https://code-destiny.com/fortune/monthly/cancer/","200","200","true","https://code-destiny.com/fortune/monthly/cancer/","게자리 이번 달 운세 2026년 9월 | 무료 별자리 운세","[{""level"":""h1"",""text"":""게자리 이번 달 운세""},{""level"":""h2"",""text"":""이번 달의 기준 값""},{""level"":""h2"",""text"":""게자리와 이번 달 기운의 관계""},{""level"":""h2"",""text"":""이번 달의 운세 점수""},{""level"":""h3"",""text"":""이 점수는 이렇게 나왔습니다""},{""level"":""h2"",""text"":""이번 달 짚어 둘 것""},{""level"":""h2"",""text"":""게자리의 기본 결""},{""level"":""h3"",""text"":""애정운""},{""level"":""h3"",""text"":""재물운""},{""level"":""h3"",""text"":""건강운""},{""level"":""h3"",""text"":""직장운""},{""level"":""h2"",""text"":""이번 달의 행운 포인트""},{""level"":""h2"",""text"":""게자리는 어떤 기질인가""},{""level"":""h3"",""text"":""강점""},{""level"":""h3"",""text"":""주의할 결""},{""level"":""h3"",""text"":""행운을 부르는 습관""},{""level"":""h3"",""text"":""이 운세를 읽는 법""},{""level"":""h2"",""text"":""게자리와 잘 맞는 상대""},{""level"":""h3"",""text"":""흐름이 맞는 쪽""},{""level"":""h3"",""text"":""조율이 필요한 쪽""},{""level"":""h2"",""text"":""자주 묻는 질문""},{""level"":""h2"",""text"":""다른 기간과 다른 별자리""},{""level"":""h3"",""text"":""별자리 12종""},{""level"":""h3"",""text"":""띠 12종""},{""level"":""h2"",""text"":""하루 너머를 보고 싶다면""},{""level"":""h2"",""text"":""여섯 체계를 교차 검증하는 초융합 심층 리딩""},{""level"":""h2"",""text"":""핵심 운세""},{""level"":""h2"",""text"":""타로 리딩""},{""level"":""h2"",""text"":""신탁 & 특화""},{""level"":""h2"",""text"":""추천 가이드""},{""level"":""h2"",""text"":""디지털 운세 서비스 환불 안내""},{""level"":""h2"",""text"":""면책 고지""},{""level"":""h2"",""text"":""사업자 정보""}]","2706","0","true","true","{""@type"":""Person"",""@id"":""https://code-destiny.com/#author"",""name"":""박병하"",""jobTitle"":""명리학자"",""description"":""10년 경력의 명리학자. Code Destiny 가 공개하는 사주·운세 콘텐츠의 최종 검수 책임자입니다."",""knowsAbout"":[""사주"",""명리학"",""만세력"",""자미두수"",""숙요점""],""url"":""https://code-destiny.com/about"",""worksFor"":{""@type"":""Organization"",""@id"":""https://code-destiny.com/#organization"",""name"":""CODE DESTINY""}}","2026-09-01T00:00:00+09:00","2026-09-01T00:00:00+09:00","ko","true","B","false","[""editorial-review-required""]","retain pending evidence review; no automatic deletion","미확인","미확인","미확인","미확인"
"https://code-destiny.com/fortune/monthly/capricorn/","200","200","true","https://code-destiny.com/fortune/monthly/capricorn/","염소자리 이번 달 운세 2026년 9월 | 무료 별자리 운세","[{""level"":""h1"",""text"":""염소자리 이번 달 운세""},{""level"":""h2"",""text"":""이번 달의 기준 값""},{""level"":""h2"",""text"":""염소자리와 이번 달 기운의 관계""},{""level"":""h2"",""text"":""이번 달의 운세 점수""},{""level"":""h3"",""text"":""이 점수는 이렇게 나왔습니다""},{""level"":""h2"",""text"":""이번 달 짚어 둘 것""},{""level"":""h2"",""text"":""염소자리의 기본 결""},{""level"":""h3"",""text"":""애정운""},{""level"":""h3"",""text"":""재물운""},{""level"":""h3"",""text"":""건강운""},{""level"":""h3"",""text"":""직장운""},{""level"":""h2"",""text"":""이번 달의 행운 포인트""},{""level"":""h2"",""text"":""염소자리는 어떤 기질인가""},{""level"":""h3"",""text"":""강점""},{""level"":""h3"",""text"":""주의할 결""},{""level"":""h3"",""text"":""행운을 부르는 습관""},{""level"":""h3"",""text"":""이 운세를 읽는 법""},{""level"":""h2"",""text"":""염소자리와 잘 맞는 상대""},{""level"":""h3"",""text"":""흐름이 맞는 쪽""},{""level"":""h3"",""text"":""조율이 필요한 쪽""},{""level"":""h2"",""text"":""자주 묻는 질문""},{""level"":""h2"",""text"":""다른 기간과 다른 별자리""},{""level"":""h3"",""text"":""별자리 12종""},{""level"":""h3"",""text"":""띠 12종""},{""level"":""h2"",""text"":""하루 너머를 보고 싶다면""},{""level"":""h2"",""text"":""여섯 체계를 교차 검증하는 초융합 심층 리딩""},{""level"":""h2"",""text"":""핵심 운세""},{""level"":""h2"",""text"":""타로 리딩""},{""level"":""h2"",""text"":""신탁 & 특화""},{""level"":""h2"",""text"":""추천 가이드""},{""level"":""h2"",""text"":""디지털 운세 서비스 환불 안내""},{""level"":""h2"",""text"":""면책 고지""},{""level"":""h2"",""text"":""사업자 정보""}]","2692","0","true","true","{""@type"":""Person"",""@id"":""https://code-destiny.com/#author"",""name"":""박병하"",""jobTitle"":""명리학자"",""description"":""10년 경력의 명리학자. Code Destiny 가 공개하는 사주·운세 콘텐츠의 최종 검수 책임자입니다."",""knowsAbout"":[""사주"",""명리학"",""만세력"",""자미두수"",""숙요점""],""url"":""https://code-destiny.com/about"",""worksFor"":{""@type"":""Organization"",""@id"":""https://code-destiny.com/#organization"",""name"":""CODE DESTINY""}}","2026-09-01T00:00:00+09:00","2026-09-01T00:00:00+09:00","ko","true","B","false","[""editorial-review-required""]","retain pending evidence review; no automatic deletion","미확인","미확인","미확인","미확인"
"https://code-destiny.com/fortune/monthly/dog/","200","200","true","https://code-destiny.com/fortune/monthly/dog/","개띠 이번 달 운세 2026년 9월 | 무료 띠별 운세","[{""level"":""h1"",""text"":""개띠 이번 달 운세""},{""level"":""h2"",""text"":""이번 달의 기준 값""},{""level"":""h2"",""text"":""개띠와 이번 달 기운의 관계""},{""level"":""h2"",""text"":""이번 달의 운세 점수""},{""level"":""h3"",""text"":""이 점수는 이렇게 나왔습니다""},{""level"":""h2"",""text"":""이번 달 짚어 둘 것""},{""level"":""h2"",""text"":""개띠의 기본 결""},{""level"":""h3"",""text"":""애정운""},{""level"":""h3"",""text"":""재물운""},{""level"":""h3"",""text"":""건강운""},{""level"":""h3"",""text"":""직장운""},{""level"":""h2"",""text"":""이번 달의 행운 포인트""},{""level"":""h2"",""text"":""개띠는 어떤 기질인가""},{""level"":""h3"",""text"":""강점""},{""level"":""h3"",""text"":""주의할 결""},{""level"":""h3"",""text"":""행운을 부르는 습관""},{""level"":""h3"",""text"":""이 운세를 읽는 법""},{""level"":""h2"",""text"":""개띠와 잘 맞는 상대""},{""level"":""h3"",""text"":""흐름이 맞는 쪽""},{""level"":""h3"",""text"":""조율이 필요한 쪽""},{""level"":""h2"",""text"":""자주 묻는 질문""},{""level"":""h2"",""text"":""다른 기간과 다른 띠""},{""level"":""h3"",""text"":""띠 12종""},{""level"":""h3"",""text"":""별자리 12종""},{""level"":""h2"",""text"":""하루 너머를 보고 싶다면""},{""level"":""h2"",""text"":""여섯 체계를 교차 검증하는 초융합 심층 리딩""},{""level"":""h2"",""text"":""핵심 운세""},{""level"":""h2"",""text"":""타로 리딩""},{""level"":""h2"",""text"":""신탁 & 특화""},{""level"":""h2"",""text"":""추천 가이드""},{""level"":""h2"",""text"":""디지털 운세 서비스 환불 안내""},{""level"":""h2"",""text"":""면책 고지""},{""level"":""h2"",""text"":""사업자 정보""}]","2594","0","true","true","{""@type"":""Person"",""@id"":""https://code-destiny.com/#author"",""name"":""박병하"",""jobTitle"":""명리학자"",""description"":""10년 경력의 명리학자. Code Destiny 가 공개하는 사주·운세 콘텐츠의 최종 검수 책임자입니다."",""knowsAbout"":[""사주"",""명리학"",""만세력"",""자미두수"",""숙요점""],""url"":""https://code-destiny.com/about"",""worksFor"":{""@type"":""Organization"",""@id"":""https://code-destiny.com/#organization"",""name"":""CODE DESTINY""}}","2026-09-01T00:00:00+09:00","2026-09-01T00:00:00+09:00","ko","true","B","false","[""editorial-review-required""]","retain pending evidence review; no automatic deletion","미확인","미확인","미확인","미확인"
"https://code-destiny.com/fortune/monthly/dragon/","200","200","true","https://code-destiny.com/fortune/monthly/dragon/","용띠 이번 달 운세 2026년 9월 | 무료 띠별 운세","[{""level"":""h1"",""text"":""용띠 이번 달 운세""},{""level"":""h2"",""text"":""이번 달의 기준 값""},{""level"":""h2"",""text"":""용띠와 이번 달 기운의 관계""},{""level"":""h2"",""text"":""이번 달의 운세 점수""},{""level"":""h3"",""text"":""이 점수는 이렇게 나왔습니다""},{""level"":""h2"",""text"":""이번 달 짚어 둘 것""},{""level"":""h2"",""text"":""용띠의 기본 결""},{""level"":""h3"",""text"":""애정운""},{""level"":""h3"",""text"":""재물운""},{""level"":""h3"",""text"":""건강운""},{""level"":""h3"",""text"":""직장운""},{""level"":""h2"",""text"":""이번 달의 행운 포인트""},{""level"":""h2"",""text"":""용띠는 어떤 기질인가""},{""level"":""h3"",""text"":""강점""},{""level"":""h3"",""text"":""주의할 결""},{""level"":""h3"",""text"":""행운을 부르는 습관""},{""level"":""h3"",""text"":""이 운세를 읽는 법""},{""level"":""h2"",""text"":""용띠와 잘 맞는 상대""},{""level"":""h3"",""text"":""흐름이 맞는 쪽""},{""level"":""h3"",""text"":""조율이 필요한 쪽""},{""level"":""h2"",""text"":""자주 묻는 질문""},{""level"":""h2"",""text"":""다른 기간과 다른 띠""},{""level"":""h3"",""text"":""띠 12종""},{""level"":""h3"",""text"":""별자리 12종""},{""level"":""h2"",""text"":""하루 너머를 보고 싶다면""},{""level"":""h2"",""text"":""여섯 체계를 교차 검증하는 초융합 심층 리딩""},{""level"":""h2"",""text"":""핵심 운세""},{""level"":""h2"",""text"":""타로 리딩""},{""level"":""h2"",""text"":""신탁 & 특화""},{""level"":""h2"",""text"":""추천 가이드""},{""level"":""h2"",""text"":""디지털 운세 서비스 환불 안내""},{""level"":""h2"",""text"":""면책 고지""},{""level"":""h2"",""text"":""사업자 정보""}]","2580","0","true","true","{""@type"":""Person"",""@id"":""https://code-destiny.com/#author"",""name"":""박병하"",""jobTitle"":""명리학자"",""description"":""10년 경력의 명리학자. Code Destiny 가 공개하는 사주·운세 콘텐츠의 최종 검수 책임자입니다."",""knowsAbout"":[""사주"",""명리학"",""만세력"",""자미두수"",""숙요점""],""url"":""https://code-destiny.com/about"",""worksFor"":{""@type"":""Organization"",""@id"":""https://code-destiny.com/#organization"",""name"":""CODE DESTINY""}}","2026-09-01T00:00:00+09:00","2026-09-01T00:00:00+09:00","ko","true","B","false","[""editorial-review-required""]","retain pending evidence review; no automatic deletion","미확인","미확인","미확인","미확인"
"https://code-destiny.com/fortune/monthly/gemini/","200","200","true","https://code-destiny.com/fortune/monthly/gemini/","쌍둥이자리 이번 달 운세 2026년 9월 | 무료 별자리 운세","[{""level"":""h1"",""text"":""쌍둥이자리 이번 달 운세""},{""level"":""h2"",""text"":""이번 달의 기준 값""},{""level"":""h2"",""text"":""쌍둥이자리와 이번 달 기운의 관계""},{""level"":""h2"",""text"":""이번 달의 운세 점수""},{""level"":""h3"",""text"":""이 점수는 이렇게 나왔습니다""},{""level"":""h2"",""text"":""이번 달 짚어 둘 것""},{""level"":""h2"",""text"":""쌍둥이자리의 기본 결""},{""level"":""h3"",""text"":""애정운""},{""level"":""h3"",""text"":""재물운""},{""level"":""h3"",""text"":""건강운""},{""level"":""h3"",""text"":""직장운""},{""level"":""h2"",""text"":""이번 달의 행운 포인트""},{""level"":""h2"",""text"":""쌍둥이자리는 어떤 기질인가""},{""level"":""h3"",""text"":""강점""},{""level"":""h3"",""text"":""주의할 결""},{""level"":""h3"",""text"":""행운을 부르는 습관""},{""level"":""h3"",""text"":""이 운세를 읽는 법""},{""level"":""h2"",""text"":""쌍둥이자리와 잘 맞는 상대""},{""level"":""h3"",""text"":""흐름이 맞는 쪽""},{""level"":""h3"",""text"":""조율이 필요한 쪽""},{""level"":""h2"",""text"":""자주 묻는 질문""},{""level"":""h2"",""text"":""다른 기간과 다른 별자리""},{""level"":""h3"",""text"":""별자리 12종""},{""level"":""h3"",""text"":""띠 12종""},{""level"":""h2"",""text"":""하루 너머를 보고 싶다면""},{""level"":""h2"",""text"":""여섯 체계를 교차 검증하는 초융합 심층 리딩""},{""level"":""h2"",""text"":""핵심 운세""},{""level"":""h2"",""text"":""타로 리딩""},{""level"":""h2"",""text"":""신탁 & 특화""},{""level"":""h2"",""text"":""추천 가이드""},{""level"":""h2"",""text"":""디지털 운세 서비스 환불 안내""},{""level"":""h2"",""text"":""면책 고지""},{""level"":""h2"",""text"":""사업자 정보""}]","2744","0","true","true","{""@type"":""Person"",""@id"":""https://code-destiny.com/#author"",""name"":""박병하"",""jobTitle"":""명리학자"",""description"":""10년 경력의 명리학자. Code Destiny 가 공개하는 사주·운세 콘텐츠의 최종 검수 책임자입니다."",""knowsAbout"":[""사주"",""명리학"",""만세력"",""자미두수"",""숙요점""],""url"":""https://code-destiny.com/about"",""worksFor"":{""@type"":""Organization"",""@id"":""https://code-destiny.com/#organization"",""name"":""CODE DESTINY""}}","2026-09-01T00:00:00+09:00","2026-09-01T00:00:00+09:00","ko","true","B","false","[""editorial-review-required""]","retain pending evidence review; no automatic deletion","미확인","미확인","미확인","미확인"
"https://code-destiny.com/fortune/monthly/goat/","200","200","true","https://code-destiny.com/fortune/monthly/goat/","양띠 이번 달 운세 2026년 9월 | 무료 띠별 운세","[{""level"":""h1"",""text"":""양띠 이번 달 운세""},{""level"":""h2"",""text"":""이번 달의 기준 값""},{""level"":""h2"",""text"":""양띠와 이번 달 기운의 관계""},{""level"":""h2"",""text"":""이번 달의 운세 점수""},{""level"":""h3"",""text"":""이 점수는 이렇게 나왔습니다""},{""level"":""h2"",""text"":""이번 달 짚어 둘 것""},{""level"":""h2"",""text"":""양띠의 기본 결""},{""level"":""h3"",""text"":""애정운""},{""level"":""h3"",""text"":""재물운""},{""level"":""h3"",""text"":""건강운""},{""level"":""h3"",""text"":""직장운""},{""level"":""h2"",""text"":""이번 달의 행운 포인트""},{""level"":""h2"",""text"":""양띠는 어떤 기질인가""},{""level"":""h3"",""text"":""강점""},{""level"":""h3"",""text"":""주의할 결""},{""level"":""h3"",""text"":""행운을 부르는 습관""},{""level"":""h3"",""text"":""이 운세를 읽는 법""},{""level"":""h2"",""text"":""양띠와 잘 맞는 상대""},{""level"":""h3"",""text"":""흐름이 맞는 쪽""},{""level"":""h3"",""text"":""조율이 필요한 쪽""},{""level"":""h2"",""text"":""자주 묻는 질문""},{""level"":""h2"",""text"":""다른 기간과 다른 띠""},{""level"":""h3"",""text"":""띠 12종""},{""level"":""h3"",""text"":""별자리 12종""},{""level"":""h2"",""text"":""하루 너머를 보고 싶다면""},{""level"":""h2"",""text"":""여섯 체계를 교차 검증하는 초융합 심층 리딩""},{""level"":""h2"",""text"":""핵심 운세""},{""level"":""h2"",""text"":""타로 리딩""},{""level"":""h2"",""text"":""신탁 & 특화""},{""level"":""h2"",""text"":""추천 가이드""},{""level"":""h2"",""text"":""디지털 운세 서비스 환불 안내""},{""level"":""h2"",""text"":""면책 고지""},{""level"":""h2"",""text"":""사업자 정보""}]","2551","0","true","true","{""@type"":""Person"",""@id"":""https://code-destiny.com/#author"",""name"":""박병하"",""jobTitle"":""명리학자"",""description"":""10년 경력의 명리학자. Code Destiny 가 공개하는 사주·운세 콘텐츠의 최종 검수 책임자입니다."",""knowsAbout"":[""사주"",""명리학"",""만세력"",""자미두수"",""숙요점""],""url"":""https://code-destiny.com/about"",""worksFor"":{""@type"":""Organization"",""@id"":""https://code-destiny.com/#organization"",""name"":""CODE DESTINY""}}","2026-09-01T00:00:00+09:00","2026-09-01T00:00:00+09:00","ko","true","B","false","[""editorial-review-required""]","retain pending evidence review; no automatic deletion","미확인","미확인","미확인","미확인"
"https://code-destiny.com/fortune/monthly/horse/","200","200","true","https://code-destiny.com/fortune/monthly/horse/","말띠 이번 달 운세 2026년 9월 | 무료 띠별 운세","[{""level"":""h1"",""text"":""말띠 이번 달 운세""},{""level"":""h2"",""text"":""이번 달의 기준 값""},{""level"":""h2"",""text"":""말띠와 이번 달 기운의 관계""},{""level"":""h2"",""text"":""이번 달의 운세 점수""},{""level"":""h3"",""text"":""이 점수는 이렇게 나왔습니다""},{""level"":""h2"",""text"":""이번 달 짚어 둘 것""},{""level"":""h2"",""text"":""말띠의 기본 결""},{""level"":""h3"",""text"":""애정운""},{""level"":""h3"",""text"":""재물운""},{""level"":""h3"",""text"":""건강운""},{""level"":""h3"",""text"":""직장운""},{""level"":""h2"",""text"":""이번 달의 행운 포인트""},{""level"":""h2"",""text"":""말띠는 어떤 기질인가""},{""level"":""h3"",""text"":""강점""},{""level"":""h3"",""text"":""주의할 결""},{""level"":""h3"",""text"":""행운을 부르는 습관""},{""level"":""h3"",""text"":""이 운세를 읽는 법""},{""level"":""h2"",""text"":""말띠와 잘 맞는 상대""},{""level"":""h3"",""text"":""흐름이 맞는 쪽""},{""level"":""h3"",""text"":""조율이 필요한 쪽""},{""level"":""h2"",""text"":""자주 묻는 질문""},{""level"":""h2"",""text"":""다른 기간과 다른 띠""},{""level"":""h3"",""text"":""띠 12종""},{""level"":""h3"",""text"":""별자리 12종""},{""level"":""h2"",""text"":""하루 너머를 보고 싶다면""},{""level"":""h2"",""text"":""여섯 체계를 교차 검증하는 초융합 심층 리딩""},{""level"":""h2"",""text"":""핵심 운세""},{""level"":""h2"",""text"":""타로 리딩""},{""level"":""h2"",""text"":""신탁 & 특화""},{""level"":""h2"",""text"":""추천 가이드""},{""level"":""h2"",""text"":""디지털 운세 서비스 환불 안내""},{""level"":""h2"",""text"":""면책 고지""},{""level"":""h2"",""text"":""사업자 정보""}]","2563","0","true","true","{""@type"":""Person"",""@id"":""https://code-destiny.com/#author"",""name"":""박병하"",""jobTitle"":""명리학자"",""description"":""10년 경력의 명리학자. Code Destiny 가 공개하는 사주·운세 콘텐츠의 최종 검수 책임자입니다."",""knowsAbout"":[""사주"",""명리학"",""만세력"",""자미두수"",""숙요점""],""url"":""https://code-destiny.com/about"",""worksFor"":{""@type"":""Organization"",""@id"":""https://code-destiny.com/#organization"",""name"":""CODE DESTINY""}}","2026-09-01T00:00:00+09:00","2026-09-01T00:00:00+09:00","ko","true","B","false","[""editorial-review-required""]","retain pending evidence review; no automatic deletion","미확인","미확인","미확인","미확인"
"https://code-destiny.com/fortune/monthly/leo/","200","200","true","https://code-destiny.com/fortune/monthly/leo/","사자자리 이번 달 운세 2026년 9월 | 무료 별자리 운세","[{""level"":""h1"",""text"":""사자자리 이번 달 운세""},{""level"":""h2"",""text"":""이번 달의 기준 값""},{""level"":""h2"",""text"":""사자자리와 이번 달 기운의 관계""},{""level"":""h2"",""text"":""이번 달의 운세 점수""},{""level"":""h3"",""text"":""이 점수는 이렇게 나왔습니다""},{""level"":""h2"",""text"":""이번 달 짚어 둘 것""},{""level"":""h2"",""text"":""사자자리의 기본 결""},{""level"":""h3"",""text"":""애정운""},{""level"":""h3"",""text"":""재물운""},{""level"":""h3"",""text"":""건강운""},{""level"":""h3"",""text"":""직장운""},{""level"":""h2"",""text"":""이번 달의 행운 포인트""},{""level"":""h2"",""text"":""사자자리는 어떤 기질인가""},{""level"":""h3"",""text"":""강점""},{""level"":""h3"",""text"":""주의할 결""},{""level"":""h3"",""text"":""행운을 부르는 습관""},{""level"":""h3"",""text"":""이 운세를 읽는 법""},{""level"":""h2"",""text"":""사자자리와 잘 맞는 상대""},{""level"":""h3"",""text"":""흐름이 맞는 쪽""},{""level"":""h3"",""text"":""조율이 필요한 쪽""},{""level"":""h2"",""text"":""자주 묻는 질문""},{""level"":""h2"",""text"":""다른 기간과 다른 별자리""},{""level"":""h3"",""text"":""별자리 12종""},{""level"":""h3"",""text"":""띠 12종""},{""level"":""h2"",""text"":""하루 너머를 보고 싶다면""},{""level"":""h2"",""text"":""여섯 체계를 교차 검증하는 초융합 심층 리딩""},{""level"":""h2"",""text"":""핵심 운세""},{""level"":""h2"",""text"":""타로 리딩""},{""level"":""h2"",""text"":""신탁 & 특화""},{""level"":""h2"",""text"":""추천 가이드""},{""level"":""h2"",""text"":""디지털 운세 서비스 환불 안내""},{""level"":""h2"",""text"":""면책 고지""},{""level"":""h2"",""text"":""사업자 정보""}]","2692","0","true","true","{""@type"":""Person"",""@id"":""https://code-destiny.com/#author"",""name"":""박병하"",""jobTitle"":""명리학자"",""description"":""10년 경력의 명리학자. Code Destiny 가 공개하는 사주·운세 콘텐츠의 최종 검수 책임자입니다."",""knowsAbout"":[""사주"",""명리학"",""만세력"",""자미두수"",""숙요점""],""url"":""https://code-destiny.com/about"",""worksFor"":{""@type"":""Organization"",""@id"":""https://code-destiny.com/#organization"",""name"":""CODE DESTINY""}}","2026-09-01T00:00:00+09:00","2026-09-01T00:00:00+09:00","ko","true","B","false","[""editorial-review-required""]","retain pending evidence review; no automatic deletion","미확인","미확인","미확인","미확인"
"https://code-destiny.com/fortune/monthly/libra/","200","200","true","https://code-destiny.com/fortune/monthly/libra/","천칭자리 이번 달 운세 2026년 9월 | 무료 별자리 운세","[{""level"":""h1"",""text"":""천칭자리 이번 달 운세""},{""level"":""h2"",""text"":""이번 달의 기준 값""},{""level"":""h2"",""text"":""천칭자리와 이번 달 기운의 관계""},{""level"":""h2"",""text"":""이번 달의 운세 점수""},{""level"":""h3"",""text"":""이 점수는 이렇게 나왔습니다""},{""level"":""h2"",""text"":""이번 달 짚어 둘 것""},{""level"":""h2"",""text"":""천칭자리의 기본 결""},{""level"":""h3"",""text"":""애정운""},{""level"":""h3"",""text"":""재물운""},{""level"":""h3"",""text"":""건강운""},{""level"":""h3"",""text"":""직장운""},{""level"":""h2"",""text"":""이번 달의 행운 포인트""},{""level"":""h2"",""text"":""천칭자리는 어떤 기질인가""},{""level"":""h3"",""text"":""강점""},{""level"":""h3"",""text"":""주의할 결""},{""level"":""h3"",""text"":""행운을 부르는 습관""},{""level"":""h3"",""text"":""이 운세를 읽는 법""},{""level"":""h2"",""text"":""천칭자리와 잘 맞는 상대""},{""level"":""h3"",""text"":""흐름이 맞는 쪽""},{""level"":""h3"",""text"":""조율이 필요한 쪽""},{""level"":""h2"",""text"":""자주 묻는 질문""},{""level"":""h2"",""text"":""다른 기간과 다른 별자리""},{""level"":""h3"",""text"":""별자리 12종""},{""level"":""h3"",""text"":""띠 12종""},{""level"":""h2"",""text"":""하루 너머를 보고 싶다면""},{""level"":""h2"",""text"":""여섯 체계를 교차 검증하는 초융합 심층 리딩""},{""level"":""h2"",""text"":""핵심 운세""},{""level"":""h2"",""text"":""타로 리딩""},{""level"":""h2"",""text"":""신탁 & 특화""},{""level"":""h2"",""text"":""추천 가이드""},{""level"":""h2"",""text"":""디지털 운세 서비스 환불 안내""},{""level"":""h2"",""text"":""면책 고지""},{""level"":""h2"",""text"":""사업자 정보""}]","2697","0","true","true","{""@type"":""Person"",""@id"":""https://code-destiny.com/#author"",""name"":""박병하"",""jobTitle"":""명리학자"",""description"":""10년 경력의 명리학자. Code Destiny 가 공개하는 사주·운세 콘텐츠의 최종 검수 책임자입니다."",""knowsAbout"":[""사주"",""명리학"",""만세력"",""자미두수"",""숙요점""],""url"":""https://code-destiny.com/about"",""worksFor"":{""@type"":""Organization"",""@id"":""https://code-destiny.com/#organization"",""name"":""CODE DESTINY""}}","2026-09-01T00:00:00+09:00","2026-09-01T00:00:00+09:00","ko","true","B","false","[""editorial-review-required""]","retain pending evidence review; no automatic deletion","미확인","미확인","미확인","미확인"
"https://code-destiny.com/fortune/monthly/monkey/","200","200","true","https://code-destiny.com/fortune/monthly/monkey/","원숭이띠 이번 달 운세 2026년 9월 | 무료 띠별 운세","[{""level"":""h1"",""text"":""원숭이띠 이번 달 운세""},{""level"":""h2"",""text"":""이번 달의 기준 값""},{""level"":""h2"",""text"":""원숭이띠와 이번 달 기운의 관계""},{""level"":""h2"",""text"":""이번 달의 운세 점수""},{""level"":""h3"",""text"":""이 점수는 이렇게 나왔습니다""},{""level"":""h2"",""text"":""이번 달 짚어 둘 것""},{""level"":""h2"",""text"":""원숭이띠의 기본 결""},{""level"":""h3"",""text"":""애정운""},{""level"":""h3"",""text"":""재물운""},{""level"":""h3"",""text"":""건강운""},{""level"":""h3"",""text"":""직장운""},{""level"":""h2"",""text"":""이번 달의 행운 포인트""},{""level"":""h2"",""text"":""원숭이띠는 어떤 기질인가""},{""level"":""h3"",""text"":""강점""},{""level"":""h3"",""text"":""주의할 결""},{""level"":""h3"",""text"":""행운을 부르는 습관""},{""level"":""h3"",""text"":""이 운세를 읽는 법""},{""level"":""h2"",""text"":""원숭이띠와 잘 맞는 상대""},{""level"":""h3"",""text"":""흐름이 맞는 쪽""},{""level"":""h3"",""text"":""조율이 필요한 쪽""},{""level"":""h2"",""text"":""자주 묻는 질문""},{""level"":""h2"",""text"":""다른 기간과 다른 띠""},{""level"":""h3"",""text"":""띠 12종""},{""level"":""h3"",""text"":""별자리 12종""},{""level"":""h2"",""text"":""하루 너머를 보고 싶다면""},{""level"":""h2"",""text"":""여섯 체계를 교차 검증하는 초융합 심층 리딩""},{""level"":""h2"",""text"":""핵심 운세""},{""level"":""h2"",""text"":""타로 리딩""},{""level"":""h2"",""text"":""신탁 & 특화""},{""level"":""h2"",""text"":""추천 가이드""},{""level"":""h2"",""text"":""디지털 운세 서비스 환불 안내""},{""level"":""h2"",""text"":""면책 고지""},{""level"":""h2"",""text"":""사업자 정보""}]","2595","0","true","true","{""@type"":""Person"",""@id"":""https://code-destiny.com/#author"",""name"":""박병하"",""jobTitle"":""명리학자"",""description"":""10년 경력의 명리학자. Code Destiny 가 공개하는 사주·운세 콘텐츠의 최종 검수 책임자입니다."",""knowsAbout"":[""사주"",""명리학"",""만세력"",""자미두수"",""숙요점""],""url"":""https://code-destiny.com/about"",""worksFor"":{""@type"":""Organization"",""@id"":""https://code-destiny.com/#organization"",""name"":""CODE DESTINY""}}","2026-09-01T00:00:00+09:00","2026-09-01T00:00:00+09:00","ko","true","B","false","[""editorial-review-required""]","retain pending evidence review; no automatic deletion","미확인","미확인","미확인","미확인"
"https://code-destiny.com/fortune/monthly/ox/","200","200","true","https://code-destiny.com/fortune/monthly/ox/","소띠 이번 달 운세 2026년 9월 | 무료 띠별 운세","[{""level"":""h1"",""text"":""소띠 이번 달 운세""},{""level"":""h2"",""text"":""이번 달의 기준 값""},{""level"":""h2"",""text"":""소띠와 이번 달 기운의 관계""},{""level"":""h2"",""text"":""이번 달의 운세 점수""},{""level"":""h3"",""text"":""이 점수는 이렇게 나왔습니다""},{""level"":""h2"",""text"":""이번 달 짚어 둘 것""},{""level"":""h2"",""text"":""소띠의 기본 결""},{""level"":""h3"",""text"":""애정운""},{""level"":""h3"",""text"":""재물운""},{""level"":""h3"",""text"":""건강운""},{""level"":""h3"",""text"":""직장운""},{""level"":""h2"",""text"":""이번 달의 행운 포인트""},{""level"":""h2"",""text"":""소띠는 어떤 기질인가""},{""level"":""h3"",""text"":""강점""},{""level"":""h3"",""text"":""주의할 결""},{""level"":""h3"",""text"":""행운을 부르는 습관""},{""level"":""h3"",""text"":""이 운세를 읽는 법""},{""level"":""h2"",""text"":""소띠와 잘 맞는 상대""},{""level"":""h3"",""text"":""흐름이 맞는 쪽""},{""level"":""h3"",""text"":""조율이 필요한 쪽""},{""level"":""h2"",""text"":""자주 묻는 질문""},{""level"":""h2"",""text"":""다른 기간과 다른 띠""},{""level"":""h3"",""text"":""띠 12종""},{""level"":""h3"",""text"":""별자리 12종""},{""level"":""h2"",""text"":""하루 너머를 보고 싶다면""},{""level"":""h2"",""text"":""여섯 체계를 교차 검증하는 초융합 심층 리딩""},{""level"":""h2"",""text"":""핵심 운세""},{""level"":""h2"",""text"":""타로 리딩""},{""level"":""h2"",""text"":""신탁 & 특화""},{""level"":""h2"",""text"":""추천 가이드""},{""level"":""h2"",""text"":""디지털 운세 서비스 환불 안내""},{""level"":""h2"",""text"":""면책 고지""},{""level"":""h2"",""text"":""사업자 정보""}]","2602","0","true","true","{""@type"":""Person"",""@id"":""https://code-destiny.com/#author"",""name"":""박병하"",""jobTitle"":""명리학자"",""description"":""10년 경력의 명리학자. Code Destiny 가 공개하는 사주·운세 콘텐츠의 최종 검수 책임자입니다."",""knowsAbout"":[""사주"",""명리학"",""만세력"",""자미두수"",""숙요점""],""url"":""https://code-destiny.com/about"",""worksFor"":{""@type"":""Organization"",""@id"":""https://code-destiny.com/#organization"",""name"":""CODE DESTINY""}}","2026-09-01T00:00:00+09:00","2026-09-01T00:00:00+09:00","ko","true","B","false","[""editorial-review-required""]","retain pending evidence review; no automatic deletion","미확인","미확인","미확인","미확인"
"https://code-destiny.com/fortune/monthly/pig/","200","200","true","https://code-destiny.com/fortune/monthly/pig/","돼지띠 이번 달 운세 2026년 9월 | 무료 띠별 운세","[{""level"":""h1"",""text"":""돼지띠 이번 달 운세""},{""level"":""h2"",""text"":""이번 달의 기준 값""},{""level"":""h2"",""text"":""돼지띠와 이번 달 기운의 관계""},{""level"":""h2"",""text"":""이번 달의 운세 점수""},{""level"":""h3"",""text"":""이 점수는 이렇게 나왔습니다""},{""level"":""h2"",""text"":""이번 달 짚어 둘 것""},{""level"":""h2"",""text"":""돼지띠의 기본 결""},{""level"":""h3"",""text"":""애정운""},{""level"":""h3"",""text"":""재물운""},{""level"":""h3"",""text"":""건강운""},{""level"":""h3"",""text"":""직장운""},{""level"":""h2"",""text"":""이번 달의 행운 포인트""},{""level"":""h2"",""text"":""돼지띠는 어떤 기질인가""},{""level"":""h3"",""text"":""강점""},{""level"":""h3"",""text"":""주의할 결""},{""level"":""h3"",""text"":""행운을 부르는 습관""},{""level"":""h3"",""text"":""이 운세를 읽는 법""},{""level"":""h2"",""text"":""돼지띠와 잘 맞는 상대""},{""level"":""h3"",""text"":""흐름이 맞는 쪽""},{""level"":""h3"",""text"":""조율이 필요한 쪽""},{""level"":""h2"",""text"":""자주 묻는 질문""},{""level"":""h2"",""text"":""다른 기간과 다른 띠""},{""level"":""h3"",""text"":""띠 12종""},{""level"":""h3"",""text"":""별자리 12종""},{""level"":""h2"",""text"":""하루 너머를 보고 싶다면""},{""level"":""h2"",""text"":""여섯 체계를 교차 검증하는 초융합 심층 리딩""},{""level"":""h2"",""text"":""핵심 운세""},{""level"":""h2"",""text"":""타로 리딩""},{""level"":""h2"",""text"":""신탁 & 특화""},{""level"":""h2"",""text"":""추천 가이드""},{""level"":""h2"",""text"":""디지털 운세 서비스 환불 안내""},{""level"":""h2"",""text"":""면책 고지""},{""level"":""h2"",""text"":""사업자 정보""}]","2551","0","true","true","{""@type"":""Person"",""@id"":""https://code-destiny.com/#author"",""name"":""박병하"",""jobTitle"":""명리학자"",""description"":""10년 경력의 명리학자. Code Destiny 가 공개하는 사주·운세 콘텐츠의 최종 검수 책임자입니다."",""knowsAbout"":[""사주"",""명리학"",""만세력"",""자미두수"",""숙요점""],""url"":""https://code-destiny.com/about"",""worksFor"":{""@type"":""Organization"",""@id"":""https://code-destiny.com/#organization"",""name"":""CODE DESTINY""}}","2026-09-01T00:00:00+09:00","2026-09-01T00:00:00+09:00","ko","true","B","false","[""editorial-review-required""]","retain pending evidence review; no automatic deletion","미확인","미확인","미확인","미확인"
"https://code-destiny.com/fortune/monthly/pisces/","200","200","true","https://code-destiny.com/fortune/monthly/pisces/","물고기자리 이번 달 운세 2026년 9월 | 무료 별자리 운세","[{""level"":""h1"",""text"":""물고기자리 이번 달 운세""},{""level"":""h2"",""text"":""이번 달의 기준 값""},{""level"":""h2"",""text"":""물고기자리와 이번 달 기운의 관계""},{""level"":""h2"",""text"":""이번 달의 운세 점수""},{""level"":""h3"",""text"":""이 점수는 이렇게 나왔습니다""},{""level"":""h2"",""text"":""이번 달 짚어 둘 것""},{""level"":""h2"",""text"":""물고기자리의 기본 결""},{""level"":""h3"",""text"":""애정운""},{""level"":""h3"",""text"":""재물운""},{""level"":""h3"",""text"":""건강운""},{""level"":""h3"",""text"":""직장운""},{""level"":""h2"",""text"":""이번 달의 행운 포인트""},{""level"":""h2"",""text"":""물고기자리는 어떤 기질인가""},{""level"":""h3"",""text"":""강점""},{""level"":""h3"",""text"":""주의할 결""},{""level"":""h3"",""text"":""행운을 부르는 습관""},{""level"":""h3"",""text"":""이 운세를 읽는 법""},{""level"":""h2"",""text"":""물고기자리와 잘 맞는 상대""},{""level"":""h3"",""text"":""흐름이 맞는 쪽""},{""level"":""h3"",""text"":""조율이 필요한 쪽""},{""level"":""h2"",""text"":""자주 묻는 질문""},{""level"":""h2"",""text"":""다른 기간과 다른 별자리""},{""level"":""h3"",""text"":""별자리 12종""},{""level"":""h3"",""text"":""띠 12종""},{""level"":""h2"",""text"":""하루 너머를 보고 싶다면""},{""level"":""h2"",""text"":""여섯 체계를 교차 검증하는 초융합 심층 리딩""},{""level"":""h2"",""text"":""핵심 운세""},{""level"":""h2"",""text"":""타로 리딩""},{""level"":""h2"",""text"":""신탁 & 특화""},{""level"":""h2"",""text"":""추천 가이드""},{""level"":""h2"",""text"":""디지털 운세 서비스 환불 안내""},{""level"":""h2"",""text"":""면책 고지""},{""level"":""h2"",""text"":""사업자 정보""}]","2678","0","true","true","{""@type"":""Person"",""@id"":""https://code-destiny.com/#author"",""name"":""박병하"",""jobTitle"":""명리학자"",""description"":""10년 경력의 명리학자. Code Destiny 가 공개하는 사주·운세 콘텐츠의 최종 검수 책임자입니다."",""knowsAbout"":[""사주"",""명리학"",""만세력"",""자미두수"",""숙요점""],""url"":""https://code-destiny.com/about"",""worksFor"":{""@type"":""Organization"",""@id"":""https://code-destiny.com/#organization"",""name"":""CODE DESTINY""}}","2026-09-01T00:00:00+09:00","2026-09-01T00:00:00+09:00","ko","true","B","false","[""editorial-review-required""]","retain pending evidence review; no automatic deletion","미확인","미확인","미확인","미확인"
"https://code-destiny.com/fortune/monthly/rabbit/","200","200","true","https://code-destiny.com/fortune/monthly/rabbit/","토끼띠 이번 달 운세 2026년 9월 | 무료 띠별 운세","[{""level"":""h1"",""text"":""토끼띠 이번 달 운세""},{""level"":""h2"",""text"":""이번 달의 기준 값""},{""level"":""h2"",""text"":""토끼띠와 이번 달 기운의 관계""},{""level"":""h2"",""text"":""이번 달의 운세 점수""},{""level"":""h3"",""text"":""이 점수는 이렇게 나왔습니다""},{""level"":""h2"",""text"":""이번 달 짚어 둘 것""},{""level"":""h2"",""text"":""토끼띠의 기본 결""},{""level"":""h3"",""text"":""애정운""},{""level"":""h3"",""text"":""재물운""},{""level"":""h3"",""text"":""건강운""},{""level"":""h3"",""text"":""직장운""},{""level"":""h2"",""text"":""이번 달의 행운 포인트""},{""level"":""h2"",""text"":""토끼띠는 어떤 기질인가""},{""level"":""h3"",""text"":""강점""},{""level"":""h3"",""text"":""주의할 결""},{""level"":""h3"",""text"":""행운을 부르는 습관""},{""level"":""h3"",""text"":""이 운세를 읽는 법""},{""level"":""h2"",""text"":""토끼띠와 잘 맞는 상대""},{""level"":""h3"",""text"":""흐름이 맞는 쪽""},{""level"":""h3"",""text"":""조율이 필요한 쪽""},{""level"":""h2"",""text"":""자주 묻는 질문""},{""level"":""h2"",""text"":""다른 기간과 다른 띠""},{""level"":""h3"",""text"":""띠 12종""},{""level"":""h3"",""text"":""별자리 12종""},{""level"":""h2"",""text"":""하루 너머를 보고 싶다면""},{""level"":""h2"",""text"":""여섯 체계를 교차 검증하는 초융합 심층 리딩""},{""level"":""h2"",""text"":""핵심 운세""},{""level"":""h2"",""text"":""타로 리딩""},{""level"":""h2"",""text"":""신탁 & 특화""},{""level"":""h2"",""text"":""추천 가이드""},{""level"":""h2"",""text"":""디지털 운세 서비스 환불 안내""},{""level"":""h2"",""text"":""면책 고지""},{""level"":""h2"",""text"":""사업자 정보""}]","2598","0","true","true","{""@type"":""Person"",""@id"":""https://code-destiny.com/#author"",""name"":""박병하"",""jobTitle"":""명리학자"",""description"":""10년 경력의 명리학자. Code Destiny 가 공개하는 사주·운세 콘텐츠의 최종 검수 책임자입니다."",""knowsAbout"":[""사주"",""명리학"",""만세력"",""자미두수"",""숙요점""],""url"":""https://code-destiny.com/about"",""worksFor"":{""@type"":""Organization"",""@id"":""https://code-destiny.com/#organization"",""name"":""CODE DESTINY""}}","2026-09-01T00:00:00+09:00","2026-09-01T00:00:00+09:00","ko","true","B","false","[""editorial-review-required""]","retain pending evidence review; no automatic deletion","미확인","미확인","미확인","미확인"
"https://code-destiny.com/fortune/monthly/rat/","200","200","true","https://code-destiny.com/fortune/monthly/rat/","쥐띠 이번 달 운세 2026년 9월 | 무료 띠별 운세","[{""level"":""h1"",""text"":""쥐띠 이번 달 운세""},{""level"":""h2"",""text"":""이번 달의 기준 값""},{""level"":""h2"",""text"":""쥐띠와 이번 달 기운의 관계""},{""level"":""h2"",""text"":""이번 달의 운세 점수""},{""level"":""h3"",""text"":""이 점수는 이렇게 나왔습니다""},{""level"":""h2"",""text"":""이번 달 짚어 둘 것""},{""level"":""h2"",""text"":""쥐띠의 기본 결""},{""level"":""h3"",""text"":""애정운""},{""level"":""h3"",""text"":""재물운""},{""level"":""h3"",""text"":""건강운""},{""level"":""h3"",""text"":""직장운""},{""level"":""h2"",""text"":""이번 달의 행운 포인트""},{""level"":""h2"",""text"":""쥐띠는 어떤 기질인가""},{""level"":""h3"",""text"":""강점""},{""level"":""h3"",""text"":""주의할 결""},{""level"":""h3"",""text"":""행운을 부르는 습관""},{""level"":""h3"",""text"":""이 운세를 읽는 법""},{""level"":""h2"",""text"":""쥐띠와 잘 맞는 상대""},{""level"":""h3"",""text"":""흐름이 맞는 쪽""},{""level"":""h3"",""text"":""조율이 필요한 쪽""},{""level"":""h2"",""text"":""자주 묻는 질문""},{""level"":""h2"",""text"":""다른 기간과 다른 띠""},{""level"":""h3"",""text"":""띠 12종""},{""level"":""h3"",""text"":""별자리 12종""},{""level"":""h2"",""text"":""하루 너머를 보고 싶다면""},{""level"":""h2"",""text"":""여섯 체계를 교차 검증하는 초융합 심층 리딩""},{""level"":""h2"",""text"":""핵심 운세""},{""level"":""h2"",""text"":""타로 리딩""},{""level"":""h2"",""text"":""신탁 & 특화""},{""level"":""h2"",""text"":""추천 가이드""},{""level"":""h2"",""text"":""디지털 운세 서비스 환불 안내""},{""level"":""h2"",""text"":""면책 고지""},{""level"":""h2"",""text"":""사업자 정보""}]","2648","0","true","true","{""@type"":""Person"",""@id"":""https://code-destiny.com/#author"",""name"":""박병하"",""jobTitle"":""명리학자"",""description"":""10년 경력의 명리학자. Code Destiny 가 공개하는 사주·운세 콘텐츠의 최종 검수 책임자입니다."",""knowsAbout"":[""사주"",""명리학"",""만세력"",""자미두수"",""숙요점""],""url"":""https://code-destiny.com/about"",""worksFor"":{""@type"":""Organization"",""@id"":""https://code-destiny.com/#organization"",""name"":""CODE DESTINY""}}","2026-09-01T00:00:00+09:00","2026-09-01T00:00:00+09:00","ko","true","B","false","[""editorial-review-required""]","retain pending evidence review; no automatic deletion","미확인","미확인","미확인","미확인"
"https://code-destiny.com/fortune/monthly/rooster/","200","200","true","https://code-destiny.com/fortune/monthly/rooster/","닭띠 이번 달 운세 2026년 9월 | 무료 띠별 운세","[{""level"":""h1"",""text"":""닭띠 이번 달 운세""},{""level"":""h2"",""text"":""이번 달의 기준 값""},{""level"":""h2"",""text"":""닭띠와 이번 달 기운의 관계""},{""level"":""h2"",""text"":""이번 달의 운세 점수""},{""level"":""h3"",""text"":""이 점수는 이렇게 나왔습니다""},{""level"":""h2"",""text"":""이번 달 짚어 둘 것""},{""level"":""h2"",""text"":""닭띠의 기본 결""},{""level"":""h3"",""text"":""애정운""},{""level"":""h3"",""text"":""재물운""},{""level"":""h3"",""text"":""건강운""},{""level"":""h3"",""text"":""직장운""},{""level"":""h2"",""text"":""이번 달의 행운 포인트""},{""level"":""h2"",""text"":""닭띠는 어떤 기질인가""},{""level"":""h3"",""text"":""강점""},{""level"":""h3"",""text"":""주의할 결""},{""level"":""h3"",""text"":""행운을 부르는 습관""},{""level"":""h3"",""text"":""이 운세를 읽는 법""},{""level"":""h2"",""text"":""닭띠와 잘 맞는 상대""},{""level"":""h3"",""text"":""흐름이 맞는 쪽""},{""level"":""h3"",""text"":""조율이 필요한 쪽""},{""level"":""h2"",""text"":""자주 묻는 질문""},{""level"":""h2"",""text"":""다른 기간과 다른 띠""},{""level"":""h3"",""text"":""띠 12종""},{""level"":""h3"",""text"":""별자리 12종""},{""level"":""h2"",""text"":""하루 너머를 보고 싶다면""},{""level"":""h2"",""text"":""여섯 체계를 교차 검증하는 초융합 심층 리딩""},{""level"":""h2"",""text"":""핵심 운세""},{""level"":""h2"",""text"":""타로 리딩""},{""level"":""h2"",""text"":""신탁 & 특화""},{""level"":""h2"",""text"":""추천 가이드""},{""level"":""h2"",""text"":""디지털 운세 서비스 환불 안내""},{""level"":""h2"",""text"":""면책 고지""},{""level"":""h2"",""text"":""사업자 정보""}]","2587","0","true","true","{""@type"":""Person"",""@id"":""https://code-destiny.com/#author"",""name"":""박병하"",""jobTitle"":""명리학자"",""description"":""10년 경력의 명리학자. Code Destiny 가 공개하는 사주·운세 콘텐츠의 최종 검수 책임자입니다."",""knowsAbout"":[""사주"",""명리학"",""만세력"",""자미두수"",""숙요점""],""url"":""https://code-destiny.com/about"",""worksFor"":{""@type"":""Organization"",""@id"":""https://code-destiny.com/#organization"",""name"":""CODE DESTINY""}}","2026-09-01T00:00:00+09:00","2026-09-01T00:00:00+09:00","ko","true","B","false","[""editorial-review-required""]","retain pending evidence review; no automatic deletion","미확인","미확인","미확인","미확인"
"https://code-destiny.com/fortune/monthly/sagittarius/","200","200","true","https://code-destiny.com/fortune/monthly/sagittarius/","궁수자리 이번 달 운세 2026년 9월 | 무료 별자리 운세","[{""level"":""h1"",""text"":""궁수자리 이번 달 운세""},{""level"":""h2"",""text"":""이번 달의 기준 값""},{""level"":""h2"",""text"":""궁수자리와 이번 달 기운의 관계""},{""level"":""h2"",""text"":""이번 달의 운세 점수""},{""level"":""h3"",""text"":""이 점수는 이렇게 나왔습니다""},{""level"":""h2"",""text"":""이번 달 짚어 둘 것""},{""level"":""h2"",""text"":""궁수자리의 기본 결""},{""level"":""h3"",""text"":""애정운""},{""level"":""h3"",""text"":""재물운""},{""level"":""h3"",""text"":""건강운""},{""level"":""h3"",""text"":""직장운""},{""level"":""h2"",""text"":""이번 달의 행운 포인트""},{""level"":""h2"",""text"":""궁수자리는 어떤 기질인가""},{""level"":""h3"",""text"":""강점""},{""level"":""h3"",""text"":""주의할 결""},{""level"":""h3"",""text"":""행운을 부르는 습관""},{""level"":""h3"",""text"":""이 운세를 읽는 법""},{""level"":""h2"",""text"":""궁수자리와 잘 맞는 상대""},{""level"":""h3"",""text"":""흐름이 맞는 쪽""},{""level"":""h3"",""text"":""조율이 필요한 쪽""},{""level"":""h2"",""text"":""자주 묻는 질문""},{""level"":""h2"",""text"":""다른 기간과 다른 별자리""},{""level"":""h3"",""text"":""별자리 12종""},{""level"":""h3"",""text"":""띠 12종""},{""level"":""h2"",""text"":""하루 너머를 보고 싶다면""},{""level"":""h2"",""text"":""여섯 체계를 교차 검증하는 초융합 심층 리딩""},{""level"":""h2"",""text"":""핵심 운세""},{""level"":""h2"",""text"":""타로 리딩""},{""level"":""h2"",""text"":""신탁 & 특화""},{""level"":""h2"",""text"":""추천 가이드""},{""level"":""h2"",""text"":""디지털 운세 서비스 환불 안내""},{""level"":""h2"",""text"":""면책 고지""},{""level"":""h2"",""text"":""사업자 정보""}]","2712","0","true","true","{""@type"":""Person"",""@id"":""https://code-destiny.com/#author"",""name"":""박병하"",""jobTitle"":""명리학자"",""description"":""10년 경력의 명리학자. Code Destiny 가 공개하는 사주·운세 콘텐츠의 최종 검수 책임자입니다."",""knowsAbout"":[""사주"",""명리학"",""만세력"",""자미두수"",""숙요점""],""url"":""https://code-destiny.com/about"",""worksFor"":{""@type"":""Organization"",""@id"":""https://code-destiny.com/#organization"",""name"":""CODE DESTINY""}}","2026-09-01T00:00:00+09:00","2026-09-01T00:00:00+09:00","ko","true","B","false","[""editorial-review-required""]","retain pending evidence review; no automatic deletion","미확인","미확인","미확인","미확인"
"https://code-destiny.com/fortune/monthly/scorpio/","200","200","true","https://code-destiny.com/fortune/monthly/scorpio/","전갈자리 이번 달 운세 2026년 9월 | 무료 별자리 운세","[{""level"":""h1"",""text"":""전갈자리 이번 달 운세""},{""level"":""h2"",""text"":""이번 달의 기준 값""},{""level"":""h2"",""text"":""전갈자리와 이번 달 기운의 관계""},{""level"":""h2"",""text"":""이번 달의 운세 점수""},{""level"":""h3"",""text"":""이 점수는 이렇게 나왔습니다""},{""level"":""h2"",""text"":""이번 달 짚어 둘 것""},{""level"":""h2"",""text"":""전갈자리의 기본 결""},{""level"":""h3"",""text"":""애정운""},{""level"":""h3"",""text"":""재물운""},{""level"":""h3"",""text"":""건강운""},{""level"":""h3"",""text"":""직장운""},{""level"":""h2"",""text"":""이번 달의 행운 포인트""},{""level"":""h2"",""text"":""전갈자리는 어떤 기질인가""},{""level"":""h3"",""text"":""강점""},{""level"":""h3"",""text"":""주의할 결""},{""level"":""h3"",""text"":""행운을 부르는 습관""},{""level"":""h3"",""text"":""이 운세를 읽는 법""},{""level"":""h2"",""text"":""전갈자리와 잘 맞는 상대""},{""level"":""h3"",""text"":""흐름이 맞는 쪽""},{""level"":""h3"",""text"":""조율이 필요한 쪽""},{""level"":""h2"",""text"":""자주 묻는 질문""},{""level"":""h2"",""text"":""다른 기간과 다른 별자리""},{""level"":""h3"",""text"":""별자리 12종""},{""level"":""h3"",""text"":""띠 12종""},{""level"":""h2"",""text"":""하루 너머를 보고 싶다면""},{""level"":""h2"",""text"":""여섯 체계를 교차 검증하는 초융합 심층 리딩""},{""level"":""h2"",""text"":""핵심 운세""},{""level"":""h2"",""text"":""타로 리딩""},{""level"":""h2"",""text"":""신탁 & 특화""},{""level"":""h2"",""text"":""추천 가이드""},{""level"":""h2"",""text"":""디지털 운세 서비스 환불 안내""},{""level"":""h2"",""text"":""면책 고지""},{""level"":""h2"",""text"":""사업자 정보""}]","2681","0","true","true","{""@type"":""Person"",""@id"":""https://code-destiny.com/#author"",""name"":""박병하"",""jobTitle"":""명리학자"",""description"":""10년 경력의 명리학자. Code Destiny 가 공개하는 사주·운세 콘텐츠의 최종 검수 책임자입니다."",""knowsAbout"":[""사주"",""명리학"",""만세력"",""자미두수"",""숙요점""],""url"":""https://code-destiny.com/about"",""worksFor"":{""@type"":""Organization"",""@id"":""https://code-destiny.com/#organization"",""name"":""CODE DESTINY""}}","2026-09-01T00:00:00+09:00","2026-09-01T00:00:00+09:00","ko","true","B","false","[""editorial-review-required""]","retain pending evidence review; no automatic deletion","미확인","미확인","미확인","미확인"
"https://code-destiny.com/fortune/monthly/snake/","200","200","true","https://code-destiny.com/fortune/monthly/snake/","뱀띠 이번 달 운세 2026년 9월 | 무료 띠별 운세","[{""level"":""h1"",""text"":""뱀띠 이번 달 운세""},{""level"":""h2"",""text"":""이번 달의 기준 값""},{""level"":""h2"",""text"":""뱀띠와 이번 달 기운의 관계""},{""level"":""h2"",""text"":""이번 달의 운세 점수""},{""level"":""h3"",""text"":""이 점수는 이렇게 나왔습니다""},{""level"":""h2"",""text"":""이번 달 짚어 둘 것""},{""level"":""h2"",""text"":""뱀띠의 기본 결""},{""level"":""h3"",""text"":""애정운""},{""level"":""h3"",""text"":""재물운""},{""level"":""h3"",""text"":""건강운""},{""level"":""h3"",""text"":""직장운""},{""level"":""h2"",""text"":""이번 달의 행운 포인트""},{""level"":""h2"",""text"":""뱀띠는 어떤 기질인가""},{""level"":""h3"",""text"":""강점""},{""level"":""h3"",""text"":""주의할 결""},{""level"":""h3"",""text"":""행운을 부르는 습관""},{""level"":""h3"",""text"":""이 운세를 읽는 법""},{""level"":""h2"",""text"":""뱀띠와 잘 맞는 상대""},{""level"":""h3"",""text"":""흐름이 맞는 쪽""},{""level"":""h3"",""text"":""조율이 필요한 쪽""},{""level"":""h2"",""text"":""자주 묻는 질문""},{""level"":""h2"",""text"":""다른 기간과 다른 띠""},{""level"":""h3"",""text"":""띠 12종""},{""level"":""h3"",""text"":""별자리 12종""},{""level"":""h2"",""text"":""하루 너머를 보고 싶다면""},{""level"":""h2"",""text"":""여섯 체계를 교차 검증하는 초융합 심층 리딩""},{""level"":""h2"",""text"":""핵심 운세""},{""level"":""h2"",""text"":""타로 리딩""},{""level"":""h2"",""text"":""신탁 & 특화""},{""level"":""h2"",""text"":""추천 가이드""},{""level"":""h2"",""text"":""디지털 운세 서비스 환불 안내""},{""level"":""h2"",""text"":""면책 고지""},{""level"":""h2"",""text"":""사업자 정보""}]","2563","0","true","true","{""@type"":""Person"",""@id"":""https://code-destiny.com/#author"",""name"":""박병하"",""jobTitle"":""명리학자"",""description"":""10년 경력의 명리학자. Code Destiny 가 공개하는 사주·운세 콘텐츠의 최종 검수 책임자입니다."",""knowsAbout"":[""사주"",""명리학"",""만세력"",""자미두수"",""숙요점""],""url"":""https://code-destiny.com/about"",""worksFor"":{""@type"":""Organization"",""@id"":""https://code-destiny.com/#organization"",""name"":""CODE DESTINY""}}","2026-09-01T00:00:00+09:00","2026-09-01T00:00:00+09:00","ko","true","B","false","[""editorial-review-required""]","retain pending evidence review; no automatic deletion","미확인","미확인","미확인","미확인"
"https://code-destiny.com/fortune/monthly/taurus/","200","200","true","https://code-destiny.com/fortune/monthly/taurus/","황소자리 이번 달 운세 2026년 9월 | 무료 별자리 운세","[{""level"":""h1"",""text"":""황소자리 이번 달 운세""},{""level"":""h2"",""text"":""이번 달의 기준 값""},{""level"":""h2"",""text"":""황소자리와 이번 달 기운의 관계""},{""level"":""h2"",""text"":""이번 달의 운세 점수""},{""level"":""h3"",""text"":""이 점수는 이렇게 나왔습니다""},{""level"":""h2"",""text"":""이번 달 짚어 둘 것""},{""level"":""h2"",""text"":""황소자리의 기본 결""},{""level"":""h3"",""text"":""애정운""},{""level"":""h3"",""text"":""재물운""},{""level"":""h3"",""text"":""건강운""},{""level"":""h3"",""text"":""직장운""},{""level"":""h2"",""text"":""이번 달의 행운 포인트""},{""level"":""h2"",""text"":""황소자리는 어떤 기질인가""},{""level"":""h3"",""text"":""강점""},{""level"":""h3"",""text"":""주의할 결""},{""level"":""h3"",""text"":""행운을 부르는 습관""},{""level"":""h3"",""text"":""이 운세를 읽는 법""},{""level"":""h2"",""text"":""황소자리와 잘 맞는 상대""},{""level"":""h3"",""text"":""흐름이 맞는 쪽""},{""level"":""h3"",""text"":""조율이 필요한 쪽""},{""level"":""h2"",""text"":""자주 묻는 질문""},{""level"":""h2"",""text"":""다른 기간과 다른 별자리""},{""level"":""h3"",""text"":""별자리 12종""},{""level"":""h3"",""text"":""띠 12종""},{""level"":""h2"",""text"":""하루 너머를 보고 싶다면""},{""level"":""h2"",""text"":""여섯 체계를 교차 검증하는 초융합 심층 리딩""},{""level"":""h2"",""text"":""핵심 운세""},{""level"":""h2"",""text"":""타로 리딩""},{""level"":""h2"",""text"":""신탁 & 특화""},{""level"":""h2"",""text"":""추천 가이드""},{""level"":""h2"",""text"":""디지털 운세 서비스 환불 안내""},{""level"":""h2"",""text"":""면책 고지""},{""level"":""h2"",""text"":""사업자 정보""}]","2756","0","true","true","{""@type"":""Person"",""@id"":""https://code-destiny.com/#author"",""name"":""박병하"",""jobTitle"":""명리학자"",""description"":""10년 경력의 명리학자. Code Destiny 가 공개하는 사주·운세 콘텐츠의 최종 검수 책임자입니다."",""knowsAbout"":[""사주"",""명리학"",""만세력"",""자미두수"",""숙요점""],""url"":""https://code-destiny.com/about"",""worksFor"":{""@type"":""Organization"",""@id"":""https://code-destiny.com/#organization"",""name"":""CODE DESTINY""}}","2026-09-01T00:00:00+09:00","2026-09-01T00:00:00+09:00","ko","true","B","false","[""editorial-review-required""]","retain pending evidence review; no automatic deletion","미확인","미확인","미확인","미확인"
"https://code-destiny.com/fortune/monthly/tiger/","200","200","true","https://code-destiny.com/fortune/monthly/tiger/","범띠 이번 달 운세 2026년 9월 | 무료 띠별 운세","[{""level"":""h1"",""text"":""범띠 이번 달 운세""},{""level"":""h2"",""text"":""이번 달의 기준 값""},{""level"":""h2"",""text"":""범띠와 이번 달 기운의 관계""},{""level"":""h2"",""text"":""이번 달의 운세 점수""},{""level"":""h3"",""text"":""이 점수는 이렇게 나왔습니다""},{""level"":""h2"",""text"":""이번 달 짚어 둘 것""},{""level"":""h2"",""text"":""범띠의 기본 결""},{""level"":""h3"",""text"":""애정운""},{""level"":""h3"",""text"":""재물운""},{""level"":""h3"",""text"":""건강운""},{""level"":""h3"",""text"":""직장운""},{""level"":""h2"",""text"":""이번 달의 행운 포인트""},{""level"":""h2"",""text"":""범띠는 어떤 기질인가""},{""level"":""h3"",""text"":""강점""},{""level"":""h3"",""text"":""주의할 결""},{""level"":""h3"",""text"":""행운을 부르는 습관""},{""level"":""h3"",""text"":""이 운세를 읽는 법""},{""level"":""h2"",""text"":""범띠와 잘 맞는 상대""},{""level"":""h3"",""text"":""흐름이 맞는 쪽""},{""level"":""h3"",""text"":""조율이 필요한 쪽""},{""level"":""h2"",""text"":""자주 묻는 질문""},{""level"":""h2"",""text"":""다른 기간과 다른 띠""},{""level"":""h3"",""text"":""띠 12종""},{""level"":""h3"",""text"":""별자리 12종""},{""level"":""h2"",""text"":""하루 너머를 보고 싶다면""},{""level"":""h2"",""text"":""여섯 체계를 교차 검증하는 초융합 심층 리딩""},{""level"":""h2"",""text"":""핵심 운세""},{""level"":""h2"",""text"":""타로 리딩""},{""level"":""h2"",""text"":""신탁 & 특화""},{""level"":""h2"",""text"":""추천 가이드""},{""level"":""h2"",""text"":""디지털 운세 서비스 환불 안내""},{""level"":""h2"",""text"":""면책 고지""},{""level"":""h2"",""text"":""사업자 정보""}]","2598","0","true","true","{""@type"":""Person"",""@id"":""https://code-destiny.com/#author"",""name"":""박병하"",""jobTitle"":""명리학자"",""description"":""10년 경력의 명리학자. Code Destiny 가 공개하는 사주·운세 콘텐츠의 최종 검수 책임자입니다."",""knowsAbout"":[""사주"",""명리학"",""만세력"",""자미두수"",""숙요점""],""url"":""https://code-destiny.com/about"",""worksFor"":{""@type"":""Organization"",""@id"":""https://code-destiny.com/#organization"",""name"":""CODE DESTINY""}}","2026-09-01T00:00:00+09:00","2026-09-01T00:00:00+09:00","ko","true","B","false","[""editorial-review-required""]","retain pending evidence review; no automatic deletion","미확인","미확인","미확인","미확인"
"https://code-destiny.com/fortune/monthly/virgo/","200","200","true","https://code-destiny.com/fortune/monthly/virgo/","처녀자리 이번 달 운세 2026년 9월 | 무료 별자리 운세","[{""level"":""h1"",""text"":""처녀자리 이번 달 운세""},{""level"":""h2"",""text"":""이번 달의 기준 값""},{""level"":""h2"",""text"":""처녀자리와 이번 달 기운의 관계""},{""level"":""h2"",""text"":""이번 달의 운세 점수""},{""level"":""h3"",""text"":""이 점수는 이렇게 나왔습니다""},{""level"":""h2"",""text"":""이번 달 짚어 둘 것""},{""level"":""h2"",""text"":""처녀자리의 기본 결""},{""level"":""h3"",""text"":""애정운""},{""level"":""h3"",""text"":""재물운""},{""level"":""h3"",""text"":""건강운""},{""level"":""h3"",""text"":""직장운""},{""level"":""h2"",""text"":""이번 달의 행운 포인트""},{""level"":""h2"",""text"":""처녀자리는 어떤 기질인가""},{""level"":""h3"",""text"":""강점""},{""level"":""h3"",""text"":""주의할 결""},{""level"":""h3"",""text"":""행운을 부르는 습관""},{""level"":""h3"",""text"":""이 운세를 읽는 법""},{""level"":""h2"",""text"":""처녀자리와 잘 맞는 상대""},{""level"":""h3"",""text"":""흐름이 맞는 쪽""},{""level"":""h3"",""text"":""조율이 필요한 쪽""},{""level"":""h2"",""text"":""자주 묻는 질문""},{""level"":""h2"",""text"":""다른 기간과 다른 별자리""},{""level"":""h3"",""text"":""별자리 12종""},{""level"":""h3"",""text"":""띠 12종""},{""level"":""h2"",""text"":""하루 너머를 보고 싶다면""},{""level"":""h2"",""text"":""여섯 체계를 교차 검증하는 초융합 심층 리딩""},{""level"":""h2"",""text"":""핵심 운세""},{""level"":""h2"",""text"":""타로 리딩""},{""level"":""h2"",""text"":""신탁 & 특화""},{""level"":""h2"",""text"":""추천 가이드""},{""level"":""h2"",""text"":""디지털 운세 서비스 환불 안내""},{""level"":""h2"",""text"":""면책 고지""},{""level"":""h2"",""text"":""사업자 정보""}]","2722","0","true","true","{""@type"":""Person"",""@id"":""https://code-destiny.com/#author"",""name"":""박병하"",""jobTitle"":""명리학자"",""description"":""10년 경력의 명리학자. Code Destiny 가 공개하는 사주·운세 콘텐츠의 최종 검수 책임자입니다."",""knowsAbout"":[""사주"",""명리학"",""만세력"",""자미두수"",""숙요점""],""url"":""https://code-destiny.com/about"",""worksFor"":{""@type"":""Organization"",""@id"":""https://code-destiny.com/#organization"",""name"":""CODE DESTINY""}}","2026-09-01T00:00:00+09:00","2026-09-01T00:00:00+09:00","ko","true","B","false","[""editorial-review-required""]","retain pending evidence review; no automatic deletion","미확인","미확인","미확인","미확인"
"https://code-destiny.com/fortune/prompt-hub/","200","200","true","https://code-destiny.com/fortune/prompt-hub/","운세 프롬프트 허브 · 사주·타로 질문 설계 | Code Destiny","[{""level"":""h1"",""text"":""종합 운세 프롬프트, 지금 바로 만들어보세요""},{""level"":""h2"",""text"":""운세 상담 프롬프트 허브""},{""level"":""h2"",""text"":""이 허브에서 다룰 수 있는 도구""},{""level"":""h2"",""text"":""무료 프롬프트 허브와 유료 전문가 상담은 무엇이 다른가요""},{""level"":""h2"",""text"":""자주 묻는 질문""},{""level"":""h3"",""text"":""생성된 프롬프트를 그대로 다른 서비스에 써도 되나요?""},{""level"":""h3"",""text"":""입력한 내용이나 결과가 서버에 저장되나요?""},{""level"":""h3"",""text"":""여러 도구를 한 번에 써야 하나요?""},{""level"":""h3"",""text"":""무료 프롬프트 허브가 유료 상담보다 부정확한가요?""},{""level"":""h3"",""text"":""왜 두 번째부터 로그인이 필요한가요?""},{""level"":""h3"",""text"":""프롬프트만 보고 중요한 결정을 내려도 될까요?""}]","3790","0","true","false","미확인","미확인","미확인","ko","true","B","false","[]","retain pending evidence review; no automatic deletion","미확인","미확인","미확인","미확인"
"https://code-destiny.com/fortune/today/","200","200","true","https://code-destiny.com/fortune/today/","오늘의 운세 9월 9일 | 무료 별자리·띠별 운세","[{""level"":""h1"",""text"":""오늘 운세""},{""level"":""h2"",""text"":""오늘 의 기준 값""},{""level"":""h2"",""text"":""별자리 오늘 운세 12종""},{""level"":""h2"",""text"":""띠별 오늘 운세 12종""},{""level"":""h2"",""text"":""이어서 보기""},{""level"":""h2"",""text"":""여섯 체계를 교차 검증하는 초융합 심층 리딩""},{""level"":""h2"",""text"":""핵심 운세""},{""level"":""h2"",""text"":""타로 리딩""},{""level"":""h2"",""text"":""신탁 & 특화""},{""level"":""h2"",""text"":""추천 가이드""},{""level"":""h2"",""text"":""디지털 운세 서비스 환불 안내""},{""level"":""h2"",""text"":""면책 고지""},{""level"":""h2"",""text"":""사업자 정보""}]","2944","0","true","false","미확인","미확인","미확인","ko","true","B","false","[]","retain pending evidence review; no automatic deletion","미확인","미확인","미확인","미확인"
"https://code-destiny.com/fortune/today/aquarius/","200","200","true","https://code-destiny.com/fortune/today/aquarius/","물병자리 오늘의 운세 9월 9일 | 무료 별자리 운세","[{""level"":""h1"",""text"":""물병자리 오늘의 운세""},{""level"":""h2"",""text"":""오늘의 기준 값""},{""level"":""h2"",""text"":""물병자리와 오늘 기운의 관계""},{""level"":""h2"",""text"":""오늘의 운세 점수""},{""level"":""h3"",""text"":""이 점수는 이렇게 나왔습니다""},{""level"":""h2"",""text"":""물병자리의 기본 결""},{""level"":""h3"",""text"":""애정운""},{""level"":""h3"",""text"":""재물운""},{""level"":""h3"",""text"":""건강운""},{""level"":""h3"",""text"":""직장운""},{""level"":""h2"",""text"":""오늘의 행운 포인트""},{""level"":""h2"",""text"":""물병자리는 어떤 기질인가""},{""level"":""h3"",""text"":""강점""},{""level"":""h3"",""text"":""주의할 결""},{""level"":""h3"",""text"":""행운을 부르는 습관""},{""level"":""h3"",""text"":""이 운세를 읽는 법""},{""level"":""h2"",""text"":""물병자리와 잘 맞는 상대""},{""level"":""h3"",""text"":""흐름이 맞는 쪽""},{""level"":""h3"",""text"":""조율이 필요한 쪽""},{""level"":""h2"",""text"":""자주 묻는 질문""},{""level"":""h2"",""text"":""다른 기간과 다른 별자리""},{""level"":""h3"",""text"":""별자리 12종""},{""level"":""h3"",""text"":""띠 12종""},{""level"":""h2"",""text"":""하루 너머를 보고 싶다면""},{""level"":""h2"",""text"":""여섯 체계를 교차 검증하는 초융합 심층 리딩""},{""level"":""h2"",""text"":""핵심 운세""},{""level"":""h2"",""text"":""타로 리딩""},{""level"":""h2"",""text"":""신탁 & 특화""},{""level"":""h2"",""text"":""추천 가이드""},{""level"":""h2"",""text"":""디지털 운세 서비스 환불 안내""},{""level"":""h2"",""text"":""면책 고지""},{""level"":""h2"",""text"":""사업자 정보""}]","2454","0","true","true","{""@type"":""Person"",""@id"":""https://code-destiny.com/#author"",""name"":""박병하"",""jobTitle"":""명리학자"",""description"":""10년 경력의 명리학자. Code Destiny 가 공개하는 사주·운세 콘텐츠의 최종 검수 책임자입니다."",""knowsAbout"":[""사주"",""명리학"",""만세력"",""자미두수"",""숙요점""],""url"":""https://code-destiny.com/about"",""worksFor"":{""@type"":""Organization"",""@id"":""https://code-destiny.com/#organization"",""name"":""CODE DESTINY""}}","2026-09-09T00:00:00+09:00","2026-09-09T00:00:00+09:00","ko","true","B","false","[""editorial-review-required""]","retain pending evidence review; no automatic deletion","미확인","미확인","미확인","미확인"
"https://code-destiny.com/fortune/today/aries/","200","200","true","https://code-destiny.com/fortune/today/aries/","양자리 오늘의 운세 9월 9일 | 무료 별자리 운세","[{""level"":""h1"",""text"":""양자리 오늘의 운세""},{""level"":""h2"",""text"":""오늘의 기준 값""},{""level"":""h2"",""text"":""양자리와 오늘 기운의 관계""},{""level"":""h2"",""text"":""오늘의 운세 점수""},{""level"":""h3"",""text"":""이 점수는 이렇게 나왔습니다""},{""level"":""h2"",""text"":""양자리의 기본 결""},{""level"":""h3"",""text"":""애정운""},{""level"":""h3"",""text"":""재물운""},{""level"":""h3"",""text"":""건강운""},{""level"":""h3"",""text"":""직장운""},{""level"":""h2"",""text"":""오늘의 행운 포인트""},{""level"":""h2"",""text"":""양자리는 어떤 기질인가""},{""level"":""h3"",""text"":""강점""},{""level"":""h3"",""text"":""주의할 결""},{""level"":""h3"",""text"":""행운을 부르는 습관""},{""level"":""h3"",""text"":""이 운세를 읽는 법""},{""level"":""h2"",""text"":""양자리와 잘 맞는 상대""},{""level"":""h3"",""text"":""흐름이 맞는 쪽""},{""level"":""h3"",""text"":""조율이 필요한 쪽""},{""level"":""h2"",""text"":""자주 묻는 질문""},{""level"":""h2"",""text"":""다른 기간과 다른 별자리""},{""level"":""h3"",""text"":""별자리 12종""},{""level"":""h3"",""text"":""띠 12종""},{""level"":""h2"",""text"":""하루 너머를 보고 싶다면""},{""level"":""h2"",""text"":""여섯 체계를 교차 검증하는 초융합 심층 리딩""},{""level"":""h2"",""text"":""핵심 운세""},{""level"":""h2"",""text"":""타로 리딩""},{""level"":""h2"",""text"":""신탁 & 특화""},{""level"":""h2"",""text"":""추천 가이드""},{""level"":""h2"",""text"":""디지털 운세 서비스 환불 안내""},{""level"":""h2"",""text"":""면책 고지""},{""level"":""h2"",""text"":""사업자 정보""}]","2664","0","true","true","{""@type"":""Person"",""@id"":""https://code-destiny.com/#author"",""name"":""박병하"",""jobTitle"":""명리학자"",""description"":""10년 경력의 명리학자. Code Destiny 가 공개하는 사주·운세 콘텐츠의 최종 검수 책임자입니다."",""knowsAbout"":[""사주"",""명리학"",""만세력"",""자미두수"",""숙요점""],""url"":""https://code-destiny.com/about"",""worksFor"":{""@type"":""Organization"",""@id"":""https://code-destiny.com/#organization"",""name"":""CODE DESTINY""}}","2026-09-09T00:00:00+09:00","2026-09-09T00:00:00+09:00","ko","true","B","false","[""editorial-review-required""]","retain pending evidence review; no automatic deletion","미확인","미확인","미확인","미확인"
"https://code-destiny.com/fortune/today/cancer/","200","200","true","https://code-destiny.com/fortune/today/cancer/","게자리 오늘의 운세 9월 9일 | 무료 별자리 운세","[{""level"":""h1"",""text"":""게자리 오늘의 운세""},{""level"":""h2"",""text"":""오늘의 기준 값""},{""level"":""h2"",""text"":""게자리와 오늘 기운의 관계""},{""level"":""h2"",""text"":""오늘의 운세 점수""},{""level"":""h3"",""text"":""이 점수는 이렇게 나왔습니다""},{""level"":""h2"",""text"":""게자리의 기본 결""},{""level"":""h3"",""text"":""애정운""},{""level"":""h3"",""text"":""재물운""},{""level"":""h3"",""text"":""건강운""},{""level"":""h3"",""text"":""직장운""},{""level"":""h2"",""text"":""오늘의 행운 포인트""},{""level"":""h2"",""text"":""게자리는 어떤 기질인가""},{""level"":""h3"",""text"":""강점""},{""level"":""h3"",""text"":""주의할 결""},{""level"":""h3"",""text"":""행운을 부르는 습관""},{""level"":""h3"",""text"":""이 운세를 읽는 법""},{""level"":""h2"",""text"":""게자리와 잘 맞는 상대""},{""level"":""h3"",""text"":""흐름이 맞는 쪽""},{""level"":""h3"",""text"":""조율이 필요한 쪽""},{""level"":""h2"",""text"":""자주 묻는 질문""},{""level"":""h2"",""text"":""다른 기간과 다른 별자리""},{""level"":""h3"",""text"":""별자리 12종""},{""level"":""h3"",""text"":""띠 12종""},{""level"":""h2"",""text"":""하루 너머를 보고 싶다면""},{""level"":""h2"",""text"":""여섯 체계를 교차 검증하는 초융합 심층 리딩""},{""level"":""h2"",""text"":""핵심 운세""},{""level"":""h2"",""text"":""타로 리딩""},{""level"":""h2"",""text"":""신탁 & 특화""},{""level"":""h2"",""text"":""추천 가이드""},{""level"":""h2"",""text"":""디지털 운세 서비스 환불 안내""},{""level"":""h2"",""text"":""면책 고지""},{""level"":""h2"",""text"":""사업자 정보""}]","2468","0","true","true","{""@type"":""Person"",""@id"":""https://code-destiny.com/#author"",""name"":""박병하"",""jobTitle"":""명리학자"",""description"":""10년 경력의 명리학자. Code Destiny 가 공개하는 사주·운세 콘텐츠의 최종 검수 책임자입니다."",""knowsAbout"":[""사주"",""명리학"",""만세력"",""자미두수"",""숙요점""],""url"":""https://code-destiny.com/about"",""worksFor"":{""@type"":""Organization"",""@id"":""https://code-destiny.com/#organization"",""name"":""CODE DESTINY""}}","2026-09-09T00:00:00+09:00","2026-09-09T00:00:00+09:00","ko","true","B","false","[""editorial-review-required""]","retain pending evidence review; no automatic deletion","미확인","미확인","미확인","미확인"
"https://code-destiny.com/fortune/today/capricorn/","200","200","true","https://code-destiny.com/fortune/today/capricorn/","염소자리 오늘의 운세 9월 9일 | 무료 별자리 운세","[{""level"":""h1"",""text"":""염소자리 오늘의 운세""},{""level"":""h2"",""text"":""오늘의 기준 값""},{""level"":""h2"",""text"":""염소자리와 오늘 기운의 관계""},{""level"":""h2"",""text"":""오늘의 운세 점수""},{""level"":""h3"",""text"":""이 점수는 이렇게 나왔습니다""},{""level"":""h2"",""text"":""염소자리의 기본 결""},{""level"":""h3"",""text"":""애정운""},{""level"":""h3"",""text"":""재물운""},{""level"":""h3"",""text"":""건강운""},{""level"":""h3"",""text"":""직장운""},{""level"":""h2"",""text"":""오늘의 행운 포인트""},{""level"":""h2"",""text"":""염소자리는 어떤 기질인가""},{""level"":""h3"",""text"":""강점""},{""level"":""h3"",""text"":""주의할 결""},{""level"":""h3"",""text"":""행운을 부르는 습관""},{""level"":""h3"",""text"":""이 운세를 읽는 법""},{""level"":""h2"",""text"":""염소자리와 잘 맞는 상대""},{""level"":""h3"",""text"":""흐름이 맞는 쪽""},{""level"":""h3"",""text"":""조율이 필요한 쪽""},{""level"":""h2"",""text"":""자주 묻는 질문""},{""level"":""h2"",""text"":""다른 기간과 다른 별자리""},{""level"":""h3"",""text"":""별자리 12종""},{""level"":""h3"",""text"":""띠 12종""},{""level"":""h2"",""text"":""하루 너머를 보고 싶다면""},{""level"":""h2"",""text"":""여섯 체계를 교차 검증하는 초융합 심층 리딩""},{""level"":""h2"",""text"":""핵심 운세""},{""level"":""h2"",""text"":""타로 리딩""},{""level"":""h2"",""text"":""신탁 & 특화""},{""level"":""h2"",""text"":""추천 가이드""},{""level"":""h2"",""text"":""디지털 운세 서비스 환불 안내""},{""level"":""h2"",""text"":""면책 고지""},{""level"":""h2"",""text"":""사업자 정보""}]","2463","0","true","true","{""@type"":""Person"",""@id"":""https://code-destiny.com/#author"",""name"":""박병하"",""jobTitle"":""명리학자"",""description"":""10년 경력의 명리학자. Code Destiny 가 공개하는 사주·운세 콘텐츠의 최종 검수 책임자입니다."",""knowsAbout"":[""사주"",""명리학"",""만세력"",""자미두수"",""숙요점""],""url"":""https://code-destiny.com/about"",""worksFor"":{""@type"":""Organization"",""@id"":""https://code-destiny.com/#organization"",""name"":""CODE DESTINY""}}","2026-09-09T00:00:00+09:00","2026-09-09T00:00:00+09:00","ko","true","B","false","[""editorial-review-required""]","retain pending evidence review; no automatic deletion","미확인","미확인","미확인","미확인"
"https://code-destiny.com/fortune/today/dog/","200","200","true","https://code-destiny.com/fortune/today/dog/","개띠 오늘의 운세 9월 9일 | 무료 띠별 운세","[{""level"":""h1"",""text"":""개띠 오늘의 운세""},{""level"":""h2"",""text"":""오늘의 기준 값""},{""level"":""h2"",""text"":""개띠와 오늘 기운의 관계""},{""level"":""h2"",""text"":""오늘의 운세 점수""},{""level"":""h3"",""text"":""이 점수는 이렇게 나왔습니다""},{""level"":""h2"",""text"":""개띠의 기본 결""},{""level"":""h3"",""text"":""애정운""},{""level"":""h3"",""text"":""재물운""},{""level"":""h3"",""text"":""건강운""},{""level"":""h3"",""text"":""직장운""},{""level"":""h2"",""text"":""오늘의 행운 포인트""},{""level"":""h2"",""text"":""개띠는 어떤 기질인가""},{""level"":""h3"",""text"":""강점""},{""level"":""h3"",""text"":""주의할 결""},{""level"":""h3"",""text"":""행운을 부르는 습관""},{""level"":""h3"",""text"":""이 운세를 읽는 법""},{""level"":""h2"",""text"":""개띠와 잘 맞는 상대""},{""level"":""h3"",""text"":""흐름이 맞는 쪽""},{""level"":""h3"",""text"":""조율이 필요한 쪽""},{""level"":""h2"",""text"":""자주 묻는 질문""},{""level"":""h2"",""text"":""다른 기간과 다른 띠""},{""level"":""h3"",""text"":""띠 12종""},{""level"":""h3"",""text"":""별자리 12종""},{""level"":""h2"",""text"":""하루 너머를 보고 싶다면""},{""level"":""h2"",""text"":""여섯 체계를 교차 검증하는 초융합 심층 리딩""},{""level"":""h2"",""text"":""핵심 운세""},{""level"":""h2"",""text"":""타로 리딩""},{""level"":""h2"",""text"":""신탁 & 특화""},{""level"":""h2"",""text"":""추천 가이드""},{""level"":""h2"",""text"":""디지털 운세 서비스 환불 안내""},{""level"":""h2"",""text"":""면책 고지""},{""level"":""h2"",""text"":""사업자 정보""}]","2391","0","true","true","{""@type"":""Person"",""@id"":""https://code-destiny.com/#author"",""name"":""박병하"",""jobTitle"":""명리학자"",""description"":""10년 경력의 명리학자. Code Destiny 가 공개하는 사주·운세 콘텐츠의 최종 검수 책임자입니다."",""knowsAbout"":[""사주"",""명리학"",""만세력"",""자미두수"",""숙요점""],""url"":""https://code-destiny.com/about"",""worksFor"":{""@type"":""Organization"",""@id"":""https://code-destiny.com/#organization"",""name"":""CODE DESTINY""}}","2026-09-09T00:00:00+09:00","2026-09-09T00:00:00+09:00","ko","true","B","false","[""editorial-review-required""]","retain pending evidence review; no automatic deletion","미확인","미확인","미확인","미확인"
"https://code-destiny.com/fortune/today/dragon/","200","200","true","https://code-destiny.com/fortune/today/dragon/","용띠 오늘의 운세 9월 9일 | 무료 띠별 운세","[{""level"":""h1"",""text"":""용띠 오늘의 운세""},{""level"":""h2"",""text"":""오늘의 기준 값""},{""level"":""h2"",""text"":""용띠와 오늘 기운의 관계""},{""level"":""h2"",""text"":""오늘의 운세 점수""},{""level"":""h3"",""text"":""이 점수는 이렇게 나왔습니다""},{""level"":""h2"",""text"":""용띠의 기본 결""},{""level"":""h3"",""text"":""애정운""},{""level"":""h3"",""text"":""재물운""},{""level"":""h3"",""text"":""건강운""},{""level"":""h3"",""text"":""직장운""},{""level"":""h2"",""text"":""오늘의 행운 포인트""},{""level"":""h2"",""text"":""용띠는 어떤 기질인가""},{""level"":""h3"",""text"":""강점""},{""level"":""h3"",""text"":""주의할 결""},{""level"":""h3"",""text"":""행운을 부르는 습관""},{""level"":""h3"",""text"":""이 운세를 읽는 법""},{""level"":""h2"",""text"":""용띠와 잘 맞는 상대""},{""level"":""h3"",""text"":""흐름이 맞는 쪽""},{""level"":""h3"",""text"":""조율이 필요한 쪽""},{""level"":""h2"",""text"":""자주 묻는 질문""},{""level"":""h2"",""text"":""다른 기간과 다른 띠""},{""level"":""h3"",""text"":""띠 12종""},{""level"":""h3"",""text"":""별자리 12종""},{""level"":""h2"",""text"":""하루 너머를 보고 싶다면""},{""level"":""h2"",""text"":""여섯 체계를 교차 검증하는 초융합 심층 리딩""},{""level"":""h2"",""text"":""핵심 운세""},{""level"":""h2"",""text"":""타로 리딩""},{""level"":""h2"",""text"":""신탁 & 특화""},{""level"":""h2"",""text"":""추천 가이드""},{""level"":""h2"",""text"":""디지털 운세 서비스 환불 안내""},{""level"":""h2"",""text"":""면책 고지""},{""level"":""h2"",""text"":""사업자 정보""}]","2389","0","true","true","{""@type"":""Person"",""@id"":""https://code-destiny.com/#author"",""name"":""박병하"",""jobTitle"":""명리학자"",""description"":""10년 경력의 명리학자. Code Destiny 가 공개하는 사주·운세 콘텐츠의 최종 검수 책임자입니다."",""knowsAbout"":[""사주"",""명리학"",""만세력"",""자미두수"",""숙요점""],""url"":""https://code-destiny.com/about"",""worksFor"":{""@type"":""Organization"",""@id"":""https://code-destiny.com/#organization"",""name"":""CODE DESTINY""}}","2026-09-09T00:00:00+09:00","2026-09-09T00:00:00+09:00","ko","true","B","false","[""editorial-review-required""]","retain pending evidence review; no automatic deletion","미확인","미확인","미확인","미확인"
"https://code-destiny.com/fortune/today/gemini/","200","200","true","https://code-destiny.com/fortune/today/gemini/","쌍둥이자리 오늘의 운세 9월 9일 | 무료 별자리 운세","[{""level"":""h1"",""text"":""쌍둥이자리 오늘의 운세""},{""level"":""h2"",""text"":""오늘의 기준 값""},{""level"":""h2"",""text"":""쌍둥이자리와 오늘 기운의 관계""},{""level"":""h2"",""text"":""오늘의 운세 점수""},{""level"":""h3"",""text"":""이 점수는 이렇게 나왔습니다""},{""level"":""h2"",""text"":""쌍둥이자리의 기본 결""},{""level"":""h3"",""text"":""애정운""},{""level"":""h3"",""text"":""재물운""},{""level"":""h3"",""text"":""건강운""},{""level"":""h3"",""text"":""직장운""},{""level"":""h2"",""text"":""오늘의 행운 포인트""},{""level"":""h2"",""text"":""쌍둥이자리는 어떤 기질인가""},{""level"":""h3"",""text"":""강점""},{""level"":""h3"",""text"":""주의할 결""},{""level"":""h3"",""text"":""행운을 부르는 습관""},{""level"":""h3"",""text"":""이 운세를 읽는 법""},{""level"":""h2"",""text"":""쌍둥이자리와 잘 맞는 상대""},{""level"":""h3"",""text"":""흐름이 맞는 쪽""},{""level"":""h3"",""text"":""조율이 필요한 쪽""},{""level"":""h2"",""text"":""자주 묻는 질문""},{""level"":""h2"",""text"":""다른 기간과 다른 별자리""},{""level"":""h3"",""text"":""별자리 12종""},{""level"":""h3"",""text"":""띠 12종""},{""level"":""h2"",""text"":""하루 너머를 보고 싶다면""},{""level"":""h2"",""text"":""여섯 체계를 교차 검증하는 초융합 심층 리딩""},{""level"":""h2"",""text"":""핵심 운세""},{""level"":""h2"",""text"":""타로 리딩""},{""level"":""h2"",""text"":""신탁 & 특화""},{""level"":""h2"",""text"":""추천 가이드""},{""level"":""h2"",""text"":""디지털 운세 서비스 환불 안내""},{""level"":""h2"",""text"":""면책 고지""},{""level"":""h2"",""text"":""사업자 정보""}]","2546","0","true","true","{""@type"":""Person"",""@id"":""https://code-destiny.com/#author"",""name"":""박병하"",""jobTitle"":""명리학자"",""description"":""10년 경력의 명리학자. Code Destiny 가 공개하는 사주·운세 콘텐츠의 최종 검수 책임자입니다."",""knowsAbout"":[""사주"",""명리학"",""만세력"",""자미두수"",""숙요점""],""url"":""https://code-destiny.com/about"",""worksFor"":{""@type"":""Organization"",""@id"":""https://code-destiny.com/#organization"",""name"":""CODE DESTINY""}}","2026-09-09T00:00:00+09:00","2026-09-09T00:00:00+09:00","ko","true","B","false","[""editorial-review-required""]","retain pending evidence review; no automatic deletion","미확인","미확인","미확인","미확인"
"https://code-destiny.com/fortune/today/goat/","200","200","true","https://code-destiny.com/fortune/today/goat/","양띠 오늘의 운세 9월 9일 | 무료 띠별 운세","[{""level"":""h1"",""text"":""양띠 오늘의 운세""},{""level"":""h2"",""text"":""오늘의 기준 값""},{""level"":""h2"",""text"":""양띠와 오늘 기운의 관계""},{""level"":""h2"",""text"":""오늘의 운세 점수""},{""level"":""h3"",""text"":""이 점수는 이렇게 나왔습니다""},{""level"":""h2"",""text"":""양띠의 기본 결""},{""level"":""h3"",""text"":""애정운""},{""level"":""h3"",""text"":""재물운""},{""level"":""h3"",""text"":""건강운""},{""level"":""h3"",""text"":""직장운""},{""level"":""h2"",""text"":""오늘의 행운 포인트""},{""level"":""h2"",""text"":""양띠는 어떤 기질인가""},{""level"":""h3"",""text"":""강점""},{""level"":""h3"",""text"":""주의할 결""},{""level"":""h3"",""text"":""행운을 부르는 습관""},{""level"":""h3"",""text"":""이 운세를 읽는 법""},{""level"":""h2"",""text"":""양띠와 잘 맞는 상대""},{""level"":""h3"",""text"":""흐름이 맞는 쪽""},{""level"":""h3"",""text"":""조율이 필요한 쪽""},{""level"":""h2"",""text"":""자주 묻는 질문""},{""level"":""h2"",""text"":""다른 기간과 다른 띠""},{""level"":""h3"",""text"":""띠 12종""},{""level"":""h3"",""text"":""별자리 12종""},{""level"":""h2"",""text"":""하루 너머를 보고 싶다면""},{""level"":""h2"",""text"":""여섯 체계를 교차 검증하는 초융합 심층 리딩""},{""level"":""h2"",""text"":""핵심 운세""},{""level"":""h2"",""text"":""타로 리딩""},{""level"":""h2"",""text"":""신탁 & 특화""},{""level"":""h2"",""text"":""추천 가이드""},{""level"":""h2"",""text"":""디지털 운세 서비스 환불 안내""},{""level"":""h2"",""text"":""면책 고지""},{""level"":""h2"",""text"":""사업자 정보""}]","2331","0","true","true","{""@type"":""Person"",""@id"":""https://code-destiny.com/#author"",""name"":""박병하"",""jobTitle"":""명리학자"",""description"":""10년 경력의 명리학자. Code Destiny 가 공개하는 사주·운세 콘텐츠의 최종 검수 책임자입니다."",""knowsAbout"":[""사주"",""명리학"",""만세력"",""자미두수"",""숙요점""],""url"":""https://code-destiny.com/about"",""worksFor"":{""@type"":""Organization"",""@id"":""https://code-destiny.com/#organization"",""name"":""CODE DESTINY""}}","2026-09-09T00:00:00+09:00","2026-09-09T00:00:00+09:00","ko","true","B","false","[""editorial-review-required""]","retain pending evidence review; no automatic deletion","미확인","미확인","미확인","미확인"
"https://code-destiny.com/fortune/today/horse/","200","200","true","https://code-destiny.com/fortune/today/horse/","말띠 오늘의 운세 9월 9일 | 무료 띠별 운세","[{""level"":""h1"",""text"":""말띠 오늘의 운세""},{""level"":""h2"",""text"":""오늘의 기준 값""},{""level"":""h2"",""text"":""말띠와 오늘 기운의 관계""},{""level"":""h2"",""text"":""오늘의 운세 점수""},{""level"":""h3"",""text"":""이 점수는 이렇게 나왔습니다""},{""level"":""h2"",""text"":""말띠의 기본 결""},{""level"":""h3"",""text"":""애정운""},{""level"":""h3"",""text"":""재물운""},{""level"":""h3"",""text"":""건강운""},{""level"":""h3"",""text"":""직장운""},{""level"":""h2"",""text"":""오늘의 행운 포인트""},{""level"":""h2"",""text"":""말띠는 어떤 기질인가""},{""level"":""h3"",""text"":""강점""},{""level"":""h3"",""text"":""주의할 결""},{""level"":""h3"",""text"":""행운을 부르는 습관""},{""level"":""h3"",""text"":""이 운세를 읽는 법""},{""level"":""h2"",""text"":""말띠와 잘 맞는 상대""},{""level"":""h3"",""text"":""흐름이 맞는 쪽""},{""level"":""h3"",""text"":""조율이 필요한 쪽""},{""level"":""h2"",""text"":""자주 묻는 질문""},{""level"":""h2"",""text"":""다른 기간과 다른 띠""},{""level"":""h3"",""text"":""띠 12종""},{""level"":""h3"",""text"":""별자리 12종""},{""level"":""h2"",""text"":""하루 너머를 보고 싶다면""},{""level"":""h2"",""text"":""여섯 체계를 교차 검증하는 초융합 심층 리딩""},{""level"":""h2"",""text"":""핵심 운세""},{""level"":""h2"",""text"":""타로 리딩""},{""level"":""h2"",""text"":""신탁 & 특화""},{""level"":""h2"",""text"":""추천 가이드""},{""level"":""h2"",""text"":""디지털 운세 서비스 환불 안내""},{""level"":""h2"",""text"":""면책 고지""},{""level"":""h2"",""text"":""사업자 정보""}]","2351","0","true","true","{""@type"":""Person"",""@id"":""https://code-destiny.com/#author"",""name"":""박병하"",""jobTitle"":""명리학자"",""description"":""10년 경력의 명리학자. Code Destiny 가 공개하는 사주·운세 콘텐츠의 최종 검수 책임자입니다."",""knowsAbout"":[""사주"",""명리학"",""만세력"",""자미두수"",""숙요점""],""url"":""https://code-destiny.com/about"",""worksFor"":{""@type"":""Organization"",""@id"":""https://code-destiny.com/#organization"",""name"":""CODE DESTINY""}}","2026-09-09T00:00:00+09:00","2026-09-09T00:00:00+09:00","ko","true","B","false","[""editorial-review-required""]","retain pending evidence review; no automatic deletion","미확인","미확인","미확인","미확인"
"https://code-destiny.com/fortune/today/leo/","200","200","true","https://code-destiny.com/fortune/today/leo/","사자자리 오늘의 운세 9월 9일 | 무료 별자리 운세","[{""level"":""h1"",""text"":""사자자리 오늘의 운세""},{""level"":""h2"",""text"":""오늘의 기준 값""},{""level"":""h2"",""text"":""사자자리와 오늘 기운의 관계""},{""level"":""h2"",""text"":""오늘의 운세 점수""},{""level"":""h3"",""text"":""이 점수는 이렇게 나왔습니다""},{""level"":""h2"",""text"":""사자자리의 기본 결""},{""level"":""h3"",""text"":""애정운""},{""level"":""h3"",""text"":""재물운""},{""level"":""h3"",""text"":""건강운""},{""level"":""h3"",""text"":""직장운""},{""level"":""h2"",""text"":""오늘의 행운 포인트""},{""level"":""h2"",""text"":""사자자리는 어떤 기질인가""},{""level"":""h3"",""text"":""강점""},{""level"":""h3"",""text"":""주의할 결""},{""level"":""h3"",""text"":""행운을 부르는 습관""},{""level"":""h3"",""text"":""이 운세를 읽는 법""},{""level"":""h2"",""text"":""사자자리와 잘 맞는 상대""},{""level"":""h3"",""text"":""흐름이 맞는 쪽""},{""level"":""h3"",""text"":""조율이 필요한 쪽""},{""level"":""h2"",""text"":""자주 묻는 질문""},{""level"":""h2"",""text"":""다른 기간과 다른 별자리""},{""level"":""h3"",""text"":""별자리 12종""},{""level"":""h3"",""text"":""띠 12종""},{""level"":""h2"",""text"":""하루 너머를 보고 싶다면""},{""level"":""h2"",""text"":""여섯 체계를 교차 검증하는 초융합 심층 리딩""},{""level"":""h2"",""text"":""핵심 운세""},{""level"":""h2"",""text"":""타로 리딩""},{""level"":""h2"",""text"":""신탁 & 특화""},{""level"":""h2"",""text"":""추천 가이드""},{""level"":""h2"",""text"":""디지털 운세 서비스 환불 안내""},{""level"":""h2"",""text"":""면책 고지""},{""level"":""h2"",""text"":""사업자 정보""}]","2468","0","true","true","{""@type"":""Person"",""@id"":""https://code-destiny.com/#author"",""name"":""박병하"",""jobTitle"":""명리학자"",""description"":""10년 경력의 명리학자. Code Destiny 가 공개하는 사주·운세 콘텐츠의 최종 검수 책임자입니다."",""knowsAbout"":[""사주"",""명리학"",""만세력"",""자미두수"",""숙요점""],""url"":""https://code-destiny.com/about"",""worksFor"":{""@type"":""Organization"",""@id"":""https://code-destiny.com/#organization"",""name"":""CODE DESTINY""}}","2026-09-09T00:00:00+09:00","2026-09-09T00:00:00+09:00","ko","true","B","false","[""editorial-review-required""]","retain pending evidence review; no automatic deletion","미확인","미확인","미확인","미확인"
"https://code-destiny.com/fortune/today/libra/","200","200","true","https://code-destiny.com/fortune/today/libra/","천칭자리 오늘의 운세 9월 9일 | 무료 별자리 운세","[{""level"":""h1"",""text"":""천칭자리 오늘의 운세""},{""level"":""h2"",""text"":""오늘의 기준 값""},{""level"":""h2"",""text"":""천칭자리와 오늘 기운의 관계""},{""level"":""h2"",""text"":""오늘의 운세 점수""},{""level"":""h3"",""text"":""이 점수는 이렇게 나왔습니다""},{""level"":""h2"",""text"":""천칭자리의 기본 결""},{""level"":""h3"",""text"":""애정운""},{""level"":""h3"",""text"":""재물운""},{""level"":""h3"",""text"":""건강운""},{""level"":""h3"",""text"":""직장운""},{""level"":""h2"",""text"":""오늘의 행운 포인트""},{""level"":""h2"",""text"":""천칭자리는 어떤 기질인가""},{""level"":""h3"",""text"":""강점""},{""level"":""h3"",""text"":""주의할 결""},{""level"":""h3"",""text"":""행운을 부르는 습관""},{""level"":""h3"",""text"":""이 운세를 읽는 법""},{""level"":""h2"",""text"":""천칭자리와 잘 맞는 상대""},{""level"":""h3"",""text"":""흐름이 맞는 쪽""},{""level"":""h3"",""text"":""조율이 필요한 쪽""},{""level"":""h2"",""text"":""자주 묻는 질문""},{""level"":""h2"",""text"":""다른 기간과 다른 별자리""},{""level"":""h3"",""text"":""별자리 12종""},{""level"":""h3"",""text"":""띠 12종""},{""level"":""h2"",""text"":""하루 너머를 보고 싶다면""},{""level"":""h2"",""text"":""여섯 체계를 교차 검증하는 초융합 심층 리딩""},{""level"":""h2"",""text"":""핵심 운세""},{""level"":""h2"",""text"":""타로 리딩""},{""level"":""h2"",""text"":""신탁 & 특화""},{""level"":""h2"",""text"":""추천 가이드""},{""level"":""h2"",""text"":""디지털 운세 서비스 환불 안내""},{""level"":""h2"",""text"":""면책 고지""},{""level"":""h2"",""text"":""사업자 정보""}]","2478","0","true","true","{""@type"":""Person"",""@id"":""https://code-destiny.com/#author"",""name"":""박병하"",""jobTitle"":""명리학자"",""description"":""10년 경력의 명리학자. Code Destiny 가 공개하는 사주·운세 콘텐츠의 최종 검수 책임자입니다."",""knowsAbout"":[""사주"",""명리학"",""만세력"",""자미두수"",""숙요점""],""url"":""https://code-destiny.com/about"",""worksFor"":{""@type"":""Organization"",""@id"":""https://code-destiny.com/#organization"",""name"":""CODE DESTINY""}}","2026-09-09T00:00:00+09:00","2026-09-09T00:00:00+09:00","ko","true","B","false","[""editorial-review-required""]","retain pending evidence review; no automatic deletion","미확인","미확인","미확인","미확인"
"https://code-destiny.com/fortune/today/monkey/","200","200","true","https://code-destiny.com/fortune/today/monkey/","원숭이띠 오늘의 운세 9월 9일 | 무료 띠별 운세","[{""level"":""h1"",""text"":""원숭이띠 오늘의 운세""},{""level"":""h2"",""text"":""오늘의 기준 값""},{""level"":""h2"",""text"":""원숭이띠와 오늘 기운의 관계""},{""level"":""h2"",""text"":""오늘의 운세 점수""},{""level"":""h3"",""text"":""이 점수는 이렇게 나왔습니다""},{""level"":""h2"",""text"":""원숭이띠의 기본 결""},{""level"":""h3"",""text"":""애정운""},{""level"":""h3"",""text"":""재물운""},{""level"":""h3"",""text"":""건강운""},{""level"":""h3"",""text"":""직장운""},{""level"":""h2"",""text"":""오늘의 행운 포인트""},{""level"":""h2"",""text"":""원숭이띠는 어떤 기질인가""},{""level"":""h3"",""text"":""강점""},{""level"":""h3"",""text"":""주의할 결""},{""level"":""h3"",""text"":""행운을 부르는 습관""},{""level"":""h3"",""text"":""이 운세를 읽는 법""},{""level"":""h2"",""text"":""원숭이띠와 잘 맞는 상대""},{""level"":""h3"",""text"":""흐름이 맞는 쪽""},{""level"":""h3"",""text"":""조율이 필요한 쪽""},{""level"":""h2"",""text"":""자주 묻는 질문""},{""level"":""h2"",""text"":""다른 기간과 다른 띠""},{""level"":""h3"",""text"":""띠 12종""},{""level"":""h3"",""text"":""별자리 12종""},{""level"":""h2"",""text"":""하루 너머를 보고 싶다면""},{""level"":""h2"",""text"":""여섯 체계를 교차 검증하는 초융합 심층 리딩""},{""level"":""h2"",""text"":""핵심 운세""},{""level"":""h2"",""text"":""타로 리딩""},{""level"":""h2"",""text"":""신탁 & 특화""},{""level"":""h2"",""text"":""추천 가이드""},{""level"":""h2"",""text"":""디지털 운세 서비스 환불 안내""},{""level"":""h2"",""text"":""면책 고지""},{""level"":""h2"",""text"":""사업자 정보""}]","2368","0","true","true","{""@type"":""Person"",""@id"":""https://code-destiny.com/#author"",""name"":""박병하"",""jobTitle"":""명리학자"",""description"":""10년 경력의 명리학자. Code Destiny 가 공개하는 사주·운세 콘텐츠의 최종 검수 책임자입니다."",""knowsAbout"":[""사주"",""명리학"",""만세력"",""자미두수"",""숙요점""],""url"":""https://code-destiny.com/about"",""worksFor"":{""@type"":""Organization"",""@id"":""https://code-destiny.com/#organization"",""name"":""CODE DESTINY""}}","2026-09-09T00:00:00+09:00","2026-09-09T00:00:00+09:00","ko","true","B","false","[""editorial-review-required""]","retain pending evidence review; no automatic deletion","미확인","미확인","미확인","미확인"
"https://code-destiny.com/fortune/today/ox/","200","200","true","https://code-destiny.com/fortune/today/ox/","소띠 오늘의 운세 9월 9일 | 무료 띠별 운세","[{""level"":""h1"",""text"":""소띠 오늘의 운세""},{""level"":""h2"",""text"":""오늘의 기준 값""},{""level"":""h2"",""text"":""소띠와 오늘 기운의 관계""},{""level"":""h2"",""text"":""오늘의 운세 점수""},{""level"":""h3"",""text"":""이 점수는 이렇게 나왔습니다""},{""level"":""h2"",""text"":""소띠의 기본 결""},{""level"":""h3"",""text"":""애정운""},{""level"":""h3"",""text"":""재물운""},{""level"":""h3"",""text"":""건강운""},{""level"":""h3"",""text"":""직장운""},{""level"":""h2"",""text"":""오늘의 행운 포인트""},{""level"":""h2"",""text"":""소띠는 어떤 기질인가""},{""level"":""h3"",""text"":""강점""},{""level"":""h3"",""text"":""주의할 결""},{""level"":""h3"",""text"":""행운을 부르는 습관""},{""level"":""h3"",""text"":""이 운세를 읽는 법""},{""level"":""h2"",""text"":""소띠와 잘 맞는 상대""},{""level"":""h3"",""text"":""흐름이 맞는 쪽""},{""level"":""h3"",""text"":""조율이 필요한 쪽""},{""level"":""h2"",""text"":""자주 묻는 질문""},{""level"":""h2"",""text"":""다른 기간과 다른 띠""},{""level"":""h3"",""text"":""띠 12종""},{""level"":""h3"",""text"":""별자리 12종""},{""level"":""h2"",""text"":""하루 너머를 보고 싶다면""},{""level"":""h2"",""text"":""여섯 체계를 교차 검증하는 초융합 심층 리딩""},{""level"":""h2"",""text"":""핵심 운세""},{""level"":""h2"",""text"":""타로 리딩""},{""level"":""h2"",""text"":""신탁 & 특화""},{""level"":""h2"",""text"":""추천 가이드""},{""level"":""h2"",""text"":""디지털 운세 서비스 환불 안내""},{""level"":""h2"",""text"":""면책 고지""},{""level"":""h2"",""text"":""사업자 정보""}]","2348","0","true","true","{""@type"":""Person"",""@id"":""https://code-destiny.com/#author"",""name"":""박병하"",""jobTitle"":""명리학자"",""description"":""10년 경력의 명리학자. Code Destiny 가 공개하는 사주·운세 콘텐츠의 최종 검수 책임자입니다."",""knowsAbout"":[""사주"",""명리학"",""만세력"",""자미두수"",""숙요점""],""url"":""https://code-destiny.com/about"",""worksFor"":{""@type"":""Organization"",""@id"":""https://code-destiny.com/#organization"",""name"":""CODE DESTINY""}}","2026-09-09T00:00:00+09:00","2026-09-09T00:00:00+09:00","ko","true","B","false","[""editorial-review-required""]","retain pending evidence review; no automatic deletion","미확인","미확인","미확인","미확인"
"https://code-destiny.com/fortune/today/pig/","200","200","true","https://code-destiny.com/fortune/today/pig/","돼지띠 오늘의 운세 9월 9일 | 무료 띠별 운세","[{""level"":""h1"",""text"":""돼지띠 오늘의 운세""},{""level"":""h2"",""text"":""오늘의 기준 값""},{""level"":""h2"",""text"":""돼지띠와 오늘 기운의 관계""},{""level"":""h2"",""text"":""오늘의 운세 점수""},{""level"":""h3"",""text"":""이 점수는 이렇게 나왔습니다""},{""level"":""h2"",""text"":""돼지띠의 기본 결""},{""level"":""h3"",""text"":""애정운""},{""level"":""h3"",""text"":""재물운""},{""level"":""h3"",""text"":""건강운""},{""level"":""h3"",""text"":""직장운""},{""level"":""h2"",""text"":""오늘의 행운 포인트""},{""level"":""h2"",""text"":""돼지띠는 어떤 기질인가""},{""level"":""h3"",""text"":""강점""},{""level"":""h3"",""text"":""주의할 결""},{""level"":""h3"",""text"":""행운을 부르는 습관""},{""level"":""h3"",""text"":""이 운세를 읽는 법""},{""level"":""h2"",""text"":""돼지띠와 잘 맞는 상대""},{""level"":""h3"",""text"":""흐름이 맞는 쪽""},{""level"":""h3"",""text"":""조율이 필요한 쪽""},{""level"":""h2"",""text"":""자주 묻는 질문""},{""level"":""h2"",""text"":""다른 기간과 다른 띠""},{""level"":""h3"",""text"":""띠 12종""},{""level"":""h3"",""text"":""별자리 12종""},{""level"":""h2"",""text"":""하루 너머를 보고 싶다면""},{""level"":""h2"",""text"":""여섯 체계를 교차 검증하는 초융합 심층 리딩""},{""level"":""h2"",""text"":""핵심 운세""},{""level"":""h2"",""text"":""타로 리딩""},{""level"":""h2"",""text"":""신탁 & 특화""},{""level"":""h2"",""text"":""추천 가이드""},{""level"":""h2"",""text"":""디지털 운세 서비스 환불 안내""},{""level"":""h2"",""text"":""면책 고지""},{""level"":""h2"",""text"":""사업자 정보""}]","2331","0","true","true","{""@type"":""Person"",""@id"":""https://code-destiny.com/#author"",""name"":""박병하"",""jobTitle"":""명리학자"",""description"":""10년 경력의 명리학자. Code Destiny 가 공개하는 사주·운세 콘텐츠의 최종 검수 책임자입니다."",""knowsAbout"":[""사주"",""명리학"",""만세력"",""자미두수"",""숙요점""],""url"":""https://code-destiny.com/about"",""worksFor"":{""@type"":""Organization"",""@id"":""https://code-destiny.com/#organization"",""name"":""CODE DESTINY""}}","2026-09-09T00:00:00+09:00","2026-09-09T00:00:00+09:00","ko","true","B","false","[""editorial-review-required""]","retain pending evidence review; no automatic deletion","미확인","미확인","미확인","미확인"
"https://code-destiny.com/fortune/today/pisces/","200","200","true","https://code-destiny.com/fortune/today/pisces/","물고기자리 오늘의 운세 9월 9일 | 무료 별자리 운세","[{""level"":""h1"",""text"":""물고기자리 오늘의 운세""},{""level"":""h2"",""text"":""오늘의 기준 값""},{""level"":""h2"",""text"":""물고기자리와 오늘 기운의 관계""},{""level"":""h2"",""text"":""오늘의 운세 점수""},{""level"":""h3"",""text"":""이 점수는 이렇게 나왔습니다""},{""level"":""h2"",""text"":""물고기자리의 기본 결""},{""level"":""h3"",""text"":""애정운""},{""level"":""h3"",""text"":""재물운""},{""level"":""h3"",""text"":""건강운""},{""level"":""h3"",""text"":""직장운""},{""level"":""h2"",""text"":""오늘의 행운 포인트""},{""level"":""h2"",""text"":""물고기자리는 어떤 기질인가""},{""level"":""h3"",""text"":""강점""},{""level"":""h3"",""text"":""주의할 결""},{""level"":""h3"",""text"":""행운을 부르는 습관""},{""level"":""h3"",""text"":""이 운세를 읽는 법""},{""level"":""h2"",""text"":""물고기자리와 잘 맞는 상대""},{""level"":""h3"",""text"":""흐름이 맞는 쪽""},{""level"":""h3"",""text"":""조율이 필요한 쪽""},{""level"":""h2"",""text"":""자주 묻는 질문""},{""level"":""h2"",""text"":""다른 기간과 다른 별자리""},{""level"":""h3"",""text"":""별자리 12종""},{""level"":""h3"",""text"":""띠 12종""},{""level"":""h2"",""text"":""하루 너머를 보고 싶다면""},{""level"":""h2"",""text"":""여섯 체계를 교차 검증하는 초융합 심층 리딩""},{""level"":""h2"",""text"":""핵심 운세""},{""level"":""h2"",""text"":""타로 리딩""},{""level"":""h2"",""text"":""신탁 & 특화""},{""level"":""h2"",""text"":""추천 가이드""},{""level"":""h2"",""text"":""디지털 운세 서비스 환불 안내""},{""level"":""h2"",""text"":""면책 고지""},{""level"":""h2"",""text"":""사업자 정보""}]","2440","0","true","true","{""@type"":""Person"",""@id"":""https://code-destiny.com/#author"",""name"":""박병하"",""jobTitle"":""명리학자"",""description"":""10년 경력의 명리학자. Code Destiny 가 공개하는 사주·운세 콘텐츠의 최종 검수 책임자입니다."",""knowsAbout"":[""사주"",""명리학"",""만세력"",""자미두수"",""숙요점""],""url"":""https://code-destiny.com/about"",""worksFor"":{""@type"":""Organization"",""@id"":""https://code-destiny.com/#organization"",""name"":""CODE DESTINY""}}","2026-09-09T00:00:00+09:00","2026-09-09T00:00:00+09:00","ko","true","B","false","[""editorial-review-required""]","retain pending evidence review; no automatic deletion","미확인","미확인","미확인","미확인"
"https://code-destiny.com/fortune/today/rabbit/","200","200","true","https://code-destiny.com/fortune/today/rabbit/","토끼띠 오늘의 운세 9월 9일 | 무료 띠별 운세","[{""level"":""h1"",""text"":""토끼띠 오늘의 운세""},{""level"":""h2"",""text"":""오늘의 기준 값""},{""level"":""h2"",""text"":""토끼띠와 오늘 기운의 관계""},{""level"":""h2"",""text"":""오늘의 운세 점수""},{""level"":""h3"",""text"":""이 점수는 이렇게 나왔습니다""},{""level"":""h2"",""text"":""토끼띠의 기본 결""},{""level"":""h3"",""text"":""애정운""},{""level"":""h3"",""text"":""재물운""},{""level"":""h3"",""text"":""건강운""},{""level"":""h3"",""text"":""직장운""},{""level"":""h2"",""text"":""오늘의 행운 포인트""},{""level"":""h2"",""text"":""토끼띠는 어떤 기질인가""},{""level"":""h3"",""text"":""강점""},{""level"":""h3"",""text"":""주의할 결""},{""level"":""h3"",""text"":""행운을 부르는 습관""},{""level"":""h3"",""text"":""이 운세를 읽는 법""},{""level"":""h2"",""text"":""토끼띠와 잘 맞는 상대""},{""level"":""h3"",""text"":""흐름이 맞는 쪽""},{""level"":""h3"",""text"":""조율이 필요한 쪽""},{""level"":""h2"",""text"":""자주 묻는 질문""},{""level"":""h2"",""text"":""다른 기간과 다른 띠""},{""level"":""h3"",""text"":""띠 12종""},{""level"":""h3"",""text"":""별자리 12종""},{""level"":""h2"",""text"":""하루 너머를 보고 싶다면""},{""level"":""h2"",""text"":""여섯 체계를 교차 검증하는 초융합 심층 리딩""},{""level"":""h2"",""text"":""핵심 운세""},{""level"":""h2"",""text"":""타로 리딩""},{""level"":""h2"",""text"":""신탁 & 특화""},{""level"":""h2"",""text"":""추천 가이드""},{""level"":""h2"",""text"":""디지털 운세 서비스 환불 안내""},{""level"":""h2"",""text"":""면책 고지""},{""level"":""h2"",""text"":""사업자 정보""}]","2322","0","true","true","{""@type"":""Person"",""@id"":""https://code-destiny.com/#author"",""name"":""박병하"",""jobTitle"":""명리학자"",""description"":""10년 경력의 명리학자. Code Destiny 가 공개하는 사주·운세 콘텐츠의 최종 검수 책임자입니다."",""knowsAbout"":[""사주"",""명리학"",""만세력"",""자미두수"",""숙요점""],""url"":""https://code-destiny.com/about"",""worksFor"":{""@type"":""Organization"",""@id"":""https://code-destiny.com/#organization"",""name"":""CODE DESTINY""}}","2026-09-09T00:00:00+09:00","2026-09-09T00:00:00+09:00","ko","true","B","false","[""editorial-review-required""]","retain pending evidence review; no automatic deletion","미확인","미확인","미확인","미확인"
"https://code-destiny.com/fortune/today/rat/","200","200","true","https://code-destiny.com/fortune/today/rat/","쥐띠 오늘의 운세 9월 9일 | 무료 띠별 운세","[{""level"":""h1"",""text"":""쥐띠 오늘의 운세""},{""level"":""h2"",""text"":""오늘의 기준 값""},{""level"":""h2"",""text"":""쥐띠와 오늘 기운의 관계""},{""level"":""h2"",""text"":""오늘의 운세 점수""},{""level"":""h3"",""text"":""이 점수는 이렇게 나왔습니다""},{""level"":""h2"",""text"":""쥐띠의 기본 결""},{""level"":""h3"",""text"":""애정운""},{""level"":""h3"",""text"":""재물운""},{""level"":""h3"",""text"":""건강운""},{""level"":""h3"",""text"":""직장운""},{""level"":""h2"",""text"":""오늘의 행운 포인트""},{""level"":""h2"",""text"":""쥐띠는 어떤 기질인가""},{""level"":""h3"",""text"":""강점""},{""level"":""h3"",""text"":""주의할 결""},{""level"":""h3"",""text"":""행운을 부르는 습관""},{""level"":""h3"",""text"":""이 운세를 읽는 법""},{""level"":""h2"",""text"":""쥐띠와 잘 맞는 상대""},{""level"":""h3"",""text"":""흐름이 맞는 쪽""},{""level"":""h3"",""text"":""조율이 필요한 쪽""},{""level"":""h2"",""text"":""자주 묻는 질문""},{""level"":""h2"",""text"":""다른 기간과 다른 띠""},{""level"":""h3"",""text"":""띠 12종""},{""level"":""h3"",""text"":""별자리 12종""},{""level"":""h2"",""text"":""하루 너머를 보고 싶다면""},{""level"":""h2"",""text"":""여섯 체계를 교차 검증하는 초융합 심층 리딩""},{""level"":""h2"",""text"":""핵심 운세""},{""level"":""h2"",""text"":""타로 리딩""},{""level"":""h2"",""text"":""신탁 & 특화""},{""level"":""h2"",""text"":""추천 가이드""},{""level"":""h2"",""text"":""디지털 운세 서비스 환불 안내""},{""level"":""h2"",""text"":""면책 고지""},{""level"":""h2"",""text"":""사업자 정보""}]","2425","0","true","true","{""@type"":""Person"",""@id"":""https://code-destiny.com/#author"",""name"":""박병하"",""jobTitle"":""명리학자"",""description"":""10년 경력의 명리학자. Code Destiny 가 공개하는 사주·운세 콘텐츠의 최종 검수 책임자입니다."",""knowsAbout"":[""사주"",""명리학"",""만세력"",""자미두수"",""숙요점""],""url"":""https://code-destiny.com/about"",""worksFor"":{""@type"":""Organization"",""@id"":""https://code-destiny.com/#organization"",""name"":""CODE DESTINY""}}","2026-09-09T00:00:00+09:00","2026-09-09T00:00:00+09:00","ko","true","B","false","[""editorial-review-required""]","retain pending evidence review; no automatic deletion","미확인","미확인","미확인","미확인"
"https://code-destiny.com/fortune/today/rooster/","200","200","true","https://code-destiny.com/fortune/today/rooster/","닭띠 오늘의 운세 9월 9일 | 무료 띠별 운세","[{""level"":""h1"",""text"":""닭띠 오늘의 운세""},{""level"":""h2"",""text"":""오늘의 기준 값""},{""level"":""h2"",""text"":""닭띠와 오늘 기운의 관계""},{""level"":""h2"",""text"":""오늘의 운세 점수""},{""level"":""h3"",""text"":""이 점수는 이렇게 나왔습니다""},{""level"":""h2"",""text"":""닭띠의 기본 결""},{""level"":""h3"",""text"":""애정운""},{""level"":""h3"",""text"":""재물운""},{""level"":""h3"",""text"":""건강운""},{""level"":""h3"",""text"":""직장운""},{""level"":""h2"",""text"":""오늘의 행운 포인트""},{""level"":""h2"",""text"":""닭띠는 어떤 기질인가""},{""level"":""h3"",""text"":""강점""},{""level"":""h3"",""text"":""주의할 결""},{""level"":""h3"",""text"":""행운을 부르는 습관""},{""level"":""h3"",""text"":""이 운세를 읽는 법""},{""level"":""h2"",""text"":""닭띠와 잘 맞는 상대""},{""level"":""h3"",""text"":""흐름이 맞는 쪽""},{""level"":""h3"",""text"":""조율이 필요한 쪽""},{""level"":""h2"",""text"":""자주 묻는 질문""},{""level"":""h2"",""text"":""다른 기간과 다른 띠""},{""level"":""h3"",""text"":""띠 12종""},{""level"":""h3"",""text"":""별자리 12종""},{""level"":""h2"",""text"":""하루 너머를 보고 싶다면""},{""level"":""h2"",""text"":""여섯 체계를 교차 검증하는 초융합 심층 리딩""},{""level"":""h2"",""text"":""핵심 운세""},{""level"":""h2"",""text"":""타로 리딩""},{""level"":""h2"",""text"":""신탁 & 특화""},{""level"":""h2"",""text"":""추천 가이드""},{""level"":""h2"",""text"":""디지털 운세 서비스 환불 안내""},{""level"":""h2"",""text"":""면책 고지""},{""level"":""h2"",""text"":""사업자 정보""}]","2338","0","true","true","{""@type"":""Person"",""@id"":""https://code-destiny.com/#author"",""name"":""박병하"",""jobTitle"":""명리학자"",""description"":""10년 경력의 명리학자. Code Destiny 가 공개하는 사주·운세 콘텐츠의 최종 검수 책임자입니다."",""knowsAbout"":[""사주"",""명리학"",""만세력"",""자미두수"",""숙요점""],""url"":""https://code-destiny.com/about"",""worksFor"":{""@type"":""Organization"",""@id"":""https://code-destiny.com/#organization"",""name"":""CODE DESTINY""}}","2026-09-09T00:00:00+09:00","2026-09-09T00:00:00+09:00","ko","true","B","false","[""editorial-review-required""]","retain pending evidence review; no automatic deletion","미확인","미확인","미확인","미확인"
"https://code-destiny.com/fortune/today/sagittarius/","200","200","true","https://code-destiny.com/fortune/today/sagittarius/","궁수자리 오늘의 운세 9월 9일 | 무료 별자리 운세","[{""level"":""h1"",""text"":""궁수자리 오늘의 운세""},{""level"":""h2"",""text"":""오늘의 기준 값""},{""level"":""h2"",""text"":""궁수자리와 오늘 기운의 관계""},{""level"":""h2"",""text"":""오늘의 운세 점수""},{""level"":""h3"",""text"":""이 점수는 이렇게 나왔습니다""},{""level"":""h2"",""text"":""궁수자리의 기본 결""},{""level"":""h3"",""text"":""애정운""},{""level"":""h3"",""text"":""재물운""},{""level"":""h3"",""text"":""건강운""},{""level"":""h3"",""text"":""직장운""},{""level"":""h2"",""text"":""오늘의 행운 포인트""},{""level"":""h2"",""text"":""궁수자리는 어떤 기질인가""},{""level"":""h3"",""text"":""강점""},{""level"":""h3"",""text"":""주의할 결""},{""level"":""h3"",""text"":""행운을 부르는 습관""},{""level"":""h3"",""text"":""이 운세를 읽는 법""},{""level"":""h2"",""text"":""궁수자리와 잘 맞는 상대""},{""level"":""h3"",""text"":""흐름이 맞는 쪽""},{""level"":""h3"",""text"":""조율이 필요한 쪽""},{""level"":""h2"",""text"":""자주 묻는 질문""},{""level"":""h2"",""text"":""다른 기간과 다른 별자리""},{""level"":""h3"",""text"":""별자리 12종""},{""level"":""h3"",""text"":""띠 12종""},{""level"":""h2"",""text"":""하루 너머를 보고 싶다면""},{""level"":""h2"",""text"":""여섯 체계를 교차 검증하는 초융합 심층 리딩""},{""level"":""h2"",""text"":""핵심 운세""},{""level"":""h2"",""text"":""타로 리딩""},{""level"":""h2"",""text"":""신탁 & 특화""},{""level"":""h2"",""text"":""추천 가이드""},{""level"":""h2"",""text"":""디지털 운세 서비스 환불 안내""},{""level"":""h2"",""text"":""면책 고지""},{""level"":""h2"",""text"":""사업자 정보""}]","2459","0","true","true","{""@type"":""Person"",""@id"":""https://code-destiny.com/#author"",""name"":""박병하"",""jobTitle"":""명리학자"",""description"":""10년 경력의 명리학자. Code Destiny 가 공개하는 사주·운세 콘텐츠의 최종 검수 책임자입니다."",""knowsAbout"":[""사주"",""명리학"",""만세력"",""자미두수"",""숙요점""],""url"":""https://code-destiny.com/about"",""worksFor"":{""@type"":""Organization"",""@id"":""https://code-destiny.com/#organization"",""name"":""CODE DESTINY""}}","2026-09-09T00:00:00+09:00","2026-09-09T00:00:00+09:00","ko","true","B","false","[""editorial-review-required""]","retain pending evidence review; no automatic deletion","미확인","미확인","미확인","미확인"
"https://code-destiny.com/fortune/today/scorpio/","200","200","true","https://code-destiny.com/fortune/today/scorpio/","전갈자리 오늘의 운세 9월 9일 | 무료 별자리 운세","[{""level"":""h1"",""text"":""전갈자리 오늘의 운세""},{""level"":""h2"",""text"":""오늘의 기준 값""},{""level"":""h2"",""text"":""전갈자리와 오늘 기운의 관계""},{""level"":""h2"",""text"":""오늘의 운세 점수""},{""level"":""h3"",""text"":""이 점수는 이렇게 나왔습니다""},{""level"":""h2"",""text"":""전갈자리의 기본 결""},{""level"":""h3"",""text"":""애정운""},{""level"":""h3"",""text"":""재물운""},{""level"":""h3"",""text"":""건강운""},{""level"":""h3"",""text"":""직장운""},{""level"":""h2"",""text"":""오늘의 행운 포인트""},{""level"":""h2"",""text"":""전갈자리는 어떤 기질인가""},{""level"":""h3"",""text"":""강점""},{""level"":""h3"",""text"":""주의할 결""},{""level"":""h3"",""text"":""행운을 부르는 습관""},{""level"":""h3"",""text"":""이 운세를 읽는 법""},{""level"":""h2"",""text"":""전갈자리와 잘 맞는 상대""},{""level"":""h3"",""text"":""흐름이 맞는 쪽""},{""level"":""h3"",""text"":""조율이 필요한 쪽""},{""level"":""h2"",""text"":""자주 묻는 질문""},{""level"":""h2"",""text"":""다른 기간과 다른 별자리""},{""level"":""h3"",""text"":""별자리 12종""},{""level"":""h3"",""text"":""띠 12종""},{""level"":""h2"",""text"":""하루 너머를 보고 싶다면""},{""level"":""h2"",""text"":""여섯 체계를 교차 검증하는 초융합 심층 리딩""},{""level"":""h2"",""text"":""핵심 운세""},{""level"":""h2"",""text"":""타로 리딩""},{""level"":""h2"",""text"":""신탁 & 특화""},{""level"":""h2"",""text"":""추천 가이드""},{""level"":""h2"",""text"":""디지털 운세 서비스 환불 안내""},{""level"":""h2"",""text"":""면책 고지""},{""level"":""h2"",""text"":""사업자 정보""}]","2462","0","true","true","{""@type"":""Person"",""@id"":""https://code-destiny.com/#author"",""name"":""박병하"",""jobTitle"":""명리학자"",""description"":""10년 경력의 명리학자. Code Destiny 가 공개하는 사주·운세 콘텐츠의 최종 검수 책임자입니다."",""knowsAbout"":[""사주"",""명리학"",""만세력"",""자미두수"",""숙요점""],""url"":""https://code-destiny.com/about"",""worksFor"":{""@type"":""Organization"",""@id"":""https://code-destiny.com/#organization"",""name"":""CODE DESTINY""}}","2026-09-09T00:00:00+09:00","2026-09-09T00:00:00+09:00","ko","true","B","false","[""editorial-review-required""]","retain pending evidence review; no automatic deletion","미확인","미확인","미확인","미확인"
"https://code-destiny.com/fortune/today/snake/","200","200","true","https://code-destiny.com/fortune/today/snake/","뱀띠 오늘의 운세 9월 9일 | 무료 띠별 운세","[{""level"":""h1"",""text"":""뱀띠 오늘의 운세""},{""level"":""h2"",""text"":""오늘의 기준 값""},{""level"":""h2"",""text"":""뱀띠와 오늘 기운의 관계""},{""level"":""h2"",""text"":""오늘의 운세 점수""},{""level"":""h3"",""text"":""이 점수는 이렇게 나왔습니다""},{""level"":""h2"",""text"":""뱀띠의 기본 결""},{""level"":""h3"",""text"":""애정운""},{""level"":""h3"",""text"":""재물운""},{""level"":""h3"",""text"":""건강운""},{""level"":""h3"",""text"":""직장운""},{""level"":""h2"",""text"":""오늘의 행운 포인트""},{""level"":""h2"",""text"":""뱀띠는 어떤 기질인가""},{""level"":""h3"",""text"":""강점""},{""level"":""h3"",""text"":""주의할 결""},{""level"":""h3"",""text"":""행운을 부르는 습관""},{""level"":""h3"",""text"":""이 운세를 읽는 법""},{""level"":""h2"",""text"":""뱀띠와 잘 맞는 상대""},{""level"":""h3"",""text"":""흐름이 맞는 쪽""},{""level"":""h3"",""text"":""조율이 필요한 쪽""},{""level"":""h2"",""text"":""자주 묻는 질문""},{""level"":""h2"",""text"":""다른 기간과 다른 띠""},{""level"":""h3"",""text"":""띠 12종""},{""level"":""h3"",""text"":""별자리 12종""},{""level"":""h2"",""text"":""하루 너머를 보고 싶다면""},{""level"":""h2"",""text"":""여섯 체계를 교차 검증하는 초융합 심층 리딩""},{""level"":""h2"",""text"":""핵심 운세""},{""level"":""h2"",""text"":""타로 리딩""},{""level"":""h2"",""text"":""신탁 & 특화""},{""level"":""h2"",""text"":""추천 가이드""},{""level"":""h2"",""text"":""디지털 운세 서비스 환불 안내""},{""level"":""h2"",""text"":""면책 고지""},{""level"":""h2"",""text"":""사업자 정보""}]","2357","0","true","true","{""@type"":""Person"",""@id"":""https://code-destiny.com/#author"",""name"":""박병하"",""jobTitle"":""명리학자"",""description"":""10년 경력의 명리학자. Code Destiny 가 공개하는 사주·운세 콘텐츠의 최종 검수 책임자입니다."",""knowsAbout"":[""사주"",""명리학"",""만세력"",""자미두수"",""숙요점""],""url"":""https://code-destiny.com/about"",""worksFor"":{""@type"":""Organization"",""@id"":""https://code-destiny.com/#organization"",""name"":""CODE DESTINY""}}","2026-09-09T00:00:00+09:00","2026-09-09T00:00:00+09:00","ko","true","B","false","[""editorial-review-required""]","retain pending evidence review; no automatic deletion","미확인","미확인","미확인","미확인"
"https://code-destiny.com/fortune/today/taurus/","200","200","true","https://code-destiny.com/fortune/today/taurus/","황소자리 오늘의 운세 9월 9일 | 무료 별자리 운세","[{""level"":""h1"",""text"":""황소자리 오늘의 운세""},{""level"":""h2"",""text"":""오늘의 기준 값""},{""level"":""h2"",""text"":""황소자리와 오늘 기운의 관계""},{""level"":""h2"",""text"":""오늘의 운세 점수""},{""level"":""h3"",""text"":""이 점수는 이렇게 나왔습니다""},{""level"":""h2"",""text"":""황소자리의 기본 결""},{""level"":""h3"",""text"":""애정운""},{""level"":""h3"",""text"":""재물운""},{""level"":""h3"",""text"":""건강운""},{""level"":""h3"",""text"":""직장운""},{""level"":""h2"",""text"":""오늘의 행운 포인트""},{""level"":""h2"",""text"":""황소자리는 어떤 기질인가""},{""level"":""h3"",""text"":""강점""},{""level"":""h3"",""text"":""주의할 결""},{""level"":""h3"",""text"":""행운을 부르는 습관""},{""level"":""h3"",""text"":""이 운세를 읽는 법""},{""level"":""h2"",""text"":""황소자리와 잘 맞는 상대""},{""level"":""h3"",""text"":""흐름이 맞는 쪽""},{""level"":""h3"",""text"":""조율이 필요한 쪽""},{""level"":""h2"",""text"":""자주 묻는 질문""},{""level"":""h2"",""text"":""다른 기간과 다른 별자리""},{""level"":""h3"",""text"":""별자리 12종""},{""level"":""h3"",""text"":""띠 12종""},{""level"":""h2"",""text"":""하루 너머를 보고 싶다면""},{""level"":""h2"",""text"":""여섯 체계를 교차 검증하는 초융합 심층 리딩""},{""level"":""h2"",""text"":""핵심 운세""},{""level"":""h2"",""text"":""타로 리딩""},{""level"":""h2"",""text"":""신탁 & 특화""},{""level"":""h2"",""text"":""추천 가이드""},{""level"":""h2"",""text"":""디지털 운세 서비스 환불 안내""},{""level"":""h2"",""text"":""면책 고지""},{""level"":""h2"",""text"":""사업자 정보""}]","2525","0","true","true","{""@type"":""Person"",""@id"":""https://code-destiny.com/#author"",""name"":""박병하"",""jobTitle"":""명리학자"",""description"":""10년 경력의 명리학자. Code Destiny 가 공개하는 사주·운세 콘텐츠의 최종 검수 책임자입니다."",""knowsAbout"":[""사주"",""명리학"",""만세력"",""자미두수"",""숙요점""],""url"":""https://code-destiny.com/about"",""worksFor"":{""@type"":""Organization"",""@id"":""https://code-destiny.com/#organization"",""name"":""CODE DESTINY""}}","2026-09-09T00:00:00+09:00","2026-09-09T00:00:00+09:00","ko","true","B","false","[""editorial-review-required""]","retain pending evidence review; no automatic deletion","미확인","미확인","미확인","미확인"
"https://code-destiny.com/fortune/today/tiger/","200","200","true","https://code-destiny.com/fortune/today/tiger/","범띠 오늘의 운세 9월 9일 | 무료 띠별 운세","[{""level"":""h1"",""text"":""범띠 오늘의 운세""},{""level"":""h2"",""text"":""오늘의 기준 값""},{""level"":""h2"",""text"":""범띠와 오늘 기운의 관계""},{""level"":""h2"",""text"":""오늘의 운세 점수""},{""level"":""h3"",""text"":""이 점수는 이렇게 나왔습니다""},{""level"":""h2"",""text"":""범띠의 기본 결""},{""level"":""h3"",""text"":""애정운""},{""level"":""h3"",""text"":""재물운""},{""level"":""h3"",""text"":""건강운""},{""level"":""h3"",""text"":""직장운""},{""level"":""h2"",""text"":""오늘의 행운 포인트""},{""level"":""h2"",""text"":""범띠는 어떤 기질인가""},{""level"":""h3"",""text"":""강점""},{""level"":""h3"",""text"":""주의할 결""},{""level"":""h3"",""text"":""행운을 부르는 습관""},{""level"":""h3"",""text"":""이 운세를 읽는 법""},{""level"":""h2"",""text"":""범띠와 잘 맞는 상대""},{""level"":""h3"",""text"":""흐름이 맞는 쪽""},{""level"":""h3"",""text"":""조율이 필요한 쪽""},{""level"":""h2"",""text"":""자주 묻는 질문""},{""level"":""h2"",""text"":""다른 기간과 다른 띠""},{""level"":""h3"",""text"":""띠 12종""},{""level"":""h3"",""text"":""별자리 12종""},{""level"":""h2"",""text"":""하루 너머를 보고 싶다면""},{""level"":""h2"",""text"":""여섯 체계를 교차 검증하는 초융합 심층 리딩""},{""level"":""h2"",""text"":""핵심 운세""},{""level"":""h2"",""text"":""타로 리딩""},{""level"":""h2"",""text"":""신탁 & 특화""},{""level"":""h2"",""text"":""추천 가이드""},{""level"":""h2"",""text"":""디지털 운세 서비스 환불 안내""},{""level"":""h2"",""text"":""면책 고지""},{""level"":""h2"",""text"":""사업자 정보""}]","2388","0","true","true","{""@type"":""Person"",""@id"":""https://code-destiny.com/#author"",""name"":""박병하"",""jobTitle"":""명리학자"",""description"":""10년 경력의 명리학자. Code Destiny 가 공개하는 사주·운세 콘텐츠의 최종 검수 책임자입니다."",""knowsAbout"":[""사주"",""명리학"",""만세력"",""자미두수"",""숙요점""],""url"":""https://code-destiny.com/about"",""worksFor"":{""@type"":""Organization"",""@id"":""https://code-destiny.com/#organization"",""name"":""CODE DESTINY""}}","2026-09-09T00:00:00+09:00","2026-09-09T00:00:00+09:00","ko","true","B","false","[""editorial-review-required""]","retain pending evidence review; no automatic deletion","미확인","미확인","미확인","미확인"
"https://code-destiny.com/fortune/today/virgo/","200","200","true","https://code-destiny.com/fortune/today/virgo/","처녀자리 오늘의 운세 9월 9일 | 무료 별자리 운세","[{""level"":""h1"",""text"":""처녀자리 오늘의 운세""},{""level"":""h2"",""text"":""오늘의 기준 값""},{""level"":""h2"",""text"":""처녀자리와 오늘 기운의 관계""},{""level"":""h2"",""text"":""오늘의 운세 점수""},{""level"":""h3"",""text"":""이 점수는 이렇게 나왔습니다""},{""level"":""h2"",""text"":""처녀자리의 기본 결""},{""level"":""h3"",""text"":""애정운""},{""level"":""h3"",""text"":""재물운""},{""level"":""h3"",""text"":""건강운""},{""level"":""h3"",""text"":""직장운""},{""level"":""h2"",""text"":""오늘의 행운 포인트""},{""level"":""h2"",""text"":""처녀자리는 어떤 기질인가""},{""level"":""h3"",""text"":""강점""},{""level"":""h3"",""text"":""주의할 결""},{""level"":""h3"",""text"":""행운을 부르는 습관""},{""level"":""h3"",""text"":""이 운세를 읽는 법""},{""level"":""h2"",""text"":""처녀자리와 잘 맞는 상대""},{""level"":""h3"",""text"":""흐름이 맞는 쪽""},{""level"":""h3"",""text"":""조율이 필요한 쪽""},{""level"":""h2"",""text"":""자주 묻는 질문""},{""level"":""h2"",""text"":""다른 기간과 다른 별자리""},{""level"":""h3"",""text"":""별자리 12종""},{""level"":""h3"",""text"":""띠 12종""},{""level"":""h2"",""text"":""하루 너머를 보고 싶다면""},{""level"":""h2"",""text"":""여섯 체계를 교차 검증하는 초융합 심층 리딩""},{""level"":""h2"",""text"":""핵심 운세""},{""level"":""h2"",""text"":""타로 리딩""},{""level"":""h2"",""text"":""신탁 & 특화""},{""level"":""h2"",""text"":""추천 가이드""},{""level"":""h2"",""text"":""디지털 운세 서비스 환불 안내""},{""level"":""h2"",""text"":""면책 고지""},{""level"":""h2"",""text"":""사업자 정보""}]","2473","0","true","true","{""@type"":""Person"",""@id"":""https://code-destiny.com/#author"",""name"":""박병하"",""jobTitle"":""명리학자"",""description"":""10년 경력의 명리학자. Code Destiny 가 공개하는 사주·운세 콘텐츠의 최종 검수 책임자입니다."",""knowsAbout"":[""사주"",""명리학"",""만세력"",""자미두수"",""숙요점""],""url"":""https://code-destiny.com/about"",""worksFor"":{""@type"":""Organization"",""@id"":""https://code-destiny.com/#organization"",""name"":""CODE DESTINY""}}","2026-09-09T00:00:00+09:00","2026-09-09T00:00:00+09:00","ko","true","B","false","[""editorial-review-required""]","retain pending evidence review; no automatic deletion","미확인","미확인","미확인","미확인"
"https://code-destiny.com/fortune/tomorrow/","200","200","true","https://code-destiny.com/fortune/tomorrow/","내일의 운세 9월 10일 | 무료 별자리·띠별 운세","[{""level"":""h1"",""text"":""내일 운세""},{""level"":""h2"",""text"":""내일 의 기준 값""},{""level"":""h2"",""text"":""별자리 내일 운세 12종""},{""level"":""h2"",""text"":""띠별 내일 운세 12종""},{""level"":""h2"",""text"":""이어서 보기""},{""level"":""h2"",""text"":""여섯 체계를 교차 검증하는 초융합 심층 리딩""},{""level"":""h2"",""text"":""핵심 운세""},{""level"":""h2"",""text"":""타로 리딩""},{""level"":""h2"",""text"":""신탁 & 특화""},{""level"":""h2"",""text"":""추천 가이드""},{""level"":""h2"",""text"":""디지털 운세 서비스 환불 안내""},{""level"":""h2"",""text"":""면책 고지""},{""level"":""h2"",""text"":""사업자 정보""}]","2940","0","true","false","미확인","미확인","미확인","ko","true","B","false","[]","retain pending evidence review; no automatic deletion","미확인","미확인","미확인","미확인"
"https://code-destiny.com/fortune/tomorrow/aquarius/","200","200","true","https://code-destiny.com/fortune/tomorrow/aquarius/","물병자리 내일의 운세 9월 10일 | 무료 별자리 운세","[{""level"":""h1"",""text"":""물병자리 내일의 운세""},{""level"":""h2"",""text"":""내일의 기준 값""},{""level"":""h2"",""text"":""물병자리와 내일 기운의 관계""},{""level"":""h2"",""text"":""내일의 운세 점수""},{""level"":""h3"",""text"":""이 점수는 이렇게 나왔습니다""},{""level"":""h2"",""text"":""물병자리의 기본 결""},{""level"":""h3"",""text"":""애정운""},{""level"":""h3"",""text"":""재물운""},{""level"":""h3"",""text"":""건강운""},{""level"":""h3"",""text"":""직장운""},{""level"":""h2"",""text"":""내일의 행운 포인트""},{""level"":""h2"",""text"":""물병자리는 어떤 기질인가""},{""level"":""h3"",""text"":""강점""},{""level"":""h3"",""text"":""주의할 결""},{""level"":""h3"",""text"":""행운을 부르는 습관""},{""level"":""h3"",""text"":""이 운세를 읽는 법""},{""level"":""h2"",""text"":""물병자리와 잘 맞는 상대""},{""level"":""h3"",""text"":""흐름이 맞는 쪽""},{""level"":""h3"",""text"":""조율이 필요한 쪽""},{""level"":""h2"",""text"":""자주 묻는 질문""},{""level"":""h2"",""text"":""다른 기간과 다른 별자리""},{""level"":""h3"",""text"":""별자리 12종""},{""level"":""h3"",""text"":""띠 12종""},{""level"":""h2"",""text"":""하루 너머를 보고 싶다면""},{""level"":""h2"",""text"":""여섯 체계를 교차 검증하는 초융합 심층 리딩""},{""level"":""h2"",""text"":""핵심 운세""},{""level"":""h2"",""text"":""타로 리딩""},{""level"":""h2"",""text"":""신탁 & 특화""},{""level"":""h2"",""text"":""추천 가이드""},{""level"":""h2"",""text"":""디지털 운세 서비스 환불 안내""},{""level"":""h2"",""text"":""면책 고지""},{""level"":""h2"",""text"":""사업자 정보""}]","2446","0","true","true","{""@type"":""Person"",""@id"":""https://code-destiny.com/#author"",""name"":""박병하"",""jobTitle"":""명리학자"",""description"":""10년 경력의 명리학자. Code Destiny 가 공개하는 사주·운세 콘텐츠의 최종 검수 책임자입니다."",""knowsAbout"":[""사주"",""명리학"",""만세력"",""자미두수"",""숙요점""],""url"":""https://code-destiny.com/about"",""worksFor"":{""@type"":""Organization"",""@id"":""https://code-destiny.com/#organization"",""name"":""CODE DESTINY""}}","2026-09-10T00:00:00+09:00","2026-09-10T00:00:00+09:00","ko","true","B","false","[""editorial-review-required""]","retain pending evidence review; no automatic deletion","미확인","미확인","미확인","미확인"
"https://code-destiny.com/fortune/tomorrow/aries/","200","200","true","https://code-destiny.com/fortune/tomorrow/aries/","양자리 내일의 운세 9월 10일 | 무료 별자리 운세","[{""level"":""h1"",""text"":""양자리 내일의 운세""},{""level"":""h2"",""text"":""내일의 기준 값""},{""level"":""h2"",""text"":""양자리와 내일 기운의 관계""},{""level"":""h2"",""text"":""내일의 운세 점수""},{""level"":""h3"",""text"":""이 점수는 이렇게 나왔습니다""},{""level"":""h2"",""text"":""양자리의 기본 결""},{""level"":""h3"",""text"":""애정운""},{""level"":""h3"",""text"":""재물운""},{""level"":""h3"",""text"":""건강운""},{""level"":""h3"",""text"":""직장운""},{""level"":""h2"",""text"":""내일의 행운 포인트""},{""level"":""h2"",""text"":""양자리는 어떤 기질인가""},{""level"":""h3"",""text"":""강점""},{""level"":""h3"",""text"":""주의할 결""},{""level"":""h3"",""text"":""행운을 부르는 습관""},{""level"":""h3"",""text"":""이 운세를 읽는 법""},{""level"":""h2"",""text"":""양자리와 잘 맞는 상대""},{""level"":""h3"",""text"":""흐름이 맞는 쪽""},{""level"":""h3"",""text"":""조율이 필요한 쪽""},{""level"":""h2"",""text"":""자주 묻는 질문""},{""level"":""h2"",""text"":""다른 기간과 다른 별자리""},{""level"":""h3"",""text"":""별자리 12종""},{""level"":""h3"",""text"":""띠 12종""},{""level"":""h2"",""text"":""하루 너머를 보고 싶다면""},{""level"":""h2"",""text"":""여섯 체계를 교차 검증하는 초융합 심층 리딩""},{""level"":""h2"",""text"":""핵심 운세""},{""level"":""h2"",""text"":""타로 리딩""},{""level"":""h2"",""text"":""신탁 & 특화""},{""level"":""h2"",""text"":""추천 가이드""},{""level"":""h2"",""text"":""디지털 운세 서비스 환불 안내""},{""level"":""h2"",""text"":""면책 고지""},{""level"":""h2"",""text"":""사업자 정보""}]","2616","0","true","true","{""@type"":""Person"",""@id"":""https://code-destiny.com/#author"",""name"":""박병하"",""jobTitle"":""명리학자"",""description"":""10년 경력의 명리학자. Code Destiny 가 공개하는 사주·운세 콘텐츠의 최종 검수 책임자입니다."",""knowsAbout"":[""사주"",""명리학"",""만세력"",""자미두수"",""숙요점""],""url"":""https://code-destiny.com/about"",""worksFor"":{""@type"":""Organization"",""@id"":""https://code-destiny.com/#organization"",""name"":""CODE DESTINY""}}","2026-09-10T00:00:00+09:00","2026-09-10T00:00:00+09:00","ko","true","B","false","[""editorial-review-required""]","retain pending evidence review; no automatic deletion","미확인","미확인","미확인","미확인"
"https://code-destiny.com/fortune/tomorrow/cancer/","200","200","true","https://code-destiny.com/fortune/tomorrow/cancer/","게자리 내일의 운세 9월 10일 | 무료 별자리 운세","[{""level"":""h1"",""text"":""게자리 내일의 운세""},{""level"":""h2"",""text"":""내일의 기준 값""},{""level"":""h2"",""text"":""게자리와 내일 기운의 관계""},{""level"":""h2"",""text"":""내일의 운세 점수""},{""level"":""h3"",""text"":""이 점수는 이렇게 나왔습니다""},{""level"":""h2"",""text"":""게자리의 기본 결""},{""level"":""h3"",""text"":""애정운""},{""level"":""h3"",""text"":""재물운""},{""level"":""h3"",""text"":""건강운""},{""level"":""h3"",""text"":""직장운""},{""level"":""h2"",""text"":""내일의 행운 포인트""},{""level"":""h2"",""text"":""게자리는 어떤 기질인가""},{""level"":""h3"",""text"":""강점""},{""level"":""h3"",""text"":""주의할 결""},{""level"":""h3"",""text"":""행운을 부르는 습관""},{""level"":""h3"",""text"":""이 운세를 읽는 법""},{""level"":""h2"",""text"":""게자리와 잘 맞는 상대""},{""level"":""h3"",""text"":""흐름이 맞는 쪽""},{""level"":""h3"",""text"":""조율이 필요한 쪽""},{""level"":""h2"",""text"":""자주 묻는 질문""},{""level"":""h2"",""text"":""다른 기간과 다른 별자리""},{""level"":""h3"",""text"":""별자리 12종""},{""level"":""h3"",""text"":""띠 12종""},{""level"":""h2"",""text"":""하루 너머를 보고 싶다면""},{""level"":""h2"",""text"":""여섯 체계를 교차 검증하는 초융합 심층 리딩""},{""level"":""h2"",""text"":""핵심 운세""},{""level"":""h2"",""text"":""타로 리딩""},{""level"":""h2"",""text"":""신탁 & 특화""},{""level"":""h2"",""text"":""추천 가이드""},{""level"":""h2"",""text"":""디지털 운세 서비스 환불 안내""},{""level"":""h2"",""text"":""면책 고지""},{""level"":""h2"",""text"":""사업자 정보""}]","2501","0","true","true","{""@type"":""Person"",""@id"":""https://code-destiny.com/#author"",""name"":""박병하"",""jobTitle"":""명리학자"",""description"":""10년 경력의 명리학자. Code Destiny 가 공개하는 사주·운세 콘텐츠의 최종 검수 책임자입니다."",""knowsAbout"":[""사주"",""명리학"",""만세력"",""자미두수"",""숙요점""],""url"":""https://code-destiny.com/about"",""worksFor"":{""@type"":""Organization"",""@id"":""https://code-destiny.com/#organization"",""name"":""CODE DESTINY""}}","2026-09-10T00:00:00+09:00","2026-09-10T00:00:00+09:00","ko","true","B","false","[""editorial-review-required""]","retain pending evidence review; no automatic deletion","미확인","미확인","미확인","미확인"
"https://code-destiny.com/fortune/tomorrow/capricorn/","200","200","true","https://code-destiny.com/fortune/tomorrow/capricorn/","염소자리 내일의 운세 9월 10일 | 무료 별자리 운세","[{""level"":""h1"",""text"":""염소자리 내일의 운세""},{""level"":""h2"",""text"":""내일의 기준 값""},{""level"":""h2"",""text"":""염소자리와 내일 기운의 관계""},{""level"":""h2"",""text"":""내일의 운세 점수""},{""level"":""h3"",""text"":""이 점수는 이렇게 나왔습니다""},{""level"":""h2"",""text"":""염소자리의 기본 결""},{""level"":""h3"",""text"":""애정운""},{""level"":""h3"",""text"":""재물운""},{""level"":""h3"",""text"":""건강운""},{""level"":""h3"",""text"":""직장운""},{""level"":""h2"",""text"":""내일의 행운 포인트""},{""level"":""h2"",""text"":""염소자리는 어떤 기질인가""},{""level"":""h3"",""text"":""강점""},{""level"":""h3"",""text"":""주의할 결""},{""level"":""h3"",""text"":""행운을 부르는 습관""},{""level"":""h3"",""text"":""이 운세를 읽는 법""},{""level"":""h2"",""text"":""염소자리와 잘 맞는 상대""},{""level"":""h3"",""text"":""흐름이 맞는 쪽""},{""level"":""h3"",""text"":""조율이 필요한 쪽""},{""level"":""h2"",""text"":""자주 묻는 질문""},{""level"":""h2"",""text"":""다른 기간과 다른 별자리""},{""level"":""h3"",""text"":""별자리 12종""},{""level"":""h3"",""text"":""띠 12종""},{""level"":""h2"",""text"":""하루 너머를 보고 싶다면""},{""level"":""h2"",""text"":""여섯 체계를 교차 검증하는 초융합 심층 리딩""},{""level"":""h2"",""text"":""핵심 운세""},{""level"":""h2"",""text"":""타로 리딩""},{""level"":""h2"",""text"":""신탁 & 특화""},{""level"":""h2"",""text"":""추천 가이드""},{""level"":""h2"",""text"":""디지털 운세 서비스 환불 안내""},{""level"":""h2"",""text"":""면책 고지""},{""level"":""h2"",""text"":""사업자 정보""}]","2443","0","true","true","{""@type"":""Person"",""@id"":""https://code-destiny.com/#author"",""name"":""박병하"",""jobTitle"":""명리학자"",""description"":""10년 경력의 명리학자. Code Destiny 가 공개하는 사주·운세 콘텐츠의 최종 검수 책임자입니다."",""knowsAbout"":[""사주"",""명리학"",""만세력"",""자미두수"",""숙요점""],""url"":""https://code-destiny.com/about"",""worksFor"":{""@type"":""Organization"",""@id"":""https://code-destiny.com/#organization"",""name"":""CODE DESTINY""}}","2026-09-10T00:00:00+09:00","2026-09-10T00:00:00+09:00","ko","true","B","false","[""editorial-review-required""]","retain pending evidence review; no automatic deletion","미확인","미확인","미확인","미확인"
"https://code-destiny.com/fortune/tomorrow/dog/","200","200","true","https://code-destiny.com/fortune/tomorrow/dog/","개띠 내일의 운세 9월 10일 | 무료 띠별 운세","[{""level"":""h1"",""text"":""개띠 내일의 운세""},{""level"":""h2"",""text"":""내일의 기준 값""},{""level"":""h2"",""text"":""개띠와 내일 기운의 관계""},{""level"":""h2"",""text"":""내일의 운세 점수""},{""level"":""h3"",""text"":""이 점수는 이렇게 나왔습니다""},{""level"":""h2"",""text"":""개띠의 기본 결""},{""level"":""h3"",""text"":""애정운""},{""level"":""h3"",""text"":""재물운""},{""level"":""h3"",""text"":""건강운""},{""level"":""h3"",""text"":""직장운""},{""level"":""h2"",""text"":""내일의 행운 포인트""},{""level"":""h2"",""text"":""개띠는 어떤 기질인가""},{""level"":""h3"",""text"":""강점""},{""level"":""h3"",""text"":""주의할 결""},{""level"":""h3"",""text"":""행운을 부르는 습관""},{""level"":""h3"",""text"":""이 운세를 읽는 법""},{""level"":""h2"",""text"":""개띠와 잘 맞는 상대""},{""level"":""h3"",""text"":""흐름이 맞는 쪽""},{""level"":""h3"",""text"":""조율이 필요한 쪽""},{""level"":""h2"",""text"":""자주 묻는 질문""},{""level"":""h2"",""text"":""다른 기간과 다른 띠""},{""level"":""h3"",""text"":""띠 12종""},{""level"":""h3"",""text"":""별자리 12종""},{""level"":""h2"",""text"":""하루 너머를 보고 싶다면""},{""level"":""h2"",""text"":""여섯 체계를 교차 검증하는 초융합 심층 리딩""},{""level"":""h2"",""text"":""핵심 운세""},{""level"":""h2"",""text"":""타로 리딩""},{""level"":""h2"",""text"":""신탁 & 특화""},{""level"":""h2"",""text"":""추천 가이드""},{""level"":""h2"",""text"":""디지털 운세 서비스 환불 안내""},{""level"":""h2"",""text"":""면책 고지""},{""level"":""h2"",""text"":""사업자 정보""}]","2355","0","true","true","{""@type"":""Person"",""@id"":""https://code-destiny.com/#author"",""name"":""박병하"",""jobTitle"":""명리학자"",""description"":""10년 경력의 명리학자. Code Destiny 가 공개하는 사주·운세 콘텐츠의 최종 검수 책임자입니다."",""knowsAbout"":[""사주"",""명리학"",""만세력"",""자미두수"",""숙요점""],""url"":""https://code-destiny.com/about"",""worksFor"":{""@type"":""Organization"",""@id"":""https://code-destiny.com/#organization"",""name"":""CODE DESTINY""}}","2026-09-10T00:00:00+09:00","2026-09-10T00:00:00+09:00","ko","true","B","false","[""editorial-review-required""]","retain pending evidence review; no automatic deletion","미확인","미확인","미확인","미확인"
"https://code-destiny.com/fortune/tomorrow/dragon/","200","200","true","https://code-destiny.com/fortune/tomorrow/dragon/","용띠 내일의 운세 9월 10일 | 무료 띠별 운세","[{""level"":""h1"",""text"":""용띠 내일의 운세""},{""level"":""h2"",""text"":""내일의 기준 값""},{""level"":""h2"",""text"":""용띠와 내일 기운의 관계""},{""level"":""h2"",""text"":""내일의 운세 점수""},{""level"":""h3"",""text"":""이 점수는 이렇게 나왔습니다""},{""level"":""h2"",""text"":""용띠의 기본 결""},{""level"":""h3"",""text"":""애정운""},{""level"":""h3"",""text"":""재물운""},{""level"":""h3"",""text"":""건강운""},{""level"":""h3"",""text"":""직장운""},{""level"":""h2"",""text"":""내일의 행운 포인트""},{""level"":""h2"",""text"":""용띠는 어떤 기질인가""},{""level"":""h3"",""text"":""강점""},{""level"":""h3"",""text"":""주의할 결""},{""level"":""h3"",""text"":""행운을 부르는 습관""},{""level"":""h3"",""text"":""이 운세를 읽는 법""},{""level"":""h2"",""text"":""용띠와 잘 맞는 상대""},{""level"":""h3"",""text"":""흐름이 맞는 쪽""},{""level"":""h3"",""text"":""조율이 필요한 쪽""},{""level"":""h2"",""text"":""자주 묻는 질문""},{""level"":""h2"",""text"":""다른 기간과 다른 띠""},{""level"":""h3"",""text"":""띠 12종""},{""level"":""h3"",""text"":""별자리 12종""},{""level"":""h2"",""text"":""하루 너머를 보고 싶다면""},{""level"":""h2"",""text"":""여섯 체계를 교차 검증하는 초융합 심층 리딩""},{""level"":""h2"",""text"":""핵심 운세""},{""level"":""h2"",""text"":""타로 리딩""},{""level"":""h2"",""text"":""신탁 & 특화""},{""level"":""h2"",""text"":""추천 가이드""},{""level"":""h2"",""text"":""디지털 운세 서비스 환불 안내""},{""level"":""h2"",""text"":""면책 고지""},{""level"":""h2"",""text"":""사업자 정보""}]","2344","0","true","true","{""@type"":""Person"",""@id"":""https://code-destiny.com/#author"",""name"":""박병하"",""jobTitle"":""명리학자"",""description"":""10년 경력의 명리학자. Code Destiny 가 공개하는 사주·운세 콘텐츠의 최종 검수 책임자입니다."",""knowsAbout"":[""사주"",""명리학"",""만세력"",""자미두수"",""숙요점""],""url"":""https://code-destiny.com/about"",""worksFor"":{""@type"":""Organization"",""@id"":""https://code-destiny.com/#organization"",""name"":""CODE DESTINY""}}","2026-09-10T00:00:00+09:00","2026-09-10T00:00:00+09:00","ko","true","B","false","[""editorial-review-required""]","retain pending evidence review; no automatic deletion","미확인","미확인","미확인","미확인"
"https://code-destiny.com/fortune/tomorrow/gemini/","200","200","true","https://code-destiny.com/fortune/tomorrow/gemini/","쌍둥이자리 내일의 운세 9월 10일 | 무료 별자리 운세","[{""level"":""h1"",""text"":""쌍둥이자리 내일의 운세""},{""level"":""h2"",""text"":""내일의 기준 값""},{""level"":""h2"",""text"":""쌍둥이자리와 내일 기운의 관계""},{""level"":""h2"",""text"":""내일의 운세 점수""},{""level"":""h3"",""text"":""이 점수는 이렇게 나왔습니다""},{""level"":""h2"",""text"":""쌍둥이자리의 기본 결""},{""level"":""h3"",""text"":""애정운""},{""level"":""h3"",""text"":""재물운""},{""level"":""h3"",""text"":""건강운""},{""level"":""h3"",""text"":""직장운""},{""level"":""h2"",""text"":""내일의 행운 포인트""},{""level"":""h2"",""text"":""쌍둥이자리는 어떤 기질인가""},{""level"":""h3"",""text"":""강점""},{""level"":""h3"",""text"":""주의할 결""},{""level"":""h3"",""text"":""행운을 부르는 습관""},{""level"":""h3"",""text"":""이 운세를 읽는 법""},{""level"":""h2"",""text"":""쌍둥이자리와 잘 맞는 상대""},{""level"":""h3"",""text"":""흐름이 맞는 쪽""},{""level"":""h3"",""text"":""조율이 필요한 쪽""},{""level"":""h2"",""text"":""자주 묻는 질문""},{""level"":""h2"",""text"":""다른 기간과 다른 별자리""},{""level"":""h3"",""text"":""별자리 12종""},{""level"":""h3"",""text"":""띠 12종""},{""level"":""h2"",""text"":""하루 너머를 보고 싶다면""},{""level"":""h2"",""text"":""여섯 체계를 교차 검증하는 초융합 심층 리딩""},{""level"":""h2"",""text"":""핵심 운세""},{""level"":""h2"",""text"":""타로 리딩""},{""level"":""h2"",""text"":""신탁 & 특화""},{""level"":""h2"",""text"":""추천 가이드""},{""level"":""h2"",""text"":""디지털 운세 서비스 환불 안내""},{""level"":""h2"",""text"":""면책 고지""},{""level"":""h2"",""text"":""사업자 정보""}]","2524","0","true","true","{""@type"":""Person"",""@id"":""https://code-destiny.com/#author"",""name"":""박병하"",""jobTitle"":""명리학자"",""description"":""10년 경력의 명리학자. Code Destiny 가 공개하는 사주·운세 콘텐츠의 최종 검수 책임자입니다."",""knowsAbout"":[""사주"",""명리학"",""만세력"",""자미두수"",""숙요점""],""url"":""https://code-destiny.com/about"",""worksFor"":{""@type"":""Organization"",""@id"":""https://code-destiny.com/#organization"",""name"":""CODE DESTINY""}}","2026-09-10T00:00:00+09:00","2026-09-10T00:00:00+09:00","ko","true","B","false","[""editorial-review-required""]","retain pending evidence review; no automatic deletion","미확인","미확인","미확인","미확인"
"https://code-destiny.com/fortune/tomorrow/goat/","200","200","true","https://code-destiny.com/fortune/tomorrow/goat/","양띠 내일의 운세 9월 10일 | 무료 띠별 운세","[{""level"":""h1"",""text"":""양띠 내일의 운세""},{""level"":""h2"",""text"":""내일의 기준 값""},{""level"":""h2"",""text"":""양띠와 내일 기운의 관계""},{""level"":""h2"",""text"":""내일의 운세 점수""},{""level"":""h3"",""text"":""이 점수는 이렇게 나왔습니다""},{""level"":""h2"",""text"":""양띠의 기본 결""},{""level"":""h3"",""text"":""애정운""},{""level"":""h3"",""text"":""재물운""},{""level"":""h3"",""text"":""건강운""},{""level"":""h3"",""text"":""직장운""},{""level"":""h2"",""text"":""내일의 행운 포인트""},{""level"":""h2"",""text"":""양띠는 어떤 기질인가""},{""level"":""h3"",""text"":""강점""},{""level"":""h3"",""text"":""주의할 결""},{""level"":""h3"",""text"":""행운을 부르는 습관""},{""level"":""h3"",""text"":""이 운세를 읽는 법""},{""level"":""h2"",""text"":""양띠와 잘 맞는 상대""},{""level"":""h3"",""text"":""흐름이 맞는 쪽""},{""level"":""h3"",""text"":""조율이 필요한 쪽""},{""level"":""h2"",""text"":""자주 묻는 질문""},{""level"":""h2"",""text"":""다른 기간과 다른 띠""},{""level"":""h3"",""text"":""띠 12종""},{""level"":""h3"",""text"":""별자리 12종""},{""level"":""h2"",""text"":""하루 너머를 보고 싶다면""},{""level"":""h2"",""text"":""여섯 체계를 교차 검증하는 초융합 심층 리딩""},{""level"":""h2"",""text"":""핵심 운세""},{""level"":""h2"",""text"":""타로 리딩""},{""level"":""h2"",""text"":""신탁 & 특화""},{""level"":""h2"",""text"":""추천 가이드""},{""level"":""h2"",""text"":""디지털 운세 서비스 환불 안내""},{""level"":""h2"",""text"":""면책 고지""},{""level"":""h2"",""text"":""사업자 정보""}]","2332","0","true","true","{""@type"":""Person"",""@id"":""https://code-destiny.com/#author"",""name"":""박병하"",""jobTitle"":""명리학자"",""description"":""10년 경력의 명리학자. Code Destiny 가 공개하는 사주·운세 콘텐츠의 최종 검수 책임자입니다."",""knowsAbout"":[""사주"",""명리학"",""만세력"",""자미두수"",""숙요점""],""url"":""https://code-destiny.com/about"",""worksFor"":{""@type"":""Organization"",""@id"":""https://code-destiny.com/#organization"",""name"":""CODE DESTINY""}}","2026-09-10T00:00:00+09:00","2026-09-10T00:00:00+09:00","ko","true","B","false","[""editorial-review-required""]","retain pending evidence review; no automatic deletion","미확인","미확인","미확인","미확인"
"https://code-destiny.com/fortune/tomorrow/horse/","200","200","true","https://code-destiny.com/fortune/tomorrow/horse/","말띠 내일의 운세 9월 10일 | 무료 띠별 운세","[{""level"":""h1"",""text"":""말띠 내일의 운세""},{""level"":""h2"",""text"":""내일의 기준 값""},{""level"":""h2"",""text"":""말띠와 내일 기운의 관계""},{""level"":""h2"",""text"":""내일의 운세 점수""},{""level"":""h3"",""text"":""이 점수는 이렇게 나왔습니다""},{""level"":""h2"",""text"":""말띠의 기본 결""},{""level"":""h3"",""text"":""애정운""},{""level"":""h3"",""text"":""재물운""},{""level"":""h3"",""text"":""건강운""},{""level"":""h3"",""text"":""직장운""},{""level"":""h2"",""text"":""내일의 행운 포인트""},{""level"":""h2"",""text"":""말띠는 어떤 기질인가""},{""level"":""h3"",""text"":""강점""},{""level"":""h3"",""text"":""주의할 결""},{""level"":""h3"",""text"":""행운을 부르는 습관""},{""level"":""h3"",""text"":""이 운세를 읽는 법""},{""level"":""h2"",""text"":""말띠와 잘 맞는 상대""},{""level"":""h3"",""text"":""흐름이 맞는 쪽""},{""level"":""h3"",""text"":""조율이 필요한 쪽""},{""level"":""h2"",""text"":""자주 묻는 질문""},{""level"":""h2"",""text"":""다른 기간과 다른 띠""},{""level"":""h3"",""text"":""띠 12종""},{""level"":""h3"",""text"":""별자리 12종""},{""level"":""h2"",""text"":""하루 너머를 보고 싶다면""},{""level"":""h2"",""text"":""여섯 체계를 교차 검증하는 초융합 심층 리딩""},{""level"":""h2"",""text"":""핵심 운세""},{""level"":""h2"",""text"":""타로 리딩""},{""level"":""h2"",""text"":""신탁 & 특화""},{""level"":""h2"",""text"":""추천 가이드""},{""level"":""h2"",""text"":""디지털 운세 서비스 환불 안내""},{""level"":""h2"",""text"":""면책 고지""},{""level"":""h2"",""text"":""사업자 정보""}]","2328","0","true","true","{""@type"":""Person"",""@id"":""https://code-destiny.com/#author"",""name"":""박병하"",""jobTitle"":""명리학자"",""description"":""10년 경력의 명리학자. Code Destiny 가 공개하는 사주·운세 콘텐츠의 최종 검수 책임자입니다."",""knowsAbout"":[""사주"",""명리학"",""만세력"",""자미두수"",""숙요점""],""url"":""https://code-destiny.com/about"",""worksFor"":{""@type"":""Organization"",""@id"":""https://code-destiny.com/#organization"",""name"":""CODE DESTINY""}}","2026-09-10T00:00:00+09:00","2026-09-10T00:00:00+09:00","ko","true","B","false","[""editorial-review-required""]","retain pending evidence review; no automatic deletion","미확인","미확인","미확인","미확인"
"https://code-destiny.com/fortune/tomorrow/leo/","200","200","true","https://code-destiny.com/fortune/tomorrow/leo/","사자자리 내일의 운세 9월 10일 | 무료 별자리 운세","[{""level"":""h1"",""text"":""사자자리 내일의 운세""},{""level"":""h2"",""text"":""내일의 기준 값""},{""level"":""h2"",""text"":""사자자리와 내일 기운의 관계""},{""level"":""h2"",""text"":""내일의 운세 점수""},{""level"":""h3"",""text"":""이 점수는 이렇게 나왔습니다""},{""level"":""h2"",""text"":""사자자리의 기본 결""},{""level"":""h3"",""text"":""애정운""},{""level"":""h3"",""text"":""재물운""},{""level"":""h3"",""text"":""건강운""},{""level"":""h3"",""text"":""직장운""},{""level"":""h2"",""text"":""내일의 행운 포인트""},{""level"":""h2"",""text"":""사자자리는 어떤 기질인가""},{""level"":""h3"",""text"":""강점""},{""level"":""h3"",""text"":""주의할 결""},{""level"":""h3"",""text"":""행운을 부르는 습관""},{""level"":""h3"",""text"":""이 운세를 읽는 법""},{""level"":""h2"",""text"":""사자자리와 잘 맞는 상대""},{""level"":""h3"",""text"":""흐름이 맞는 쪽""},{""level"":""h3"",""text"":""조율이 필요한 쪽""},{""level"":""h2"",""text"":""자주 묻는 질문""},{""level"":""h2"",""text"":""다른 기간과 다른 별자리""},{""level"":""h3"",""text"":""별자리 12종""},{""level"":""h3"",""text"":""띠 12종""},{""level"":""h2"",""text"":""하루 너머를 보고 싶다면""},{""level"":""h2"",""text"":""여섯 체계를 교차 검증하는 초융합 심층 리딩""},{""level"":""h2"",""text"":""핵심 운세""},{""level"":""h2"",""text"":""타로 리딩""},{""level"":""h2"",""text"":""신탁 & 특화""},{""level"":""h2"",""text"":""추천 가이드""},{""level"":""h2"",""text"":""디지털 운세 서비스 환불 안내""},{""level"":""h2"",""text"":""면책 고지""},{""level"":""h2"",""text"":""사업자 정보""}]","2433","0","true","true","{""@type"":""Person"",""@id"":""https://code-destiny.com/#author"",""name"":""박병하"",""jobTitle"":""명리학자"",""description"":""10년 경력의 명리학자. Code Destiny 가 공개하는 사주·운세 콘텐츠의 최종 검수 책임자입니다."",""knowsAbout"":[""사주"",""명리학"",""만세력"",""자미두수"",""숙요점""],""url"":""https://code-destiny.com/about"",""worksFor"":{""@type"":""Organization"",""@id"":""https://code-destiny.com/#organization"",""name"":""CODE DESTINY""}}","2026-09-10T00:00:00+09:00","2026-09-10T00:00:00+09:00","ko","true","B","false","[""editorial-review-required""]","retain pending evidence review; no automatic deletion","미확인","미확인","미확인","미확인"
"https://code-destiny.com/fortune/tomorrow/libra/","200","200","true","https://code-destiny.com/fortune/tomorrow/libra/","천칭자리 내일의 운세 9월 10일 | 무료 별자리 운세","[{""level"":""h1"",""text"":""천칭자리 내일의 운세""},{""level"":""h2"",""text"":""내일의 기준 값""},{""level"":""h2"",""text"":""천칭자리와 내일 기운의 관계""},{""level"":""h2"",""text"":""내일의 운세 점수""},{""level"":""h3"",""text"":""이 점수는 이렇게 나왔습니다""},{""level"":""h2"",""text"":""천칭자리의 기본 결""},{""level"":""h3"",""text"":""애정운""},{""level"":""h3"",""text"":""재물운""},{""level"":""h3"",""text"":""건강운""},{""level"":""h3"",""text"":""직장운""},{""level"":""h2"",""text"":""내일의 행운 포인트""},{""level"":""h2"",""text"":""천칭자리는 어떤 기질인가""},{""level"":""h3"",""text"":""강점""},{""level"":""h3"",""text"":""주의할 결""},{""level"":""h3"",""text"":""행운을 부르는 습관""},{""level"":""h3"",""text"":""이 운세를 읽는 법""},{""level"":""h2"",""text"":""천칭자리와 잘 맞는 상대""},{""level"":""h3"",""text"":""흐름이 맞는 쪽""},{""level"":""h3"",""text"":""조율이 필요한 쪽""},{""level"":""h2"",""text"":""자주 묻는 질문""},{""level"":""h2"",""text"":""다른 기간과 다른 별자리""},{""level"":""h3"",""text"":""별자리 12종""},{""level"":""h3"",""text"":""띠 12종""},{""level"":""h2"",""text"":""하루 너머를 보고 싶다면""},{""level"":""h2"",""text"":""여섯 체계를 교차 검증하는 초융합 심층 리딩""},{""level"":""h2"",""text"":""핵심 운세""},{""level"":""h2"",""text"":""타로 리딩""},{""level"":""h2"",""text"":""신탁 & 특화""},{""level"":""h2"",""text"":""추천 가이드""},{""level"":""h2"",""text"":""디지털 운세 서비스 환불 안내""},{""level"":""h2"",""text"":""면책 고지""},{""level"":""h2"",""text"":""사업자 정보""}]","2483","0","true","true","{""@type"":""Person"",""@id"":""https://code-destiny.com/#author"",""name"":""박병하"",""jobTitle"":""명리학자"",""description"":""10년 경력의 명리학자. Code Destiny 가 공개하는 사주·운세 콘텐츠의 최종 검수 책임자입니다."",""knowsAbout"":[""사주"",""명리학"",""만세력"",""자미두수"",""숙요점""],""url"":""https://code-destiny.com/about"",""worksFor"":{""@type"":""Organization"",""@id"":""https://code-destiny.com/#organization"",""name"":""CODE DESTINY""}}","2026-09-10T00:00:00+09:00","2026-09-10T00:00:00+09:00","ko","true","B","false","[""editorial-review-required""]","retain pending evidence review; no automatic deletion","미확인","미확인","미확인","미확인"
"https://code-destiny.com/fortune/tomorrow/monkey/","200","200","true","https://code-destiny.com/fortune/tomorrow/monkey/","원숭이띠 내일의 운세 9월 10일 | 무료 띠별 운세","[{""level"":""h1"",""text"":""원숭이띠 내일의 운세""},{""level"":""h2"",""text"":""내일의 기준 값""},{""level"":""h2"",""text"":""원숭이띠와 내일 기운의 관계""},{""level"":""h2"",""text"":""내일의 운세 점수""},{""level"":""h3"",""text"":""이 점수는 이렇게 나왔습니다""},{""level"":""h2"",""text"":""원숭이띠의 기본 결""},{""level"":""h3"",""text"":""애정운""},{""level"":""h3"",""text"":""재물운""},{""level"":""h3"",""text"":""건강운""},{""level"":""h3"",""text"":""직장운""},{""level"":""h2"",""text"":""내일의 행운 포인트""},{""level"":""h2"",""text"":""원숭이띠는 어떤 기질인가""},{""level"":""h3"",""text"":""강점""},{""level"":""h3"",""text"":""주의할 결""},{""level"":""h3"",""text"":""행운을 부르는 습관""},{""level"":""h3"",""text"":""이 운세를 읽는 법""},{""level"":""h2"",""text"":""원숭이띠와 잘 맞는 상대""},{""level"":""h3"",""text"":""흐름이 맞는 쪽""},{""level"":""h3"",""text"":""조율이 필요한 쪽""},{""level"":""h2"",""text"":""자주 묻는 질문""},{""level"":""h2"",""text"":""다른 기간과 다른 띠""},{""level"":""h3"",""text"":""띠 12종""},{""level"":""h3"",""text"":""별자리 12종""},{""level"":""h2"",""text"":""하루 너머를 보고 싶다면""},{""level"":""h2"",""text"":""여섯 체계를 교차 검증하는 초융합 심층 리딩""},{""level"":""h2"",""text"":""핵심 운세""},{""level"":""h2"",""text"":""타로 리딩""},{""level"":""h2"",""text"":""신탁 & 특화""},{""level"":""h2"",""text"":""추천 가이드""},{""level"":""h2"",""text"":""디지털 운세 서비스 환불 안내""},{""level"":""h2"",""text"":""면책 고지""},{""level"":""h2"",""text"":""사업자 정보""}]","2356","0","true","true","{""@type"":""Person"",""@id"":""https://code-destiny.com/#author"",""name"":""박병하"",""jobTitle"":""명리학자"",""description"":""10년 경력의 명리학자. Code Destiny 가 공개하는 사주·운세 콘텐츠의 최종 검수 책임자입니다."",""knowsAbout"":[""사주"",""명리학"",""만세력"",""자미두수"",""숙요점""],""url"":""https://code-destiny.com/about"",""worksFor"":{""@type"":""Organization"",""@id"":""https://code-destiny.com/#organization"",""name"":""CODE DESTINY""}}","2026-09-10T00:00:00+09:00","2026-09-10T00:00:00+09:00","ko","true","B","false","[""editorial-review-required""]","retain pending evidence review; no automatic deletion","미확인","미확인","미확인","미확인"
"https://code-destiny.com/fortune/tomorrow/ox/","200","200","true","https://code-destiny.com/fortune/tomorrow/ox/","소띠 내일의 운세 9월 10일 | 무료 띠별 운세","[{""level"":""h1"",""text"":""소띠 내일의 운세""},{""level"":""h2"",""text"":""내일의 기준 값""},{""level"":""h2"",""text"":""소띠와 내일 기운의 관계""},{""level"":""h2"",""text"":""내일의 운세 점수""},{""level"":""h3"",""text"":""이 점수는 이렇게 나왔습니다""},{""level"":""h2"",""text"":""소띠의 기본 결""},{""level"":""h3"",""text"":""애정운""},{""level"":""h3"",""text"":""재물운""},{""level"":""h3"",""text"":""건강운""},{""level"":""h3"",""text"":""직장운""},{""level"":""h2"",""text"":""내일의 행운 포인트""},{""level"":""h2"",""text"":""소띠는 어떤 기질인가""},{""level"":""h3"",""text"":""강점""},{""level"":""h3"",""text"":""주의할 결""},{""level"":""h3"",""text"":""행운을 부르는 습관""},{""level"":""h3"",""text"":""이 운세를 읽는 법""},{""level"":""h2"",""text"":""소띠와 잘 맞는 상대""},{""level"":""h3"",""text"":""흐름이 맞는 쪽""},{""level"":""h3"",""text"":""조율이 필요한 쪽""},{""level"":""h2"",""text"":""자주 묻는 질문""},{""level"":""h2"",""text"":""다른 기간과 다른 띠""},{""level"":""h3"",""text"":""띠 12종""},{""level"":""h3"",""text"":""별자리 12종""},{""level"":""h2"",""text"":""하루 너머를 보고 싶다면""},{""level"":""h2"",""text"":""여섯 체계를 교차 검증하는 초융합 심층 리딩""},{""level"":""h2"",""text"":""핵심 운세""},{""level"":""h2"",""text"":""타로 리딩""},{""level"":""h2"",""text"":""신탁 & 특화""},{""level"":""h2"",""text"":""추천 가이드""},{""level"":""h2"",""text"":""디지털 운세 서비스 환불 안내""},{""level"":""h2"",""text"":""면책 고지""},{""level"":""h2"",""text"":""사업자 정보""}]","2320","0","true","true","{""@type"":""Person"",""@id"":""https://code-destiny.com/#author"",""name"":""박병하"",""jobTitle"":""명리학자"",""description"":""10년 경력의 명리학자. Code Destiny 가 공개하는 사주·운세 콘텐츠의 최종 검수 책임자입니다."",""knowsAbout"":[""사주"",""명리학"",""만세력"",""자미두수"",""숙요점""],""url"":""https://code-destiny.com/about"",""worksFor"":{""@type"":""Organization"",""@id"":""https://code-destiny.com/#organization"",""name"":""CODE DESTINY""}}","2026-09-10T00:00:00+09:00","2026-09-10T00:00:00+09:00","ko","true","B","false","[""editorial-review-required""]","retain pending evidence review; no automatic deletion","미확인","미확인","미확인","미확인"
"https://code-destiny.com/fortune/tomorrow/pig/","200","200","true","https://code-destiny.com/fortune/tomorrow/pig/","돼지띠 내일의 운세 9월 10일 | 무료 띠별 운세","[{""level"":""h1"",""text"":""돼지띠 내일의 운세""},{""level"":""h2"",""text"":""내일의 기준 값""},{""level"":""h2"",""text"":""돼지띠와 내일 기운의 관계""},{""level"":""h2"",""text"":""내일의 운세 점수""},{""level"":""h3"",""text"":""이 점수는 이렇게 나왔습니다""},{""level"":""h2"",""text"":""돼지띠의 기본 결""},{""level"":""h3"",""text"":""애정운""},{""level"":""h3"",""text"":""재물운""},{""level"":""h3"",""text"":""건강운""},{""level"":""h3"",""text"":""직장운""},{""level"":""h2"",""text"":""내일의 행운 포인트""},{""level"":""h2"",""text"":""돼지띠는 어떤 기질인가""},{""level"":""h3"",""text"":""강점""},{""level"":""h3"",""text"":""주의할 결""},{""level"":""h3"",""text"":""행운을 부르는 습관""},{""level"":""h3"",""text"":""이 운세를 읽는 법""},{""level"":""h2"",""text"":""돼지띠와 잘 맞는 상대""},{""level"":""h3"",""text"":""흐름이 맞는 쪽""},{""level"":""h3"",""text"":""조율이 필요한 쪽""},{""level"":""h2"",""text"":""자주 묻는 질문""},{""level"":""h2"",""text"":""다른 기간과 다른 띠""},{""level"":""h3"",""text"":""띠 12종""},{""level"":""h3"",""text"":""별자리 12종""},{""level"":""h2"",""text"":""하루 너머를 보고 싶다면""},{""level"":""h2"",""text"":""여섯 체계를 교차 검증하는 초융합 심층 리딩""},{""level"":""h2"",""text"":""핵심 운세""},{""level"":""h2"",""text"":""타로 리딩""},{""level"":""h2"",""text"":""신탁 & 특화""},{""level"":""h2"",""text"":""추천 가이드""},{""level"":""h2"",""text"":""디지털 운세 서비스 환불 안내""},{""level"":""h2"",""text"":""면책 고지""},{""level"":""h2"",""text"":""사업자 정보""}]","2334","0","true","true","{""@type"":""Person"",""@id"":""https://code-destiny.com/#author"",""name"":""박병하"",""jobTitle"":""명리학자"",""description"":""10년 경력의 명리학자. Code Destiny 가 공개하는 사주·운세 콘텐츠의 최종 검수 책임자입니다."",""knowsAbout"":[""사주"",""명리학"",""만세력"",""자미두수"",""숙요점""],""url"":""https://code-destiny.com/about"",""worksFor"":{""@type"":""Organization"",""@id"":""https://code-destiny.com/#organization"",""name"":""CODE DESTINY""}}","2026-09-10T00:00:00+09:00","2026-09-10T00:00:00+09:00","ko","true","B","false","[""editorial-review-required""]","retain pending evidence review; no automatic deletion","미확인","미확인","미확인","미확인"
"https://code-destiny.com/fortune/tomorrow/pisces/","200","200","true","https://code-destiny.com/fortune/tomorrow/pisces/","물고기자리 내일의 운세 9월 10일 | 무료 별자리 운세","[{""level"":""h1"",""text"":""물고기자리 내일의 운세""},{""level"":""h2"",""text"":""내일의 기준 값""},{""level"":""h2"",""text"":""물고기자리와 내일 기운의 관계""},{""level"":""h2"",""text"":""내일의 운세 점수""},{""level"":""h3"",""text"":""이 점수는 이렇게 나왔습니다""},{""level"":""h2"",""text"":""물고기자리의 기본 결""},{""level"":""h3"",""text"":""애정운""},{""level"":""h3"",""text"":""재물운""},{""level"":""h3"",""text"":""건강운""},{""level"":""h3"",""text"":""직장운""},{""level"":""h2"",""text"":""내일의 행운 포인트""},{""level"":""h2"",""text"":""물고기자리는 어떤 기질인가""},{""level"":""h3"",""text"":""강점""},{""level"":""h3"",""text"":""주의할 결""},{""level"":""h3"",""text"":""행운을 부르는 습관""},{""level"":""h3"",""text"":""이 운세를 읽는 법""},{""level"":""h2"",""text"":""물고기자리와 잘 맞는 상대""},{""level"":""h3"",""text"":""흐름이 맞는 쪽""},{""level"":""h3"",""text"":""조율이 필요한 쪽""},{""level"":""h2"",""text"":""자주 묻는 질문""},{""level"":""h2"",""text"":""다른 기간과 다른 별자리""},{""level"":""h3"",""text"":""별자리 12종""},{""level"":""h3"",""text"":""띠 12종""},{""level"":""h2"",""text"":""하루 너머를 보고 싶다면""},{""level"":""h2"",""text"":""여섯 체계를 교차 검증하는 초융합 심층 리딩""},{""level"":""h2"",""text"":""핵심 운세""},{""level"":""h2"",""text"":""타로 리딩""},{""level"":""h2"",""text"":""신탁 & 특화""},{""level"":""h2"",""text"":""추천 가이드""},{""level"":""h2"",""text"":""디지털 운세 서비스 환불 안내""},{""level"":""h2"",""text"":""면책 고지""},{""level"":""h2"",""text"":""사업자 정보""}]","2452","0","true","true","{""@type"":""Person"",""@id"":""https://code-destiny.com/#author"",""name"":""박병하"",""jobTitle"":""명리학자"",""description"":""10년 경력의 명리학자. Code Destiny 가 공개하는 사주·운세 콘텐츠의 최종 검수 책임자입니다."",""knowsAbout"":[""사주"",""명리학"",""만세력"",""자미두수"",""숙요점""],""url"":""https://code-destiny.com/about"",""worksFor"":{""@type"":""Organization"",""@id"":""https://code-destiny.com/#organization"",""name"":""CODE DESTINY""}}","2026-09-10T00:00:00+09:00","2026-09-10T00:00:00+09:00","ko","true","B","false","[""editorial-review-required""]","retain pending evidence review; no automatic deletion","미확인","미확인","미확인","미확인"
"https://code-destiny.com/fortune/tomorrow/rabbit/","200","200","true","https://code-destiny.com/fortune/tomorrow/rabbit/","토끼띠 내일의 운세 9월 10일 | 무료 띠별 운세","[{""level"":""h1"",""text"":""토끼띠 내일의 운세""},{""level"":""h2"",""text"":""내일의 기준 값""},{""level"":""h2"",""text"":""토끼띠와 내일 기운의 관계""},{""level"":""h2"",""text"":""내일의 운세 점수""},{""level"":""h3"",""text"":""이 점수는 이렇게 나왔습니다""},{""level"":""h2"",""text"":""토끼띠의 기본 결""},{""level"":""h3"",""text"":""애정운""},{""level"":""h3"",""text"":""재물운""},{""level"":""h3"",""text"":""건강운""},{""level"":""h3"",""text"":""직장운""},{""level"":""h2"",""text"":""내일의 행운 포인트""},{""level"":""h2"",""text"":""토끼띠는 어떤 기질인가""},{""level"":""h3"",""text"":""강점""},{""level"":""h3"",""text"":""주의할 결""},{""level"":""h3"",""text"":""행운을 부르는 습관""},{""level"":""h3"",""text"":""이 운세를 읽는 법""},{""level"":""h2"",""text"":""토끼띠와 잘 맞는 상대""},{""level"":""h3"",""text"":""흐름이 맞는 쪽""},{""level"":""h3"",""text"":""조율이 필요한 쪽""},{""level"":""h2"",""text"":""자주 묻는 질문""},{""level"":""h2"",""text"":""다른 기간과 다른 띠""},{""level"":""h3"",""text"":""띠 12종""},{""level"":""h3"",""text"":""별자리 12종""},{""level"":""h2"",""text"":""하루 너머를 보고 싶다면""},{""level"":""h2"",""text"":""여섯 체계를 교차 검증하는 초융합 심층 리딩""},{""level"":""h2"",""text"":""핵심 운세""},{""level"":""h2"",""text"":""타로 리딩""},{""level"":""h2"",""text"":""신탁 & 특화""},{""level"":""h2"",""text"":""추천 가이드""},{""level"":""h2"",""text"":""디지털 운세 서비스 환불 안내""},{""level"":""h2"",""text"":""면책 고지""},{""level"":""h2"",""text"":""사업자 정보""}]","2337","0","true","true","{""@type"":""Person"",""@id"":""https://code-destiny.com/#author"",""name"":""박병하"",""jobTitle"":""명리학자"",""description"":""10년 경력의 명리학자. Code Destiny 가 공개하는 사주·운세 콘텐츠의 최종 검수 책임자입니다."",""knowsAbout"":[""사주"",""명리학"",""만세력"",""자미두수"",""숙요점""],""url"":""https://code-destiny.com/about"",""worksFor"":{""@type"":""Organization"",""@id"":""https://code-destiny.com/#organization"",""name"":""CODE DESTINY""}}","2026-09-10T00:00:00+09:00","2026-09-10T00:00:00+09:00","ko","true","B","false","[""editorial-review-required""]","retain pending evidence review; no automatic deletion","미확인","미확인","미확인","미확인"
"https://code-destiny.com/fortune/tomorrow/rat/","200","200","true","https://code-destiny.com/fortune/tomorrow/rat/","쥐띠 내일의 운세 9월 10일 | 무료 띠별 운세","[{""level"":""h1"",""text"":""쥐띠 내일의 운세""},{""level"":""h2"",""text"":""내일의 기준 값""},{""level"":""h2"",""text"":""쥐띠와 내일 기운의 관계""},{""level"":""h2"",""text"":""내일의 운세 점수""},{""level"":""h3"",""text"":""이 점수는 이렇게 나왔습니다""},{""level"":""h2"",""text"":""쥐띠의 기본 결""},{""level"":""h3"",""text"":""애정운""},{""level"":""h3"",""text"":""재물운""},{""level"":""h3"",""text"":""건강운""},{""level"":""h3"",""text"":""직장운""},{""level"":""h2"",""text"":""내일의 행운 포인트""},{""level"":""h2"",""text"":""쥐띠는 어떤 기질인가""},{""level"":""h3"",""text"":""강점""},{""level"":""h3"",""text"":""주의할 결""},{""level"":""h3"",""text"":""행운을 부르는 습관""},{""level"":""h3"",""text"":""이 운세를 읽는 법""},{""level"":""h2"",""text"":""쥐띠와 잘 맞는 상대""},{""level"":""h3"",""text"":""흐름이 맞는 쪽""},{""level"":""h3"",""text"":""조율이 필요한 쪽""},{""level"":""h2"",""text"":""자주 묻는 질문""},{""level"":""h2"",""text"":""다른 기간과 다른 띠""},{""level"":""h3"",""text"":""띠 12종""},{""level"":""h3"",""text"":""별자리 12종""},{""level"":""h2"",""text"":""하루 너머를 보고 싶다면""},{""level"":""h2"",""text"":""여섯 체계를 교차 검증하는 초융합 심층 리딩""},{""level"":""h2"",""text"":""핵심 운세""},{""level"":""h2"",""text"":""타로 리딩""},{""level"":""h2"",""text"":""신탁 & 특화""},{""level"":""h2"",""text"":""추천 가이드""},{""level"":""h2"",""text"":""디지털 운세 서비스 환불 안내""},{""level"":""h2"",""text"":""면책 고지""},{""level"":""h2"",""text"":""사업자 정보""}]","2414","0","true","true","{""@type"":""Person"",""@id"":""https://code-destiny.com/#author"",""name"":""박병하"",""jobTitle"":""명리학자"",""description"":""10년 경력의 명리학자. Code Destiny 가 공개하는 사주·운세 콘텐츠의 최종 검수 책임자입니다."",""knowsAbout"":[""사주"",""명리학"",""만세력"",""자미두수"",""숙요점""],""url"":""https://code-destiny.com/about"",""worksFor"":{""@type"":""Organization"",""@id"":""https://code-destiny.com/#organization"",""name"":""CODE DESTINY""}}","2026-09-10T00:00:00+09:00","2026-09-10T00:00:00+09:00","ko","true","B","false","[""editorial-review-required""]","retain pending evidence review; no automatic deletion","미확인","미확인","미확인","미확인"
"https://code-destiny.com/fortune/tomorrow/rooster/","200","200","true","https://code-destiny.com/fortune/tomorrow/rooster/","닭띠 내일의 운세 9월 10일 | 무료 띠별 운세","[{""level"":""h1"",""text"":""닭띠 내일의 운세""},{""level"":""h2"",""text"":""내일의 기준 값""},{""level"":""h2"",""text"":""닭띠와 내일 기운의 관계""},{""level"":""h2"",""text"":""내일의 운세 점수""},{""level"":""h3"",""text"":""이 점수는 이렇게 나왔습니다""},{""level"":""h2"",""text"":""닭띠의 기본 결""},{""level"":""h3"",""text"":""애정운""},{""level"":""h3"",""text"":""재물운""},{""level"":""h3"",""text"":""건강운""},{""level"":""h3"",""text"":""직장운""},{""level"":""h2"",""text"":""내일의 행운 포인트""},{""level"":""h2"",""text"":""닭띠는 어떤 기질인가""},{""level"":""h3"",""text"":""강점""},{""level"":""h3"",""text"":""주의할 결""},{""level"":""h3"",""text"":""행운을 부르는 습관""},{""level"":""h3"",""text"":""이 운세를 읽는 법""},{""level"":""h2"",""text"":""닭띠와 잘 맞는 상대""},{""level"":""h3"",""text"":""흐름이 맞는 쪽""},{""level"":""h3"",""text"":""조율이 필요한 쪽""},{""level"":""h2"",""text"":""자주 묻는 질문""},{""level"":""h2"",""text"":""다른 기간과 다른 띠""},{""level"":""h3"",""text"":""띠 12종""},{""level"":""h3"",""text"":""별자리 12종""},{""level"":""h2"",""text"":""하루 너머를 보고 싶다면""},{""level"":""h2"",""text"":""여섯 체계를 교차 검증하는 초융합 심층 리딩""},{""level"":""h2"",""text"":""핵심 운세""},{""level"":""h2"",""text"":""타로 리딩""},{""level"":""h2"",""text"":""신탁 & 특화""},{""level"":""h2"",""text"":""추천 가이드""},{""level"":""h2"",""text"":""디지털 운세 서비스 환불 안내""},{""level"":""h2"",""text"":""면책 고지""},{""level"":""h2"",""text"":""사업자 정보""}]","2294","0","true","true","{""@type"":""Person"",""@id"":""https://code-destiny.com/#author"",""name"":""박병하"",""jobTitle"":""명리학자"",""description"":""10년 경력의 명리학자. Code Destiny 가 공개하는 사주·운세 콘텐츠의 최종 검수 책임자입니다."",""knowsAbout"":[""사주"",""명리학"",""만세력"",""자미두수"",""숙요점""],""url"":""https://code-destiny.com/about"",""worksFor"":{""@type"":""Organization"",""@id"":""https://code-destiny.com/#organization"",""name"":""CODE DESTINY""}}","2026-09-10T00:00:00+09:00","2026-09-10T00:00:00+09:00","ko","true","B","false","[""editorial-review-required""]","retain pending evidence review; no automatic deletion","미확인","미확인","미확인","미확인"
"https://code-destiny.com/fortune/tomorrow/sagittarius/","200","200","true","https://code-destiny.com/fortune/tomorrow/sagittarius/","궁수자리 내일의 운세 9월 10일 | 무료 별자리 운세","[{""level"":""h1"",""text"":""궁수자리 내일의 운세""},{""level"":""h2"",""text"":""내일의 기준 값""},{""level"":""h2"",""text"":""궁수자리와 내일 기운의 관계""},{""level"":""h2"",""text"":""내일의 운세 점수""},{""level"":""h3"",""text"":""이 점수는 이렇게 나왔습니다""},{""level"":""h2"",""text"":""궁수자리의 기본 결""},{""level"":""h3"",""text"":""애정운""},{""level"":""h3"",""text"":""재물운""},{""level"":""h3"",""text"":""건강운""},{""level"":""h3"",""text"":""직장운""},{""level"":""h2"",""text"":""내일의 행운 포인트""},{""level"":""h2"",""text"":""궁수자리는 어떤 기질인가""},{""level"":""h3"",""text"":""강점""},{""level"":""h3"",""text"":""주의할 결""},{""level"":""h3"",""text"":""행운을 부르는 습관""},{""level"":""h3"",""text"":""이 운세를 읽는 법""},{""level"":""h2"",""text"":""궁수자리와 잘 맞는 상대""},{""level"":""h3"",""text"":""흐름이 맞는 쪽""},{""level"":""h3"",""text"":""조율이 필요한 쪽""},{""level"":""h2"",""text"":""자주 묻는 질문""},{""level"":""h2"",""text"":""다른 기간과 다른 별자리""},{""level"":""h3"",""text"":""별자리 12종""},{""level"":""h3"",""text"":""띠 12종""},{""level"":""h2"",""text"":""하루 너머를 보고 싶다면""},{""level"":""h2"",""text"":""여섯 체계를 교차 검증하는 초융합 심층 리딩""},{""level"":""h2"",""text"":""핵심 운세""},{""level"":""h2"",""text"":""타로 리딩""},{""level"":""h2"",""text"":""신탁 & 특화""},{""level"":""h2"",""text"":""추천 가이드""},{""level"":""h2"",""text"":""디지털 운세 서비스 환불 안내""},{""level"":""h2"",""text"":""면책 고지""},{""level"":""h2"",""text"":""사업자 정보""}]","2435","0","true","true","{""@type"":""Person"",""@id"":""https://code-destiny.com/#author"",""name"":""박병하"",""jobTitle"":""명리학자"",""description"":""10년 경력의 명리학자. Code Destiny 가 공개하는 사주·운세 콘텐츠의 최종 검수 책임자입니다."",""knowsAbout"":[""사주"",""명리학"",""만세력"",""자미두수"",""숙요점""],""url"":""https://code-destiny.com/about"",""worksFor"":{""@type"":""Organization"",""@id"":""https://code-destiny.com/#organization"",""name"":""CODE DESTINY""}}","2026-09-10T00:00:00+09:00","2026-09-10T00:00:00+09:00","ko","true","B","false","[""editorial-review-required""]","retain pending evidence review; no automatic deletion","미확인","미확인","미확인","미확인"
"https://code-destiny.com/fortune/tomorrow/scorpio/","200","200","true","https://code-destiny.com/fortune/tomorrow/scorpio/","전갈자리 내일의 운세 9월 10일 | 무료 별자리 운세","[{""level"":""h1"",""text"":""전갈자리 내일의 운세""},{""level"":""h2"",""text"":""내일의 기준 값""},{""level"":""h2"",""text"":""전갈자리와 내일 기운의 관계""},{""level"":""h2"",""text"":""내일의 운세 점수""},{""level"":""h3"",""text"":""이 점수는 이렇게 나왔습니다""},{""level"":""h2"",""text"":""전갈자리의 기본 결""},{""level"":""h3"",""text"":""애정운""},{""level"":""h3"",""text"":""재물운""},{""level"":""h3"",""text"":""건강운""},{""level"":""h3"",""text"":""직장운""},{""level"":""h2"",""text"":""내일의 행운 포인트""},{""level"":""h2"",""text"":""전갈자리는 어떤 기질인가""},{""level"":""h3"",""text"":""강점""},{""level"":""h3"",""text"":""주의할 결""},{""level"":""h3"",""text"":""행운을 부르는 습관""},{""level"":""h3"",""text"":""이 운세를 읽는 법""},{""level"":""h2"",""text"":""전갈자리와 잘 맞는 상대""},{""level"":""h3"",""text"":""흐름이 맞는 쪽""},{""level"":""h3"",""text"":""조율이 필요한 쪽""},{""level"":""h2"",""text"":""자주 묻는 질문""},{""level"":""h2"",""text"":""다른 기간과 다른 별자리""},{""level"":""h3"",""text"":""별자리 12종""},{""level"":""h3"",""text"":""띠 12종""},{""level"":""h2"",""text"":""하루 너머를 보고 싶다면""},{""level"":""h2"",""text"":""여섯 체계를 교차 검증하는 초융합 심층 리딩""},{""level"":""h2"",""text"":""핵심 운세""},{""level"":""h2"",""text"":""타로 리딩""},{""level"":""h2"",""text"":""신탁 & 특화""},{""level"":""h2"",""text"":""추천 가이드""},{""level"":""h2"",""text"":""디지털 운세 서비스 환불 안내""},{""level"":""h2"",""text"":""면책 고지""},{""level"":""h2"",""text"":""사업자 정보""}]","2455","0","true","true","{""@type"":""Person"",""@id"":""https://code-destiny.com/#author"",""name"":""박병하"",""jobTitle"":""명리학자"",""description"":""10년 경력의 명리학자. Code Destiny 가 공개하는 사주·운세 콘텐츠의 최종 검수 책임자입니다."",""knowsAbout"":[""사주"",""명리학"",""만세력"",""자미두수"",""숙요점""],""url"":""https://code-destiny.com/about"",""worksFor"":{""@type"":""Organization"",""@id"":""https://code-destiny.com/#organization"",""name"":""CODE DESTINY""}}","2026-09-10T00:00:00+09:00","2026-09-10T00:00:00+09:00","ko","true","B","false","[""editorial-review-required""]","retain pending evidence review; no automatic deletion","미확인","미확인","미확인","미확인"
"https://code-destiny.com/fortune/tomorrow/snake/","200","200","true","https://code-destiny.com/fortune/tomorrow/snake/","뱀띠 내일의 운세 9월 10일 | 무료 띠별 운세","[{""level"":""h1"",""text"":""뱀띠 내일의 운세""},{""level"":""h2"",""text"":""내일의 기준 값""},{""level"":""h2"",""text"":""뱀띠와 내일 기운의 관계""},{""level"":""h2"",""text"":""내일의 운세 점수""},{""level"":""h3"",""text"":""이 점수는 이렇게 나왔습니다""},{""level"":""h2"",""text"":""뱀띠의 기본 결""},{""level"":""h3"",""text"":""애정운""},{""level"":""h3"",""text"":""재물운""},{""level"":""h3"",""text"":""건강운""},{""level"":""h3"",""text"":""직장운""},{""level"":""h2"",""text"":""내일의 행운 포인트""},{""level"":""h2"",""text"":""뱀띠는 어떤 기질인가""},{""level"":""h3"",""text"":""강점""},{""level"":""h3"",""text"":""주의할 결""},{""level"":""h3"",""text"":""행운을 부르는 습관""},{""level"":""h3"",""text"":""이 운세를 읽는 법""},{""level"":""h2"",""text"":""뱀띠와 잘 맞는 상대""},{""level"":""h3"",""text"":""흐름이 맞는 쪽""},{""level"":""h3"",""text"":""조율이 필요한 쪽""},{""level"":""h2"",""text"":""자주 묻는 질문""},{""level"":""h2"",""text"":""다른 기간과 다른 띠""},{""level"":""h3"",""text"":""띠 12종""},{""level"":""h3"",""text"":""별자리 12종""},{""level"":""h2"",""text"":""하루 너머를 보고 싶다면""},{""level"":""h2"",""text"":""여섯 체계를 교차 검증하는 초융합 심층 리딩""},{""level"":""h2"",""text"":""핵심 운세""},{""level"":""h2"",""text"":""타로 리딩""},{""level"":""h2"",""text"":""신탁 & 특화""},{""level"":""h2"",""text"":""추천 가이드""},{""level"":""h2"",""text"":""디지털 운세 서비스 환불 안내""},{""level"":""h2"",""text"":""면책 고지""},{""level"":""h2"",""text"":""사업자 정보""}]","2347","0","true","true","{""@type"":""Person"",""@id"":""https://code-destiny.com/#author"",""name"":""박병하"",""jobTitle"":""명리학자"",""description"":""10년 경력의 명리학자. Code Destiny 가 공개하는 사주·운세 콘텐츠의 최종 검수 책임자입니다."",""knowsAbout"":[""사주"",""명리학"",""만세력"",""자미두수"",""숙요점""],""url"":""https://code-destiny.com/about"",""worksFor"":{""@type"":""Organization"",""@id"":""https://code-destiny.com/#organization"",""name"":""CODE DESTINY""}}","2026-09-10T00:00:00+09:00","2026-09-10T00:00:00+09:00","ko","true","B","false","[""editorial-review-required""]","retain pending evidence review; no automatic deletion","미확인","미확인","미확인","미확인"
"https://code-destiny.com/fortune/tomorrow/taurus/","200","200","true","https://code-destiny.com/fortune/tomorrow/taurus/","황소자리 내일의 운세 9월 10일 | 무료 별자리 운세","[{""level"":""h1"",""text"":""황소자리 내일의 운세""},{""level"":""h2"",""text"":""내일의 기준 값""},{""level"":""h2"",""text"":""황소자리와 내일 기운의 관계""},{""level"":""h2"",""text"":""내일의 운세 점수""},{""level"":""h3"",""text"":""이 점수는 이렇게 나왔습니다""},{""level"":""h2"",""text"":""황소자리의 기본 결""},{""level"":""h3"",""text"":""애정운""},{""level"":""h3"",""text"":""재물운""},{""level"":""h3"",""text"":""건강운""},{""level"":""h3"",""text"":""직장운""},{""level"":""h2"",""text"":""내일의 행운 포인트""},{""level"":""h2"",""text"":""황소자리는 어떤 기질인가""},{""level"":""h3"",""text"":""강점""},{""level"":""h3"",""text"":""주의할 결""},{""level"":""h3"",""text"":""행운을 부르는 습관""},{""level"":""h3"",""text"":""이 운세를 읽는 법""},{""level"":""h2"",""text"":""황소자리와 잘 맞는 상대""},{""level"":""h3"",""text"":""흐름이 맞는 쪽""},{""level"":""h3"",""text"":""조율이 필요한 쪽""},{""level"":""h2"",""text"":""자주 묻는 질문""},{""level"":""h2"",""text"":""다른 기간과 다른 별자리""},{""level"":""h3"",""text"":""별자리 12종""},{""level"":""h3"",""text"":""띠 12종""},{""level"":""h2"",""text"":""하루 너머를 보고 싶다면""},{""level"":""h2"",""text"":""여섯 체계를 교차 검증하는 초융합 심층 리딩""},{""level"":""h2"",""text"":""핵심 운세""},{""level"":""h2"",""text"":""타로 리딩""},{""level"":""h2"",""text"":""신탁 & 특화""},{""level"":""h2"",""text"":""추천 가이드""},{""level"":""h2"",""text"":""디지털 운세 서비스 환불 안내""},{""level"":""h2"",""text"":""면책 고지""},{""level"":""h2"",""text"":""사업자 정보""}]","2555","0","true","true","{""@type"":""Person"",""@id"":""https://code-destiny.com/#author"",""name"":""박병하"",""jobTitle"":""명리학자"",""description"":""10년 경력의 명리학자. Code Destiny 가 공개하는 사주·운세 콘텐츠의 최종 검수 책임자입니다."",""knowsAbout"":[""사주"",""명리학"",""만세력"",""자미두수"",""숙요점""],""url"":""https://code-destiny.com/about"",""worksFor"":{""@type"":""Organization"",""@id"":""https://code-destiny.com/#organization"",""name"":""CODE DESTINY""}}","2026-09-10T00:00:00+09:00","2026-09-10T00:00:00+09:00","ko","true","B","false","[""editorial-review-required""]","retain pending evidence review; no automatic deletion","미확인","미확인","미확인","미확인"
"https://code-destiny.com/fortune/tomorrow/tiger/","200","200","true","https://code-destiny.com/fortune/tomorrow/tiger/","범띠 내일의 운세 9월 10일 | 무료 띠별 운세","[{""level"":""h1"",""text"":""범띠 내일의 운세""},{""level"":""h2"",""text"":""내일의 기준 값""},{""level"":""h2"",""text"":""범띠와 내일 기운의 관계""},{""level"":""h2"",""text"":""내일의 운세 점수""},{""level"":""h3"",""text"":""이 점수는 이렇게 나왔습니다""},{""level"":""h2"",""text"":""범띠의 기본 결""},{""level"":""h3"",""text"":""애정운""},{""level"":""h3"",""text"":""재물운""},{""level"":""h3"",""text"":""건강운""},{""level"":""h3"",""text"":""직장운""},{""level"":""h2"",""text"":""내일의 행운 포인트""},{""level"":""h2"",""text"":""범띠는 어떤 기질인가""},{""level"":""h3"",""text"":""강점""},{""level"":""h3"",""text"":""주의할 결""},{""level"":""h3"",""text"":""행운을 부르는 습관""},{""level"":""h3"",""text"":""이 운세를 읽는 법""},{""level"":""h2"",""text"":""범띠와 잘 맞는 상대""},{""level"":""h3"",""text"":""흐름이 맞는 쪽""},{""level"":""h3"",""text"":""조율이 필요한 쪽""},{""level"":""h2"",""text"":""자주 묻는 질문""},{""level"":""h2"",""text"":""다른 기간과 다른 띠""},{""level"":""h3"",""text"":""띠 12종""},{""level"":""h3"",""text"":""별자리 12종""},{""level"":""h2"",""text"":""하루 너머를 보고 싶다면""},{""level"":""h2"",""text"":""여섯 체계를 교차 검증하는 초융합 심층 리딩""},{""level"":""h2"",""text"":""핵심 운세""},{""level"":""h2"",""text"":""타로 리딩""},{""level"":""h2"",""text"":""신탁 & 특화""},{""level"":""h2"",""text"":""추천 가이드""},{""level"":""h2"",""text"":""디지털 운세 서비스 환불 안내""},{""level"":""h2"",""text"":""면책 고지""},{""level"":""h2"",""text"":""사업자 정보""}]","2342","0","true","true","{""@type"":""Person"",""@id"":""https://code-destiny.com/#author"",""name"":""박병하"",""jobTitle"":""명리학자"",""description"":""10년 경력의 명리학자. Code Destiny 가 공개하는 사주·운세 콘텐츠의 최종 검수 책임자입니다."",""knowsAbout"":[""사주"",""명리학"",""만세력"",""자미두수"",""숙요점""],""url"":""https://code-destiny.com/about"",""worksFor"":{""@type"":""Organization"",""@id"":""https://code-destiny.com/#organization"",""name"":""CODE DESTINY""}}","2026-09-10T00:00:00+09:00","2026-09-10T00:00:00+09:00","ko","true","B","false","[""editorial-review-required""]","retain pending evidence review; no automatic deletion","미확인","미확인","미확인","미확인"
"https://code-destiny.com/fortune/tomorrow/virgo/","200","200","true","https://code-destiny.com/fortune/tomorrow/virgo/","처녀자리 내일의 운세 9월 10일 | 무료 별자리 운세","[{""level"":""h1"",""text"":""처녀자리 내일의 운세""},{""level"":""h2"",""text"":""내일의 기준 값""},{""level"":""h2"",""text"":""처녀자리와 내일 기운의 관계""},{""level"":""h2"",""text"":""내일의 운세 점수""},{""level"":""h3"",""text"":""이 점수는 이렇게 나왔습니다""},{""level"":""h2"",""text"":""처녀자리의 기본 결""},{""level"":""h3"",""text"":""애정운""},{""level"":""h3"",""text"":""재물운""},{""level"":""h3"",""text"":""건강운""},{""level"":""h3"",""text"":""직장운""},{""level"":""h2"",""text"":""내일의 행운 포인트""},{""level"":""h2"",""text"":""처녀자리는 어떤 기질인가""},{""level"":""h3"",""text"":""강점""},{""level"":""h3"",""text"":""주의할 결""},{""level"":""h3"",""text"":""행운을 부르는 습관""},{""level"":""h3"",""text"":""이 운세를 읽는 법""},{""level"":""h2"",""text"":""처녀자리와 잘 맞는 상대""},{""level"":""h3"",""text"":""흐름이 맞는 쪽""},{""level"":""h3"",""text"":""조율이 필요한 쪽""},{""level"":""h2"",""text"":""자주 묻는 질문""},{""level"":""h2"",""text"":""다른 기간과 다른 별자리""},{""level"":""h3"",""text"":""별자리 12종""},{""level"":""h3"",""text"":""띠 12종""},{""level"":""h2"",""text"":""하루 너머를 보고 싶다면""},{""level"":""h2"",""text"":""여섯 체계를 교차 검증하는 초융합 심층 리딩""},{""level"":""h2"",""text"":""핵심 운세""},{""level"":""h2"",""text"":""타로 리딩""},{""level"":""h2"",""text"":""신탁 & 특화""},{""level"":""h2"",""text"":""추천 가이드""},{""level"":""h2"",""text"":""디지털 운세 서비스 환불 안내""},{""level"":""h2"",""text"":""면책 고지""},{""level"":""h2"",""text"":""사업자 정보""}]","2490","0","true","true","{""@type"":""Person"",""@id"":""https://code-destiny.com/#author"",""name"":""박병하"",""jobTitle"":""명리학자"",""description"":""10년 경력의 명리학자. Code Destiny 가 공개하는 사주·운세 콘텐츠의 최종 검수 책임자입니다."",""knowsAbout"":[""사주"",""명리학"",""만세력"",""자미두수"",""숙요점""],""url"":""https://code-destiny.com/about"",""worksFor"":{""@type"":""Organization"",""@id"":""https://code-destiny.com/#organization"",""name"":""CODE DESTINY""}}","2026-09-10T00:00:00+09:00","2026-09-10T00:00:00+09:00","ko","true","B","false","[""editorial-review-required""]","retain pending evidence review; no automatic deletion","미확인","미확인","미확인","미확인"
"https://code-destiny.com/fortune/weekly/","200","200","true","https://code-destiny.com/fortune/weekly/","이번 주 운세 9월 7~13일 | 무료 별자리·띠별 운세","[{""level"":""h1"",""text"":""이번 주 운세""},{""level"":""h2"",""text"":""이번 주 의 기준 값""},{""level"":""h2"",""text"":""별자리 이번 주 운세 12종""},{""level"":""h2"",""text"":""띠별 이번 주 운세 12종""},{""level"":""h2"",""text"":""이어서 보기""},{""level"":""h2"",""text"":""여섯 체계를 교차 검증하는 초융합 심층 리딩""},{""level"":""h2"",""text"":""핵심 운세""},{""level"":""h2"",""text"":""타로 리딩""},{""level"":""h2"",""text"":""신탁 & 특화""},{""level"":""h2"",""text"":""추천 가이드""},{""level"":""h2"",""text"":""디지털 운세 서비스 환불 안내""},{""level"":""h2"",""text"":""면책 고지""},{""level"":""h2"",""text"":""사업자 정보""}]","2982","0","true","false","미확인","미확인","미확인","ko","true","B","false","[]","retain pending evidence review; no automatic deletion","미확인","미확인","미확인","미확인"
"https://code-destiny.com/fortune/weekly/aquarius/","200","200","true","https://code-destiny.com/fortune/weekly/aquarius/","물병자리 이번 주 운세 9월 7~13일 | 무료 별자리 운세","[{""level"":""h1"",""text"":""물병자리 이번 주 운세""},{""level"":""h2"",""text"":""이번 주의 기준 값""},{""level"":""h2"",""text"":""이번 주의 운세 점수""},{""level"":""h3"",""text"":""이 점수는 이렇게 나왔습니다""},{""level"":""h2"",""text"":""요일별 흐름""},{""level"":""h2"",""text"":""이번 주 짚어 둘 것""},{""level"":""h2"",""text"":""물병자리의 기본 결""},{""level"":""h3"",""text"":""애정운""},{""level"":""h3"",""text"":""재물운""},{""level"":""h3"",""text"":""건강운""},{""level"":""h3"",""text"":""직장운""},{""level"":""h2"",""text"":""이번 주의 행운 포인트""},{""level"":""h2"",""text"":""물병자리는 어떤 기질인가""},{""level"":""h3"",""text"":""강점""},{""level"":""h3"",""text"":""주의할 결""},{""level"":""h3"",""text"":""행운을 부르는 습관""},{""level"":""h3"",""text"":""이 운세를 읽는 법""},{""level"":""h2"",""text"":""물병자리와 잘 맞는 상대""},{""level"":""h3"",""text"":""흐름이 맞는 쪽""},{""level"":""h3"",""text"":""조율이 필요한 쪽""},{""level"":""h2"",""text"":""자주 묻는 질문""},{""level"":""h2"",""text"":""다른 기간과 다른 별자리""},{""level"":""h3"",""text"":""별자리 12종""},{""level"":""h3"",""text"":""띠 12종""},{""level"":""h2"",""text"":""하루 너머를 보고 싶다면""},{""level"":""h2"",""text"":""여섯 체계를 교차 검증하는 초융합 심층 리딩""},{""level"":""h2"",""text"":""핵심 운세""},{""level"":""h2"",""text"":""타로 리딩""},{""level"":""h2"",""text"":""신탁 & 특화""},{""level"":""h2"",""text"":""추천 가이드""},{""level"":""h2"",""text"":""디지털 운세 서비스 환불 안내""},{""level"":""h2"",""text"":""면책 고지""},{""level"":""h2"",""text"":""사업자 정보""}]","2768","0","true","true","{""@type"":""Person"",""@id"":""https://code-destiny.com/#author"",""name"":""박병하"",""jobTitle"":""명리학자"",""description"":""10년 경력의 명리학자. Code Destiny 가 공개하는 사주·운세 콘텐츠의 최종 검수 책임자입니다."",""knowsAbout"":[""사주"",""명리학"",""만세력"",""자미두수"",""숙요점""],""url"":""https://code-destiny.com/about"",""worksFor"":{""@type"":""Organization"",""@id"":""https://code-destiny.com/#organization"",""name"":""CODE DESTINY""}}","2026-09-07T00:00:00+09:00","2026-09-07T00:00:00+09:00","ko","true","B","false","[""editorial-review-required""]","retain pending evidence review; no automatic deletion","미확인","미확인","미확인","미확인"
"https://code-destiny.com/fortune/weekly/aries/","200","200","true","https://code-destiny.com/fortune/weekly/aries/","양자리 이번 주 운세 9월 7~13일 | 무료 별자리 운세","[{""level"":""h1"",""text"":""양자리 이번 주 운세""},{""level"":""h2"",""text"":""이번 주의 기준 값""},{""level"":""h2"",""text"":""이번 주의 운세 점수""},{""level"":""h3"",""text"":""이 점수는 이렇게 나왔습니다""},{""level"":""h2"",""text"":""요일별 흐름""},{""level"":""h2"",""text"":""이번 주 짚어 둘 것""},{""level"":""h2"",""text"":""양자리의 기본 결""},{""level"":""h3"",""text"":""애정운""},{""level"":""h3"",""text"":""재물운""},{""level"":""h3"",""text"":""건강운""},{""level"":""h3"",""text"":""직장운""},{""level"":""h2"",""text"":""이번 주의 행운 포인트""},{""level"":""h2"",""text"":""양자리는 어떤 기질인가""},{""level"":""h3"",""text"":""강점""},{""level"":""h3"",""text"":""주의할 결""},{""level"":""h3"",""text"":""행운을 부르는 습관""},{""level"":""h3"",""text"":""이 운세를 읽는 법""},{""level"":""h2"",""text"":""양자리와 잘 맞는 상대""},{""level"":""h3"",""text"":""흐름이 맞는 쪽""},{""level"":""h3"",""text"":""조율이 필요한 쪽""},{""level"":""h2"",""text"":""자주 묻는 질문""},{""level"":""h2"",""text"":""다른 기간과 다른 별자리""},{""level"":""h3"",""text"":""별자리 12종""},{""level"":""h3"",""text"":""띠 12종""},{""level"":""h2"",""text"":""하루 너머를 보고 싶다면""},{""level"":""h2"",""text"":""여섯 체계를 교차 검증하는 초융합 심층 리딩""},{""level"":""h2"",""text"":""핵심 운세""},{""level"":""h2"",""text"":""타로 리딩""},{""level"":""h2"",""text"":""신탁 & 특화""},{""level"":""h2"",""text"":""추천 가이드""},{""level"":""h2"",""text"":""디지털 운세 서비스 환불 안내""},{""level"":""h2"",""text"":""면책 고지""},{""level"":""h2"",""text"":""사업자 정보""}]","2922","0","true","true","{""@type"":""Person"",""@id"":""https://code-destiny.com/#author"",""name"":""박병하"",""jobTitle"":""명리학자"",""description"":""10년 경력의 명리학자. Code Destiny 가 공개하는 사주·운세 콘텐츠의 최종 검수 책임자입니다."",""knowsAbout"":[""사주"",""명리학"",""만세력"",""자미두수"",""숙요점""],""url"":""https://code-destiny.com/about"",""worksFor"":{""@type"":""Organization"",""@id"":""https://code-destiny.com/#organization"",""name"":""CODE DESTINY""}}","2026-09-07T00:00:00+09:00","2026-09-07T00:00:00+09:00","ko","true","B","false","[""editorial-review-required""]","retain pending evidence review; no automatic deletion","미확인","미확인","미확인","미확인"
"https://code-destiny.com/fortune/weekly/cancer/","200","200","true","https://code-destiny.com/fortune/weekly/cancer/","게자리 이번 주 운세 9월 7~13일 | 무료 별자리 운세","[{""level"":""h1"",""text"":""게자리 이번 주 운세""},{""level"":""h2"",""text"":""이번 주의 기준 값""},{""level"":""h2"",""text"":""이번 주의 운세 점수""},{""level"":""h3"",""text"":""이 점수는 이렇게 나왔습니다""},{""level"":""h2"",""text"":""요일별 흐름""},{""level"":""h2"",""text"":""이번 주 짚어 둘 것""},{""level"":""h2"",""text"":""게자리의 기본 결""},{""level"":""h3"",""text"":""애정운""},{""level"":""h3"",""text"":""재물운""},{""level"":""h3"",""text"":""건강운""},{""level"":""h3"",""text"":""직장운""},{""level"":""h2"",""text"":""이번 주의 행운 포인트""},{""level"":""h2"",""text"":""게자리는 어떤 기질인가""},{""level"":""h3"",""text"":""강점""},{""level"":""h3"",""text"":""주의할 결""},{""level"":""h3"",""text"":""행운을 부르는 습관""},{""level"":""h3"",""text"":""이 운세를 읽는 법""},{""level"":""h2"",""text"":""게자리와 잘 맞는 상대""},{""level"":""h3"",""text"":""흐름이 맞는 쪽""},{""level"":""h3"",""text"":""조율이 필요한 쪽""},{""level"":""h2"",""text"":""자주 묻는 질문""},{""level"":""h2"",""text"":""다른 기간과 다른 별자리""},{""level"":""h3"",""text"":""별자리 12종""},{""level"":""h3"",""text"":""띠 12종""},{""level"":""h2"",""text"":""하루 너머를 보고 싶다면""},{""level"":""h2"",""text"":""여섯 체계를 교차 검증하는 초융합 심층 리딩""},{""level"":""h2"",""text"":""핵심 운세""},{""level"":""h2"",""text"":""타로 리딩""},{""level"":""h2"",""text"":""신탁 & 특화""},{""level"":""h2"",""text"":""추천 가이드""},{""level"":""h2"",""text"":""디지털 운세 서비스 환불 안내""},{""level"":""h2"",""text"":""면책 고지""},{""level"":""h2"",""text"":""사업자 정보""}]","2783","0","true","true","{""@type"":""Person"",""@id"":""https://code-destiny.com/#author"",""name"":""박병하"",""jobTitle"":""명리학자"",""description"":""10년 경력의 명리학자. Code Destiny 가 공개하는 사주·운세 콘텐츠의 최종 검수 책임자입니다."",""knowsAbout"":[""사주"",""명리학"",""만세력"",""자미두수"",""숙요점""],""url"":""https://code-destiny.com/about"",""worksFor"":{""@type"":""Organization"",""@id"":""https://code-destiny.com/#organization"",""name"":""CODE DESTINY""}}","2026-09-07T00:00:00+09:00","2026-09-07T00:00:00+09:00","ko","true","B","false","[""editorial-review-required""]","retain pending evidence review; no automatic deletion","미확인","미확인","미확인","미확인"
"https://code-destiny.com/fortune/weekly/capricorn/","200","200","true","https://code-destiny.com/fortune/weekly/capricorn/","염소자리 이번 주 운세 9월 7~13일 | 무료 별자리 운세","[{""level"":""h1"",""text"":""염소자리 이번 주 운세""},{""level"":""h2"",""text"":""이번 주의 기준 값""},{""level"":""h2"",""text"":""이번 주의 운세 점수""},{""level"":""h3"",""text"":""이 점수는 이렇게 나왔습니다""},{""level"":""h2"",""text"":""요일별 흐름""},{""level"":""h2"",""text"":""이번 주 짚어 둘 것""},{""level"":""h2"",""text"":""염소자리의 기본 결""},{""level"":""h3"",""text"":""애정운""},{""level"":""h3"",""text"":""재물운""},{""level"":""h3"",""text"":""건강운""},{""level"":""h3"",""text"":""직장운""},{""level"":""h2"",""text"":""이번 주의 행운 포인트""},{""level"":""h2"",""text"":""염소자리는 어떤 기질인가""},{""level"":""h3"",""text"":""강점""},{""level"":""h3"",""text"":""주의할 결""},{""level"":""h3"",""text"":""행운을 부르는 습관""},{""level"":""h3"",""text"":""이 운세를 읽는 법""},{""level"":""h2"",""text"":""염소자리와 잘 맞는 상대""},{""level"":""h3"",""text"":""흐름이 맞는 쪽""},{""level"":""h3"",""text"":""조율이 필요한 쪽""},{""level"":""h2"",""text"":""자주 묻는 질문""},{""level"":""h2"",""text"":""다른 기간과 다른 별자리""},{""level"":""h3"",""text"":""별자리 12종""},{""level"":""h3"",""text"":""띠 12종""},{""level"":""h2"",""text"":""하루 너머를 보고 싶다면""},{""level"":""h2"",""text"":""여섯 체계를 교차 검증하는 초융합 심층 리딩""},{""level"":""h2"",""text"":""핵심 운세""},{""level"":""h2"",""text"":""타로 리딩""},{""level"":""h2"",""text"":""신탁 & 특화""},{""level"":""h2"",""text"":""추천 가이드""},{""level"":""h2"",""text"":""디지털 운세 서비스 환불 안내""},{""level"":""h2"",""text"":""면책 고지""},{""level"":""h2"",""text"":""사업자 정보""}]","2769","0","true","true","{""@type"":""Person"",""@id"":""https://code-destiny.com/#author"",""name"":""박병하"",""jobTitle"":""명리학자"",""description"":""10년 경력의 명리학자. Code Destiny 가 공개하는 사주·운세 콘텐츠의 최종 검수 책임자입니다."",""knowsAbout"":[""사주"",""명리학"",""만세력"",""자미두수"",""숙요점""],""url"":""https://code-destiny.com/about"",""worksFor"":{""@type"":""Organization"",""@id"":""https://code-destiny.com/#organization"",""name"":""CODE DESTINY""}}","2026-09-07T00:00:00+09:00","2026-09-07T00:00:00+09:00","ko","true","B","false","[""editorial-review-required""]","retain pending evidence review; no automatic deletion","미확인","미확인","미확인","미확인"
"https://code-destiny.com/fortune/weekly/dog/","200","200","true","https://code-destiny.com/fortune/weekly/dog/","개띠 이번 주 운세 9월 7~13일 | 무료 띠별 운세","[{""level"":""h1"",""text"":""개띠 이번 주 운세""},{""level"":""h2"",""text"":""이번 주의 기준 값""},{""level"":""h2"",""text"":""이번 주의 운세 점수""},{""level"":""h3"",""text"":""이 점수는 이렇게 나왔습니다""},{""level"":""h2"",""text"":""요일별 흐름""},{""level"":""h2"",""text"":""이번 주 짚어 둘 것""},{""level"":""h2"",""text"":""개띠의 기본 결""},{""level"":""h3"",""text"":""애정운""},{""level"":""h3"",""text"":""재물운""},{""level"":""h3"",""text"":""건강운""},{""level"":""h3"",""text"":""직장운""},{""level"":""h2"",""text"":""이번 주의 행운 포인트""},{""level"":""h2"",""text"":""개띠는 어떤 기질인가""},{""level"":""h3"",""text"":""강점""},{""level"":""h3"",""text"":""주의할 결""},{""level"":""h3"",""text"":""행운을 부르는 습관""},{""level"":""h3"",""text"":""이 운세를 읽는 법""},{""level"":""h2"",""text"":""개띠와 잘 맞는 상대""},{""level"":""h3"",""text"":""흐름이 맞는 쪽""},{""level"":""h3"",""text"":""조율이 필요한 쪽""},{""level"":""h2"",""text"":""자주 묻는 질문""},{""level"":""h2"",""text"":""다른 기간과 다른 띠""},{""level"":""h3"",""text"":""띠 12종""},{""level"":""h3"",""text"":""별자리 12종""},{""level"":""h2"",""text"":""하루 너머를 보고 싶다면""},{""level"":""h2"",""text"":""여섯 체계를 교차 검증하는 초융합 심층 리딩""},{""level"":""h2"",""text"":""핵심 운세""},{""level"":""h2"",""text"":""타로 리딩""},{""level"":""h2"",""text"":""신탁 & 특화""},{""level"":""h2"",""text"":""추천 가이드""},{""level"":""h2"",""text"":""디지털 운세 서비스 환불 안내""},{""level"":""h2"",""text"":""면책 고지""},{""level"":""h2"",""text"":""사업자 정보""}]","2683","0","true","true","{""@type"":""Person"",""@id"":""https://code-destiny.com/#author"",""name"":""박병하"",""jobTitle"":""명리학자"",""description"":""10년 경력의 명리학자. Code Destiny 가 공개하는 사주·운세 콘텐츠의 최종 검수 책임자입니다."",""knowsAbout"":[""사주"",""명리학"",""만세력"",""자미두수"",""숙요점""],""url"":""https://code-destiny.com/about"",""worksFor"":{""@type"":""Organization"",""@id"":""https://code-destiny.com/#organization"",""name"":""CODE DESTINY""}}","2026-09-07T00:00:00+09:00","2026-09-07T00:00:00+09:00","ko","true","B","false","[""editorial-review-required""]","retain pending evidence review; no automatic deletion","미확인","미확인","미확인","미확인"
"https://code-destiny.com/fortune/weekly/dragon/","200","200","true","https://code-destiny.com/fortune/weekly/dragon/","용띠 이번 주 운세 9월 7~13일 | 무료 띠별 운세","[{""level"":""h1"",""text"":""용띠 이번 주 운세""},{""level"":""h2"",""text"":""이번 주의 기준 값""},{""level"":""h2"",""text"":""이번 주의 운세 점수""},{""level"":""h3"",""text"":""이 점수는 이렇게 나왔습니다""},{""level"":""h2"",""text"":""요일별 흐름""},{""level"":""h2"",""text"":""이번 주 짚어 둘 것""},{""level"":""h2"",""text"":""용띠의 기본 결""},{""level"":""h3"",""text"":""애정운""},{""level"":""h3"",""text"":""재물운""},{""level"":""h3"",""text"":""건강운""},{""level"":""h3"",""text"":""직장운""},{""level"":""h2"",""text"":""이번 주의 행운 포인트""},{""level"":""h2"",""text"":""용띠는 어떤 기질인가""},{""level"":""h3"",""text"":""강점""},{""level"":""h3"",""text"":""주의할 결""},{""level"":""h3"",""text"":""행운을 부르는 습관""},{""level"":""h3"",""text"":""이 운세를 읽는 법""},{""level"":""h2"",""text"":""용띠와 잘 맞는 상대""},{""level"":""h3"",""text"":""흐름이 맞는 쪽""},{""level"":""h3"",""text"":""조율이 필요한 쪽""},{""level"":""h2"",""text"":""자주 묻는 질문""},{""level"":""h2"",""text"":""다른 기간과 다른 띠""},{""level"":""h3"",""text"":""띠 12종""},{""level"":""h3"",""text"":""별자리 12종""},{""level"":""h2"",""text"":""하루 너머를 보고 싶다면""},{""level"":""h2"",""text"":""여섯 체계를 교차 검증하는 초융합 심층 리딩""},{""level"":""h2"",""text"":""핵심 운세""},{""level"":""h2"",""text"":""타로 리딩""},{""level"":""h2"",""text"":""신탁 & 특화""},{""level"":""h2"",""text"":""추천 가이드""},{""level"":""h2"",""text"":""디지털 운세 서비스 환불 안내""},{""level"":""h2"",""text"":""면책 고지""},{""level"":""h2"",""text"":""사업자 정보""}]","2668","0","true","true","{""@type"":""Person"",""@id"":""https://code-destiny.com/#author"",""name"":""박병하"",""jobTitle"":""명리학자"",""description"":""10년 경력의 명리학자. Code Destiny 가 공개하는 사주·운세 콘텐츠의 최종 검수 책임자입니다."",""knowsAbout"":[""사주"",""명리학"",""만세력"",""자미두수"",""숙요점""],""url"":""https://code-destiny.com/about"",""worksFor"":{""@type"":""Organization"",""@id"":""https://code-destiny.com/#organization"",""name"":""CODE DESTINY""}}","2026-09-07T00:00:00+09:00","2026-09-07T00:00:00+09:00","ko","true","B","false","[""editorial-review-required""]","retain pending evidence review; no automatic deletion","미확인","미확인","미확인","미확인"
"https://code-destiny.com/fortune/weekly/gemini/","200","200","true","https://code-destiny.com/fortune/weekly/gemini/","쌍둥이자리 이번 주 운세 9월 7~13일 | 무료 별자리 운세","[{""level"":""h1"",""text"":""쌍둥이자리 이번 주 운세""},{""level"":""h2"",""text"":""이번 주의 기준 값""},{""level"":""h2"",""text"":""이번 주의 운세 점수""},{""level"":""h3"",""text"":""이 점수는 이렇게 나왔습니다""},{""level"":""h2"",""text"":""요일별 흐름""},{""level"":""h2"",""text"":""이번 주 짚어 둘 것""},{""level"":""h2"",""text"":""쌍둥이자리의 기본 결""},{""level"":""h3"",""text"":""애정운""},{""level"":""h3"",""text"":""재물운""},{""level"":""h3"",""text"":""건강운""},{""level"":""h3"",""text"":""직장운""},{""level"":""h2"",""text"":""이번 주의 행운 포인트""},{""level"":""h2"",""text"":""쌍둥이자리는 어떤 기질인가""},{""level"":""h3"",""text"":""강점""},{""level"":""h3"",""text"":""주의할 결""},{""level"":""h3"",""text"":""행운을 부르는 습관""},{""level"":""h3"",""text"":""이 운세를 읽는 법""},{""level"":""h2"",""text"":""쌍둥이자리와 잘 맞는 상대""},{""level"":""h3"",""text"":""흐름이 맞는 쪽""},{""level"":""h3"",""text"":""조율이 필요한 쪽""},{""level"":""h2"",""text"":""자주 묻는 질문""},{""level"":""h2"",""text"":""다른 기간과 다른 별자리""},{""level"":""h3"",""text"":""별자리 12종""},{""level"":""h3"",""text"":""띠 12종""},{""level"":""h2"",""text"":""하루 너머를 보고 싶다면""},{""level"":""h2"",""text"":""여섯 체계를 교차 검증하는 초융합 심층 리딩""},{""level"":""h2"",""text"":""핵심 운세""},{""level"":""h2"",""text"":""타로 리딩""},{""level"":""h2"",""text"":""신탁 & 특화""},{""level"":""h2"",""text"":""추천 가이드""},{""level"":""h2"",""text"":""디지털 운세 서비스 환불 안내""},{""level"":""h2"",""text"":""면책 고지""},{""level"":""h2"",""text"":""사업자 정보""}]","2840","0","true","true","{""@type"":""Person"",""@id"":""https://code-destiny.com/#author"",""name"":""박병하"",""jobTitle"":""명리학자"",""description"":""10년 경력의 명리학자. Code Destiny 가 공개하는 사주·운세 콘텐츠의 최종 검수 책임자입니다."",""knowsAbout"":[""사주"",""명리학"",""만세력"",""자미두수"",""숙요점""],""url"":""https://code-destiny.com/about"",""worksFor"":{""@type"":""Organization"",""@id"":""https://code-destiny.com/#organization"",""name"":""CODE DESTINY""}}","2026-09-07T00:00:00+09:00","2026-09-07T00:00:00+09:00","ko","true","B","false","[""editorial-review-required""]","retain pending evidence review; no automatic deletion","미확인","미확인","미확인","미확인"
"https://code-destiny.com/fortune/weekly/goat/","200","200","true","https://code-destiny.com/fortune/weekly/goat/","양띠 이번 주 운세 9월 7~13일 | 무료 띠별 운세","[{""level"":""h1"",""text"":""양띠 이번 주 운세""},{""level"":""h2"",""text"":""이번 주의 기준 값""},{""level"":""h2"",""text"":""이번 주의 운세 점수""},{""level"":""h3"",""text"":""이 점수는 이렇게 나왔습니다""},{""level"":""h2"",""text"":""요일별 흐름""},{""level"":""h2"",""text"":""이번 주 짚어 둘 것""},{""level"":""h2"",""text"":""양띠의 기본 결""},{""level"":""h3"",""text"":""애정운""},{""level"":""h3"",""text"":""재물운""},{""level"":""h3"",""text"":""건강운""},{""level"":""h3"",""text"":""직장운""},{""level"":""h2"",""text"":""이번 주의 행운 포인트""},{""level"":""h2"",""text"":""양띠는 어떤 기질인가""},{""level"":""h3"",""text"":""강점""},{""level"":""h3"",""text"":""주의할 결""},{""level"":""h3"",""text"":""행운을 부르는 습관""},{""level"":""h3"",""text"":""이 운세를 읽는 법""},{""level"":""h2"",""text"":""양띠와 잘 맞는 상대""},{""level"":""h3"",""text"":""흐름이 맞는 쪽""},{""level"":""h3"",""text"":""조율이 필요한 쪽""},{""level"":""h2"",""text"":""자주 묻는 질문""},{""level"":""h2"",""text"":""다른 기간과 다른 띠""},{""level"":""h3"",""text"":""띠 12종""},{""level"":""h3"",""text"":""별자리 12종""},{""level"":""h2"",""text"":""하루 너머를 보고 싶다면""},{""level"":""h2"",""text"":""여섯 체계를 교차 검증하는 초융합 심층 리딩""},{""level"":""h2"",""text"":""핵심 운세""},{""level"":""h2"",""text"":""타로 리딩""},{""level"":""h2"",""text"":""신탁 & 특화""},{""level"":""h2"",""text"":""추천 가이드""},{""level"":""h2"",""text"":""디지털 운세 서비스 환불 안내""},{""level"":""h2"",""text"":""면책 고지""},{""level"":""h2"",""text"":""사업자 정보""}]","2629","0","true","true","{""@type"":""Person"",""@id"":""https://code-destiny.com/#author"",""name"":""박병하"",""jobTitle"":""명리학자"",""description"":""10년 경력의 명리학자. Code Destiny 가 공개하는 사주·운세 콘텐츠의 최종 검수 책임자입니다."",""knowsAbout"":[""사주"",""명리학"",""만세력"",""자미두수"",""숙요점""],""url"":""https://code-destiny.com/about"",""worksFor"":{""@type"":""Organization"",""@id"":""https://code-destiny.com/#organization"",""name"":""CODE DESTINY""}}","2026-09-07T00:00:00+09:00","2026-09-07T00:00:00+09:00","ko","true","B","false","[""editorial-review-required""]","retain pending evidence review; no automatic deletion","미확인","미확인","미확인","미확인"
"https://code-destiny.com/fortune/weekly/horse/","200","200","true","https://code-destiny.com/fortune/weekly/horse/","말띠 이번 주 운세 9월 7~13일 | 무료 띠별 운세","[{""level"":""h1"",""text"":""말띠 이번 주 운세""},{""level"":""h2"",""text"":""이번 주의 기준 값""},{""level"":""h2"",""text"":""이번 주의 운세 점수""},{""level"":""h3"",""text"":""이 점수는 이렇게 나왔습니다""},{""level"":""h2"",""text"":""요일별 흐름""},{""level"":""h2"",""text"":""이번 주 짚어 둘 것""},{""level"":""h2"",""text"":""말띠의 기본 결""},{""level"":""h3"",""text"":""애정운""},{""level"":""h3"",""text"":""재물운""},{""level"":""h3"",""text"":""건강운""},{""level"":""h3"",""text"":""직장운""},{""level"":""h2"",""text"":""이번 주의 행운 포인트""},{""level"":""h2"",""text"":""말띠는 어떤 기질인가""},{""level"":""h3"",""text"":""강점""},{""level"":""h3"",""text"":""주의할 결""},{""level"":""h3"",""text"":""행운을 부르는 습관""},{""level"":""h3"",""text"":""이 운세를 읽는 법""},{""level"":""h2"",""text"":""말띠와 잘 맞는 상대""},{""level"":""h3"",""text"":""흐름이 맞는 쪽""},{""level"":""h3"",""text"":""조율이 필요한 쪽""},{""level"":""h2"",""text"":""자주 묻는 질문""},{""level"":""h2"",""text"":""다른 기간과 다른 띠""},{""level"":""h3"",""text"":""띠 12종""},{""level"":""h3"",""text"":""별자리 12종""},{""level"":""h2"",""text"":""하루 너머를 보고 싶다면""},{""level"":""h2"",""text"":""여섯 체계를 교차 검증하는 초융합 심층 리딩""},{""level"":""h2"",""text"":""핵심 운세""},{""level"":""h2"",""text"":""타로 리딩""},{""level"":""h2"",""text"":""신탁 & 특화""},{""level"":""h2"",""text"":""추천 가이드""},{""level"":""h2"",""text"":""디지털 운세 서비스 환불 안내""},{""level"":""h2"",""text"":""면책 고지""},{""level"":""h2"",""text"":""사업자 정보""}]","2656","0","true","true","{""@type"":""Person"",""@id"":""https://code-destiny.com/#author"",""name"":""박병하"",""jobTitle"":""명리학자"",""description"":""10년 경력의 명리학자. Code Destiny 가 공개하는 사주·운세 콘텐츠의 최종 검수 책임자입니다."",""knowsAbout"":[""사주"",""명리학"",""만세력"",""자미두수"",""숙요점""],""url"":""https://code-destiny.com/about"",""worksFor"":{""@type"":""Organization"",""@id"":""https://code-destiny.com/#organization"",""name"":""CODE DESTINY""}}","2026-09-07T00:00:00+09:00","2026-09-07T00:00:00+09:00","ko","true","B","false","[""editorial-review-required""]","retain pending evidence review; no automatic deletion","미확인","미확인","미확인","미확인"
"https://code-destiny.com/fortune/weekly/leo/","200","200","true","https://code-destiny.com/fortune/weekly/leo/","사자자리 이번 주 운세 9월 7~13일 | 무료 별자리 운세","[{""level"":""h1"",""text"":""사자자리 이번 주 운세""},{""level"":""h2"",""text"":""이번 주의 기준 값""},{""level"":""h2"",""text"":""이번 주의 운세 점수""},{""level"":""h3"",""text"":""이 점수는 이렇게 나왔습니다""},{""level"":""h2"",""text"":""요일별 흐름""},{""level"":""h2"",""text"":""이번 주 짚어 둘 것""},{""level"":""h2"",""text"":""사자자리의 기본 결""},{""level"":""h3"",""text"":""애정운""},{""level"":""h3"",""text"":""재물운""},{""level"":""h3"",""text"":""건강운""},{""level"":""h3"",""text"":""직장운""},{""level"":""h2"",""text"":""이번 주의 행운 포인트""},{""level"":""h2"",""text"":""사자자리는 어떤 기질인가""},{""level"":""h3"",""text"":""강점""},{""level"":""h3"",""text"":""주의할 결""},{""level"":""h3"",""text"":""행운을 부르는 습관""},{""level"":""h3"",""text"":""이 운세를 읽는 법""},{""level"":""h2"",""text"":""사자자리와 잘 맞는 상대""},{""level"":""h3"",""text"":""흐름이 맞는 쪽""},{""level"":""h3"",""text"":""조율이 필요한 쪽""},{""level"":""h2"",""text"":""자주 묻는 질문""},{""level"":""h2"",""text"":""다른 기간과 다른 별자리""},{""level"":""h3"",""text"":""별자리 12종""},{""level"":""h3"",""text"":""띠 12종""},{""level"":""h2"",""text"":""하루 너머를 보고 싶다면""},{""level"":""h2"",""text"":""여섯 체계를 교차 검증하는 초융합 심층 리딩""},{""level"":""h2"",""text"":""핵심 운세""},{""level"":""h2"",""text"":""타로 리딩""},{""level"":""h2"",""text"":""신탁 & 특화""},{""level"":""h2"",""text"":""추천 가이드""},{""level"":""h2"",""text"":""디지털 운세 서비스 환불 안내""},{""level"":""h2"",""text"":""면책 고지""},{""level"":""h2"",""text"":""사업자 정보""}]","2737","0","true","true","{""@type"":""Person"",""@id"":""https://code-destiny.com/#author"",""name"":""박병하"",""jobTitle"":""명리학자"",""description"":""10년 경력의 명리학자. Code Destiny 가 공개하는 사주·운세 콘텐츠의 최종 검수 책임자입니다."",""knowsAbout"":[""사주"",""명리학"",""만세력"",""자미두수"",""숙요점""],""url"":""https://code-destiny.com/about"",""worksFor"":{""@type"":""Organization"",""@id"":""https://code-destiny.com/#organization"",""name"":""CODE DESTINY""}}","2026-09-07T00:00:00+09:00","2026-09-07T00:00:00+09:00","ko","true","B","false","[""editorial-review-required""]","retain pending evidence review; no automatic deletion","미확인","미확인","미확인","미확인"
"https://code-destiny.com/fortune/weekly/libra/","200","200","true","https://code-destiny.com/fortune/weekly/libra/","천칭자리 이번 주 운세 9월 7~13일 | 무료 별자리 운세","[{""level"":""h1"",""text"":""천칭자리 이번 주 운세""},{""level"":""h2"",""text"":""이번 주의 기준 값""},{""level"":""h2"",""text"":""이번 주의 운세 점수""},{""level"":""h3"",""text"":""이 점수는 이렇게 나왔습니다""},{""level"":""h2"",""text"":""요일별 흐름""},{""level"":""h2"",""text"":""이번 주 짚어 둘 것""},{""level"":""h2"",""text"":""천칭자리의 기본 결""},{""level"":""h3"",""text"":""애정운""},{""level"":""h3"",""text"":""재물운""},{""level"":""h3"",""text"":""건강운""},{""level"":""h3"",""text"":""직장운""},{""level"":""h2"",""text"":""이번 주의 행운 포인트""},{""level"":""h2"",""text"":""천칭자리는 어떤 기질인가""},{""level"":""h3"",""text"":""강점""},{""level"":""h3"",""text"":""주의할 결""},{""level"":""h3"",""text"":""행운을 부르는 습관""},{""level"":""h3"",""text"":""이 운세를 읽는 법""},{""level"":""h2"",""text"":""천칭자리와 잘 맞는 상대""},{""level"":""h3"",""text"":""흐름이 맞는 쪽""},{""level"":""h3"",""text"":""조율이 필요한 쪽""},{""level"":""h2"",""text"":""자주 묻는 질문""},{""level"":""h2"",""text"":""다른 기간과 다른 별자리""},{""level"":""h3"",""text"":""별자리 12종""},{""level"":""h3"",""text"":""띠 12종""},{""level"":""h2"",""text"":""하루 너머를 보고 싶다면""},{""level"":""h2"",""text"":""여섯 체계를 교차 검증하는 초융합 심층 리딩""},{""level"":""h2"",""text"":""핵심 운세""},{""level"":""h2"",""text"":""타로 리딩""},{""level"":""h2"",""text"":""신탁 & 특화""},{""level"":""h2"",""text"":""추천 가이드""},{""level"":""h2"",""text"":""디지털 운세 서비스 환불 안내""},{""level"":""h2"",""text"":""면책 고지""},{""level"":""h2"",""text"":""사업자 정보""}]","2777","0","true","true","{""@type"":""Person"",""@id"":""https://code-destiny.com/#author"",""name"":""박병하"",""jobTitle"":""명리학자"",""description"":""10년 경력의 명리학자. Code Destiny 가 공개하는 사주·운세 콘텐츠의 최종 검수 책임자입니다."",""knowsAbout"":[""사주"",""명리학"",""만세력"",""자미두수"",""숙요점""],""url"":""https://code-destiny.com/about"",""worksFor"":{""@type"":""Organization"",""@id"":""https://code-destiny.com/#organization"",""name"":""CODE DESTINY""}}","2026-09-07T00:00:00+09:00","2026-09-07T00:00:00+09:00","ko","true","B","false","[""editorial-review-required""]","retain pending evidence review; no automatic deletion","미확인","미확인","미확인","미확인"
"https://code-destiny.com/fortune/weekly/monkey/","200","200","true","https://code-destiny.com/fortune/weekly/monkey/","원숭이띠 이번 주 운세 9월 7~13일 | 무료 띠별 운세","[{""level"":""h1"",""text"":""원숭이띠 이번 주 운세""},{""level"":""h2"",""text"":""이번 주의 기준 값""},{""level"":""h2"",""text"":""이번 주의 운세 점수""},{""level"":""h3"",""text"":""이 점수는 이렇게 나왔습니다""},{""level"":""h2"",""text"":""요일별 흐름""},{""level"":""h2"",""text"":""이번 주 짚어 둘 것""},{""level"":""h2"",""text"":""원숭이띠의 기본 결""},{""level"":""h3"",""text"":""애정운""},{""level"":""h3"",""text"":""재물운""},{""level"":""h3"",""text"":""건강운""},{""level"":""h3"",""text"":""직장운""},{""level"":""h2"",""text"":""이번 주의 행운 포인트""},{""level"":""h2"",""text"":""원숭이띠는 어떤 기질인가""},{""level"":""h3"",""text"":""강점""},{""level"":""h3"",""text"":""주의할 결""},{""level"":""h3"",""text"":""행운을 부르는 습관""},{""level"":""h3"",""text"":""이 운세를 읽는 법""},{""level"":""h2"",""text"":""원숭이띠와 잘 맞는 상대""},{""level"":""h3"",""text"":""흐름이 맞는 쪽""},{""level"":""h3"",""text"":""조율이 필요한 쪽""},{""level"":""h2"",""text"":""자주 묻는 질문""},{""level"":""h2"",""text"":""다른 기간과 다른 띠""},{""level"":""h3"",""text"":""띠 12종""},{""level"":""h3"",""text"":""별자리 12종""},{""level"":""h2"",""text"":""하루 너머를 보고 싶다면""},{""level"":""h2"",""text"":""여섯 체계를 교차 검증하는 초융합 심층 리딩""},{""level"":""h2"",""text"":""핵심 운세""},{""level"":""h2"",""text"":""타로 리딩""},{""level"":""h2"",""text"":""신탁 & 특화""},{""level"":""h2"",""text"":""추천 가이드""},{""level"":""h2"",""text"":""디지털 운세 서비스 환불 안내""},{""level"":""h2"",""text"":""면책 고지""},{""level"":""h2"",""text"":""사업자 정보""}]","2671","0","true","true","{""@type"":""Person"",""@id"":""https://code-destiny.com/#author"",""name"":""박병하"",""jobTitle"":""명리학자"",""description"":""10년 경력의 명리학자. Code Destiny 가 공개하는 사주·운세 콘텐츠의 최종 검수 책임자입니다."",""knowsAbout"":[""사주"",""명리학"",""만세력"",""자미두수"",""숙요점""],""url"":""https://code-destiny.com/about"",""worksFor"":{""@type"":""Organization"",""@id"":""https://code-destiny.com/#organization"",""name"":""CODE DESTINY""}}","2026-09-07T00:00:00+09:00","2026-09-07T00:00:00+09:00","ko","true","B","false","[""editorial-review-required""]","retain pending evidence review; no automatic deletion","미확인","미확인","미확인","미확인"
"https://code-destiny.com/fortune/weekly/ox/","200","200","true","https://code-destiny.com/fortune/weekly/ox/","소띠 이번 주 운세 9월 7~13일 | 무료 띠별 운세","[{""level"":""h1"",""text"":""소띠 이번 주 운세""},{""level"":""h2"",""text"":""이번 주의 기준 값""},{""level"":""h2"",""text"":""이번 주의 운세 점수""},{""level"":""h3"",""text"":""이 점수는 이렇게 나왔습니다""},{""level"":""h2"",""text"":""요일별 흐름""},{""level"":""h2"",""text"":""이번 주 짚어 둘 것""},{""level"":""h2"",""text"":""소띠의 기본 결""},{""level"":""h3"",""text"":""애정운""},{""level"":""h3"",""text"":""재물운""},{""level"":""h3"",""text"":""건강운""},{""level"":""h3"",""text"":""직장운""},{""level"":""h2"",""text"":""이번 주의 행운 포인트""},{""level"":""h2"",""text"":""소띠는 어떤 기질인가""},{""level"":""h3"",""text"":""강점""},{""level"":""h3"",""text"":""주의할 결""},{""level"":""h3"",""text"":""행운을 부르는 습관""},{""level"":""h3"",""text"":""이 운세를 읽는 법""},{""level"":""h2"",""text"":""소띠와 잘 맞는 상대""},{""level"":""h3"",""text"":""흐름이 맞는 쪽""},{""level"":""h3"",""text"":""조율이 필요한 쪽""},{""level"":""h2"",""text"":""자주 묻는 질문""},{""level"":""h2"",""text"":""다른 기간과 다른 띠""},{""level"":""h3"",""text"":""띠 12종""},{""level"":""h3"",""text"":""별자리 12종""},{""level"":""h2"",""text"":""하루 너머를 보고 싶다면""},{""level"":""h2"",""text"":""여섯 체계를 교차 검증하는 초융합 심층 리딩""},{""level"":""h2"",""text"":""핵심 운세""},{""level"":""h2"",""text"":""타로 리딩""},{""level"":""h2"",""text"":""신탁 & 특화""},{""level"":""h2"",""text"":""추천 가이드""},{""level"":""h2"",""text"":""디지털 운세 서비스 환불 안내""},{""level"":""h2"",""text"":""면책 고지""},{""level"":""h2"",""text"":""사업자 정보""}]","2650","0","true","true","{""@type"":""Person"",""@id"":""https://code-destiny.com/#author"",""name"":""박병하"",""jobTitle"":""명리학자"",""description"":""10년 경력의 명리학자. Code Destiny 가 공개하는 사주·운세 콘텐츠의 최종 검수 책임자입니다."",""knowsAbout"":[""사주"",""명리학"",""만세력"",""자미두수"",""숙요점""],""url"":""https://code-destiny.com/about"",""worksFor"":{""@type"":""Organization"",""@id"":""https://code-destiny.com/#organization"",""name"":""CODE DESTINY""}}","2026-09-07T00:00:00+09:00","2026-09-07T00:00:00+09:00","ko","true","B","false","[""editorial-review-required""]","retain pending evidence review; no automatic deletion","미확인","미확인","미확인","미확인"
"https://code-destiny.com/fortune/weekly/pig/","200","200","true","https://code-destiny.com/fortune/weekly/pig/","돼지띠 이번 주 운세 9월 7~13일 | 무료 띠별 운세","[{""level"":""h1"",""text"":""돼지띠 이번 주 운세""},{""level"":""h2"",""text"":""이번 주의 기준 값""},{""level"":""h2"",""text"":""이번 주의 운세 점수""},{""level"":""h3"",""text"":""이 점수는 이렇게 나왔습니다""},{""level"":""h2"",""text"":""요일별 흐름""},{""level"":""h2"",""text"":""이번 주 짚어 둘 것""},{""level"":""h2"",""text"":""돼지띠의 기본 결""},{""level"":""h3"",""text"":""애정운""},{""level"":""h3"",""text"":""재물운""},{""level"":""h3"",""text"":""건강운""},{""level"":""h3"",""text"":""직장운""},{""level"":""h2"",""text"":""이번 주의 행운 포인트""},{""level"":""h2"",""text"":""돼지띠는 어떤 기질인가""},{""level"":""h3"",""text"":""강점""},{""level"":""h3"",""text"":""주의할 결""},{""level"":""h3"",""text"":""행운을 부르는 습관""},{""level"":""h3"",""text"":""이 운세를 읽는 법""},{""level"":""h2"",""text"":""돼지띠와 잘 맞는 상대""},{""level"":""h3"",""text"":""흐름이 맞는 쪽""},{""level"":""h3"",""text"":""조율이 필요한 쪽""},{""level"":""h2"",""text"":""자주 묻는 질문""},{""level"":""h2"",""text"":""다른 기간과 다른 띠""},{""level"":""h3"",""text"":""띠 12종""},{""level"":""h3"",""text"":""별자리 12종""},{""level"":""h2"",""text"":""하루 너머를 보고 싶다면""},{""level"":""h2"",""text"":""여섯 체계를 교차 검증하는 초융합 심층 리딩""},{""level"":""h2"",""text"":""핵심 운세""},{""level"":""h2"",""text"":""타로 리딩""},{""level"":""h2"",""text"":""신탁 & 특화""},{""level"":""h2"",""text"":""추천 가이드""},{""level"":""h2"",""text"":""디지털 운세 서비스 환불 안내""},{""level"":""h2"",""text"":""면책 고지""},{""level"":""h2"",""text"":""사업자 정보""}]","2651","0","true","true","{""@type"":""Person"",""@id"":""https://code-destiny.com/#author"",""name"":""박병하"",""jobTitle"":""명리학자"",""description"":""10년 경력의 명리학자. Code Destiny 가 공개하는 사주·운세 콘텐츠의 최종 검수 책임자입니다."",""knowsAbout"":[""사주"",""명리학"",""만세력"",""자미두수"",""숙요점""],""url"":""https://code-destiny.com/about"",""worksFor"":{""@type"":""Organization"",""@id"":""https://code-destiny.com/#organization"",""name"":""CODE DESTINY""}}","2026-09-07T00:00:00+09:00","2026-09-07T00:00:00+09:00","ko","true","B","false","[""editorial-review-required""]","retain pending evidence review; no automatic deletion","미확인","미확인","미확인","미확인"
"https://code-destiny.com/fortune/weekly/pisces/","200","200","true","https://code-destiny.com/fortune/weekly/pisces/","물고기자리 이번 주 운세 9월 7~13일 | 무료 별자리 운세","[{""level"":""h1"",""text"":""물고기자리 이번 주 운세""},{""level"":""h2"",""text"":""이번 주의 기준 값""},{""level"":""h2"",""text"":""이번 주의 운세 점수""},{""level"":""h3"",""text"":""이 점수는 이렇게 나왔습니다""},{""level"":""h2"",""text"":""요일별 흐름""},{""level"":""h2"",""text"":""이번 주 짚어 둘 것""},{""level"":""h2"",""text"":""물고기자리의 기본 결""},{""level"":""h3"",""text"":""애정운""},{""level"":""h3"",""text"":""재물운""},{""level"":""h3"",""text"":""건강운""},{""level"":""h3"",""text"":""직장운""},{""level"":""h2"",""text"":""이번 주의 행운 포인트""},{""level"":""h2"",""text"":""물고기자리는 어떤 기질인가""},{""level"":""h3"",""text"":""강점""},{""level"":""h3"",""text"":""주의할 결""},{""level"":""h3"",""text"":""행운을 부르는 습관""},{""level"":""h3"",""text"":""이 운세를 읽는 법""},{""level"":""h2"",""text"":""물고기자리와 잘 맞는 상대""},{""level"":""h3"",""text"":""흐름이 맞는 쪽""},{""level"":""h3"",""text"":""조율이 필요한 쪽""},{""level"":""h2"",""text"":""자주 묻는 질문""},{""level"":""h2"",""text"":""다른 기간과 다른 별자리""},{""level"":""h3"",""text"":""별자리 12종""},{""level"":""h3"",""text"":""띠 12종""},{""level"":""h2"",""text"":""하루 너머를 보고 싶다면""},{""level"":""h2"",""text"":""여섯 체계를 교차 검증하는 초융합 심층 리딩""},{""level"":""h2"",""text"":""핵심 운세""},{""level"":""h2"",""text"":""타로 리딩""},{""level"":""h2"",""text"":""신탁 & 특화""},{""level"":""h2"",""text"":""추천 가이드""},{""level"":""h2"",""text"":""디지털 운세 서비스 환불 안내""},{""level"":""h2"",""text"":""면책 고지""},{""level"":""h2"",""text"":""사업자 정보""}]","2764","0","true","true","{""@type"":""Person"",""@id"":""https://code-destiny.com/#author"",""name"":""박병하"",""jobTitle"":""명리학자"",""description"":""10년 경력의 명리학자. Code Destiny 가 공개하는 사주·운세 콘텐츠의 최종 검수 책임자입니다."",""knowsAbout"":[""사주"",""명리학"",""만세력"",""자미두수"",""숙요점""],""url"":""https://code-destiny.com/about"",""worksFor"":{""@type"":""Organization"",""@id"":""https://code-destiny.com/#organization"",""name"":""CODE DESTINY""}}","2026-09-07T00:00:00+09:00","2026-09-07T00:00:00+09:00","ko","true","B","false","[""editorial-review-required""]","retain pending evidence review; no automatic deletion","미확인","미확인","미확인","미확인"
"https://code-destiny.com/fortune/weekly/rabbit/","200","200","true","https://code-destiny.com/fortune/weekly/rabbit/","토끼띠 이번 주 운세 9월 7~13일 | 무료 띠별 운세","[{""level"":""h1"",""text"":""토끼띠 이번 주 운세""},{""level"":""h2"",""text"":""이번 주의 기준 값""},{""level"":""h2"",""text"":""이번 주의 운세 점수""},{""level"":""h3"",""text"":""이 점수는 이렇게 나왔습니다""},{""level"":""h2"",""text"":""요일별 흐름""},{""level"":""h2"",""text"":""이번 주 짚어 둘 것""},{""level"":""h2"",""text"":""토끼띠의 기본 결""},{""level"":""h3"",""text"":""애정운""},{""level"":""h3"",""text"":""재물운""},{""level"":""h3"",""text"":""건강운""},{""level"":""h3"",""text"":""직장운""},{""level"":""h2"",""text"":""이번 주의 행운 포인트""},{""level"":""h2"",""text"":""토끼띠는 어떤 기질인가""},{""level"":""h3"",""text"":""강점""},{""level"":""h3"",""text"":""주의할 결""},{""level"":""h3"",""text"":""행운을 부르는 습관""},{""level"":""h3"",""text"":""이 운세를 읽는 법""},{""level"":""h2"",""text"":""토끼띠와 잘 맞는 상대""},{""level"":""h3"",""text"":""흐름이 맞는 쪽""},{""level"":""h3"",""text"":""조율이 필요한 쪽""},{""level"":""h2"",""text"":""자주 묻는 질문""},{""level"":""h2"",""text"":""다른 기간과 다른 띠""},{""level"":""h3"",""text"":""띠 12종""},{""level"":""h3"",""text"":""별자리 12종""},{""level"":""h2"",""text"":""하루 너머를 보고 싶다면""},{""level"":""h2"",""text"":""여섯 체계를 교차 검증하는 초융합 심층 리딩""},{""level"":""h2"",""text"":""핵심 운세""},{""level"":""h2"",""text"":""타로 리딩""},{""level"":""h2"",""text"":""신탁 & 특화""},{""level"":""h2"",""text"":""추천 가이드""},{""level"":""h2"",""text"":""디지털 운세 서비스 환불 안내""},{""level"":""h2"",""text"":""면책 고지""},{""level"":""h2"",""text"":""사업자 정보""}]","2628","0","true","true","{""@type"":""Person"",""@id"":""https://code-destiny.com/#author"",""name"":""박병하"",""jobTitle"":""명리학자"",""description"":""10년 경력의 명리학자. Code Destiny 가 공개하는 사주·운세 콘텐츠의 최종 검수 책임자입니다."",""knowsAbout"":[""사주"",""명리학"",""만세력"",""자미두수"",""숙요점""],""url"":""https://code-destiny.com/about"",""worksFor"":{""@type"":""Organization"",""@id"":""https://code-destiny.com/#organization"",""name"":""CODE DESTINY""}}","2026-09-07T00:00:00+09:00","2026-09-07T00:00:00+09:00","ko","true","B","false","[""editorial-review-required""]","retain pending evidence review; no automatic deletion","미확인","미확인","미확인","미확인"
"https://code-destiny.com/fortune/weekly/rat/","200","200","true","https://code-destiny.com/fortune/weekly/rat/","쥐띠 이번 주 운세 9월 7~13일 | 무료 띠별 운세","[{""level"":""h1"",""text"":""쥐띠 이번 주 운세""},{""level"":""h2"",""text"":""이번 주의 기준 값""},{""level"":""h2"",""text"":""이번 주의 운세 점수""},{""level"":""h3"",""text"":""이 점수는 이렇게 나왔습니다""},{""level"":""h2"",""text"":""요일별 흐름""},{""level"":""h2"",""text"":""이번 주 짚어 둘 것""},{""level"":""h2"",""text"":""쥐띠의 기본 결""},{""level"":""h3"",""text"":""애정운""},{""level"":""h3"",""text"":""재물운""},{""level"":""h3"",""text"":""건강운""},{""level"":""h3"",""text"":""직장운""},{""level"":""h2"",""text"":""이번 주의 행운 포인트""},{""level"":""h2"",""text"":""쥐띠는 어떤 기질인가""},{""level"":""h3"",""text"":""강점""},{""level"":""h3"",""text"":""주의할 결""},{""level"":""h3"",""text"":""행운을 부르는 습관""},{""level"":""h3"",""text"":""이 운세를 읽는 법""},{""level"":""h2"",""text"":""쥐띠와 잘 맞는 상대""},{""level"":""h3"",""text"":""흐름이 맞는 쪽""},{""level"":""h3"",""text"":""조율이 필요한 쪽""},{""level"":""h2"",""text"":""자주 묻는 질문""},{""level"":""h2"",""text"":""다른 기간과 다른 띠""},{""level"":""h3"",""text"":""띠 12종""},{""level"":""h3"",""text"":""별자리 12종""},{""level"":""h2"",""text"":""하루 너머를 보고 싶다면""},{""level"":""h2"",""text"":""여섯 체계를 교차 검증하는 초융합 심층 리딩""},{""level"":""h2"",""text"":""핵심 운세""},{""level"":""h2"",""text"":""타로 리딩""},{""level"":""h2"",""text"":""신탁 & 특화""},{""level"":""h2"",""text"":""추천 가이드""},{""level"":""h2"",""text"":""디지털 운세 서비스 환불 안내""},{""level"":""h2"",""text"":""면책 고지""},{""level"":""h2"",""text"":""사업자 정보""}]","2754","0","true","true","{""@type"":""Person"",""@id"":""https://code-destiny.com/#author"",""name"":""박병하"",""jobTitle"":""명리학자"",""description"":""10년 경력의 명리학자. Code Destiny 가 공개하는 사주·운세 콘텐츠의 최종 검수 책임자입니다."",""knowsAbout"":[""사주"",""명리학"",""만세력"",""자미두수"",""숙요점""],""url"":""https://code-destiny.com/about"",""worksFor"":{""@type"":""Organization"",""@id"":""https://code-destiny.com/#organization"",""name"":""CODE DESTINY""}}","2026-09-07T00:00:00+09:00","2026-09-07T00:00:00+09:00","ko","true","B","false","[""editorial-review-required""]","retain pending evidence review; no automatic deletion","미확인","미확인","미확인","미확인"
"https://code-destiny.com/fortune/weekly/rooster/","200","200","true","https://code-destiny.com/fortune/weekly/rooster/","닭띠 이번 주 운세 9월 7~13일 | 무료 띠별 운세","[{""level"":""h1"",""text"":""닭띠 이번 주 운세""},{""level"":""h2"",""text"":""이번 주의 기준 값""},{""level"":""h2"",""text"":""이번 주의 운세 점수""},{""level"":""h3"",""text"":""이 점수는 이렇게 나왔습니다""},{""level"":""h2"",""text"":""요일별 흐름""},{""level"":""h2"",""text"":""이번 주 짚어 둘 것""},{""level"":""h2"",""text"":""닭띠의 기본 결""},{""level"":""h3"",""text"":""애정운""},{""level"":""h3"",""text"":""재물운""},{""level"":""h3"",""text"":""건강운""},{""level"":""h3"",""text"":""직장운""},{""level"":""h2"",""text"":""이번 주의 행운 포인트""},{""level"":""h2"",""text"":""닭띠는 어떤 기질인가""},{""level"":""h3"",""text"":""강점""},{""level"":""h3"",""text"":""주의할 결""},{""level"":""h3"",""text"":""행운을 부르는 습관""},{""level"":""h3"",""text"":""이 운세를 읽는 법""},{""level"":""h2"",""text"":""닭띠와 잘 맞는 상대""},{""level"":""h3"",""text"":""흐름이 맞는 쪽""},{""level"":""h3"",""text"":""조율이 필요한 쪽""},{""level"":""h2"",""text"":""자주 묻는 질문""},{""level"":""h2"",""text"":""다른 기간과 다른 띠""},{""level"":""h3"",""text"":""띠 12종""},{""level"":""h3"",""text"":""별자리 12종""},{""level"":""h2"",""text"":""하루 너머를 보고 싶다면""},{""level"":""h2"",""text"":""여섯 체계를 교차 검증하는 초융합 심층 리딩""},{""level"":""h2"",""text"":""핵심 운세""},{""level"":""h2"",""text"":""타로 리딩""},{""level"":""h2"",""text"":""신탁 & 특화""},{""level"":""h2"",""text"":""추천 가이드""},{""level"":""h2"",""text"":""디지털 운세 서비스 환불 안내""},{""level"":""h2"",""text"":""면책 고지""},{""level"":""h2"",""text"":""사업자 정보""}]","2651","0","true","true","{""@type"":""Person"",""@id"":""https://code-destiny.com/#author"",""name"":""박병하"",""jobTitle"":""명리학자"",""description"":""10년 경력의 명리학자. Code Destiny 가 공개하는 사주·운세 콘텐츠의 최종 검수 책임자입니다."",""knowsAbout"":[""사주"",""명리학"",""만세력"",""자미두수"",""숙요점""],""url"":""https://code-destiny.com/about"",""worksFor"":{""@type"":""Organization"",""@id"":""https://code-destiny.com/#organization"",""name"":""CODE DESTINY""}}","2026-09-07T00:00:00+09:00","2026-09-07T00:00:00+09:00","ko","true","B","false","[""editorial-review-required""]","retain pending evidence review; no automatic deletion","미확인","미확인","미확인","미확인"
"https://code-destiny.com/fortune/weekly/sagittarius/","200","200","true","https://code-destiny.com/fortune/weekly/sagittarius/","궁수자리 이번 주 운세 9월 7~13일 | 무료 별자리 운세","[{""level"":""h1"",""text"":""궁수자리 이번 주 운세""},{""level"":""h2"",""text"":""이번 주의 기준 값""},{""level"":""h2"",""text"":""이번 주의 운세 점수""},{""level"":""h3"",""text"":""이 점수는 이렇게 나왔습니다""},{""level"":""h2"",""text"":""요일별 흐름""},{""level"":""h2"",""text"":""이번 주 짚어 둘 것""},{""level"":""h2"",""text"":""궁수자리의 기본 결""},{""level"":""h3"",""text"":""애정운""},{""level"":""h3"",""text"":""재물운""},{""level"":""h3"",""text"":""건강운""},{""level"":""h3"",""text"":""직장운""},{""level"":""h2"",""text"":""이번 주의 행운 포인트""},{""level"":""h2"",""text"":""궁수자리는 어떤 기질인가""},{""level"":""h3"",""text"":""강점""},{""level"":""h3"",""text"":""주의할 결""},{""level"":""h3"",""text"":""행운을 부르는 습관""},{""level"":""h3"",""text"":""이 운세를 읽는 법""},{""level"":""h2"",""text"":""궁수자리와 잘 맞는 상대""},{""level"":""h3"",""text"":""흐름이 맞는 쪽""},{""level"":""h3"",""text"":""조율이 필요한 쪽""},{""level"":""h2"",""text"":""자주 묻는 질문""},{""level"":""h2"",""text"":""다른 기간과 다른 별자리""},{""level"":""h3"",""text"":""별자리 12종""},{""level"":""h3"",""text"":""띠 12종""},{""level"":""h2"",""text"":""하루 너머를 보고 싶다면""},{""level"":""h2"",""text"":""여섯 체계를 교차 검증하는 초융합 심층 리딩""},{""level"":""h2"",""text"":""핵심 운세""},{""level"":""h2"",""text"":""타로 리딩""},{""level"":""h2"",""text"":""신탁 & 특화""},{""level"":""h2"",""text"":""추천 가이드""},{""level"":""h2"",""text"":""디지털 운세 서비스 환불 안내""},{""level"":""h2"",""text"":""면책 고지""},{""level"":""h2"",""text"":""사업자 정보""}]","2745","0","true","true","{""@type"":""Person"",""@id"":""https://code-destiny.com/#author"",""name"":""박병하"",""jobTitle"":""명리학자"",""description"":""10년 경력의 명리학자. Code Destiny 가 공개하는 사주·운세 콘텐츠의 최종 검수 책임자입니다."",""knowsAbout"":[""사주"",""명리학"",""만세력"",""자미두수"",""숙요점""],""url"":""https://code-destiny.com/about"",""worksFor"":{""@type"":""Organization"",""@id"":""https://code-destiny.com/#organization"",""name"":""CODE DESTINY""}}","2026-09-07T00:00:00+09:00","2026-09-07T00:00:00+09:00","ko","true","B","false","[""editorial-review-required""]","retain pending evidence review; no automatic deletion","미확인","미확인","미확인","미확인"
"https://code-destiny.com/fortune/weekly/scorpio/","200","200","true","https://code-destiny.com/fortune/weekly/scorpio/","전갈자리 이번 주 운세 9월 7~13일 | 무료 별자리 운세","[{""level"":""h1"",""text"":""전갈자리 이번 주 운세""},{""level"":""h2"",""text"":""이번 주의 기준 값""},{""level"":""h2"",""text"":""이번 주의 운세 점수""},{""level"":""h3"",""text"":""이 점수는 이렇게 나왔습니다""},{""level"":""h2"",""text"":""요일별 흐름""},{""level"":""h2"",""text"":""이번 주 짚어 둘 것""},{""level"":""h2"",""text"":""전갈자리의 기본 결""},{""level"":""h3"",""text"":""애정운""},{""level"":""h3"",""text"":""재물운""},{""level"":""h3"",""text"":""건강운""},{""level"":""h3"",""text"":""직장운""},{""level"":""h2"",""text"":""이번 주의 행운 포인트""},{""level"":""h2"",""text"":""전갈자리는 어떤 기질인가""},{""level"":""h3"",""text"":""강점""},{""level"":""h3"",""text"":""주의할 결""},{""level"":""h3"",""text"":""행운을 부르는 습관""},{""level"":""h3"",""text"":""이 운세를 읽는 법""},{""level"":""h2"",""text"":""전갈자리와 잘 맞는 상대""},{""level"":""h3"",""text"":""흐름이 맞는 쪽""},{""level"":""h3"",""text"":""조율이 필요한 쪽""},{""level"":""h2"",""text"":""자주 묻는 질문""},{""level"":""h2"",""text"":""다른 기간과 다른 별자리""},{""level"":""h3"",""text"":""별자리 12종""},{""level"":""h3"",""text"":""띠 12종""},{""level"":""h2"",""text"":""하루 너머를 보고 싶다면""},{""level"":""h2"",""text"":""여섯 체계를 교차 검증하는 초융합 심층 리딩""},{""level"":""h2"",""text"":""핵심 운세""},{""level"":""h2"",""text"":""타로 리딩""},{""level"":""h2"",""text"":""신탁 & 특화""},{""level"":""h2"",""text"":""추천 가이드""},{""level"":""h2"",""text"":""디지털 운세 서비스 환불 안내""},{""level"":""h2"",""text"":""면책 고지""},{""level"":""h2"",""text"":""사업자 정보""}]","2776","0","true","true","{""@type"":""Person"",""@id"":""https://code-destiny.com/#author"",""name"":""박병하"",""jobTitle"":""명리학자"",""description"":""10년 경력의 명리학자. Code Destiny 가 공개하는 사주·운세 콘텐츠의 최종 검수 책임자입니다."",""knowsAbout"":[""사주"",""명리학"",""만세력"",""자미두수"",""숙요점""],""url"":""https://code-destiny.com/about"",""worksFor"":{""@type"":""Organization"",""@id"":""https://code-destiny.com/#organization"",""name"":""CODE DESTINY""}}","2026-09-07T00:00:00+09:00","2026-09-07T00:00:00+09:00","ko","true","B","false","[""editorial-review-required""]","retain pending evidence review; no automatic deletion","미확인","미확인","미확인","미확인"
"https://code-destiny.com/fortune/weekly/snake/","200","200","true","https://code-destiny.com/fortune/weekly/snake/","뱀띠 이번 주 운세 9월 7~13일 | 무료 띠별 운세","[{""level"":""h1"",""text"":""뱀띠 이번 주 운세""},{""level"":""h2"",""text"":""이번 주의 기준 값""},{""level"":""h2"",""text"":""이번 주의 운세 점수""},{""level"":""h3"",""text"":""이 점수는 이렇게 나왔습니다""},{""level"":""h2"",""text"":""요일별 흐름""},{""level"":""h2"",""text"":""이번 주 짚어 둘 것""},{""level"":""h2"",""text"":""뱀띠의 기본 결""},{""level"":""h3"",""text"":""애정운""},{""level"":""h3"",""text"":""재물운""},{""level"":""h3"",""text"":""건강운""},{""level"":""h3"",""text"":""직장운""},{""level"":""h2"",""text"":""이번 주의 행운 포인트""},{""level"":""h2"",""text"":""뱀띠는 어떤 기질인가""},{""level"":""h3"",""text"":""강점""},{""level"":""h3"",""text"":""주의할 결""},{""level"":""h3"",""text"":""행운을 부르는 습관""},{""level"":""h3"",""text"":""이 운세를 읽는 법""},{""level"":""h2"",""text"":""뱀띠와 잘 맞는 상대""},{""level"":""h3"",""text"":""흐름이 맞는 쪽""},{""level"":""h3"",""text"":""조율이 필요한 쪽""},{""level"":""h2"",""text"":""자주 묻는 질문""},{""level"":""h2"",""text"":""다른 기간과 다른 띠""},{""level"":""h3"",""text"":""띠 12종""},{""level"":""h3"",""text"":""별자리 12종""},{""level"":""h2"",""text"":""하루 너머를 보고 싶다면""},{""level"":""h2"",""text"":""여섯 체계를 교차 검증하는 초융합 심층 리딩""},{""level"":""h2"",""text"":""핵심 운세""},{""level"":""h2"",""text"":""타로 리딩""},{""level"":""h2"",""text"":""신탁 & 특화""},{""level"":""h2"",""text"":""추천 가이드""},{""level"":""h2"",""text"":""디지털 운세 서비스 환불 안내""},{""level"":""h2"",""text"":""면책 고지""},{""level"":""h2"",""text"":""사업자 정보""}]","2643","0","true","true","{""@type"":""Person"",""@id"":""https://code-destiny.com/#author"",""name"":""박병하"",""jobTitle"":""명리학자"",""description"":""10년 경력의 명리학자. Code Destiny 가 공개하는 사주·운세 콘텐츠의 최종 검수 책임자입니다."",""knowsAbout"":[""사주"",""명리학"",""만세력"",""자미두수"",""숙요점""],""url"":""https://code-destiny.com/about"",""worksFor"":{""@type"":""Organization"",""@id"":""https://code-destiny.com/#organization"",""name"":""CODE DESTINY""}}","2026-09-07T00:00:00+09:00","2026-09-07T00:00:00+09:00","ko","true","B","false","[""editorial-review-required""]","retain pending evidence review; no automatic deletion","미확인","미확인","미확인","미확인"
"https://code-destiny.com/fortune/weekly/taurus/","200","200","true","https://code-destiny.com/fortune/weekly/taurus/","황소자리 이번 주 운세 9월 7~13일 | 무료 별자리 운세","[{""level"":""h1"",""text"":""황소자리 이번 주 운세""},{""level"":""h2"",""text"":""이번 주의 기준 값""},{""level"":""h2"",""text"":""이번 주의 운세 점수""},{""level"":""h3"",""text"":""이 점수는 이렇게 나왔습니다""},{""level"":""h2"",""text"":""요일별 흐름""},{""level"":""h2"",""text"":""이번 주 짚어 둘 것""},{""level"":""h2"",""text"":""황소자리의 기본 결""},{""level"":""h3"",""text"":""애정운""},{""level"":""h3"",""text"":""재물운""},{""level"":""h3"",""text"":""건강운""},{""level"":""h3"",""text"":""직장운""},{""level"":""h2"",""text"":""이번 주의 행운 포인트""},{""level"":""h2"",""text"":""황소자리는 어떤 기질인가""},{""level"":""h3"",""text"":""강점""},{""level"":""h3"",""text"":""주의할 결""},{""level"":""h3"",""text"":""행운을 부르는 습관""},{""level"":""h3"",""text"":""이 운세를 읽는 법""},{""level"":""h2"",""text"":""황소자리와 잘 맞는 상대""},{""level"":""h3"",""text"":""흐름이 맞는 쪽""},{""level"":""h3"",""text"":""조율이 필요한 쪽""},{""level"":""h2"",""text"":""자주 묻는 질문""},{""level"":""h2"",""text"":""다른 기간과 다른 별자리""},{""level"":""h3"",""text"":""별자리 12종""},{""level"":""h3"",""text"":""띠 12종""},{""level"":""h2"",""text"":""하루 너머를 보고 싶다면""},{""level"":""h2"",""text"":""여섯 체계를 교차 검증하는 초융합 심층 리딩""},{""level"":""h2"",""text"":""핵심 운세""},{""level"":""h2"",""text"":""타로 리딩""},{""level"":""h2"",""text"":""신탁 & 특화""},{""level"":""h2"",""text"":""추천 가이드""},{""level"":""h2"",""text"":""디지털 운세 서비스 환불 안내""},{""level"":""h2"",""text"":""면책 고지""},{""level"":""h2"",""text"":""사업자 정보""}]","2874","0","true","true","{""@type"":""Person"",""@id"":""https://code-destiny.com/#author"",""name"":""박병하"",""jobTitle"":""명리학자"",""description"":""10년 경력의 명리학자. Code Destiny 가 공개하는 사주·운세 콘텐츠의 최종 검수 책임자입니다."",""knowsAbout"":[""사주"",""명리학"",""만세력"",""자미두수"",""숙요점""],""url"":""https://code-destiny.com/about"",""worksFor"":{""@type"":""Organization"",""@id"":""https://code-destiny.com/#organization"",""name"":""CODE DESTINY""}}","2026-09-07T00:00:00+09:00","2026-09-07T00:00:00+09:00","ko","true","B","false","[""editorial-review-required""]","retain pending evidence review; no automatic deletion","미확인","미확인","미확인","미확인"
"https://code-destiny.com/fortune/weekly/tiger/","200","200","true","https://code-destiny.com/fortune/weekly/tiger/","범띠 이번 주 운세 9월 7~13일 | 무료 띠별 운세","[{""level"":""h1"",""text"":""범띠 이번 주 운세""},{""level"":""h2"",""text"":""이번 주의 기준 값""},{""level"":""h2"",""text"":""이번 주의 운세 점수""},{""level"":""h3"",""text"":""이 점수는 이렇게 나왔습니다""},{""level"":""h2"",""text"":""요일별 흐름""},{""level"":""h2"",""text"":""이번 주 짚어 둘 것""},{""level"":""h2"",""text"":""범띠의 기본 결""},{""level"":""h3"",""text"":""애정운""},{""level"":""h3"",""text"":""재물운""},{""level"":""h3"",""text"":""건강운""},{""level"":""h3"",""text"":""직장운""},{""level"":""h2"",""text"":""이번 주의 행운 포인트""},{""level"":""h2"",""text"":""범띠는 어떤 기질인가""},{""level"":""h3"",""text"":""강점""},{""level"":""h3"",""text"":""주의할 결""},{""level"":""h3"",""text"":""행운을 부르는 습관""},{""level"":""h3"",""text"":""이 운세를 읽는 법""},{""level"":""h2"",""text"":""범띠와 잘 맞는 상대""},{""level"":""h3"",""text"":""흐름이 맞는 쪽""},{""level"":""h3"",""text"":""조율이 필요한 쪽""},{""level"":""h2"",""text"":""자주 묻는 질문""},{""level"":""h2"",""text"":""다른 기간과 다른 띠""},{""level"":""h3"",""text"":""띠 12종""},{""level"":""h3"",""text"":""별자리 12종""},{""level"":""h2"",""text"":""하루 너머를 보고 싶다면""},{""level"":""h2"",""text"":""여섯 체계를 교차 검증하는 초융합 심층 리딩""},{""level"":""h2"",""text"":""핵심 운세""},{""level"":""h2"",""text"":""타로 리딩""},{""level"":""h2"",""text"":""신탁 & 특화""},{""level"":""h2"",""text"":""추천 가이드""},{""level"":""h2"",""text"":""디지털 운세 서비스 환불 안내""},{""level"":""h2"",""text"":""면책 고지""},{""level"":""h2"",""text"":""사업자 정보""}]","2653","0","true","true","{""@type"":""Person"",""@id"":""https://code-destiny.com/#author"",""name"":""박병하"",""jobTitle"":""명리학자"",""description"":""10년 경력의 명리학자. Code Destiny 가 공개하는 사주·운세 콘텐츠의 최종 검수 책임자입니다."",""knowsAbout"":[""사주"",""명리학"",""만세력"",""자미두수"",""숙요점""],""url"":""https://code-destiny.com/about"",""worksFor"":{""@type"":""Organization"",""@id"":""https://code-destiny.com/#organization"",""name"":""CODE DESTINY""}}","2026-09-07T00:00:00+09:00","2026-09-07T00:00:00+09:00","ko","true","B","false","[""editorial-review-required""]","retain pending evidence review; no automatic deletion","미확인","미확인","미확인","미확인"
"https://code-destiny.com/fortune/weekly/virgo/","200","200","true","https://code-destiny.com/fortune/weekly/virgo/","처녀자리 이번 주 운세 9월 7~13일 | 무료 별자리 운세","[{""level"":""h1"",""text"":""처녀자리 이번 주 운세""},{""level"":""h2"",""text"":""이번 주의 기준 값""},{""level"":""h2"",""text"":""이번 주의 운세 점수""},{""level"":""h3"",""text"":""이 점수는 이렇게 나왔습니다""},{""level"":""h2"",""text"":""요일별 흐름""},{""level"":""h2"",""text"":""이번 주 짚어 둘 것""},{""level"":""h2"",""text"":""처녀자리의 기본 결""},{""level"":""h3"",""text"":""애정운""},{""level"":""h3"",""text"":""재물운""},{""level"":""h3"",""text"":""건강운""},{""level"":""h3"",""text"":""직장운""},{""level"":""h2"",""text"":""이번 주의 행운 포인트""},{""level"":""h2"",""text"":""처녀자리는 어떤 기질인가""},{""level"":""h3"",""text"":""강점""},{""level"":""h3"",""text"":""주의할 결""},{""level"":""h3"",""text"":""행운을 부르는 습관""},{""level"":""h3"",""text"":""이 운세를 읽는 법""},{""level"":""h2"",""text"":""처녀자리와 잘 맞는 상대""},{""level"":""h3"",""text"":""흐름이 맞는 쪽""},{""level"":""h3"",""text"":""조율이 필요한 쪽""},{""level"":""h2"",""text"":""자주 묻는 질문""},{""level"":""h2"",""text"":""다른 기간과 다른 별자리""},{""level"":""h3"",""text"":""별자리 12종""},{""level"":""h3"",""text"":""띠 12종""},{""level"":""h2"",""text"":""하루 너머를 보고 싶다면""},{""level"":""h2"",""text"":""여섯 체계를 교차 검증하는 초융합 심층 리딩""},{""level"":""h2"",""text"":""핵심 운세""},{""level"":""h2"",""text"":""타로 리딩""},{""level"":""h2"",""text"":""신탁 & 특화""},{""level"":""h2"",""text"":""추천 가이드""},{""level"":""h2"",""text"":""디지털 운세 서비스 환불 안내""},{""level"":""h2"",""text"":""면책 고지""},{""level"":""h2"",""text"":""사업자 정보""}]","2795","0","true","true","{""@type"":""Person"",""@id"":""https://code-destiny.com/#author"",""name"":""박병하"",""jobTitle"":""명리학자"",""description"":""10년 경력의 명리학자. Code Destiny 가 공개하는 사주·운세 콘텐츠의 최종 검수 책임자입니다."",""knowsAbout"":[""사주"",""명리학"",""만세력"",""자미두수"",""숙요점""],""url"":""https://code-destiny.com/about"",""worksFor"":{""@type"":""Organization"",""@id"":""https://code-destiny.com/#organization"",""name"":""CODE DESTINY""}}","2026-09-07T00:00:00+09:00","2026-09-07T00:00:00+09:00","ko","true","B","false","[""editorial-review-required""]","retain pending evidence review; no automatic deletion","미확인","미확인","미확인","미확인"
"https://code-destiny.com/fusion-fortune/","200","200","false","https://code-destiny.com/fusion-fortune/","초융합 운세 | 사주·자미두수·숙요점 AI 통합 해석 | Code Destiny","[{""level"":""h1"",""text"":""여섯 개의 해석을 하나의 상담으로""},{""level"":""h2"",""text"":""결제하면 받는 것""},{""level"":""h3"",""text"":""이 상담이 답하는 질문""},{""level"":""h3"",""text"":""결과 문서에 담기는 것""},{""level"":""h3"",""text"":""무료 운세와 무엇이 다른가""},{""level"":""h2"",""text"":""정확한 생시로 여섯 체계를 연결해요""},{""level"":""h2"",""text"":""완료된 분석만 연결합니다""},{""level"":""h2"",""text"":""여섯 개의 운세가 같은 곳을 가리킬 때, 그것이 답에 가장 가깝습니다""},{""level"":""h3"",""text"":""여섯 체계의 개별 해석""},{""level"":""h3"",""text"":""겹치는 신호와 엇갈리는 신호""},{""level"":""h3"",""text"":""앞으로 12개월의 시기 라인""},{""level"":""h3"",""text"":""체계별 신호 강도""},{""level"":""h3"",""text"":""여섯을 하나로 좁힌 최종 판정""},{""level"":""h2"",""text"":""초융합 운세란 무엇인가요?""},{""level"":""h3"",""text"":""한 리포트 안에서 연결되는 여섯 관점""},{""level"":""h3"",""text"":""초융합 운세 FAQ""},{""level"":""h2"",""text"":""이용 안내""}]","4886","0","true","false","미확인","미확인","미확인","ko","false","C","true","[]","verify existing disposition","미확인","미확인","미확인","미확인"
"https://code-destiny.com/guides","308","200","true","https://code-destiny.com/guides/","운세 인사이트 가이드 | 사주·타로·궁합·점성술","[{""level"":""h1"",""text"":""운세 인사이트 가이드""},{""level"":""h2"",""text"":""이 가이드를 어떻게 쓰면 좋은가""},{""level"":""h2"",""text"":""카테고리""},{""level"":""h2"",""text"":""사주팔자 입문 가이드""},{""level"":""h2"",""text"":""타로 리딩은 어떻게 작동하나요""},{""level"":""h2"",""text"":""운명 해석을 현실적으로 읽는 법""},{""level"":""h2"",""text"":""생년월일로 보는 성향 해석""},{""level"":""h2"",""text"":""좋은 궁합을 알아보는 핵심 신호""},{""level"":""h2"",""text"":""운세 서비스를 안전하게 이용하는 FAQ""},{""level"":""h2"",""text"":""AI 운세 통합 해석은 어떻게 읽을까""},{""level"":""h2"",""text"":""사주와 자미두수는 무엇이 다를까""},{""level"":""h2"",""text"":""사주 궁합과 숙요 궁합은 어떻게 다를까""},{""level"":""h2"",""text"":""베다 점성술과 서양 점성술의 차이""},{""level"":""h2"",""text"":""만세력 보는 법: 명식부터 오행까지""},{""level"":""h2"",""text"":""AI 운세를 현실적으로 활용하는 법""},{""level"":""h2"",""text"":""핵심 운세""},{""level"":""h2"",""text"":""타로 리딩""},{""level"":""h2"",""text"":""신탁 & 특화""},{""level"":""h2"",""text"":""추천 가이드""},{""level"":""h2"",""text"":""디지털 운세 서비스 환불 안내""},{""level"":""h2"",""text"":""면책 고지""},{""level"":""h2"",""text"":""사업자 정보""}]","2158","0","true","false","미확인","미확인","미확인","ko","false","D","true","[]","verify existing disposition","미확인","미확인","미확인","미확인"
"https://code-destiny.com/guides/","200","200","true","https://code-destiny.com/guides/","운세 인사이트 가이드 | 사주·타로·궁합·점성술","[{""level"":""h1"",""text"":""운세 인사이트 가이드""},{""level"":""h2"",""text"":""이 가이드를 어떻게 쓰면 좋은가""},{""level"":""h2"",""text"":""카테고리""},{""level"":""h2"",""text"":""사주팔자 입문 가이드""},{""level"":""h2"",""text"":""타로 리딩은 어떻게 작동하나요""},{""level"":""h2"",""text"":""운명 해석을 현실적으로 읽는 법""},{""level"":""h2"",""text"":""생년월일로 보는 성향 해석""},{""level"":""h2"",""text"":""좋은 궁합을 알아보는 핵심 신호""},{""level"":""h2"",""text"":""운세 서비스를 안전하게 이용하는 FAQ""},{""level"":""h2"",""text"":""AI 운세 통합 해석은 어떻게 읽을까""},{""level"":""h2"",""text"":""사주와 자미두수는 무엇이 다를까""},{""level"":""h2"",""text"":""사주 궁합과 숙요 궁합은 어떻게 다를까""},{""level"":""h2"",""text"":""베다 점성술과 서양 점성술의 차이""},{""level"":""h2"",""text"":""만세력 보는 법: 명식부터 오행까지""},{""level"":""h2"",""text"":""AI 운세를 현실적으로 활용하는 법""},{""level"":""h2"",""text"":""핵심 운세""},{""level"":""h2"",""text"":""타로 리딩""},{""level"":""h2"",""text"":""신탁 & 특화""},{""level"":""h2"",""text"":""추천 가이드""},{""level"":""h2"",""text"":""디지털 운세 서비스 환불 안내""},{""level"":""h2"",""text"":""면책 고지""},{""level"":""h2"",""text"":""사업자 정보""}]","2158","0","true","false","미확인","미확인","미확인","ko","true","B","false","[]","retain pending evidence review; no automatic deletion","미확인","미확인","미확인","미확인"
"https://code-destiny.com/guides/ai-fortune-reading-guide/","200","200","true","https://code-destiny.com/guides/ai-fortune-reading-guide/","AI 운세를 현실적으로 활용하는 법 | Code Destiny","[{""level"":""h1"",""text"":""AI 운세를 현실적으로 활용하는 법""},{""level"":""h2"",""text"":""좋은 AI 운세 질문은 선택지를 선명하게 합니다""},{""level"":""h2"",""text"":""결과를 기록하고 현실의 정보와 함께 봅니다""},{""level"":""h2"",""text"":""주의와 면책""},{""level"":""h2"",""text"":""자주 묻는 질문""},{""level"":""h2"",""text"":""관련 서비스""},{""level"":""h2"",""text"":""다음에 읽을 글""},{""level"":""h2"",""text"":""핵심 운세""},{""level"":""h2"",""text"":""타로 리딩""},{""level"":""h2"",""text"":""신탁 & 특화""},{""level"":""h2"",""text"":""추천 가이드""},{""level"":""h2"",""text"":""디지털 운세 서비스 환불 안내""},{""level"":""h2"",""text"":""면책 고지""},{""level"":""h2"",""text"":""사업자 정보""}]","984","0","true","true","{""@type"":""Person"",""name"":""Code Destiny 편집팀""}","2026-08-04","2026-08-04","ko","true","B","false","[""editorial-review-required""]","retain pending evidence review; no automatic deletion","미확인","미확인","미확인","미확인"
"https://code-destiny.com/guides/category/astrology-ziwei/","200","200","false","https://code-destiny.com/guides/category/astrology-ziwei/","점성술과 자미두수 가이드 | Code Destiny","[{""level"":""h1"",""text"":""점성술과 자미두수 가이드""},{""level"":""h2"",""text"":""생년월일로 보는 성향 해석""},{""level"":""h2"",""text"":""사주와 자미두수는 무엇이 다를까""},{""level"":""h2"",""text"":""베다 점성술과 서양 점성술의 차이""},{""level"":""h2"",""text"":""핵심 운세""},{""level"":""h2"",""text"":""타로 리딩""},{""level"":""h2"",""text"":""신탁 & 특화""},{""level"":""h2"",""text"":""추천 가이드""},{""level"":""h2"",""text"":""디지털 운세 서비스 환불 안내""},{""level"":""h2"",""text"":""면책 고지""},{""level"":""h2"",""text"":""사업자 정보""}]","323","0","true","false","미확인","미확인","미확인","ko","false","C","true","[]","verify existing disposition","미확인","미확인","미확인","미확인"
"https://code-destiny.com/guides/category/compatibility-relationship/","200","200","false","https://code-destiny.com/guides/category/compatibility-relationship/","궁합과 관계 가이드 | Code Destiny","[{""level"":""h1"",""text"":""궁합과 관계 가이드""},{""level"":""h2"",""text"":""좋은 궁합을 알아보는 핵심 신호""},{""level"":""h2"",""text"":""사주 궁합과 숙요 궁합은 어떻게 다를까""},{""level"":""h2"",""text"":""핵심 운세""},{""level"":""h2"",""text"":""타로 리딩""},{""level"":""h2"",""text"":""신탁 & 특화""},{""level"":""h2"",""text"":""추천 가이드""},{""level"":""h2"",""text"":""디지털 운세 서비스 환불 안내""},{""level"":""h2"",""text"":""면책 고지""},{""level"":""h2"",""text"":""사업자 정보""}]","218","0","true","false","미확인","미확인","미확인","ko","false","C","true","[]","verify existing disposition","미확인","미확인","미확인","미확인"
"https://code-destiny.com/guides/category/daily-fortune/","200","200","false","https://code-destiny.com/guides/category/daily-fortune/","오늘의 운세 가이드 | Code Destiny","[{""level"":""h1"",""text"":""오늘의 운세 가이드""},{""level"":""h2"",""text"":""운세 서비스를 안전하게 이용하는 FAQ""},{""level"":""h2"",""text"":""핵심 운세""},{""level"":""h2"",""text"":""타로 리딩""},{""level"":""h2"",""text"":""신탁 & 특화""},{""level"":""h2"",""text"":""추천 가이드""},{""level"":""h2"",""text"":""디지털 운세 서비스 환불 안내""},{""level"":""h2"",""text"":""면책 고지""},{""level"":""h2"",""text"":""사업자 정보""}]","100","0","true","false","미확인","미확인","미확인","ko","false","C","true","[]","verify existing disposition","미확인","미확인","미확인","미확인"
"https://code-destiny.com/guides/category/methodology/","200","200","false","https://code-destiny.com/guides/category/methodology/","운세 콘텐츠 방법론 가이드 | Code Destiny","[{""level"":""h1"",""text"":""운세 콘텐츠 방법론 가이드""},{""level"":""h2"",""text"":""운명 해석을 현실적으로 읽는 법""},{""level"":""h2"",""text"":""AI 운세 통합 해석은 어떻게 읽을까""},{""level"":""h2"",""text"":""AI 운세를 현실적으로 활용하는 법""},{""level"":""h2"",""text"":""핵심 운세""},{""level"":""h2"",""text"":""타로 리딩""},{""level"":""h2"",""text"":""신탁 & 특화""},{""level"":""h2"",""text"":""추천 가이드""},{""level"":""h2"",""text"":""디지털 운세 서비스 환불 안내""},{""level"":""h2"",""text"":""면책 고지""},{""level"":""h2"",""text"":""사업자 정보""}]","322","0","true","false","미확인","미확인","미확인","ko","false","C","true","[]","verify existing disposition","미확인","미확인","미확인","미확인"
"https://code-destiny.com/guides/category/saju-beginner/","200","200","false","https://code-destiny.com/guides/category/saju-beginner/","사주 입문 가이드 | Code Destiny","[{""level"":""h1"",""text"":""사주 입문 가이드""},{""level"":""h2"",""text"":""사주팔자 입문 가이드""},{""level"":""h2"",""text"":""만세력 보는 법: 명식부터 오행까지""},{""level"":""h2"",""text"":""핵심 운세""},{""level"":""h2"",""text"":""타로 리딩""},{""level"":""h2"",""text"":""신탁 & 특화""},{""level"":""h2"",""text"":""추천 가이드""},{""level"":""h2"",""text"":""디지털 운세 서비스 환불 안내""},{""level"":""h2"",""text"":""면책 고지""},{""level"":""h2"",""text"":""사업자 정보""}]","193","0","true","false","미확인","미확인","미확인","ko","false","C","true","[]","verify existing disposition","미확인","미확인","미확인","미확인"
"https://code-destiny.com/guides/category/tarot-reading/","200","200","false","https://code-destiny.com/guides/category/tarot-reading/","타로 리딩 가이드 | Code Destiny","[{""level"":""h1"",""text"":""타로 리딩 가이드""},{""level"":""h2"",""text"":""타로 리딩은 어떻게 작동하나요""},{""level"":""h2"",""text"":""핵심 운세""},{""level"":""h2"",""text"":""타로 리딩""},{""level"":""h2"",""text"":""신탁 & 특화""},{""level"":""h2"",""text"":""추천 가이드""},{""level"":""h2"",""text"":""디지털 운세 서비스 환불 안내""},{""level"":""h2"",""text"":""면책 고지""},{""level"":""h2"",""text"":""사업자 정보""}]","89","0","true","false","미확인","미확인","미확인","ko","false","C","true","[]","verify existing disposition","미확인","미확인","미확인","미확인"
"https://code-destiny.com/guides/common-user-questions-faq/","200","200","true","https://code-destiny.com/guides/common-user-questions-faq/","운세 서비스를 안전하게 이용하는 FAQ | Code Destiny","[{""level"":""h1"",""text"":""운세 서비스를 안전하게 이용하는 FAQ""},{""level"":""h2"",""text"":""오늘의 운세를 가볍게 활용하기""},{""level"":""h2"",""text"":""개인정보와 결제 안내""},{""level"":""h2"",""text"":""주의와 면책""},{""level"":""h2"",""text"":""자주 묻는 질문""},{""level"":""h2"",""text"":""관련 서비스""},{""level"":""h2"",""text"":""다음에 읽을 글""},{""level"":""h2"",""text"":""핵심 운세""},{""level"":""h2"",""text"":""타로 리딩""},{""level"":""h2"",""text"":""신탁 & 특화""},{""level"":""h2"",""text"":""추천 가이드""},{""level"":""h2"",""text"":""디지털 운세 서비스 환불 안내""},{""level"":""h2"",""text"":""면책 고지""},{""level"":""h2"",""text"":""사업자 정보""}]","751","0","true","true","{""@type"":""Person"",""name"":""Code Destiny 편집팀""}","2026-04-13","2026-06-14","ko","true","B","false","[""editorial-review-required""]","retain pending evidence review; no automatic deletion","미확인","미확인","미확인","미확인"
"https://code-destiny.com/guides/complete-guide-to-saju/","200","200","true","https://code-destiny.com/guides/complete-guide-to-saju/","사주팔자 입문 가이드 | Code Destiny","[{""level"":""h1"",""text"":""사주팔자 입문 가이드""},{""level"":""h2"",""text"":""사주는 먼저 네 기둥의 흐름을 살핍니다""},{""level"":""h2"",""text"":""해석은 오늘의 선택을 정돈하는 데 머뭅니다""},{""level"":""h2"",""text"":""주의와 면책""},{""level"":""h2"",""text"":""자주 묻는 질문""},{""level"":""h2"",""text"":""관련 서비스""},{""level"":""h2"",""text"":""다음에 읽을 글""},{""level"":""h2"",""text"":""핵심 운세""},{""level"":""h2"",""text"":""타로 리딩""},{""level"":""h2"",""text"":""신탁 & 특화""},{""level"":""h2"",""text"":""추천 가이드""},{""level"":""h2"",""text"":""디지털 운세 서비스 환불 안내""},{""level"":""h2"",""text"":""면책 고지""},{""level"":""h2"",""text"":""사업자 정보""}]","902","0","true","true","{""@type"":""Person"",""name"":""Code Destiny 편집팀""}","2026-04-13","2026-06-14","ko","true","B","false","[""editorial-review-required""]","retain pending evidence review; no automatic deletion","미확인","미확인","미확인","미확인"
"https://code-destiny.com/guides/how-fusion-fortune-works/","200","200","true","https://code-destiny.com/guides/how-fusion-fortune-works/","AI 운세 통합 해석은 어떻게 읽을까 | Code Destiny","[{""level"":""h1"",""text"":""AI 운세 통합 해석은 어떻게 읽을까""},{""level"":""h2"",""text"":""통합 해석은 같은 말을 반복하는 방식이 아닙니다""},{""level"":""h2"",""text"":""결과를 현실의 선택으로 연결하는 법""},{""level"":""h2"",""text"":""주의와 면책""},{""level"":""h2"",""text"":""자주 묻는 질문""},{""level"":""h2"",""text"":""관련 서비스""},{""level"":""h2"",""text"":""다음에 읽을 글""},{""level"":""h2"",""text"":""핵심 운세""},{""level"":""h2"",""text"":""타로 리딩""},{""level"":""h2"",""text"":""신탁 & 특화""},{""level"":""h2"",""text"":""추천 가이드""},{""level"":""h2"",""text"":""디지털 운세 서비스 환불 안내""},{""level"":""h2"",""text"":""면책 고지""},{""level"":""h2"",""text"":""사업자 정보""}]","931","0","true","true","{""@type"":""Person"",""name"":""Code Destiny 편집팀""}","2026-08-04","2026-08-04","ko","true","B","false","[""editorial-review-required""]","retain pending evidence review; no automatic deletion","미확인","미확인","미확인","미확인"
"https://code-destiny.com/guides/how-tarot-actually-works/","200","200","true","https://code-destiny.com/guides/how-tarot-actually-works/","타로 리딩은 어떻게 작동하나요 | Code Destiny","[{""level"":""h1"",""text"":""타로 리딩은 어떻게 작동하나요""},{""level"":""h2"",""text"":""타로는 상징을 통해 질문을 정리합니다""},{""level"":""h2"",""text"":""건강한 타로 사용법""},{""level"":""h2"",""text"":""주의와 면책""},{""level"":""h2"",""text"":""자주 묻는 질문""},{""level"":""h2"",""text"":""관련 서비스""},{""level"":""h2"",""text"":""다음에 읽을 글""},{""level"":""h2"",""text"":""핵심 운세""},{""level"":""h2"",""text"":""타로 리딩""},{""level"":""h2"",""text"":""신탁 & 특화""},{""level"":""h2"",""text"":""추천 가이드""},{""level"":""h2"",""text"":""디지털 운세 서비스 환불 안내""},{""level"":""h2"",""text"":""면책 고지""},{""level"":""h2"",""text"":""사업자 정보""}]","754","0","true","true","{""@type"":""Person"",""name"":""Code Destiny 편집팀""}","2026-04-13","2026-06-14","ko","true","B","false","[""editorial-review-required""]","retain pending evidence review; no automatic deletion","미확인","미확인","미확인","미확인"
"https://code-destiny.com/guides/how-to-read-manse/","200","200","true","https://code-destiny.com/guides/how-to-read-manse/","만세력 보는 법: 명식부터 오행까지 | Code Destiny","[{""level"":""h1"",""text"":""만세력 보는 법: 명식부터 오행까지""},{""level"":""h2"",""text"":""명식의 네 기둥을 차분히 확인합니다""},{""level"":""h2"",""text"":""일간·오행·십성은 생활 장면으로 풀어 읽습니다""},{""level"":""h2"",""text"":""주의와 면책""},{""level"":""h2"",""text"":""자주 묻는 질문""},{""level"":""h2"",""text"":""관련 서비스""},{""level"":""h2"",""text"":""다음에 읽을 글""},{""level"":""h2"",""text"":""핵심 운세""},{""level"":""h2"",""text"":""타로 리딩""},{""level"":""h2"",""text"":""신탁 & 특화""},{""level"":""h2"",""text"":""추천 가이드""},{""level"":""h2"",""text"":""디지털 운세 서비스 환불 안내""},{""level"":""h2"",""text"":""면책 고지""},{""level"":""h2"",""text"":""사업자 정보""}]","927","0","true","true","{""@type"":""Person"",""name"":""Code Destiny 편집팀""}","2026-08-04","2026-08-04","ko","true","B","false","[""editorial-review-required""]","retain pending evidence review; no automatic deletion","미확인","미확인","미확인","미확인"
"https://code-destiny.com/guides/saju-and-sukuyo-compatibility/","200","200","true","https://code-destiny.com/guides/saju-and-sukuyo-compatibility/","사주 궁합과 숙요 궁합은 어떻게 다를까 | Code Destiny","[{""level"":""h1"",""text"":""사주 궁합과 숙요 궁합은 어떻게 다를까""},{""level"":""h2"",""text"":""사주 궁합은 두 사람의 기질과 운영 방식을 봅니다""},{""level"":""h2"",""text"":""숙요 궁합은 관계의 리듬을 관찰합니다""},{""level"":""h2"",""text"":""주의와 면책""},{""level"":""h2"",""text"":""자주 묻는 질문""},{""level"":""h2"",""text"":""관련 서비스""},{""level"":""h2"",""text"":""다음에 읽을 글""},{""level"":""h2"",""text"":""핵심 운세""},{""level"":""h2"",""text"":""타로 리딩""},{""level"":""h2"",""text"":""신탁 & 특화""},{""level"":""h2"",""text"":""추천 가이드""},{""level"":""h2"",""text"":""디지털 운세 서비스 환불 안내""},{""level"":""h2"",""text"":""면책 고지""},{""level"":""h2"",""text"":""사업자 정보""}]","913","0","true","true","{""@type"":""Person"",""name"":""Code Destiny 편집팀""}","2026-08-04","2026-08-04","ko","true","B","false","[""editorial-review-required""]","retain pending evidence review; no automatic deletion","미확인","미확인","미확인","미확인"
"https://code-destiny.com/guides/saju-and-ziwei-reading/","200","200","true","https://code-destiny.com/guides/saju-and-ziwei-reading/","사주와 자미두수는 무엇이 다를까 | Code Destiny","[{""level"":""h1"",""text"":""사주와 자미두수는 무엇이 다를까""},{""level"":""h2"",""text"":""사주는 기질과 에너지의 흐름을 읽습니다""},{""level"":""h2"",""text"":""자미두수는 삶의 영역별 질문을 비춥니다""},{""level"":""h2"",""text"":""주의와 면책""},{""level"":""h2"",""text"":""자주 묻는 질문""},{""level"":""h2"",""text"":""관련 서비스""},{""level"":""h2"",""text"":""다음에 읽을 글""},{""level"":""h2"",""text"":""핵심 운세""},{""level"":""h2"",""text"":""타로 리딩""},{""level"":""h2"",""text"":""신탁 & 특화""},{""level"":""h2"",""text"":""추천 가이드""},{""level"":""h2"",""text"":""디지털 운세 서비스 환불 안내""},{""level"":""h2"",""text"":""면책 고지""},{""level"":""h2"",""text"":""사업자 정보""}]","916","0","true","true","{""@type"":""Person"",""name"":""Code Destiny 편집팀""}","2026-08-04","2026-08-04","ko","true","B","false","[""editorial-review-required""]","retain pending evidence review; no automatic deletion","미확인","미확인","미확인","미확인"
"https://code-destiny.com/guides/top-10-signs-of-compatibility/","200","200","true","https://code-destiny.com/guides/top-10-signs-of-compatibility/","좋은 궁합을 알아보는 핵심 신호 | Code Destiny","[{""level"":""h1"",""text"":""좋은 궁합을 알아보는 핵심 신호""},{""level"":""h2"",""text"":""점수보다 중요한 관계 신호""},{""level"":""h2"",""text"":""관계 해석을 행동으로 바꾸기""},{""level"":""h2"",""text"":""점수가 같아도 관계가 다르게 흘러가는 이유""},{""level"":""h2"",""text"":""주의와 면책""},{""level"":""h2"",""text"":""자주 묻는 질문""},{""level"":""h2"",""text"":""관련 서비스""},{""level"":""h2"",""text"":""다음에 읽을 글""},{""level"":""h2"",""text"":""핵심 운세""},{""level"":""h2"",""text"":""타로 리딩""},{""level"":""h2"",""text"":""신탁 & 특화""},{""level"":""h2"",""text"":""추천 가이드""},{""level"":""h2"",""text"":""디지털 운세 서비스 환불 안내""},{""level"":""h2"",""text"":""면책 고지""},{""level"":""h2"",""text"":""사업자 정보""}]","1201","0","true","true","{""@type"":""Person"",""name"":""Code Destiny 편집팀""}","2026-04-13","2026-06-14","ko","true","B","false","[""editorial-review-required""]","retain pending evidence review; no automatic deletion","미확인","미확인","미확인","미확인"
"https://code-destiny.com/guides/understanding-your-destiny/","200","200","true","https://code-destiny.com/guides/understanding-your-destiny/","운명 해석을 현실적으로 읽는 법 | Code Destiny","[{""level"":""h1"",""text"":""운명 해석을 현실적으로 읽는 법""},{""level"":""h2"",""text"":""운명을 패턴으로 바라보기""},{""level"":""h2"",""text"":""단정 대신 기록하기""},{""level"":""h2"",""text"":""주의와 면책""},{""level"":""h2"",""text"":""자주 묻는 질문""},{""level"":""h2"",""text"":""관련 서비스""},{""level"":""h2"",""text"":""다음에 읽을 글""},{""level"":""h2"",""text"":""핵심 운세""},{""level"":""h2"",""text"":""타로 리딩""},{""level"":""h2"",""text"":""신탁 & 특화""},{""level"":""h2"",""text"":""추천 가이드""},{""level"":""h2"",""text"":""디지털 운세 서비스 환불 안내""},{""level"":""h2"",""text"":""면책 고지""},{""level"":""h2"",""text"":""사업자 정보""}]","740","0","true","true","{""@type"":""Person"",""name"":""Code Destiny 편집팀""}","2026-04-13","2026-06-14","ko","true","B","false","[""editorial-review-required""]","retain pending evidence review; no automatic deletion","미확인","미확인","미확인","미확인"
"https://code-destiny.com/guides/vedic-and-western-astrology/","200","200","true","https://code-destiny.com/guides/vedic-and-western-astrology/","베다 점성술과 서양 점성술의 차이 | Code Destiny","[{""level"":""h1"",""text"":""베다 점성술과 서양 점성술의 차이""},{""level"":""h2"",""text"":""베다 점성술은 라그나와 다샤의 흐름을 봅니다""},{""level"":""h2"",""text"":""서양 점성술은 차트의 상징과 관계를 읽습니다""},{""level"":""h2"",""text"":""주의와 면책""},{""level"":""h2"",""text"":""자주 묻는 질문""},{""level"":""h2"",""text"":""관련 서비스""},{""level"":""h2"",""text"":""다음에 읽을 글""},{""level"":""h2"",""text"":""핵심 운세""},{""level"":""h2"",""text"":""타로 리딩""},{""level"":""h2"",""text"":""신탁 & 특화""},{""level"":""h2"",""text"":""추천 가이드""},{""level"":""h2"",""text"":""디지털 운세 서비스 환불 안내""},{""level"":""h2"",""text"":""면책 고지""},{""level"":""h2"",""text"":""사업자 정보""}]","935","0","true","true","{""@type"":""Person"",""name"":""Code Destiny 편집팀""}","2026-08-04","2026-08-04","ko","true","B","false","[""editorial-review-required""]","retain pending evidence review; no automatic deletion","미확인","미확인","미확인","미확인"
"https://code-destiny.com/guides/what-your-birth-date-says-about-you/","200","200","true","https://code-destiny.com/guides/what-your-birth-date-says-about-you/","생년월일로 보는 성향 해석 | Code Destiny","[{""level"":""h1"",""text"":""생년월일로 보는 성향 해석""},{""level"":""h2"",""text"":""출생 정보는 상징적 좌표입니다""},{""level"":""h2"",""text"":""현실과 함께 읽기""},{""level"":""h2"",""text"":""해석이 어긋나 보일 때 확인하는 순서""},{""level"":""h2"",""text"":""주의와 면책""},{""level"":""h2"",""text"":""자주 묻는 질문""},{""level"":""h2"",""text"":""관련 서비스""},{""level"":""h2"",""text"":""다음에 읽을 글""},{""level"":""h2"",""text"":""핵심 운세""},{""level"":""h2"",""text"":""타로 리딩""},{""level"":""h2"",""text"":""신탁 & 특화""},{""level"":""h2"",""text"":""추천 가이드""},{""level"":""h2"",""text"":""디지털 운세 서비스 환불 안내""},{""level"":""h2"",""text"":""면책 고지""},{""level"":""h2"",""text"":""사업자 정보""}]","1165","0","true","true","{""@type"":""Person"",""name"":""Code Destiny 편집팀""}","2026-04-13","2026-06-14","ko","true","B","false","[""editorial-review-required""]","retain pending evidence review; no automatic deletion","미확인","미확인","미확인","미확인"
"https://code-destiny.com/health-report/guide/","200","200","true","https://code-destiny.com/health-report/guide/","명리 헬스 리포트 사용 시 주의사항 | Code Destiny","[{""level"":""h1"",""text"":""명리 헬스 리포트 사용 시 주의사항""},{""level"":""h2"",""text"":""헬스 리포트가 살피는 것""},{""level"":""h2"",""text"":""필요한 입력값""},{""level"":""h2"",""text"":""어떤 때 참고하면 좋은가""},{""level"":""h2"",""text"":""무료와 유료 범위""},{""level"":""h2"",""text"":""해석 흐름""},{""level"":""h2"",""text"":""결과에서 확인할 수 있는 항목""},{""level"":""h2"",""text"":""짧은 예시 리딩""},{""level"":""h2"",""text"":""의료 고지""},{""level"":""h2"",""text"":""명리 헬스 리포트로 건강 상태를 진단할 수 있나요?""},{""level"":""h2"",""text"":""오행이 약하면 건강이 나쁘다는 뜻인가요?""},{""level"":""h2"",""text"":""리포트 결과가 불안하게 느껴지면 어떻게 하나요?""},{""level"":""h2"",""text"":""내 사주로 생활 리듬을 살펴보세요""},{""level"":""h2"",""text"":""핵심 운세""},{""level"":""h2"",""text"":""타로 리딩""},{""level"":""h2"",""text"":""신탁 & 특화""},{""level"":""h2"",""text"":""추천 가이드""},{""level"":""h2"",""text"":""디지털 운세 서비스 환불 안내""},{""level"":""h2"",""text"":""면책 고지""},{""level"":""h2"",""text"":""사업자 정보""}]","1516","0","true","true","{""@type"":""Person"",""@id"":""https://code-destiny.com/#author"",""name"":""박병하"",""jobTitle"":""명리학자"",""description"":""10년 경력의 명리학자. Code Destiny 가 공개하는 사주·운세 콘텐츠의 최종 검수 책임자입니다."",""knowsAbout"":[""사주"",""명리학"",""만세력"",""자미두수"",""숙요점""],""url"":""https://code-destiny.com/about"",""worksFor"":{""@type"":""Organization"",""@id"":""https://code-destiny.com/#organization"",""name"":""CODE DESTINY""}}","2026-06-21","2026-09-06","ko","true","B","false","[""editorial-review-required""]","retain pending evidence review; no automatic deletion","미확인","미확인","미확인","미확인"
"https://code-destiny.com/human-design/","200","200","false","","휴먼 디자인 · 나를 설계한 에너지 지도 | Code Destiny","[{""level"":""h1"",""text"":""나를 설계한 에너지 지도""}]","290","0","true","false","미확인","미확인","미확인","ko","false","C","true","[]","verify existing disposition","미확인","미확인","미확인","미확인"
"https://code-destiny.com/ifa-oracle","200","200","false","https://code-destiny.com/ifa-oracle.html","IFA 오라클 | 코드 데스티니","[{""level"":""h1"",""text"":""IFÀ""}]","260","260","false","false","미확인","미확인","미확인","ko","false","C","true","[]","verify existing disposition","미확인","미확인","미확인","미확인"
"https://code-destiny.com/insights/","200","200","true","https://code-destiny.com/insights/","운세 인사이트 허브 · 사주·타로·자미두수 | Code Destiny","[{""level"":""h1"",""text"":""운세 인사이트 허브 — 사주·자미두수·숙요점·타로 가이드""},{""level"":""h2"",""text"":""기능 가이드""},{""level"":""h2"",""text"":""인사이트 아카이브 전체 글""},{""level"":""h2"",""text"":""처음 읽는 운세 용어를 이해하는 방법""},{""level"":""h2"",""text"":""궁금한 주제에서 시작하기""},{""level"":""h2"",""text"":""해석을 실제 선택으로 옮기기""},{""level"":""h2"",""text"":""공개 글의 범위와 내용 문의""},{""level"":""h2"",""text"":""핵심 운세""},{""level"":""h2"",""text"":""타로 리딩""},{""level"":""h2"",""text"":""신탁 & 특화""},{""level"":""h2"",""text"":""추천 가이드""},{""level"":""h2"",""text"":""디지털 운세 서비스 환불 안내""},{""level"":""h2"",""text"":""면책 고지""},{""level"":""h2"",""text"":""사업자 정보""}]","1417","0","true","false","미확인","미확인","미확인","ko","true","B","false","[]","retain pending evidence review; no automatic deletion","미확인","미확인","미확인","미확인"
"https://code-destiny.com/insights/?page=2","200","200","true","https://code-destiny.com/insights/","운세 인사이트 허브 · 사주·타로·자미두수 | Code Destiny","[{""level"":""h1"",""text"":""운세 인사이트 허브 — 사주·자미두수·숙요점·타로 가이드""},{""level"":""h2"",""text"":""기능 가이드""},{""level"":""h2"",""text"":""인사이트 아카이브 전체 글""},{""level"":""h2"",""text"":""처음 읽는 운세 용어를 이해하는 방법""},{""level"":""h2"",""text"":""궁금한 주제에서 시작하기""},{""level"":""h2"",""text"":""해석을 실제 선택으로 옮기기""},{""level"":""h2"",""text"":""공개 글의 범위와 내용 문의""},{""level"":""h2"",""text"":""핵심 운세""},{""level"":""h2"",""text"":""타로 리딩""},{""level"":""h2"",""text"":""신탁 & 특화""},{""level"":""h2"",""text"":""추천 가이드""},{""level"":""h2"",""text"":""디지털 운세 서비스 환불 안내""},{""level"":""h2"",""text"":""면책 고지""},{""level"":""h2"",""text"":""사업자 정보""}]","1417","0","true","false","미확인","미확인","미확인","ko","false","B","false","[]","retain pending evidence review; no automatic deletion","미확인","미확인","미확인","미확인"
"https://code-destiny.com/insights/?q=saju","200","200","true","https://code-destiny.com/insights/","운세 인사이트 허브 · 사주·타로·자미두수 | Code Destiny","[{""level"":""h1"",""text"":""운세 인사이트 허브 — 사주·자미두수·숙요점·타로 가이드""},{""level"":""h2"",""text"":""기능 가이드""},{""level"":""h2"",""text"":""인사이트 아카이브 전체 글""},{""level"":""h2"",""text"":""처음 읽는 운세 용어를 이해하는 방법""},{""level"":""h2"",""text"":""궁금한 주제에서 시작하기""},{""level"":""h2"",""text"":""해석을 실제 선택으로 옮기기""},{""level"":""h2"",""text"":""공개 글의 범위와 내용 문의""},{""level"":""h2"",""text"":""핵심 운세""},{""level"":""h2"",""text"":""타로 리딩""},{""level"":""h2"",""text"":""신탁 & 특화""},{""level"":""h2"",""text"":""추천 가이드""},{""level"":""h2"",""text"":""디지털 운세 서비스 환불 안내""},{""level"":""h2"",""text"":""면책 고지""},{""level"":""h2"",""text"":""사업자 정보""}]","1417","0","true","false","미확인","미확인","미확인","ko","false","B","false","[]","retain pending evidence review; no automatic deletion","미확인","미확인","미확인","미확인"
"https://code-destiny.com/insights/africa-divination-traditions-deep-guide/","200","200","true","https://code-destiny.com/insights/africa-divination-traditions-deep-guide/","아프리카 점복 전통 — 이파(Ifa)와 공동체의 지혜","[{""level"":""h1"",""text"":""아프리카 점복 전통 심화 가이드: 이파(Ifa)와 공동체의 지혜""},{""level"":""h2"",""text"":""공동체가 먼저다: 개인의 운명보다 관계와 책임""},{""level"":""h2"",""text"":""이파(Ifa) 점복의 구조: 바발라워, 오펠레, 256개의 오두""},{""level"":""h2"",""text"":""왜 정답이 아니라 이야기인가: 서사적 해석의 힘""},{""level"":""h2"",""text"":""이파를 넘어서: 마다가스카르의 시키디와 남부 아프리카의 뼈점""},{""level"":""h2"",""text"":""점복은 공동체의 의사결정 기술이었다""},{""level"":""h2"",""text"":""오늘의 나에게 적용하는 법: \""무엇을 얻을까\""에서 \""무엇을 책임질까\""로""},{""level"":""h2"",""text"":""존중하며 다가가기: 살아있는 전통을 대하는 태도""},{""level"":""h2"",""text"":""실전 팁 및 미니 FAQ""},{""level"":""h3"",""text"":""Q. 이파는 미래를 정확히 맞히는 예언인가요?""},{""level"":""h3"",""text"":""Q. 아무나 오두와 에세 이파를 해석할 수 있나요?""},{""level"":""h3"",""text"":""Q. 오늘 바로 적용해볼 수 있는 방법은?""},{""level"":""h2"",""text"":""여섯 체계를 교차 검증하는 초융합 심층 리딩""},{""level"":""h2"",""text"":""함께 보면 좋은 인사이트""},{""level"":""h3"",""text"":""중동 점복 전통 심화 가이드: 지오맨시·커피점·해몽의 세계""},{""level"":""h2"",""text"":""핵심 운세""},{""level"":""h2"",""text"":""타로 리딩""},{""level"":""h2"",""text"":""신탁 & 특화""},{""level"":""h2"",""text"":""추천 가이드""},{""level"":""h2"",""text"":""디지털 운세 서비스 환불 안내""},{""level"":""h2"",""text"":""면책 고지""},{""level"":""h2"",""text"":""사업자 정보""}]","5589","0","true","true","{""@type"":""Person"",""@id"":""https://code-destiny.com/#author"",""name"":""박병하"",""jobTitle"":""명리학자"",""description"":""10년 경력의 명리학자. Code Destiny 가 공개하는 사주·운세 콘텐츠의 최종 검수 책임자입니다."",""knowsAbout"":[""사주"",""명리학"",""만세력"",""자미두수"",""숙요점""],""url"":""https://code-destiny.com/about"",""worksFor"":{""@type"":""Organization"",""@id"":""https://code-destiny.com/#organization"",""name"":""CODE DESTINY""}}","2026-07-11T00:00:00.000Z","2026-07-11T00:00:00.000Z","ko","true","B","false","[""editorial-review-required""]","retain pending evidence review; no automatic deletion","미확인","미확인","미확인","미확인"
"https://code-destiny.com/insights/annual-fortune-reading-checklist-no-fear/","200","200","true","https://code-destiny.com/insights/annual-fortune-reading-checklist-no-fear/","신년운세, 두려움 없이 읽는 법 | 운세 인사이트","[{""level"":""h1"",""text"":""신년운세, 두려움 없이 읽는 법""},{""level"":""h2"",""text"":""운세는 미래를 결정하는 것이 아니라 방향을 알려주는 지도이다""},{""level"":""h2"",""text"":""좋은 운도 준비하지 않으면 지나간다""},{""level"":""h2"",""text"":""나쁜 운은 실패를 의미하지 않는다""},{""level"":""h2"",""text"":""운세는 확률을 말할 뿐, 운명을 단정하지 않는다""},{""level"":""h2"",""text"":""신년운세는 계획표처럼 활용해야 한다""},{""level"":""h2"",""text"":""운보다 중요한 것은 선택이다""},{""level"":""h2"",""text"":""두려움이 아니라 통찰을 얻어야 한다""},{""level"":""h2"",""text"":""마무리""},{""level"":""h2"",""text"":""여섯 체계를 교차 검증하는 초융합 심층 리딩""},{""level"":""h2"",""text"":""함께 보면 좋은 인사이트""},{""level"":""h3"",""text"":""신년운세 완전 가이드: 1년을 설계하는 전략 도구로 쓰는 법""},{""level"":""h3"",""text"":""대운·세운 읽는 법 — 명리학에서 운(運)을 해석하는 가장 중요한 원리""},{""level"":""h2"",""text"":""핵심 운세""},{""level"":""h2"",""text"":""타로 리딩""},{""level"":""h2"",""text"":""신탁 & 특화""},{""level"":""h2"",""text"":""추천 가이드""},{""level"":""h2"",""text"":""디지털 운세 서비스 환불 안내""},{""level"":""h2"",""text"":""면책 고지""},{""level"":""h2"",""text"":""사업자 정보""}]","2541","0","true","true","{""@type"":""Person"",""@id"":""https://code-destiny.com/#author"",""name"":""박병하"",""jobTitle"":""명리학자"",""description"":""10년 경력의 명리학자. Code Destiny 가 공개하는 사주·운세 콘텐츠의 최종 검수 책임자입니다."",""knowsAbout"":[""사주"",""명리학"",""만세력"",""자미두수"",""숙요점""],""url"":""https://code-destiny.com/about"",""worksFor"":{""@type"":""Organization"",""@id"":""https://code-destiny.com/#organization"",""name"":""CODE DESTINY""}}","2026-07-10T00:00:00.000Z","2026-07-10T00:00:00.000Z","ko","true","B","false","[""editorial-review-required""]","retain pending evidence review; no automatic deletion","미확인","미확인","미확인","미확인"
"https://code-destiny.com/insights/asia-divination-traditions-deep-guide/","200","200","true","https://code-destiny.com/insights/asia-divination-traditions-deep-guide/","아시아 점복 전통 — 주역·사주·자미두수의 세계","[{""level"":""h1"",""text"":""아시아 점복 전통 완전 가이드: 주역·사주·자미두수의 세계""},{""level"":""h2"",""text"":""아시아 점복을 관통하는 하나의 질문 — \""지금은 어떤 때인가\""""},{""level"":""h2"",""text"":""중화권의 세 도구 — 주역, 사주명리, 자미두수는 경쟁하지 않는다""},{""level"":""h2"",""text"":""인도권의 정교함 — 베다점성술과 낙샤트라 27수""},{""level"":""h2"",""text"":""전승의 다리 — 낙샤트라가 슈쿠요도가 되기까지""},{""level"":""h2"",""text"":""한반도와 일본의 민속 점복 — 택일과 공동체의 안녕""},{""level"":""h2"",""text"":""아시아 점복 3축 비교 — 무엇을 계산하고, 무엇을 묻고, 어떻게 검증하는가""},{""level"":""h2"",""text"":""처음 시작하는 사람을 위한 실전 팁""},{""level"":""h2"",""text"":""여섯 체계를 교차 검증하는 초융합 심층 리딩""},{""level"":""h2"",""text"":""자미두수 사이트 — 무료 명반과 12궁 풀이""},{""level"":""h2"",""text"":""함께 보면 좋은 인사이트""},{""level"":""h3"",""text"":""탐랑성(貪狼星) 완전 해설 — 자미두수의 욕망·재능·도화를 상징하는 별""},{""level"":""h3"",""text"":""거문성(巨門星) 완전 해설 — 자미두수의 말·분석·시비를 상징하는 암성(暗星)""},{""level"":""h3"",""text"":""칠살성(七殺星) 완전 해설 — 자미두수의 결단·개척·고독을 상징하는 장성(將星)""},{""level"":""h3"",""text"":""파군성(破軍星) 완전 해설 — 자미두수의 변혁·재창조를 상징하는 모성(耗星)""},{""level"":""h3"",""text"":""천기성(天機星) 완전 해설 — 자미두수의 지혜·기획·변화를 상징하는 참모의 별""},{""level"":""h3"",""text"":""염정성(廉貞星) 완전 해설 — 자미두수의 원칙·집념·감정의 진폭을 상징하는 수성(囚星)""},{""level"":""h2"",""text"":""핵심 운세""},{""level"":""h2"",""text"":""타로 리딩""},{""level"":""h2"",""text"":""신탁 & 특화""},{""level"":""h2"",""text"":""추천 가이드""},{""level"":""h2"",""text"":""디지털 운세 서비스 환불 안내""},{""level"":""h2"",""text"":""면책 고지""},{""level"":""h2"",""text"":""사업자 정보""}]","6097","0","true","true","{""@type"":""Person"",""@id"":""https://code-destiny.com/#author"",""name"":""박병하"",""jobTitle"":""명리학자"",""description"":""10년 경력의 명리학자. Code Destiny 가 공개하는 사주·운세 콘텐츠의 최종 검수 책임자입니다."",""knowsAbout"":[""사주"",""명리학"",""만세력"",""자미두수"",""숙요점""],""url"":""https://code-destiny.com/about"",""worksFor"":{""@type"":""Organization"",""@id"":""https://code-destiny.com/#organization"",""name"":""CODE DESTINY""}}","2026-07-11T00:00:00.000Z","2026-07-11T00:00:00.000Z","ko","true","B","false","[""editorial-review-required""]","retain pending evidence review; no automatic deletion","미확인","미확인","미확인","미확인"
"https://code-destiny.com/insights/astrology-birth-chart-guide/","200","200","true","https://code-destiny.com/insights/astrology-birth-chart-guide/","네이탈 차트 완전 가이드 — 태양·달·상승궁","[{""level"":""h1"",""text"":""네이탈 차트 완전 가이드: 태양·달·상승궁 3축 읽는 법""},{""level"":""h2"",""text"":""출생 차트, 무엇으로 계산되나 — 시간이 중요한 이유""},{""level"":""h2"",""text"":""차트를 이루는 4개 층위 — 행성·별자리·하우스·각도라는 문법""},{""level"":""h2"",""text"":""태양궁 — 나라는 사람의 핵심 동기""},{""level"":""h2"",""text"":""달궁 — 감정과 무의식의 리듬""},{""level"":""h2"",""text"":""상승궁 — 세상에 처음 비치는 인상""},{""level"":""h2"",""text"":""세 축이 다른 방향을 가리킬 때 — 처녀자리 태양·물고기자리 달·사자자리 상승 예시""},{""level"":""h3"",""text"":""질문에 따라 어떤 축을 먼저 볼까""},{""level"":""h2"",""text"":""베다 점성술과의 차이 — 항성 기준으로 보면""},{""level"":""h2"",""text"":""실전 팁과 자주 묻는 질문""},{""level"":""h3"",""text"":""태어난 시간을 정확히 모르면 어떻게 하나요?""},{""level"":""h3"",""text"":""태양궁과 상승궁이 같은 별자리라면?""},{""level"":""h3"",""text"":""차트 해석을 어디까지 믿어야 하나요?""},{""level"":""h2"",""text"":""여섯 체계를 교차 검증하는 초융합 심층 리딩""},{""level"":""h2"",""text"":""베다점 사이트 — 인도 베다 점성술(조티쉬) 무료 차트""},{""level"":""h2"",""text"":""함께 보면 좋은 인사이트""},{""level"":""h3"",""text"":""나밤샤(D9) 완전 가이드: 결혼과 행성의 진짜 힘 읽는 법""},{""level"":""h3"",""text"":""베다 궁합 구나 밀라나 36점법 완전 기초 가이드""},{""level"":""h3"",""text"":""다샤·고차르·우파야 완전정복: 베다점성술 실전 가이드""},{""level"":""h3"",""text"":""베다점성술 역행 행성(바크리) 완전 해석: 약점 아닌 강함의 신호""},{""level"":""h3"",""text"":""문라시(찬드라 라시) 감정 관리 루틴: 하루 6분 실천법""},{""level"":""h3"",""text"":""베다점성술 90일 트랜짓 저널 템플릿: 사실과 감정 분리법""},{""level"":""h2"",""text"":""핵심 운세""},{""level"":""h2"",""text"":""타로 리딩""},{""level"":""h2"",""text"":""신탁 & 특화""},{""level"":""h2"",""text"":""추천 가이드""},{""level"":""h2"",""text"":""디지털 운세 서비스 환불 안내""},{""level"":""h2"",""text"":""면책 고지""},{""level"":""h2"",""text"":""사업자 정보""}]","4664","0","true","true","{""@type"":""Person"",""@id"":""https://code-destiny.com/#author"",""name"":""박병하"",""jobTitle"":""명리학자"",""description"":""10년 경력의 명리학자. Code Destiny 가 공개하는 사주·운세 콘텐츠의 최종 검수 책임자입니다."",""knowsAbout"":[""사주"",""명리학"",""만세력"",""자미두수"",""숙요점""],""url"":""https://code-destiny.com/about"",""worksFor"":{""@type"":""Organization"",""@id"":""https://code-destiny.com/#organization"",""name"":""CODE DESTINY""}}","2026-07-04T00:00:00.000Z","2026-07-04T00:00:00.000Z","ko","true","B","false","[""editorial-review-required""]","retain pending evidence review; no automatic deletion","미확인","미확인","미확인","미확인"
"https://code-destiny.com/insights/astrology-houses-what-is/","200","200","true","https://code-destiny.com/insights/astrology-houses-what-is/","점성술 하우스란? 12하우스 완벽 가이드","[{""level"":""h1"",""text"":""점성술 하우스란? 12하우스 완벽 가이드와 해석법""},{""level"":""h2"",""text"":""하우스란 무엇인가 — 상승점(어센던트)이 만드는 12개의 방""},{""level"":""h2"",""text"":""12하우스 전체 지도 — 각 하우스가 관장하는 영역""},{""level"":""h2"",""text"":""앵귤러 하우스(1·4·7·10) — 인생의 뼈대를 이루는 4개의 축""},{""level"":""h2"",""text"":""한 하우스에 행성이 몰려 있다면? — 스텔리움 읽는 법""},{""level"":""h2"",""text"":""\""빈 하우스\""의 오해 — 행성이 없다고 그 영역이 사라지는 것은 아닙니다""},{""level"":""h2"",""text"":""행성×별자리×하우스 — 세 가지를 함께 읽는 해석 문법""},{""level"":""h2"",""text"":""하우스 해석 실전 팁 & 자주 묻는 질문""},{""level"":""h3"",""text"":""하우스 해석, 어디서부터 시작하면 될까요?""},{""level"":""h3"",""text"":""하우스 시스템에 따라 결과가 달라지나요?""},{""level"":""h3"",""text"":""하우스와 사주의 '궁(宮)'은 같은 개념인가요?""},{""level"":""h2"",""text"":""여섯 체계를 교차 검증하는 초융합 심층 리딩""},{""level"":""h2"",""text"":""무료 점성술 운세 — 출생차트로 보는 별자리""},{""level"":""h2"",""text"":""함께 보면 좋은 인사이트""},{""level"":""h3"",""text"":""서양 점성술과 사주명리학의 차이 완전 가이드""},{""level"":""h3"",""text"":""시나스트리 궁합 차트 완전 가이드: 우리 둘의 별자리 궁합은?""},{""level"":""h3"",""text"":""수성 역행 실전 대응 가이드: 흔들리지 않는 3주를 위한 체크리스트""},{""level"":""h3"",""text"":""신월·보름달 운세 루틴 완전 가이드: 달의 흐름 따라 사는 법""},{""level"":""h3"",""text"":""커리어 운으로 면접·시험 합격률 높이는 준비 전략""},{""level"":""h3"",""text"":""수면 리듬과 에너지·운의 관계, 시진으로 보는 숙면 가이드""},{""level"":""h2"",""text"":""핵심 운세""},{""level"":""h2"",""text"":""타로 리딩""},{""level"":""h2"",""text"":""신탁 & 특화""},{""level"":""h2"",""text"":""추천 가이드""},{""level"":""h2"",""text"":""디지털 운세 서비스 환불 안내""},{""level"":""h2"",""text"":""면책 고지""},{""level"":""h2"",""text"":""사업자 정보""}]","5752","0","true","true","{""@type"":""Person"",""@id"":""https://code-destiny.com/#author"",""name"":""박병하"",""jobTitle"":""명리학자"",""description"":""10년 경력의 명리학자. Code Destiny 가 공개하는 사주·운세 콘텐츠의 최종 검수 책임자입니다."",""knowsAbout"":[""사주"",""명리학"",""만세력"",""자미두수"",""숙요점""],""url"":""https://code-destiny.com/about"",""worksFor"":{""@type"":""Organization"",""@id"":""https://code-destiny.com/#organization"",""name"":""CODE DESTINY""}}","2026-07-04T00:00:00.000Z","2026-07-04T00:00:00.000Z","ko","true","B","false","[""editorial-review-required""]","retain pending evidence review; no automatic deletion","미확인","미확인","미확인","미확인"
"https://code-destiny.com/insights/astrology-mercury-retrograde-practical-guide/","200","200","true","https://code-destiny.com/insights/astrology-mercury-retrograde-practical-guide/","수성 역행 실전 대응 — 3주 체크리스트","[{""level"":""h1"",""text"":""수성 역행 실전 대응 가이드: 흔들리지 않는 3주를 위한 체크리스트""},{""level"":""h2"",""text"":""천문학적 사실과 점성술적 해석은 다르다""},{""level"":""h2"",""text"":""전통적으로 수성 역행이 흔든다고 여겨지는 4가지 영역""},{""level"":""h2"",""text"":""역행 자체보다 중요한 '그림자 기간' 3단계 구조""},{""level"":""h2"",""text"":""실전 대응 수칙 — 이럴 땐 이렇게""},{""level"":""h2"",""text"":""모든 문제가 수성 역행 탓은 아니다""},{""level"":""h2"",""text"":""수성 역행, 얼마나 자주 찾아올까?""},{""level"":""h2"",""text"":""실전 체크리스트 & 자주 묻는 질문""},{""level"":""h3"",""text"":""Q. 수성 역행 기간에는 아무것도 시작하면 안 되나요?""},{""level"":""h3"",""text"":""Q. 역행이 끝나면 바로 괜찮아지나요?""},{""level"":""h2"",""text"":""여섯 체계를 교차 검증하는 초융합 심층 리딩""},{""level"":""h2"",""text"":""무료 점성술 운세 — 출생차트로 보는 별자리""},{""level"":""h2"",""text"":""함께 보면 좋은 인사이트""},{""level"":""h3"",""text"":""서양 점성술과 사주명리학의 차이 완전 가이드""},{""level"":""h3"",""text"":""시나스트리 궁합 차트 완전 가이드: 우리 둘의 별자리 궁합은?""},{""level"":""h3"",""text"":""신월·보름달 운세 루틴 완전 가이드: 달의 흐름 따라 사는 법""},{""level"":""h3"",""text"":""커리어 운으로 면접·시험 합격률 높이는 준비 전략""},{""level"":""h3"",""text"":""수면 리듬과 에너지·운의 관계, 시진으로 보는 숙면 가이드""},{""level"":""h3"",""text"":""점성술 하우스란? 12하우스 완벽 가이드와 해석법""},{""level"":""h2"",""text"":""핵심 운세""},{""level"":""h2"",""text"":""타로 리딩""},{""level"":""h2"",""text"":""신탁 & 특화""},{""level"":""h2"",""text"":""추천 가이드""},{""level"":""h2"",""text"":""디지털 운세 서비스 환불 안내""},{""level"":""h2"",""text"":""면책 고지""},{""level"":""h2"",""text"":""사업자 정보""}]","4982","0","true","true","{""@type"":""Person"",""@id"":""https://code-destiny.com/#author"",""name"":""박병하"",""jobTitle"":""명리학자"",""description"":""10년 경력의 명리학자. Code Destiny 가 공개하는 사주·운세 콘텐츠의 최종 검수 책임자입니다."",""knowsAbout"":[""사주"",""명리학"",""만세력"",""자미두수"",""숙요점""],""url"":""https://code-destiny.com/about"",""worksFor"":{""@type"":""Organization"",""@id"":""https://code-destiny.com/#organization"",""name"":""CODE DESTINY""}}","2026-07-11T00:00:00.000Z","2026-07-11T00:00:00.000Z","ko","true","B","false","[""editorial-review-required""]","retain pending evidence review; no automatic deletion","미확인","미확인","미확인","미확인"
"https://code-destiny.com/insights/astrology-synastry-compatibility-fun-guide/","200","200","true","https://code-destiny.com/insights/astrology-synastry-compatibility-fun-guide/","시나스트리 궁합 차트 — 별자리 궁합 가이드","[{""level"":""h1"",""text"":""시나스트리 궁합 차트 완전 가이드: 우리 둘의 별자리 궁합은?""},{""level"":""h2"",""text"":""시나스트리란 무엇인가: 두 장의 차트를 겹쳐 읽는 기술""},{""level"":""h2"",""text"":""반드시 확인해야 할 행성 조합 4가지""},{""level"":""h3"",""text"":""태양-달: 서로를 이해하는 마음의 언어""},{""level"":""h3"",""text"":""금성-화성: 끌림과 로맨틱 케미스트리""},{""level"":""h3"",""text"":""달-달, 금성-금성: 정서적 리듬과 가치관의 궁합""},{""level"":""h2"",""text"":""스퀘어·오포지션, 정말 나쁜 신호일까요""},{""level"":""h2"",""text"":""시나스트리와 컴포지트 차트, 뭐가 다른가요""},{""level"":""h2"",""text"":""내 차트와 상대방 차트, 직접 비교해보는 법""},{""level"":""h2"",""text"":""미니 FAQ""},{""level"":""h3"",""text"":""어스펙트가 많이 어긋나면 안 맞는 건가요?""},{""level"":""h3"",""text"":""궁합이 안 좋게 나오면 만나지 말아야 하나요?""},{""level"":""h3"",""text"":""태양자리 궁합표랑은 뭐가 다른가요?""},{""level"":""h2"",""text"":""여섯 체계를 교차 검증하는 초융합 심층 리딩""},{""level"":""h2"",""text"":""무료 점성술 운세 — 출생차트로 보는 별자리""},{""level"":""h2"",""text"":""함께 보면 좋은 인사이트""},{""level"":""h3"",""text"":""서양 점성술과 사주명리학의 차이 완전 가이드""},{""level"":""h3"",""text"":""수성 역행 실전 대응 가이드: 흔들리지 않는 3주를 위한 체크리스트""},{""level"":""h3"",""text"":""신월·보름달 운세 루틴 완전 가이드: 달의 흐름 따라 사는 법""},{""level"":""h3"",""text"":""커리어 운으로 면접·시험 합격률 높이는 준비 전략""},{""level"":""h3"",""text"":""수면 리듬과 에너지·운의 관계, 시진으로 보는 숙면 가이드""},{""level"":""h3"",""text"":""점성술 하우스란? 12하우스 완벽 가이드와 해석법""},{""level"":""h2"",""text"":""핵심 운세""},{""level"":""h2"",""text"":""타로 리딩""},{""level"":""h2"",""text"":""신탁 & 특화""},{""level"":""h2"",""text"":""추천 가이드""},{""level"":""h2"",""text"":""디지털 운세 서비스 환불 안내""},{""level"":""h2"",""text"":""면책 고지""},{""level"":""h2"",""text"":""사업자 정보""}]","4938","0","true","true","{""@type"":""Person"",""@id"":""https://code-destiny.com/#author"",""name"":""박병하"",""jobTitle"":""명리학자"",""description"":""10년 경력의 명리학자. Code Destiny 가 공개하는 사주·운세 콘텐츠의 최종 검수 책임자입니다."",""knowsAbout"":[""사주"",""명리학"",""만세력"",""자미두수"",""숙요점""],""url"":""https://code-destiny.com/about"",""worksFor"":{""@type"":""Organization"",""@id"":""https://code-destiny.com/#organization"",""name"":""CODE DESTINY""}}","2026-07-11T00:00:00.000Z","2026-07-11T00:00:00.000Z","ko","true","B","false","[""editorial-review-required""]","retain pending evidence review; no automatic deletion","0","13","{""from"":""2026-06-07"",""to"":""2026-09-06""}","미확인"
"https://code-destiny.com/insights/astrology-vs-saju-differences/","200","200","true","https://code-destiny.com/insights/astrology-vs-saju-differences/","서양 점성술과 사주명리학의 차이 완전 가이드 | 운세 인사이트","[{""level"":""h1"",""text"":""서양 점성술과 사주명리학의 차이 완전 가이드""},{""level"":""h2"",""text"":""뿌리부터 다른 두 전통 — 바빌로니아의 하늘과 동양의 음양오행""},{""level"":""h2"",""text"":""데이터 구조의 차이 — 실제 천체 위치와 여덟 글자""},{""level"":""h2"",""text"":""해석의 강점 — 점성술의 심리적 뉘앙스, 사주의 인생 타이밍""},{""level"":""h2"",""text"":""한눈에 보는 비교표""},{""level"":""h2"",""text"":""어떤 질문엔 어떤 도구가 어울릴까""},{""level"":""h2"",""text"":""두 체계를 함께 활용하는 법 — 모순 없이 통합하기""},{""level"":""h2"",""text"":""실전 팁 — 과잉 해석을 피하는 법""},{""level"":""h2"",""text"":""여섯 체계를 교차 검증하는 초융합 심층 리딩""},{""level"":""h2"",""text"":""무료 점성술 운세 — 출생차트로 보는 별자리""},{""level"":""h2"",""text"":""함께 보면 좋은 인사이트""},{""level"":""h3"",""text"":""시나스트리 궁합 차트 완전 가이드: 우리 둘의 별자리 궁합은?""},{""level"":""h3"",""text"":""수성 역행 실전 대응 가이드: 흔들리지 않는 3주를 위한 체크리스트""},{""level"":""h3"",""text"":""신월·보름달 운세 루틴 완전 가이드: 달의 흐름 따라 사는 법""},{""level"":""h3"",""text"":""커리어 운으로 면접·시험 합격률 높이는 준비 전략""},{""level"":""h3"",""text"":""수면 리듬과 에너지·운의 관계, 시진으로 보는 숙면 가이드""},{""level"":""h3"",""text"":""점성술 하우스란? 12하우스 완벽 가이드와 해석법""},{""level"":""h2"",""text"":""핵심 운세""},{""level"":""h2"",""text"":""타로 리딩""},{""level"":""h2"",""text"":""신탁 & 특화""},{""level"":""h2"",""text"":""추천 가이드""},{""level"":""h2"",""text"":""디지털 운세 서비스 환불 안내""},{""level"":""h2"",""text"":""면책 고지""},{""level"":""h2"",""text"":""사업자 정보""}]","4945","0","true","true","{""@type"":""Person"",""@id"":""https://code-destiny.com/#author"",""name"":""박병하"",""jobTitle"":""명리학자"",""description"":""10년 경력의 명리학자. Code Destiny 가 공개하는 사주·운세 콘텐츠의 최종 검수 책임자입니다."",""knowsAbout"":[""사주"",""명리학"",""만세력"",""자미두수"",""숙요점""],""url"":""https://code-destiny.com/about"",""worksFor"":{""@type"":""Organization"",""@id"":""https://code-destiny.com/#organization"",""name"":""CODE DESTINY""}}","2026-07-11T00:00:00.000Z","2026-07-11T00:00:00.000Z","ko","true","B","false","[""editorial-review-required""]","retain pending evidence review; no automatic deletion","미확인","미확인","미확인","미확인"
"https://code-destiny.com/insights/astrology/","200","200","true","https://code-destiny.com/insights/astrology/","점성술 인사이트 허브 · 출생차트·상승궁 | Code Destiny","[{""level"":""h1"",""text"":""점성술 인사이트 허브""},{""level"":""h2"",""text"":""점성술 인사이트를 읽는 법""},{""level"":""h2"",""text"":""해석의 근거 — 참고 원전""},{""level"":""h2"",""text"":""이 체계를 계산하는 방식""},{""level"":""h2"",""text"":""추천 글""},{""level"":""h3"",""text"":""서양 점성술과 사주명리학의 차이 완전 가이드""},{""level"":""h3"",""text"":""시나스트리 궁합 차트 완전 가이드: 우리 둘의 별자리 궁합은?""},{""level"":""h3"",""text"":""수성 역행 실전 대응 가이드: 흔들리지 않는 3주를 위한 체크리스트""},{""level"":""h3"",""text"":""신월·보름달 운세 루틴 완전 가이드: 달의 흐름 따라 사는 법""},{""level"":""h3"",""text"":""커리어 운으로 면접·시험 합격률 높이는 준비 전략""},{""level"":""h3"",""text"":""수면 리듬과 에너지·운의 관계, 시진으로 보는 숙면 가이드""},{""level"":""h2"",""text"":""최신 글""},{""level"":""h2"",""text"":""초보자 가이드""},{""level"":""h2"",""text"":""실전 해석 글""},{""level"":""h2"",""text"":""핵심 운세""},{""level"":""h2"",""text"":""타로 리딩""},{""level"":""h2"",""text"":""신탁 & 특화""},{""level"":""h2"",""text"":""추천 가이드""},{""level"":""h2"",""text"":""디지털 운세 서비스 환불 안내""},{""level"":""h2"",""text"":""면책 고지""},{""level"":""h2"",""text"":""사업자 정보""}]","2514","0","true","false","미확인","미확인","미확인","ko","true","B","false","[]","retain pending evidence review; no automatic deletion","미확인","미확인","미확인","미확인"
"https://code-destiny.com/insights/byeongo-year-reorder-signals/","200","200","true","https://code-destiny.com/insights/byeongo-year-reorder-signals/","2026 병오년 종합 운세 — 재물·연애 가이드","[{""level"":""h1"",""text"":""2026 병오년(丙午年) 종합 운세 — 재물·연애 포함 완전 가이드""},{""level"":""h2"",""text"":""제1편. 2026년 병오년의 기운과 시대 흐름""},{""level"":""h3"",""text"":""1. 병오년(丙午年)이란?""},{""level"":""h3"",""text"":""2. 병화(丙火)의 의미""},{""level"":""h3"",""text"":""3. 오화(午火)의 의미""},{""level"":""h3"",""text"":""4. 병오년의 오행 특징""},{""level"":""h3"",""text"":""5. 병오년과 오행의 관계""},{""level"":""h2"",""text"":""제2편. 2026년 병오년 종합 운세""},{""level"":""h3"",""text"":""1. 전체적인 운의 흐름""},{""level"":""h3"",""text"":""2. 재물운""},{""level"":""h3"",""text"":""3. 직업운""},{""level"":""h3"",""text"":""4. 연애운""},{""level"":""h3"",""text"":""5. 결혼운""},{""level"":""h3"",""text"":""6. 학업운""},{""level"":""h3"",""text"":""7. 건강운""},{""level"":""h2"",""text"":""제3편. 병오년을 현명하게 보내는 방법""},{""level"":""h3"",""text"":""1. 병오년이 모두에게 좋은 해일까?""},{""level"":""h3"",""text"":""2. 화(火)가 많은 사람은?""},{""level"":""h3"",""text"":""3. 화(火)가 부족한 사람은?""},{""level"":""h3"",""text"":""4. 병오년 운세를 볼 때 반드시 확인해야 하는 것""},{""level"":""h3"",""text"":""5. 병오년에 주의할 점""},{""level"":""h3"",""text"":""6. 병오년 운세를 제대로 읽는 체크리스트""},{""level"":""h3"",""text"":""7. 병오년 이후의 흐름""},{""level"":""h2"",""text"":""앞으로 배우게 될 심화 과정""},{""level"":""h2"",""text"":""핵심 정리""},{""level"":""h2"",""text"":""여섯 체계를 교차 검증하는 초융합 심층 리딩""},{""level"":""h2"",""text"":""무료 궁합 보기 — 세 가지 방식으로""},{""level"":""h2"",""text"":""함께 보면 좋은 인사이트""},{""level"":""h3"",""text"":""십성 실전 지도: 연애·일·돈을 읽는 5가지 사주 언어""},{""level"":""h3"",""text"":""사주 궁합 보는 법 완전 가이드: 일간·오행·십성 총정리""},{""level"":""h3"",""text"":""서양 점성술과 사주명리학의 차이 완전 가이드""},{""level"":""h2"",""text"":""핵심 운세""},{""level"":""h2"",""text"":""타로 리딩""},{""level"":""h2"",""text"":""신탁 & 특화""},{""level"":""h2"",""text"":""추천 가이드""},{""level"":""h2"",""text"":""디지털 운세 서비스 환불 안내""},{""level"":""h2"",""text"":""면책 고지""},{""level"":""h2"",""text"":""사업자 정보""}]","4181","0","true","true","{""@type"":""Person"",""@id"":""https://code-destiny.com/#author"",""name"":""박병하"",""jobTitle"":""명리학자"",""description"":""10년 경력의 명리학자. Code Destiny 가 공개하는 사주·운세 콘텐츠의 최종 검수 책임자입니다."",""knowsAbout"":[""사주"",""명리학"",""만세력"",""자미두수"",""숙요점""],""url"":""https://code-destiny.com/about"",""worksFor"":{""@type"":""Organization"",""@id"":""https://code-destiny.com/#organization"",""name"":""CODE DESTINY""}}","2026-07-10T00:00:00.000Z","2026-07-10T00:00:00.000Z","ko","true","B","false","[""editorial-review-required""]","retain pending evidence review; no automatic deletion","미확인","미확인","미확인","미확인"
"https://code-destiny.com/insights/career-luck-interview-exam-prep-strategy/","200","200","true","https://code-destiny.com/insights/career-luck-interview-exam-prep-strategy/","커리어 운 — 면접·시험 합격률 높이는 전략","[{""level"":""h1"",""text"":""커리어 운으로 면접·시험 합격률 높이는 준비 전략""},{""level"":""h2"",""text"":""커리어 운이란 무엇인가 — 사주와 점성술이 보는 시기의 흐름""},{""level"":""h2"",""text"":""지금이 면접·시험에 유리한 시기인지 확인하는 방법""},{""level"":""h2"",""text"":""면접 전, 운과 실력을 함께 준비하는 루틴""},{""level"":""h2"",""text"":""시험 전, 집중력과 흐름을 함께 잡는 루틴""},{""level"":""h2"",""text"":""\""불리한 시기\""라는 결과가 나왔을 때 — 포기가 아니라 준비의 신호""},{""level"":""h2"",""text"":""커리어 운을 활용할 때 흔히 하는 실수""},{""level"":""h2"",""text"":""실전 체크리스트 & 자주 묻는 질문""},{""level"":""h3"",""text"":""면접·시험 전 최종 체크리스트""},{""level"":""h3"",""text"":""자주 묻는 질문""},{""level"":""h2"",""text"":""여섯 체계를 교차 검증하는 초융합 심층 리딩""},{""level"":""h2"",""text"":""무료 점성술 운세 — 출생차트로 보는 별자리""},{""level"":""h2"",""text"":""함께 보면 좋은 인사이트""},{""level"":""h3"",""text"":""서양 점성술과 사주명리학의 차이 완전 가이드""},{""level"":""h3"",""text"":""시나스트리 궁합 차트 완전 가이드: 우리 둘의 별자리 궁합은?""},{""level"":""h3"",""text"":""수성 역행 실전 대응 가이드: 흔들리지 않는 3주를 위한 체크리스트""},{""level"":""h3"",""text"":""신월·보름달 운세 루틴 완전 가이드: 달의 흐름 따라 사는 법""},{""level"":""h3"",""text"":""수면 리듬과 에너지·운의 관계, 시진으로 보는 숙면 가이드""},{""level"":""h3"",""text"":""점성술 하우스란? 12하우스 완벽 가이드와 해석법""},{""level"":""h2"",""text"":""핵심 운세""},{""level"":""h2"",""text"":""타로 리딩""},{""level"":""h2"",""text"":""신탁 & 특화""},{""level"":""h2"",""text"":""추천 가이드""},{""level"":""h2"",""text"":""디지털 운세 서비스 환불 안내""},{""level"":""h2"",""text"":""면책 고지""},{""level"":""h2"",""text"":""사업자 정보""}]","5563","0","true","true","{""@type"":""Person"",""@id"":""https://code-destiny.com/#author"",""name"":""박병하"",""jobTitle"":""명리학자"",""description"":""10년 경력의 명리학자. Code Destiny 가 공개하는 사주·운세 콘텐츠의 최종 검수 책임자입니다."",""knowsAbout"":[""사주"",""명리학"",""만세력"",""자미두수"",""숙요점""],""url"":""https://code-destiny.com/about"",""worksFor"":{""@type"":""Organization"",""@id"":""https://code-destiny.com/#organization"",""name"":""CODE DESTINY""}}","2026-07-11T00:00:00.000Z","2026-07-11T00:00:00.000Z","ko","true","B","false","[""editorial-review-required""]","retain pending evidence review; no automatic deletion","미확인","미확인","미확인","미확인"
"https://code-destiny.com/insights/cheongan-jiji-complete-explanation/","200","200","true","https://code-destiny.com/insights/cheongan-jiji-complete-explanation/","천간·지지 완전 해설 — 십천간·십이지 가이드","[{""level"":""h1"",""text"":""천간·지지 완전 해설 — 십천간(十天干)·십이지(十二地支) 완벽 가이드""},{""level"":""h2"",""text"":""1. 천간(天干)이란?""},{""level"":""h2"",""text"":""2. 십천간(十天干)""},{""level"":""h2"",""text"":""3. 천간의 음양 구조""},{""level"":""h2"",""text"":""4. 십천간 하나씩 이해하기""},{""level"":""h3"",""text"":""① 갑목(甲木) — 거대한 나무, 소나무, 기둥""},{""level"":""h3"",""text"":""② 을목(乙木) — 꽃, 풀, 덩굴""},{""level"":""h3"",""text"":""③ 병화(丙火) — 태양""},{""level"":""h3"",""text"":""④ 정화(丁火) — 촛불, 등불""},{""level"":""h3"",""text"":""⑤ 무토(戊土) — 큰 산""},{""level"":""h3"",""text"":""⑥ 기토(己土) — 논밭, 흙""},{""level"":""h3"",""text"":""⑦ 경금(庚金) — 쇠, 철광석""},{""level"":""h3"",""text"":""⑧ 신금(辛金) — 보석""},{""level"":""h3"",""text"":""⑨ 임수(壬水) — 바다""},{""level"":""h3"",""text"":""⑩ 계수(癸水) — 비, 안개, 이슬""},{""level"":""h2"",""text"":""5. 지지(地支)란?""},{""level"":""h2"",""text"":""6. 십이지(十二地支)""},{""level"":""h2"",""text"":""7. 십이지와 계절""},{""level"":""h2"",""text"":""8. 십이지와 하루의 시간""},{""level"":""h2"",""text"":""9. 지지 속에는 숨은 천간이 있다 — 지장간(地藏干)""},{""level"":""h2"",""text"":""10. 천간과 지지의 차이""},{""level"":""h2"",""text"":""11. 왜 천간과 지지를 함께 보는가?""},{""level"":""h2"",""text"":""12. 초보자가 반드시 암기해야 하는 순서""},{""level"":""h2"",""text"":""핵심 정리""},{""level"":""h2"",""text"":""여섯 체계를 교차 검증하는 초융합 심층 리딩""},{""level"":""h2"",""text"":""무료 사주 풀이 — 사주팔자 오행·십성·대운""},{""level"":""h2"",""text"":""함께 보면 좋은 인사이트""},{""level"":""h3"",""text"":""유명인 사주로 배우는 일간(日干) 읽기 — 공개 생일로 명식 세워 보기""},{""level"":""h3"",""text"":""출생시간을 모르면 사주를 못 보나? — 세 기둥으로 읽는 법""},{""level"":""h3"",""text"":""명식은 어떻게 세워지는가 — Code Destiny의 사주 계산 기준 공개""},{""level"":""h3"",""text"":""자정 무렵에 태어나면 일주가 갈리는 이유 — 야자시와 날짜 경계""},{""level"":""h3"",""text"":""같은 생년월일인데 사주가 다르게 나오는 네 가지 이유""},{""level"":""h3"",""text"":""십성(十星) 입문 지도 — 명리학 십성 완전 정복""},{""level"":""h2"",""text"":""핵심 운세""},{""level"":""h2"",""text"":""타로 리딩""},{""level"":""h2"",""text"":""신탁 & 특화""},{""level"":""h2"",""text"":""추천 가이드""},{""level"":""h2"",""text"":""디지털 운세 서비스 환불 안내""},{""level"":""h2"",""text"":""면책 고지""},{""level"":""h2"",""text"":""사업자 정보""}]","4439","0","true","true","{""@type"":""Person"",""@id"":""https://code-destiny.com/#author"",""name"":""박병하"",""jobTitle"":""명리학자"",""description"":""10년 경력의 명리학자. Code Destiny 가 공개하는 사주·운세 콘텐츠의 최종 검수 책임자입니다."",""knowsAbout"":[""사주"",""명리학"",""만세력"",""자미두수"",""숙요점""],""url"":""https://code-destiny.com/about"",""worksFor"":{""@type"":""Organization"",""@id"":""https://code-destiny.com/#organization"",""name"":""CODE DESTINY""}}","2026-07-10T00:00:00.000Z","2026-07-10T00:00:00.000Z","ko","true","B","false","[""editorial-review-required""]","retain pending evidence review; no automatic deletion","미확인","미확인","미확인","미확인"
"https://code-destiny.com/insights/compatibility/","200","200","true","https://code-destiny.com/insights/compatibility/","궁합 인사이트 허브 · 사주·숙요점·자미두수 | Code Destiny","[{""level"":""h1"",""text"":""궁합 인사이트 허브""},{""level"":""h2"",""text"":""궁합 인사이트를 읽는 법""},{""level"":""h2"",""text"":""해석의 근거 — 참고 원전""},{""level"":""h2"",""text"":""추천 글""},{""level"":""h3"",""text"":""서양 점성술과 사주명리학의 차이 완전 가이드""},{""level"":""h3"",""text"":""나밤샤(D9) 완전 가이드: 결혼과 행성의 진짜 힘 읽는 법""},{""level"":""h3"",""text"":""자미성(紫微星) 완전 해설 — 자미두수의 황제별, 제왕의 기운""},{""level"":""h3"",""text"":""타로 궁합 리딩 게임 — 친구·연인과 재미로 즐기는 케미 확인법""},{""level"":""h3"",""text"":""베다 궁합 구나 밀라나 36점법 완전 기초 가이드""},{""level"":""h3"",""text"":""시나스트리 궁합 차트 완전 가이드: 우리 둘의 별자리 궁합은?""},{""level"":""h3"",""text"":""자미두수 궁합(부처궁) 완전 가이드 — 부처궁(夫妻宮)으로 배우자 운과 궁합을 읽는 법""},{""level"":""h3"",""text"":""숙요점의 근(近)·중(中)·원(遠) 관계 완전 해설""},{""level"":""h3"",""text"":""숙요점 연애 소통 규칙 — 사랑은 감정보다 전달 방식이 중요하다""},{""level"":""h3"",""text"":""숙요점 우정·팀워크 가이드 — 친구와 동료도 하나의 인연이다""},{""level"":""h3"",""text"":""숙요점 일상 리듬 활용법 — 관계는 특별한 순간보다 반복되는 습관이 만든다""},{""level"":""h3"",""text"":""숙요점 초심자 완벽 가이드 — 쉬운 용어 사전과 처음 공부하는 사람이 알아야 할 핵심""},{""level"":""h2"",""text"":""최신 글""},{""level"":""h2"",""text"":""초보자 가이드""},{""level"":""h2"",""text"":""실전 해석 글""},{""level"":""h2"",""text"":""핵심 운세""},{""level"":""h2"",""text"":""타로 리딩""},{""level"":""h2"",""text"":""신탁 & 특화""},{""level"":""h2"",""text"":""추천 가이드""},{""level"":""h2"",""text"":""디지털 운세 서비스 환불 안내""},{""level"":""h2"",""text"":""면책 고지""},{""level"":""h2"",""text"":""사업자 정보""}]","3078","0","true","false","미확인","미확인","미확인","ko","true","B","false","[]","retain pending evidence review; no automatic deletion","미확인","미확인","미확인","미확인"
"https://code-destiny.com/insights/daewoon-sewoon-reading-complete-guide/","200","200","true","https://code-destiny.com/insights/daewoon-sewoon-reading-complete-guide/","대운·세운 읽는 법 — 명리학 운 해석의 핵심","[{""level"":""h1"",""text"":""대운·세운 읽는 법 — 명리학에서 운(運)을 해석하는 가장 중요한 원리""},{""level"":""h2"",""text"":""제1편. 대운과 세운 완전 이해""},{""level"":""h3"",""text"":""1. 운(運)이란 무엇인가?""},{""level"":""h3"",""text"":""2. 대운(大運)이란?""},{""level"":""h3"",""text"":""3. 세운(歲運)이란?""},{""level"":""h3"",""text"":""4. 대운과 세운의 차이""},{""level"":""h3"",""text"":""5. 원국과 운의 관계""},{""level"":""h3"",""text"":""6. 대운은 어떻게 시작되는가?""},{""level"":""h3"",""text"":""7. 순행과 역행""},{""level"":""h3"",""text"":""8. 대운은 왜 중요한가?""},{""level"":""h2"",""text"":""제2편. 대운·세운 실전 해석법""},{""level"":""h3"",""text"":""1. 가장 먼저 원국을 본다.""},{""level"":""h3"",""text"":""2. 현재 대운 확인""},{""level"":""h3"",""text"":""3. 대운의 십성 확인""},{""level"":""h3"",""text"":""4. 대운의 오행 확인""},{""level"":""h3"",""text"":""5. 대운과 원국의 관계""},{""level"":""h3"",""text"":""6. 세운 읽는 법""},{""level"":""h3"",""text"":""7. 해석 순서""},{""level"":""h3"",""text"":""8. 대운과 세운이 같은 방향이면?""},{""level"":""h3"",""text"":""9. 대운이 바뀌면 인생이 바뀌는가?""},{""level"":""h3"",""text"":""10. 세운은 사건을 결정하는가?""},{""level"":""h3"",""text"":""11. 초보자가 가장 많이 하는 실수""},{""level"":""h3"",""text"":""12. 대운·세운 분석 체크리스트""},{""level"":""h2"",""text"":""앞으로 배우게 될 심화 과정""},{""level"":""h2"",""text"":""핵심 정리""},{""level"":""h2"",""text"":""여섯 체계를 교차 검증하는 초융합 심층 리딩""},{""level"":""h2"",""text"":""무료 사주 풀이 — 사주팔자 오행·십성·대운""},{""level"":""h2"",""text"":""함께 보면 좋은 인사이트""},{""level"":""h3"",""text"":""유명인 사주로 배우는 일간(日干) 읽기 — 공개 생일로 명식 세워 보기""},{""level"":""h3"",""text"":""출생시간을 모르면 사주를 못 보나? — 세 기둥으로 읽는 법""},{""level"":""h3"",""text"":""명식은 어떻게 세워지는가 — Code Destiny의 사주 계산 기준 공개""},{""level"":""h3"",""text"":""자정 무렵에 태어나면 일주가 갈리는 이유 — 야자시와 날짜 경계""},{""level"":""h3"",""text"":""같은 생년월일인데 사주가 다르게 나오는 네 가지 이유""},{""level"":""h3"",""text"":""십성(十星) 입문 지도 — 명리학 십성 완전 정복""},{""level"":""h2"",""text"":""핵심 운세""},{""level"":""h2"",""text"":""타로 리딩""},{""level"":""h2"",""text"":""신탁 & 특화""},{""level"":""h2"",""text"":""추천 가이드""},{""level"":""h2"",""text"":""디지털 운세 서비스 환불 안내""},{""level"":""h2"",""text"":""면책 고지""},{""level"":""h2"",""text"":""사업자 정보""}]","4847","0","true","true","{""@type"":""Person"",""@id"":""https://code-destiny.com/#author"",""name"":""박병하"",""jobTitle"":""명리학자"",""description"":""10년 경력의 명리학자. Code Destiny 가 공개하는 사주·운세 콘텐츠의 최종 검수 책임자입니다."",""knowsAbout"":[""사주"",""명리학"",""만세력"",""자미두수"",""숙요점""],""url"":""https://code-destiny.com/about"",""worksFor"":{""@type"":""Organization"",""@id"":""https://code-destiny.com/#organization"",""name"":""CODE DESTINY""}}","2026-07-10T00:00:00.000Z","2026-07-10T00:00:00.000Z","ko","true","B","false","[""editorial-review-required""]","retain pending evidence review; no automatic deletion","미확인","미확인","미확인","미확인"
"https://code-destiny.com/insights/daewoon-vs-sewoon/","301","200","true","https://code-destiny.com/insights/daewoon-sewoon-reading-complete-guide/","대운·세운 읽는 법 — 명리학 운 해석의 핵심","[{""level"":""h1"",""text"":""대운·세운 읽는 법 — 명리학에서 운(運)을 해석하는 가장 중요한 원리""},{""level"":""h2"",""text"":""제1편. 대운과 세운 완전 이해""},{""level"":""h3"",""text"":""1. 운(運)이란 무엇인가?""},{""level"":""h3"",""text"":""2. 대운(大運)이란?""},{""level"":""h3"",""text"":""3. 세운(歲運)이란?""},{""level"":""h3"",""text"":""4. 대운과 세운의 차이""},{""level"":""h3"",""text"":""5. 원국과 운의 관계""},{""level"":""h3"",""text"":""6. 대운은 어떻게 시작되는가?""},{""level"":""h3"",""text"":""7. 순행과 역행""},{""level"":""h3"",""text"":""8. 대운은 왜 중요한가?""},{""level"":""h2"",""text"":""제2편. 대운·세운 실전 해석법""},{""level"":""h3"",""text"":""1. 가장 먼저 원국을 본다.""},{""level"":""h3"",""text"":""2. 현재 대운 확인""},{""level"":""h3"",""text"":""3. 대운의 십성 확인""},{""level"":""h3"",""text"":""4. 대운의 오행 확인""},{""level"":""h3"",""text"":""5. 대운과 원국의 관계""},{""level"":""h3"",""text"":""6. 세운 읽는 법""},{""level"":""h3"",""text"":""7. 해석 순서""},{""level"":""h3"",""text"":""8. 대운과 세운이 같은 방향이면?""},{""level"":""h3"",""text"":""9. 대운이 바뀌면 인생이 바뀌는가?""},{""level"":""h3"",""text"":""10. 세운은 사건을 결정하는가?""},{""level"":""h3"",""text"":""11. 초보자가 가장 많이 하는 실수""},{""level"":""h3"",""text"":""12. 대운·세운 분석 체크리스트""},{""level"":""h2"",""text"":""앞으로 배우게 될 심화 과정""},{""level"":""h2"",""text"":""핵심 정리""},{""level"":""h2"",""text"":""여섯 체계를 교차 검증하는 초융합 심층 리딩""},{""level"":""h2"",""text"":""무료 사주 풀이 — 사주팔자 오행·십성·대운""},{""level"":""h2"",""text"":""함께 보면 좋은 인사이트""},{""level"":""h3"",""text"":""유명인 사주로 배우는 일간(日干) 읽기 — 공개 생일로 명식 세워 보기""},{""level"":""h3"",""text"":""출생시간을 모르면 사주를 못 보나? — 세 기둥으로 읽는 법""},{""level"":""h3"",""text"":""명식은 어떻게 세워지는가 — Code Destiny의 사주 계산 기준 공개""},{""level"":""h3"",""text"":""자정 무렵에 태어나면 일주가 갈리는 이유 — 야자시와 날짜 경계""},{""level"":""h3"",""text"":""같은 생년월일인데 사주가 다르게 나오는 네 가지 이유""},{""level"":""h3"",""text"":""십성(十星) 입문 지도 — 명리학 십성 완전 정복""},{""level"":""h2"",""text"":""핵심 운세""},{""level"":""h2"",""text"":""타로 리딩""},{""level"":""h2"",""text"":""신탁 & 특화""},{""level"":""h2"",""text"":""추천 가이드""},{""level"":""h2"",""text"":""디지털 운세 서비스 환불 안내""},{""level"":""h2"",""text"":""면책 고지""},{""level"":""h2"",""text"":""사업자 정보""}]","4847","0","true","true","{""@type"":""Person"",""@id"":""https://code-destiny.com/#author"",""name"":""박병하"",""jobTitle"":""명리학자"",""description"":""10년 경력의 명리학자. Code Destiny 가 공개하는 사주·운세 콘텐츠의 최종 검수 책임자입니다."",""knowsAbout"":[""사주"",""명리학"",""만세력"",""자미두수"",""숙요점""],""url"":""https://code-destiny.com/about"",""worksFor"":{""@type"":""Organization"",""@id"":""https://code-destiny.com/#organization"",""name"":""CODE DESTINY""}}","2026-07-10T00:00:00.000Z","2026-07-10T00:00:00.000Z","ko","false","D","true","[""editorial-review-required""]","verify existing disposition","미확인","미확인","미확인","미확인"
"https://code-destiny.com/insights/dream/","200","200","true","https://code-destiny.com/insights/dream/","꿈해몽 인사이트 허브 · 꿈 상징 해석 가이드 | Code Destiny","[{""level"":""h1"",""text"":""꿈해몽 인사이트 허브""},{""level"":""h2"",""text"":""꿈해몽 인사이트를 읽는 법""},{""level"":""h2"",""text"":""추천 글""},{""level"":""h3"",""text"":""중동 점복 전통 심화 가이드: 지오맨시·커피점·해몽의 세계""},{""level"":""h2"",""text"":""최신 글""},{""level"":""h2"",""text"":""초보자 가이드""},{""level"":""h2"",""text"":""실전 해석 글""},{""level"":""h2"",""text"":""핵심 운세""},{""level"":""h2"",""text"":""타로 리딩""},{""level"":""h2"",""text"":""신탁 & 특화""},{""level"":""h2"",""text"":""추천 가이드""},{""level"":""h2"",""text"":""디지털 운세 서비스 환불 안내""},{""level"":""h2"",""text"":""면책 고지""},{""level"":""h2"",""text"":""사업자 정보""}]","943","0","true","false","미확인","미확인","미확인","ko","true","B","false","[]","retain pending evidence review; no automatic deletion","미확인","미확인","미확인","미확인"
"https://code-destiny.com/insights/europe-divination-traditions-deep-guide/","200","200","true","https://code-destiny.com/insights/europe-divination-traditions-deep-guide/","유럽 점복 전통 — 타로·룬·찻잎점의 역사","[{""level"":""h1"",""text"":""유럽 점복 전통 심화 가이드: 타로·룬·찻잎점의 진짜 역사와 읽는 법""},{""level"":""h2"",""text"":""유럽 점복의 문법: 계산이 아니라 상징과 서사""},{""level"":""h2"",""text"":""타로의 진짜 역사: 귀족의 카드놀이에서 상징 언어로""},{""level"":""h2"",""text"":""룬: 문자 체계와 점술 사이의 간극""},{""level"":""h2"",""text"":""찻잎점(Tasseography): 찻잔 속에서 읽는 일상의 점술""},{""level"":""h2"",""text"":""유럽 상징 점술의 강점과 한계""},{""level"":""h2"",""text"":""상징 리딩을 제대로 쓰는 법: 1-1-1-1 법칙""},{""level"":""h2"",""text"":""실전 팁과 자주 묻는 질문""},{""level"":""h3"",""text"":""타로와 룬 중 무엇부터 시작하는 게 좋을까요?""},{""level"":""h3"",""text"":""룬 점은 배우기 어렵지 않을까요?""},{""level"":""h3"",""text"":""찻잎점은 혼자서도 볼 수 있을까요?""},{""level"":""h2"",""text"":""여섯 체계를 교차 검증하는 초융합 심층 리딩""},{""level"":""h2"",""text"":""무료 타로 카드 리딩""},{""level"":""h2"",""text"":""함께 보면 좋은 인사이트""},{""level"":""h3"",""text"":""메이저 아르카나 22장 완전 해설 — 상징·이미지·의미의 통합 가이드""},{""level"":""h3"",""text"":""타로 역방향 카드 해석 프레임워크 — 다섯 가지 패턴으로 정확하게 읽는 법""},{""level"":""h3"",""text"":""타로 스프레드(카드 배치법) 설계 원칙 — 질문에 맞는 그릇을 고르고 만드는 법""},{""level"":""h3"",""text"":""타로 궁합 리딩 게임 — 친구·연인과 재미로 즐기는 케미 확인법""},{""level"":""h3"",""text"":""마이너 아르카나 4수트(완드·컵·소드·펜타클) 실전 가이드""},{""level"":""h3"",""text"":""타로 코트 카드(시종·기사·여왕·왕) 성격·관계 해석 완전 가이드""},{""level"":""h2"",""text"":""핵심 운세""},{""level"":""h2"",""text"":""타로 리딩""},{""level"":""h2"",""text"":""신탁 & 특화""},{""level"":""h2"",""text"":""추천 가이드""},{""level"":""h2"",""text"":""디지털 운세 서비스 환불 안내""},{""level"":""h2"",""text"":""면책 고지""},{""level"":""h2"",""text"":""사업자 정보""}]","6733","0","true","true","{""@type"":""Person"",""@id"":""https://code-destiny.com/#author"",""name"":""박병하"",""jobTitle"":""명리학자"",""description"":""10년 경력의 명리학자. Code Destiny 가 공개하는 사주·운세 콘텐츠의 최종 검수 책임자입니다."",""knowsAbout"":[""사주"",""명리학"",""만세력"",""자미두수"",""숙요점""],""url"":""https://code-destiny.com/about"",""worksFor"":{""@type"":""Organization"",""@id"":""https://code-destiny.com/#organization"",""name"":""CODE DESTINY""}}","2026-07-11T00:00:00.000Z","2026-07-11T00:00:00.000Z","ko","true","B","false","[""editorial-review-required""]","retain pending evidence review; no automatic deletion","미확인","미확인","미확인","미확인"
"https://code-destiny.com/insights/famous-saju-day-master-reading-practice/","200","200","true","https://code-destiny.com/insights/famous-saju-day-master-reading-practice/","유명인 사주로 배우는 일간(日干) 읽기","[{""level"":""h1"",""text"":""유명인 사주로 배우는 일간(日干) 읽기 — 공개 생일로 명식 세워 보기""},{""level"":""h2"",""text"":""1. 명식의 네 기둥과 여덟 글자""},{""level"":""h2"",""text"":""2. 일간 열 글자""},{""level"":""h2"",""text"":""3. 실제로 세워 보기 — 네 사람의 명식""},{""level"":""h2"",""text"":""4. 일간을 찾은 다음 무엇을 보는가""},{""level"":""h3"",""text"":""① 월지를 본다 — 계절이 일간의 상태를 정한다""},{""level"":""h3"",""text"":""② 일지를 본다 — 내가 딛고 선 자리""},{""level"":""h3"",""text"":""③ 나머지 글자와의 관계를 십성으로 바꾼다""},{""level"":""h3"",""text"":""④ 강약을 판정한다""},{""level"":""h2"",""text"":""5. 유명인 사주를 볼 때 반드시 지킬 것""},{""level"":""h2"",""text"":""6. 직접 해 보기""},{""level"":""h2"",""text"":""여섯 체계를 교차 검증하는 초융합 심층 리딩""},{""level"":""h2"",""text"":""무료 사주 풀이 — 사주팔자 오행·십성·대운""},{""level"":""h2"",""text"":""함께 보면 좋은 인사이트""},{""level"":""h3"",""text"":""출생시간을 모르면 사주를 못 보나? — 세 기둥으로 읽는 법""},{""level"":""h3"",""text"":""명식은 어떻게 세워지는가 — Code Destiny의 사주 계산 기준 공개""},{""level"":""h3"",""text"":""자정 무렵에 태어나면 일주가 갈리는 이유 — 야자시와 날짜 경계""},{""level"":""h3"",""text"":""같은 생년월일인데 사주가 다르게 나오는 네 가지 이유""},{""level"":""h3"",""text"":""십성(十星) 입문 지도 — 명리학 십성 완전 정복""},{""level"":""h3"",""text"":""십이운성(十二運星) 완전 가이드 — 명리학에서 기운이 성장·쇠퇴하는 12단계""},{""level"":""h2"",""text"":""핵심 운세""},{""level"":""h2"",""text"":""타로 리딩""},{""level"":""h2"",""text"":""신탁 & 특화""},{""level"":""h2"",""text"":""추천 가이드""},{""level"":""h2"",""text"":""디지털 운세 서비스 환불 안내""},{""level"":""h2"",""text"":""면책 고지""},{""level"":""h2"",""text"":""사업자 정보""}]","3551","0","true","true","{""@type"":""Person"",""@id"":""https://code-destiny.com/#author"",""name"":""박병하"",""jobTitle"":""명리학자"",""description"":""10년 경력의 명리학자. Code Destiny 가 공개하는 사주·운세 콘텐츠의 최종 검수 책임자입니다."",""knowsAbout"":[""사주"",""명리학"",""만세력"",""자미두수"",""숙요점""],""url"":""https://code-destiny.com/about"",""worksFor"":{""@type"":""Organization"",""@id"":""https://code-destiny.com/#organization"",""name"":""CODE DESTINY""}}","2026-08-24T00:00:00.000Z","2026-08-24T00:00:00.000Z","ko","true","B","false","[""editorial-review-required""]","retain pending evidence review; no automatic deletion","미확인","미확인","미확인","미확인"
"https://code-destiny.com/insights/famous-saju/","200","200","true","https://code-destiny.com/insights/famous-saju/","유명인 사주 분석 | 운세 인사이트 허브","[{""level"":""h1"",""text"":""유명인 사주 분석""},{""level"":""h2"",""text"":""이 아카이브를 만드는 기준""},{""level"":""h2"",""text"":""무엇을 근거로 세우고, 무엇을 세우지 못하는가""},{""level"":""h2"",""text"":""상세 페이지는 어떤 순서로 읽는가""},{""level"":""h2"",""text"":""분야별로 묶어 둔 이유와 고르는 요령""},{""level"":""h2"",""text"":""읽을 때 지켜 주셨으면 하는 선""},{""level"":""h2"",""text"":""세종대왕""},{""level"":""h2"",""text"":""이순신""},{""level"":""h2"",""text"":""유관순""},{""level"":""h2"",""text"":""안중근""},{""level"":""h2"",""text"":""김구""},{""level"":""h2"",""text"":""정약용""},{""level"":""h2"",""text"":""BTS 정국""},{""level"":""h2"",""text"":""아이유""},{""level"":""h2"",""text"":""봉준호""},{""level"":""h2"",""text"":""손흥민""},{""level"":""h2"",""text"":""김연아""},{""level"":""h2"",""text"":""한강""},{""level"":""h2"",""text"":""신사임당""},{""level"":""h2"",""text"":""이황""},{""level"":""h2"",""text"":""이이""},{""level"":""h2"",""text"":""박정희""},{""level"":""h2"",""text"":""김대중""},{""level"":""h2"",""text"":""버락 오바마""},{""level"":""h2"",""text"":""조 바이든""},{""level"":""h2"",""text"":""도널드 트럼프""},{""level"":""h2"",""text"":""카멀라 해리스""},{""level"":""h2"",""text"":""윈스턴 처칠""},{""level"":""h2"",""text"":""마하트마 간디""},{""level"":""h2"",""text"":""나폴레옹 보나파르트""},{""level"":""h2"",""text"":""핵심 운세""},{""level"":""h2"",""text"":""타로 리딩""},{""level"":""h2"",""text"":""신탁 & 특화""},{""level"":""h2"",""text"":""추천 가이드""},{""level"":""h2"",""text"":""디지털 운세 서비스 환불 안내""},{""level"":""h2"",""text"":""면책 고지""},{""level"":""h2"",""text"":""사업자 정보""}]","5247","0","true","false","미확인","미확인","미확인","ko","true","B","false","[]","retain pending evidence review; no automatic deletion","미확인","미확인","미확인","미확인"
"https://code-destiny.com/insights/famous-saju/an-jung-geun/","200","200","true","https://code-destiny.com/insights/famous-saju/an-jung-geun/","안중근 사주 풀이 — 일주·십성으로 본 행적 | 꿀꿀 운세","[{""level"":""h1"",""text"":""안중근""},{""level"":""h2"",""text"":""명식에서 행적으로 — 이 인물만의 해설""},{""level"":""h2"",""text"":""사주 · 숙요 27수 · 베다 달 낙샤트라""},{""level"":""h3"",""text"":""기묘""},{""level"":""h3"",""text"":""임신""},{""level"":""h3"",""text"":""무자""},{""level"":""h3"",""text"":""시 미상""},{""level"":""h3"",""text"":""무자""},{""level"":""h3"",""text"":""토 · 수 강""},{""level"":""h3"",""text"":""편재""},{""level"":""h2"",""text"":""[일주의 결]""},{""level"":""h2"",""text"":""토·수 강, 화 보완""},{""level"":""h2"",""text"":""명식 안에서 먼저 떠오르는 작용""},{""level"":""h3"",""text"":""편재 · 대중성, 무대성, 현실 감각""},{""level"":""h3"",""text"":""비견 · 자기 기준과 독립성""},{""level"":""h3"",""text"":""겁재 · 경쟁심과 돌파력""},{""level"":""h3"",""text"":""식신 · 꾸준한 표현과 생산성""},{""level"":""h2"",""text"":""원국에 더해지는 섬세한 표식""},{""level"":""h2"",""text"":""[12운성과 기운의 성숙도]""},{""level"":""h2"",""text"":""행적과 사주의 결""},{""level"":""h2"",""text"":""[이 명식이 남기는 문장]""},{""level"":""h2"",""text"":""체계 교차 해설""},{""level"":""h2"",""text"":""유명인처럼 내 사주도 한 편의 이야기로 읽어보세요""},{""level"":""h2"",""text"":""여섯 체계를 교차 검증하는 초융합 심층 리딩""},{""level"":""h2"",""text"":""함께 보면 좋은 유명인 사주""},{""level"":""h2"",""text"":""핵심 운세""},{""level"":""h2"",""text"":""타로 리딩""},{""level"":""h2"",""text"":""신탁 & 특화""},{""level"":""h2"",""text"":""추천 가이드""},{""level"":""h2"",""text"":""디지털 운세 서비스 환불 안내""},{""level"":""h2"",""text"":""면책 고지""},{""level"":""h2"",""text"":""사업자 정보""}]","7317","0","true","true","{""@type"":""Person"",""@id"":""https://code-destiny.com/#author"",""name"":""박병하"",""jobTitle"":""명리학자"",""description"":""10년 경력의 명리학자. Code Destiny 가 공개하는 사주·운세 콘텐츠의 최종 검수 책임자입니다."",""knowsAbout"":[""사주"",""명리학"",""만세력"",""자미두수"",""숙요점""],""url"":""https://code-destiny.com/about"",""worksFor"":{""@type"":""Organization"",""@id"":""https://code-destiny.com/#organization"",""name"":""CODE DESTINY""}}","2026-06-03T15:00:00.000Z","2026-08-30T00:00:00.000Z","ko","true","B","false","[""editorial-review-required""]","retain pending evidence review; no automatic deletion","미확인","미확인","미확인","미확인"
"https://code-destiny.com/insights/famous-saju/ariana-grande/","200","200","false","https://code-destiny.com/insights/famous-saju/ariana-grande/","아리아나 그란데 사주 분석｜보컬과 팝이 목소리의 결로 피어나는 사주 리듬","[{""level"":""h1"",""text"":""아리아나 그란데""},{""level"":""h2"",""text"":""사주 · 숙요 27수 · 베다 달 낙샤트라""},{""level"":""h3"",""text"":""계유""},{""level"":""h3"",""text"":""무오""},{""level"":""h3"",""text"":""무인""},{""level"":""h3"",""text"":""시 미상""},{""level"":""h3"",""text"":""무인""},{""level"":""h3"",""text"":""토 강""},{""level"":""h3"",""text"":""비견""},{""level"":""h2"",""text"":""[일주의 결]""},{""level"":""h2"",""text"":""토 강, 목·화·금·수 보완""},{""level"":""h2"",""text"":""명식 안에서 먼저 떠오르는 작용""},{""level"":""h3"",""text"":""비견 · 자기 기준과 독립성""},{""level"":""h3"",""text"":""정재 · 신뢰, 축적, 관리 감각""},{""level"":""h3"",""text"":""겁재 · 경쟁심과 돌파력""},{""level"":""h3"",""text"":""식신 · 꾸준한 표현과 생산성""},{""level"":""h2"",""text"":""원국에 더해지는 섬세한 표식""},{""level"":""h2"",""text"":""[12운성과 기운의 성숙도]""},{""level"":""h2"",""text"":""[이 명식이 남기는 문장]""},{""level"":""h2"",""text"":""유명인처럼 내 사주도 한 편의 이야기로 읽어보세요""},{""level"":""h2"",""text"":""여섯 체계를 교차 검증하는 초융합 심층 리딩""},{""level"":""h2"",""text"":""함께 보면 좋은 유명인 사주""},{""level"":""h2"",""text"":""핵심 운세""},{""level"":""h2"",""text"":""타로 리딩""},{""level"":""h2"",""text"":""신탁 & 특화""},{""level"":""h2"",""text"":""추천 가이드""},{""level"":""h2"",""text"":""디지털 운세 서비스 환불 안내""},{""level"":""h2"",""text"":""면책 고지""},{""level"":""h2"",""text"":""사업자 정보""}]","5395","0","true","true","{""@type"":""Organization"",""name"":""CODE DESTINY""}","2026-06-03T15:00:00.000Z","2026-06-10T15:00:00.000Z","ko","false","C","true","[""editorial-review-required""]","verify existing disposition","미확인","미확인","미확인","미확인"
"https://code-destiny.com/insights/famous-saju/barack-obama/","200","200","false","https://code-destiny.com/insights/famous-saju/barack-obama/","버락 오바마 사주 분석｜연설과 정치가 책임의 자리에서 드러나는 사주 구조","[{""level"":""h1"",""text"":""버락 오바마""},{""level"":""h2"",""text"":""사주 · 숙요 27수 · 베다 달 낙샤트라""},{""level"":""h3"",""text"":""신축""},{""level"":""h3"",""text"":""을미""},{""level"":""h3"",""text"":""기사""},{""level"":""h3"",""text"":""계유""},{""level"":""h3"",""text"":""기사""},{""level"":""h3"",""text"":""토 강""},{""level"":""h3"",""text"":""편관""},{""level"":""h2"",""text"":""[일주의 결]""},{""level"":""h2"",""text"":""토 강, 목·화·수 보완""},{""level"":""h2"",""text"":""명식 안에서 먼저 떠오르는 작용""},{""level"":""h3"",""text"":""편관 · 압박을 견디는 승부성""},{""level"":""h3"",""text"":""비견 · 자기 기준과 독립성""},{""level"":""h3"",""text"":""편재 · 대중성, 무대성, 현실 감각""},{""level"":""h3"",""text"":""식신 · 꾸준한 표현과 생산성""},{""level"":""h2"",""text"":""원국에 더해지는 섬세한 표식""},{""level"":""h2"",""text"":""[12운성과 기운의 성숙도]""},{""level"":""h2"",""text"":""[이 명식이 남기는 문장]""},{""level"":""h2"",""text"":""유명인처럼 내 사주도 한 편의 이야기로 읽어보세요""},{""level"":""h2"",""text"":""여섯 체계를 교차 검증하는 초융합 심층 리딩""},{""level"":""h2"",""text"":""함께 보면 좋은 유명인 사주""},{""level"":""h2"",""text"":""핵심 운세""},{""level"":""h2"",""text"":""타로 리딩""},{""level"":""h2"",""text"":""신탁 & 특화""},{""level"":""h2"",""text"":""추천 가이드""},{""level"":""h2"",""text"":""디지털 운세 서비스 환불 안내""},{""level"":""h2"",""text"":""면책 고지""},{""level"":""h2"",""text"":""사업자 정보""}]","5401","0","true","true","{""@type"":""Organization"",""name"":""CODE DESTINY""}","2026-06-03T15:00:00.000Z","2026-06-10T15:00:00.000Z","ko","false","C","true","[""editorial-review-required""]","verify existing disposition","미확인","미확인","미확인","미확인"
"https://code-destiny.com/insights/famous-saju/beethoven/","200","200","false","https://code-destiny.com/insights/famous-saju/beethoven/","베토벤 사주 분석｜음악과 의지가 오래 남는 작품성으로 이어지는 사주 결","[{""level"":""h1"",""text"":""베토벤""},{""level"":""h2"",""text"":""사주 · 숙요 27수 · 베다 달 낙샤트라""},{""level"":""h3"",""text"":""경인""},{""level"":""h3"",""text"":""무자""},{""level"":""h3"",""text"":""계묘""},{""level"":""h3"",""text"":""시 미상""},{""level"":""h3"",""text"":""계묘""},{""level"":""h3"",""text"":""목 · 수 강""},{""level"":""h3"",""text"":""정관""},{""level"":""h2"",""text"":""[일주의 결]""},{""level"":""h2"",""text"":""목·수 강, 화 보완""},{""level"":""h2"",""text"":""명식 안에서 먼저 떠오르는 작용""},{""level"":""h3"",""text"":""정관 · 책임감과 자기관리""},{""level"":""h3"",""text"":""비견 · 자기 기준과 독립성""},{""level"":""h3"",""text"":""정인 · 학습, 보호, 정리하는 힘""},{""level"":""h3"",""text"":""겁재 · 경쟁심과 돌파력""},{""level"":""h2"",""text"":""원국에 더해지는 섬세한 표식""},{""level"":""h2"",""text"":""[12운성과 기운의 성숙도]""},{""level"":""h2"",""text"":""[이 명식이 남기는 문장]""},{""level"":""h2"",""text"":""유명인처럼 내 사주도 한 편의 이야기로 읽어보세요""},{""level"":""h2"",""text"":""여섯 체계를 교차 검증하는 초융합 심층 리딩""},{""level"":""h2"",""text"":""함께 보면 좋은 유명인 사주""},{""level"":""h2"",""text"":""핵심 운세""},{""level"":""h2"",""text"":""타로 리딩""},{""level"":""h2"",""text"":""신탁 & 특화""},{""level"":""h2"",""text"":""추천 가이드""},{""level"":""h2"",""text"":""디지털 운세 서비스 환불 안내""},{""level"":""h2"",""text"":""면책 고지""},{""level"":""h2"",""text"":""사업자 정보""}]","5135","0","true","true","{""@type"":""Organization"",""name"":""CODE DESTINY""}","2026-06-03T15:00:00.000Z","2026-06-10T15:00:00.000Z","ko","false","C","true","[""editorial-review-required""]","verify existing disposition","미확인","미확인","미확인","미확인"
"https://code-destiny.com/insights/famous-saju/beyonce/","200","200","false","https://code-destiny.com/insights/famous-saju/beyonce/","비욘세 사주 분석｜보컬과 퍼포먼스가 목소리의 결로 피어나는 사주 리듬","[{""level"":""h1"",""text"":""비욘세""},{""level"":""h2"",""text"":""사주 · 숙요 27수 · 베다 달 낙샤트라""},{""level"":""h3"",""text"":""신유""},{""level"":""h3"",""text"":""병신""},{""level"":""h3"",""text"":""을유""},{""level"":""h3"",""text"":""시 미상""},{""level"":""h3"",""text"":""을유""},{""level"":""h3"",""text"":""금 강""},{""level"":""h3"",""text"":""상관""},{""level"":""h2"",""text"":""[일주의 결]""},{""level"":""h2"",""text"":""금 강, 토·수 보완""},{""level"":""h2"",""text"":""명식 안에서 먼저 떠오르는 작용""},{""level"":""h3"",""text"":""상관 · 개성 있는 표현과 변주""},{""level"":""h3"",""text"":""비견 · 자기 기준과 독립성""},{""level"":""h3"",""text"":""편관 · 압박을 견디는 승부성""},{""level"":""h3"",""text"":""겁재 · 경쟁심과 돌파력""},{""level"":""h2"",""text"":""원국에 더해지는 섬세한 표식""},{""level"":""h2"",""text"":""[12운성과 기운의 성숙도]""},{""level"":""h2"",""text"":""[이 명식이 남기는 문장]""},{""level"":""h2"",""text"":""유명인처럼 내 사주도 한 편의 이야기로 읽어보세요""},{""level"":""h2"",""text"":""여섯 체계를 교차 검증하는 초융합 심층 리딩""},{""level"":""h2"",""text"":""함께 보면 좋은 유명인 사주""},{""level"":""h2"",""text"":""핵심 운세""},{""level"":""h2"",""text"":""타로 리딩""},{""level"":""h2"",""text"":""신탁 & 특화""},{""level"":""h2"",""text"":""추천 가이드""},{""level"":""h2"",""text"":""디지털 운세 서비스 환불 안내""},{""level"":""h2"",""text"":""면책 고지""},{""level"":""h2"",""text"":""사업자 정보""}]","4950","0","true","true","{""@type"":""Organization"",""name"":""CODE DESTINY""}","2026-06-03T15:00:00.000Z","2026-06-10T15:00:00.000Z","ko","false","C","true","[""editorial-review-required""]","verify existing disposition","미확인","미확인","미확인","미확인"
"https://code-destiny.com/insights/famous-saju/bong-joon-ho/","200","200","true","https://code-destiny.com/insights/famous-saju/bong-joon-ho/","봉준호 사주·숙요 풀이 | 꿀꿀 운세","[{""level"":""h1"",""text"":""봉준호""},{""level"":""h2"",""text"":""명식에서 행적으로 — 이 인물만의 해설""},{""level"":""h2"",""text"":""사주 · 숙요 27수 · 베다 달 낙샤트라""},{""level"":""h3"",""text"":""기유""},{""level"":""h3"",""text"":""계유""},{""level"":""h3"",""text"":""임진""},{""level"":""h3"",""text"":""시 미상""},{""level"":""h3"",""text"":""임진""},{""level"":""h3"",""text"":""토 · 금 · 수 강""},{""level"":""h3"",""text"":""겁재""},{""level"":""h2"",""text"":""[일주의 결]""},{""level"":""h2"",""text"":""토·금·수 강, 목·화 보완""},{""level"":""h2"",""text"":""명식 안에서 먼저 떠오르는 작용""},{""level"":""h3"",""text"":""겁재 · 경쟁심과 돌파력""},{""level"":""h3"",""text"":""비견 · 자기 기준과 독립성""},{""level"":""h3"",""text"":""정관 · 책임감과 자기관리""},{""level"":""h3"",""text"":""식신 · 꾸준한 표현과 생산성""},{""level"":""h2"",""text"":""원국에 더해지는 섬세한 표식""},{""level"":""h2"",""text"":""[12운성과 기운의 성숙도]""},{""level"":""h2"",""text"":""[이 명식이 남기는 문장]""},{""level"":""h2"",""text"":""체계 교차 해설""},{""level"":""h2"",""text"":""유명인처럼 내 사주도 한 편의 이야기로 읽어보세요""},{""level"":""h2"",""text"":""여섯 체계를 교차 검증하는 초융합 심층 리딩""},{""level"":""h2"",""text"":""함께 보면 좋은 유명인 사주""},{""level"":""h2"",""text"":""핵심 운세""},{""level"":""h2"",""text"":""타로 리딩""},{""level"":""h2"",""text"":""신탁 & 특화""},{""level"":""h2"",""text"":""추천 가이드""},{""level"":""h2"",""text"":""디지털 운세 서비스 환불 안내""},{""level"":""h2"",""text"":""면책 고지""},{""level"":""h2"",""text"":""사업자 정보""}]","7522","0","true","true","{""@type"":""Person"",""@id"":""https://code-destiny.com/#author"",""name"":""박병하"",""jobTitle"":""명리학자"",""description"":""10년 경력의 명리학자. Code Destiny 가 공개하는 사주·운세 콘텐츠의 최종 검수 책임자입니다."",""knowsAbout"":[""사주"",""명리학"",""만세력"",""자미두수"",""숙요점""],""url"":""https://code-destiny.com/about"",""worksFor"":{""@type"":""Organization"",""@id"":""https://code-destiny.com/#organization"",""name"":""CODE DESTINY""}}","2026-06-03T15:00:00.000Z","2026-08-30T00:00:00.000Z","ko","true","B","false","[""editorial-review-required""]","retain pending evidence review; no automatic deletion","미확인","미확인","미확인","미확인"
"https://code-destiny.com/insights/famous-saju/bts-j-hope/","200","200","false","https://code-destiny.com/insights/famous-saju/bts-j-hope/","BTS 제이홉 사주 분석｜춤과 리듬이 대중 앞에서 선명해지는 사주 리듬","[{""level"":""h1"",""text"":""BTS 제이홉""},{""level"":""h2"",""text"":""사주 · 숙요 27수 · 베다 달 낙샤트라""},{""level"":""h3"",""text"":""갑술""},{""level"":""h3"",""text"":""병인""},{""level"":""h3"",""text"":""을해""},{""level"":""h3"",""text"":""시 미상""},{""level"":""h3"",""text"":""을해""},{""level"":""h3"",""text"":""목 강""},{""level"":""h3"",""text"":""상관""},{""level"":""h2"",""text"":""[일주의 결]""},{""level"":""h2"",""text"":""목 강, 금 보완""},{""level"":""h2"",""text"":""명식 안에서 먼저 떠오르는 작용""},{""level"":""h3"",""text"":""상관 · 개성 있는 표현과 변주""},{""level"":""h3"",""text"":""비견 · 자기 기준과 독립성""},{""level"":""h3"",""text"":""겁재 · 경쟁심과 돌파력""},{""level"":""h3"",""text"":""식신 · 꾸준한 표현과 생산성""},{""level"":""h2"",""text"":""원국에 더해지는 섬세한 표식""},{""level"":""h2"",""text"":""[12운성과 기운의 성숙도]""},{""level"":""h2"",""text"":""[이 명식이 남기는 문장]""},{""level"":""h2"",""text"":""유명인처럼 내 사주도 한 편의 이야기로 읽어보세요""},{""level"":""h2"",""text"":""여섯 체계를 교차 검증하는 초융합 심층 리딩""},{""level"":""h2"",""text"":""함께 보면 좋은 유명인 사주""},{""level"":""h2"",""text"":""핵심 운세""},{""level"":""h2"",""text"":""타로 리딩""},{""level"":""h2"",""text"":""신탁 & 특화""},{""level"":""h2"",""text"":""추천 가이드""},{""level"":""h2"",""text"":""디지털 운세 서비스 환불 안내""},{""level"":""h2"",""text"":""면책 고지""},{""level"":""h2"",""text"":""사업자 정보""}]","4818","0","true","true","{""@type"":""Organization"",""name"":""CODE DESTINY""}","2026-06-03T15:00:00.000Z","2026-06-10T15:00:00.000Z","ko","false","C","true","[""editorial-review-required""]","verify existing disposition","미확인","미확인","미확인","미확인"
"https://code-destiny.com/insights/famous-saju/bts-jimin/","200","200","false","https://code-destiny.com/insights/famous-saju/bts-jimin/","BTS 지민 사주 분석｜무대와 표현이 대중 앞에서 선명해지는 사주 리듬","[{""level"":""h1"",""text"":""BTS 지민""},{""level"":""h2"",""text"":""사주 · 숙요 27수 · 베다 달 낙샤트라""},{""level"":""h3"",""text"":""을해""},{""level"":""h3"",""text"":""병술""},{""level"":""h3"",""text"":""정축""},{""level"":""h3"",""text"":""시 미상""},{""level"":""h3"",""text"":""정축""},{""level"":""h3"",""text"":""화 · 토 강""},{""level"":""h3"",""text"":""겁재""},{""level"":""h2"",""text"":""[일주의 결]""},{""level"":""h2"",""text"":""화·토 강, 금 보완""},{""level"":""h2"",""text"":""명식 안에서 먼저 떠오르는 작용""},{""level"":""h3"",""text"":""겁재 · 경쟁심과 돌파력""},{""level"":""h3"",""text"":""비견 · 자기 기준과 독립성""},{""level"":""h3"",""text"":""편인 · 독창적 관찰과 몰입""},{""level"":""h3"",""text"":""식신 · 꾸준한 표현과 생산성""},{""level"":""h2"",""text"":""원국에 더해지는 섬세한 표식""},{""level"":""h2"",""text"":""[12운성과 기운의 성숙도]""},{""level"":""h2"",""text"":""[이 명식이 남기는 문장]""},{""level"":""h2"",""text"":""유명인처럼 내 사주도 한 편의 이야기로 읽어보세요""},{""level"":""h2"",""text"":""여섯 체계를 교차 검증하는 초융합 심층 리딩""},{""level"":""h2"",""text"":""함께 보면 좋은 유명인 사주""},{""level"":""h2"",""text"":""핵심 운세""},{""level"":""h2"",""text"":""타로 리딩""},{""level"":""h2"",""text"":""신탁 & 특화""},{""level"":""h2"",""text"":""추천 가이드""},{""level"":""h2"",""text"":""디지털 운세 서비스 환불 안내""},{""level"":""h2"",""text"":""면책 고지""},{""level"":""h2"",""text"":""사업자 정보""}]","5287","0","true","true","{""@type"":""Organization"",""name"":""CODE DESTINY""}","2026-06-03T15:00:00.000Z","2026-06-10T15:00:00.000Z","ko","false","C","true","[""editorial-review-required""]","verify existing disposition","미확인","미확인","미확인","미확인"
"https://code-destiny.com/insights/famous-saju/bts-jin/","200","200","false","https://code-destiny.com/insights/famous-saju/bts-jin/","BTS 진 사주 분석｜보컬과 무대가 대중 앞에서 선명해지는 사주 리듬","[{""level"":""h1"",""text"":""BTS 진""},{""level"":""h2"",""text"":""사주 · 숙요 27수 · 베다 달 낙샤트라""},{""level"":""h3"",""text"":""임신""},{""level"":""h3"",""text"":""신해""},{""level"":""h3"",""text"":""갑인""},{""level"":""h3"",""text"":""시 미상""},{""level"":""h3"",""text"":""갑인""},{""level"":""h3"",""text"":""목 · 금 · 수 강""},{""level"":""h3"",""text"":""정관""},{""level"":""h2"",""text"":""[일주의 결]""},{""level"":""h2"",""text"":""목·금·수 강, 화·토 보완""},{""level"":""h2"",""text"":""명식 안에서 먼저 떠오르는 작용""},{""level"":""h3"",""text"":""정관 · 책임감과 자기관리""},{""level"":""h3"",""text"":""비견 · 자기 기준과 독립성""},{""level"":""h3"",""text"":""편인 · 독창적 관찰과 몰입""},{""level"":""h3"",""text"":""겁재 · 경쟁심과 돌파력""},{""level"":""h2"",""text"":""원국에 더해지는 섬세한 표식""},{""level"":""h2"",""text"":""[12운성과 기운의 성숙도]""},{""level"":""h2"",""text"":""[이 명식이 남기는 문장]""},{""level"":""h2"",""text"":""유명인처럼 내 사주도 한 편의 이야기로 읽어보세요""},{""level"":""h2"",""text"":""여섯 체계를 교차 검증하는 초융합 심층 리딩""},{""level"":""h2"",""text"":""함께 보면 좋은 유명인 사주""},{""level"":""h2"",""text"":""핵심 운세""},{""level"":""h2"",""text"":""타로 리딩""},{""level"":""h2"",""text"":""신탁 & 특화""},{""level"":""h2"",""text"":""추천 가이드""},{""level"":""h2"",""text"":""디지털 운세 서비스 환불 안내""},{""level"":""h2"",""text"":""면책 고지""},{""level"":""h2"",""text"":""사업자 정보""}]","5325","0","true","true","{""@type"":""Organization"",""name"":""CODE DESTINY""}","2026-06-03T15:00:00.000Z","2026-06-10T15:00:00.000Z","ko","false","C","true","[""editorial-review-required""]","verify existing disposition","미확인","미확인","미확인","미확인"
"https://code-destiny.com/insights/famous-saju/bts-jungkook/","200","200","true","https://code-destiny.com/insights/famous-saju/bts-jungkook/","BTS 정국 사주·숙요 풀이 | 꿀꿀 운세","[{""level"":""h1"",""text"":""BTS 정국""},{""level"":""h2"",""text"":""명식에서 행적으로 — 이 인물만의 해설""},{""level"":""h2"",""text"":""사주 · 숙요 27수 · 베다 달 낙샤트라""},{""level"":""h3"",""text"":""정축""},{""level"":""h3"",""text"":""무신""},{""level"":""h3"",""text"":""병오""},{""level"":""h3"",""text"":""시 미상""},{""level"":""h3"",""text"":""병오""},{""level"":""h3"",""text"":""화 강""},{""level"":""h3"",""text"":""식신""},{""level"":""h2"",""text"":""[일주의 결]""},{""level"":""h2"",""text"":""화 강, 목·수 보완""},{""level"":""h2"",""text"":""명식 안에서 먼저 떠오르는 작용""},{""level"":""h3"",""text"":""식신 · 꾸준한 표현과 생산성""},{""level"":""h3"",""text"":""비견 · 자기 기준과 독립성""},{""level"":""h3"",""text"":""겁재 · 경쟁심과 돌파력""},{""level"":""h3"",""text"":""상관 · 개성 있는 표현과 변주""},{""level"":""h2"",""text"":""원국에 더해지는 섬세한 표식""},{""level"":""h2"",""text"":""[12운성과 기운의 성숙도]""},{""level"":""h2"",""text"":""[이 명식이 남기는 문장]""},{""level"":""h2"",""text"":""체계 교차 해설""},{""level"":""h2"",""text"":""유명인처럼 내 사주도 한 편의 이야기로 읽어보세요""},{""level"":""h2"",""text"":""여섯 체계를 교차 검증하는 초융합 심층 리딩""},{""level"":""h2"",""text"":""함께 보면 좋은 유명인 사주""},{""level"":""h2"",""text"":""핵심 운세""},{""level"":""h2"",""text"":""타로 리딩""},{""level"":""h2"",""text"":""신탁 & 특화""},{""level"":""h2"",""text"":""추천 가이드""},{""level"":""h2"",""text"":""디지털 운세 서비스 환불 안내""},{""level"":""h2"",""text"":""면책 고지""},{""level"":""h2"",""text"":""사업자 정보""}]","7234","0","true","true","{""@type"":""Person"",""@id"":""https://code-destiny.com/#author"",""name"":""박병하"",""jobTitle"":""명리학자"",""description"":""10년 경력의 명리학자. Code Destiny 가 공개하는 사주·운세 콘텐츠의 최종 검수 책임자입니다."",""knowsAbout"":[""사주"",""명리학"",""만세력"",""자미두수"",""숙요점""],""url"":""https://code-destiny.com/about"",""worksFor"":{""@type"":""Organization"",""@id"":""https://code-destiny.com/#organization"",""name"":""CODE DESTINY""}}","2026-06-03T15:00:00.000Z","2026-08-30T00:00:00.000Z","ko","true","B","false","[""editorial-review-required""]","retain pending evidence review; no automatic deletion","미확인","미확인","미확인","미확인"
"https://code-destiny.com/insights/famous-saju/bts-rm/","200","200","false","https://code-destiny.com/insights/famous-saju/bts-rm/","BTS RM 사주 분석｜언어와 리더십이 무대 위에서 살아나는 창작 코드","[{""level"":""h1"",""text"":""BTS RM""},{""level"":""h2"",""text"":""사주 · 숙요 27수 · 베다 달 낙샤트라""},{""level"":""h3"",""text"":""갑술""},{""level"":""h3"",""text"":""계유""},{""level"":""h3"",""text"":""신축""},{""level"":""h3"",""text"":""시 미상""},{""level"":""h3"",""text"":""신축""},{""level"":""h3"",""text"":""토 · 금 강""},{""level"":""h3"",""text"":""식신""},{""level"":""h2"",""text"":""[일주의 결]""},{""level"":""h2"",""text"":""토·금 강, 화 보완""},{""level"":""h2"",""text"":""명식 안에서 먼저 떠오르는 작용""},{""level"":""h3"",""text"":""식신 · 꾸준한 표현과 생산성""},{""level"":""h3"",""text"":""비견 · 자기 기준과 독립성""},{""level"":""h3"",""text"":""정재 · 신뢰, 축적, 관리 감각""},{""level"":""h3"",""text"":""겁재 · 경쟁심과 돌파력""},{""level"":""h2"",""text"":""원국에 더해지는 섬세한 표식""},{""level"":""h2"",""text"":""[12운성과 기운의 성숙도]""},{""level"":""h2"",""text"":""[이 명식이 남기는 문장]""},{""level"":""h2"",""text"":""유명인처럼 내 사주도 한 편의 이야기로 읽어보세요""},{""level"":""h2"",""text"":""여섯 체계를 교차 검증하는 초융합 심층 리딩""},{""level"":""h2"",""text"":""함께 보면 좋은 유명인 사주""},{""level"":""h2"",""text"":""핵심 운세""},{""level"":""h2"",""text"":""타로 리딩""},{""level"":""h2"",""text"":""신탁 & 특화""},{""level"":""h2"",""text"":""추천 가이드""},{""level"":""h2"",""text"":""디지털 운세 서비스 환불 안내""},{""level"":""h2"",""text"":""면책 고지""},{""level"":""h2"",""text"":""사업자 정보""}]","5152","0","true","true","{""@type"":""Organization"",""name"":""CODE DESTINY""}","2026-06-03T15:00:00.000Z","2026-06-10T15:00:00.000Z","ko","false","C","true","[""editorial-review-required""]","verify existing disposition","미확인","미확인","미확인","미확인"
"https://code-destiny.com/insights/famous-saju/bts-suga/","200","200","false","https://code-destiny.com/insights/famous-saju/bts-suga/","BTS 슈가 사주 분석｜프로듀싱과 집중이 대중 앞에서 선명해지는 사주 리듬","[{""level"":""h1"",""text"":""BTS 슈가""},{""level"":""h2"",""text"":""사주 · 숙요 27수 · 베다 달 낙샤트라""},{""level"":""h3"",""text"":""계유""},{""level"":""h3"",""text"":""을묘""},{""level"":""h3"",""text"":""기축""},{""level"":""h3"",""text"":""시 미상""},{""level"":""h3"",""text"":""기축""},{""level"":""h3"",""text"":""목 · 토 강""},{""level"":""h3"",""text"":""편관""},{""level"":""h2"",""text"":""[일주의 결]""},{""level"":""h2"",""text"":""목·토 강, 화 보완""},{""level"":""h2"",""text"":""명식 안에서 먼저 떠오르는 작용""},{""level"":""h3"",""text"":""편관 · 압박을 견디는 승부성""},{""level"":""h3"",""text"":""비견 · 자기 기준과 독립성""},{""level"":""h3"",""text"":""편재 · 대중성, 무대성, 현실 감각""},{""level"":""h3"",""text"":""겁재 · 경쟁심과 돌파력""},{""level"":""h2"",""text"":""원국에 더해지는 섬세한 표식""},{""level"":""h2"",""text"":""[12운성과 기운의 성숙도]""},{""level"":""h2"",""text"":""[이 명식이 남기는 문장]""},{""level"":""h2"",""text"":""유명인처럼 내 사주도 한 편의 이야기로 읽어보세요""},{""level"":""h2"",""text"":""여섯 체계를 교차 검증하는 초융합 심층 리딩""},{""level"":""h2"",""text"":""함께 보면 좋은 유명인 사주""},{""level"":""h2"",""text"":""핵심 운세""},{""level"":""h2"",""text"":""타로 리딩""},{""level"":""h2"",""text"":""신탁 & 특화""},{""level"":""h2"",""text"":""추천 가이드""},{""level"":""h2"",""text"":""디지털 운세 서비스 환불 안내""},{""level"":""h2"",""text"":""면책 고지""},{""level"":""h2"",""text"":""사업자 정보""}]","5143","0","true","true","{""@type"":""Organization"",""name"":""CODE DESTINY""}","2026-06-03T15:00:00.000Z","2026-06-10T15:00:00.000Z","ko","false","C","true","[""editorial-review-required""]","verify existing disposition","미확인","미확인","미확인","미확인"
"https://code-destiny.com/insights/famous-saju/bts-v/","200","200","false","https://code-destiny.com/insights/famous-saju/bts-v/","BTS 뷔 사주 분석｜음색과 예술이 대중 앞에서 선명해지는 사주 리듬","[{""level"":""h1"",""text"":""BTS 뷔""},{""level"":""h2"",""text"":""사주 · 숙요 27수 · 베다 달 낙샤트라""},{""level"":""h3"",""text"":""을해""},{""level"":""h3"",""text"":""무자""},{""level"":""h3"",""text"":""을미""},{""level"":""h3"",""text"":""시 미상""},{""level"":""h3"",""text"":""을미""},{""level"":""h3"",""text"":""목 · 토 · 수 강""},{""level"":""h3"",""text"":""비견""},{""level"":""h2"",""text"":""[일주의 결]""},{""level"":""h2"",""text"":""목·토·수 강, 화·금 보완""},{""level"":""h2"",""text"":""명식 안에서 먼저 떠오르는 작용""},{""level"":""h3"",""text"":""비견 · 자기 기준과 독립성""},{""level"":""h3"",""text"":""정재 · 신뢰, 축적, 관리 감각""},{""level"":""h3"",""text"":""겁재 · 경쟁심과 돌파력""},{""level"":""h3"",""text"":""식신 · 꾸준한 표현과 생산성""},{""level"":""h2"",""text"":""원국에 더해지는 섬세한 표식""},{""level"":""h2"",""text"":""[12운성과 기운의 성숙도]""},{""level"":""h2"",""text"":""[이 명식이 남기는 문장]""},{""level"":""h2"",""text"":""유명인처럼 내 사주도 한 편의 이야기로 읽어보세요""},{""level"":""h2"",""text"":""여섯 체계를 교차 검증하는 초융합 심층 리딩""},{""level"":""h2"",""text"":""함께 보면 좋은 유명인 사주""},{""level"":""h2"",""text"":""핵심 운세""},{""level"":""h2"",""text"":""타로 리딩""},{""level"":""h2"",""text"":""신탁 & 특화""},{""level"":""h2"",""text"":""추천 가이드""},{""level"":""h2"",""text"":""디지털 운세 서비스 환불 안내""},{""level"":""h2"",""text"":""면책 고지""},{""level"":""h2"",""text"":""사업자 정보""}]","5525","0","true","true","{""@type"":""Organization"",""name"":""CODE DESTINY""}","2026-06-03T15:00:00.000Z","2026-06-10T15:00:00.000Z","ko","false","C","true","[""editorial-review-required""]","verify existing disposition","미확인","미확인","미확인","미확인"
"https://code-destiny.com/insights/famous-saju/christopher-nolan/","200","200","false","https://code-destiny.com/insights/famous-saju/christopher-nolan/","크리스토퍼 놀란 사주 분석｜감독과 구조가 오래 남는 작품성으로 이어지는 사주 결","[{""level"":""h1"",""text"":""크리스토퍼 놀란""},{""level"":""h2"",""text"":""사주 · 숙요 27수 · 베다 달 낙샤트라""},{""level"":""h3"",""text"":""경술""},{""level"":""h3"",""text"":""계미""},{""level"":""h3"",""text"":""신해""},{""level"":""h3"",""text"":""시 미상""},{""level"":""h3"",""text"":""신해""},{""level"":""h3"",""text"":""토 · 금 · 수 강""},{""level"":""h3"",""text"":""식신""},{""level"":""h2"",""text"":""[일주의 결]""},{""level"":""h2"",""text"":""토·금·수 강, 목·화 보완""},{""level"":""h2"",""text"":""명식 안에서 먼저 떠오르는 작용""},{""level"":""h3"",""text"":""식신 · 꾸준한 표현과 생산성""},{""level"":""h3"",""text"":""비견 · 자기 기준과 독립성""},{""level"":""h3"",""text"":""겁재 · 경쟁심과 돌파력""},{""level"":""h3"",""text"":""상관 · 개성 있는 표현과 변주""},{""level"":""h2"",""text"":""원국에 더해지는 섬세한 표식""},{""level"":""h2"",""text"":""[12운성과 기운의 성숙도]""},{""level"":""h2"",""text"":""[이 명식이 남기는 문장]""},{""level"":""h2"",""text"":""유명인처럼 내 사주도 한 편의 이야기로 읽어보세요""},{""level"":""h2"",""text"":""여섯 체계를 교차 검증하는 초융합 심층 리딩""},{""level"":""h2"",""text"":""함께 보면 좋은 유명인 사주""},{""level"":""h2"",""text"":""핵심 운세""},{""level"":""h2"",""text"":""타로 리딩""},{""level"":""h2"",""text"":""신탁 & 특화""},{""level"":""h2"",""text"":""추천 가이드""},{""level"":""h2"",""text"":""디지털 운세 서비스 환불 안내""},{""level"":""h2"",""text"":""면책 고지""},{""level"":""h2"",""text"":""사업자 정보""}]","5447","0","true","true","{""@type"":""Organization"",""name"":""CODE DESTINY""}","2026-06-03T15:00:00.000Z","2026-06-10T15:00:00.000Z","ko","false","C","true","[""editorial-review-required""]","verify existing disposition","미확인","미확인","미확인","미확인"
"https://code-destiny.com/insights/famous-saju/donald-trump/","200","200","false","https://code-destiny.com/insights/famous-saju/donald-trump/","도널드 트럼프 사주 분석｜정치와 사업이 책임의 자리에서 드러나는 사주 구조","[{""level"":""h1"",""text"":""도널드 트럼프""},{""level"":""h2"",""text"":""사주 · 숙요 27수 · 베다 달 낙샤트라""},{""level"":""h3"",""text"":""병술""},{""level"":""h3"",""text"":""갑오""},{""level"":""h3"",""text"":""기미""},{""level"":""h3"",""text"":""기사""},{""level"":""h3"",""text"":""기미""},{""level"":""h3"",""text"":""토 강""},{""level"":""h3"",""text"":""비견""},{""level"":""h2"",""text"":""[일주의 결]""},{""level"":""h2"",""text"":""토 강, 금·수 보완""},{""level"":""h2"",""text"":""명식 안에서 먼저 떠오르는 작용""},{""level"":""h3"",""text"":""비견 · 자기 기준과 독립성""},{""level"":""h3"",""text"":""정관 · 책임감과 자기관리""},{""level"":""h3"",""text"":""정인 · 학습, 보호, 정리하는 힘""},{""level"":""h3"",""text"":""겁재 · 경쟁심과 돌파력""},{""level"":""h2"",""text"":""원국에 더해지는 섬세한 표식""},{""level"":""h2"",""text"":""[12운성과 기운의 성숙도]""},{""level"":""h2"",""text"":""[이 명식이 남기는 문장]""},{""level"":""h2"",""text"":""유명인처럼 내 사주도 한 편의 이야기로 읽어보세요""},{""level"":""h2"",""text"":""여섯 체계를 교차 검증하는 초융합 심층 리딩""},{""level"":""h2"",""text"":""함께 보면 좋은 유명인 사주""},{""level"":""h2"",""text"":""핵심 운세""},{""level"":""h2"",""text"":""타로 리딩""},{""level"":""h2"",""text"":""신탁 & 특화""},{""level"":""h2"",""text"":""추천 가이드""},{""level"":""h2"",""text"":""디지털 운세 서비스 환불 안내""},{""level"":""h2"",""text"":""면책 고지""},{""level"":""h2"",""text"":""사업자 정보""}]","5362","0","true","true","{""@type"":""Organization"",""name"":""CODE DESTINY""}","2026-06-03T15:00:00.000Z","2026-06-10T15:00:00.000Z","ko","false","C","true","[""editorial-review-required""]","verify existing disposition","미확인","미확인","미확인","미확인"
"https://code-destiny.com/insights/famous-saju/han-kang/","200","200","true","https://code-destiny.com/insights/famous-saju/han-kang/","한강 사주·숙요 풀이 | 꿀꿀 운세","[{""level"":""h1"",""text"":""한강""},{""level"":""h2"",""text"":""명식에서 행적으로 — 이 인물만의 해설""},{""level"":""h2"",""text"":""사주 · 숙요 27수 · 베다 달 낙샤트라""},{""level"":""h3"",""text"":""경술""},{""level"":""h3"",""text"":""정해""},{""level"":""h3"",""text"":""신해""},{""level"":""h3"",""text"":""시 미상""},{""level"":""h3"",""text"":""신해""},{""level"":""h3"",""text"":""금 · 수 강""},{""level"":""h3"",""text"":""편관""},{""level"":""h2"",""text"":""[일주의 결]""},{""level"":""h2"",""text"":""금·수 강, 목 보완""},{""level"":""h2"",""text"":""명식 안에서 먼저 떠오르는 작용""},{""level"":""h3"",""text"":""편관 · 압박을 견디는 승부성""},{""level"":""h3"",""text"":""비견 · 자기 기준과 독립성""},{""level"":""h3"",""text"":""겁재 · 경쟁심과 돌파력""},{""level"":""h3"",""text"":""식신 · 꾸준한 표현과 생산성""},{""level"":""h2"",""text"":""원국에 더해지는 섬세한 표식""},{""level"":""h2"",""text"":""[12운성과 기운의 성숙도]""},{""level"":""h2"",""text"":""[이 명식이 남기는 문장]""},{""level"":""h2"",""text"":""체계 교차 해설""},{""level"":""h2"",""text"":""유명인처럼 내 사주도 한 편의 이야기로 읽어보세요""},{""level"":""h2"",""text"":""여섯 체계를 교차 검증하는 초융합 심층 리딩""},{""level"":""h2"",""text"":""함께 보면 좋은 유명인 사주""},{""level"":""h2"",""text"":""핵심 운세""},{""level"":""h2"",""text"":""타로 리딩""},{""level"":""h2"",""text"":""신탁 & 특화""},{""level"":""h2"",""text"":""추천 가이드""},{""level"":""h2"",""text"":""디지털 운세 서비스 환불 안내""},{""level"":""h2"",""text"":""면책 고지""},{""level"":""h2"",""text"":""사업자 정보""}]","7354","0","true","true","{""@type"":""Person"",""@id"":""https://code-destiny.com/#author"",""name"":""박병하"",""jobTitle"":""명리학자"",""description"":""10년 경력의 명리학자. Code Destiny 가 공개하는 사주·운세 콘텐츠의 최종 검수 책임자입니다."",""knowsAbout"":[""사주"",""명리학"",""만세력"",""자미두수"",""숙요점""],""url"":""https://code-destiny.com/about"",""worksFor"":{""@type"":""Organization"",""@id"":""https://code-destiny.com/#organization"",""name"":""CODE DESTINY""}}","2026-06-03T15:00:00.000Z","2026-08-30T00:00:00.000Z","ko","true","B","false","[""editorial-review-required""]","retain pending evidence review; no automatic deletion","미확인","미확인","미확인","미확인"
"https://code-destiny.com/insights/famous-saju/iu/","200","200","true","https://code-destiny.com/insights/famous-saju/iu/","아이유 사주 풀이 — 시주까지 본 명식 | 꿀꿀 운세","[{""level"":""h1"",""text"":""아이유""},{""level"":""h2"",""text"":""명식에서 행적으로 — 이 인물만의 해설""},{""level"":""h2"",""text"":""사주 · 숙요 27수 · 베다 달 낙샤트라""},{""level"":""h3"",""text"":""계유""},{""level"":""h3"",""text"":""정사""},{""level"":""h3"",""text"":""정유""},{""level"":""h3"",""text"":""정미""},{""level"":""h3"",""text"":""정유""},{""level"":""h3"",""text"":""화 강""},{""level"":""h3"",""text"":""비견""},{""level"":""h2"",""text"":""[일주의 결]""},{""level"":""h2"",""text"":""화 강, 목 보완""},{""level"":""h2"",""text"":""명식 안에서 먼저 떠오르는 작용""},{""level"":""h3"",""text"":""비견 · 자기 기준과 독립성""},{""level"":""h3"",""text"":""편관 · 압박을 견디는 승부성""},{""level"":""h3"",""text"":""겁재 · 경쟁심과 돌파력""},{""level"":""h3"",""text"":""식신 · 꾸준한 표현과 생산성""},{""level"":""h2"",""text"":""원국에 더해지는 섬세한 표식""},{""level"":""h2"",""text"":""[12운성과 기운의 성숙도]""},{""level"":""h2"",""text"":""[이 명식이 남기는 문장]""},{""level"":""h2"",""text"":""체계 교차 해설""},{""level"":""h2"",""text"":""유명인처럼 내 사주도 한 편의 이야기로 읽어보세요""},{""level"":""h2"",""text"":""여섯 체계를 교차 검증하는 초융합 심층 리딩""},{""level"":""h2"",""text"":""함께 보면 좋은 유명인 사주""},{""level"":""h2"",""text"":""핵심 운세""},{""level"":""h2"",""text"":""타로 리딩""},{""level"":""h2"",""text"":""신탁 & 특화""},{""level"":""h2"",""text"":""추천 가이드""},{""level"":""h2"",""text"":""디지털 운세 서비스 환불 안내""},{""level"":""h2"",""text"":""면책 고지""},{""level"":""h2"",""text"":""사업자 정보""}]","7167","0","true","true","{""@type"":""Person"",""@id"":""https://code-destiny.com/#author"",""name"":""박병하"",""jobTitle"":""명리학자"",""description"":""10년 경력의 명리학자. Code Destiny 가 공개하는 사주·운세 콘텐츠의 최종 검수 책임자입니다."",""knowsAbout"":[""사주"",""명리학"",""만세력"",""자미두수"",""숙요점""],""url"":""https://code-destiny.com/about"",""worksFor"":{""@type"":""Organization"",""@id"":""https://code-destiny.com/#organization"",""name"":""CODE DESTINY""}}","2026-06-03T15:00:00.000Z","2026-08-30T00:00:00.000Z","ko","true","B","false","[""editorial-review-required""]","retain pending evidence review; no automatic deletion","미확인","미확인","미확인","미확인"
"https://code-destiny.com/insights/famous-saju/j-k-rowling/","200","200","false","https://code-destiny.com/insights/famous-saju/j-k-rowling/","J.K. 롤링 사주 분석｜작가와 세계관이 오래 남는 작품성으로 이어지는 사주 결","[{""level"":""h1"",""text"":""J.K. 롤링""},{""level"":""h2"",""text"":""사주 · 숙요 27수 · 베다 달 낙샤트라""},{""level"":""h3"",""text"":""을사""},{""level"":""h3"",""text"":""계미""},{""level"":""h3"",""text"":""병술""},{""level"":""h3"",""text"":""시 미상""},{""level"":""h3"",""text"":""병술""},{""level"":""h3"",""text"":""화 · 토 강""},{""level"":""h3"",""text"":""정관""},{""level"":""h2"",""text"":""[일주의 결]""},{""level"":""h2"",""text"":""화·토 강, 금 보완""},{""level"":""h2"",""text"":""명식 안에서 먼저 떠오르는 작용""},{""level"":""h3"",""text"":""정관 · 책임감과 자기관리""},{""level"":""h3"",""text"":""비견 · 자기 기준과 독립성""},{""level"":""h3"",""text"":""정인 · 학습, 보호, 정리하는 힘""},{""level"":""h3"",""text"":""겁재 · 경쟁심과 돌파력""},{""level"":""h2"",""text"":""원국에 더해지는 섬세한 표식""},{""level"":""h2"",""text"":""[12운성과 기운의 성숙도]""},{""level"":""h2"",""text"":""[이 명식이 남기는 문장]""},{""level"":""h2"",""text"":""유명인처럼 내 사주도 한 편의 이야기로 읽어보세요""},{""level"":""h2"",""text"":""여섯 체계를 교차 검증하는 초융합 심층 리딩""},{""level"":""h2"",""text"":""함께 보면 좋은 유명인 사주""},{""level"":""h2"",""text"":""핵심 운세""},{""level"":""h2"",""text"":""타로 리딩""},{""level"":""h2"",""text"":""신탁 & 특화""},{""level"":""h2"",""text"":""추천 가이드""},{""level"":""h2"",""text"":""디지털 운세 서비스 환불 안내""},{""level"":""h2"",""text"":""면책 고지""},{""level"":""h2"",""text"":""사업자 정보""}]","5293","0","true","true","{""@type"":""Organization"",""name"":""CODE DESTINY""}","2026-06-03T15:00:00.000Z","2026-06-10T15:00:00.000Z","ko","false","C","true","[""editorial-review-required""]","verify existing disposition","미확인","미확인","미확인","미확인"
"https://code-destiny.com/insights/famous-saju/jeong-yak-yong/","200","200","true","https://code-destiny.com/insights/famous-saju/jeong-yak-yong/","정약용 사주 풀이 — 일주·십성으로 본 행적 | 꿀꿀 운세","[{""level"":""h1"",""text"":""정약용""},{""level"":""h2"",""text"":""명식에서 행적으로 — 이 인물만의 해설""},{""level"":""h2"",""text"":""사주 · 숙요 27수 · 베다 달 낙샤트라""},{""level"":""h3"",""text"":""임오""},{""level"":""h3"",""text"":""정미""},{""level"":""h3"",""text"":""정미""},{""level"":""h3"",""text"":""시 미상""},{""level"":""h3"",""text"":""정미""},{""level"":""h3"",""text"":""화 강""},{""level"":""h3"",""text"":""비견""},{""level"":""h2"",""text"":""[일주의 결]""},{""level"":""h2"",""text"":""화 강, 목·금 보완""},{""level"":""h2"",""text"":""명식 안에서 먼저 떠오르는 작용""},{""level"":""h3"",""text"":""비견 · 자기 기준과 독립성""},{""level"":""h3"",""text"":""정관 · 책임감과 자기관리""},{""level"":""h3"",""text"":""겁재 · 경쟁심과 돌파력""},{""level"":""h3"",""text"":""식신 · 꾸준한 표현과 생산성""},{""level"":""h2"",""text"":""원국에 더해지는 섬세한 표식""},{""level"":""h2"",""text"":""[12운성과 기운의 성숙도]""},{""level"":""h2"",""text"":""행적과 사주의 결""},{""level"":""h2"",""text"":""[이 명식이 남기는 문장]""},{""level"":""h2"",""text"":""체계 교차 해설""},{""level"":""h2"",""text"":""유명인처럼 내 사주도 한 편의 이야기로 읽어보세요""},{""level"":""h2"",""text"":""여섯 체계를 교차 검증하는 초융합 심층 리딩""},{""level"":""h2"",""text"":""함께 보면 좋은 유명인 사주""},{""level"":""h2"",""text"":""핵심 운세""},{""level"":""h2"",""text"":""타로 리딩""},{""level"":""h2"",""text"":""신탁 & 특화""},{""level"":""h2"",""text"":""추천 가이드""},{""level"":""h2"",""text"":""디지털 운세 서비스 환불 안내""},{""level"":""h2"",""text"":""면책 고지""},{""level"":""h2"",""text"":""사업자 정보""}]","7337","0","true","true","{""@type"":""Person"",""@id"":""https://code-destiny.com/#author"",""name"":""박병하"",""jobTitle"":""명리학자"",""description"":""10년 경력의 명리학자. Code Destiny 가 공개하는 사주·운세 콘텐츠의 최종 검수 책임자입니다."",""knowsAbout"":[""사주"",""명리학"",""만세력"",""자미두수"",""숙요점""],""url"":""https://code-destiny.com/about"",""worksFor"":{""@type"":""Organization"",""@id"":""https://code-destiny.com/#organization"",""name"":""CODE DESTINY""}}","2026-06-03T15:00:00.000Z","2026-08-30T00:00:00.000Z","ko","true","B","false","[""editorial-review-required""]","retain pending evidence review; no automatic deletion","미확인","미확인","미확인","미확인"
"https://code-destiny.com/insights/famous-saju/joe-biden/","200","200","false","https://code-destiny.com/insights/famous-saju/joe-biden/","조 바이든 사주 분석｜정치와 협상이 책임의 자리에서 드러나는 사주 구조","[{""level"":""h1"",""text"":""조 바이든""},{""level"":""h2"",""text"":""사주 · 숙요 27수 · 베다 달 낙샤트라""},{""level"":""h3"",""text"":""임오""},{""level"":""h3"",""text"":""신해""},{""level"":""h3"",""text"":""정축""},{""level"":""h3"",""text"":""시 미상""},{""level"":""h3"",""text"":""정축""},{""level"":""h3"",""text"":""화 · 수 강""},{""level"":""h3"",""text"":""편재""},{""level"":""h2"",""text"":""[일주의 결]""},{""level"":""h2"",""text"":""화·수 강, 목 보완""},{""level"":""h2"",""text"":""명식 안에서 먼저 떠오르는 작용""},{""level"":""h3"",""text"":""편재 · 대중성, 무대성, 현실 감각""},{""level"":""h3"",""text"":""비견 · 자기 기준과 독립성""},{""level"":""h3"",""text"":""정관 · 책임감과 자기관리""},{""level"":""h3"",""text"":""겁재 · 경쟁심과 돌파력""},{""level"":""h2"",""text"":""원국에 더해지는 섬세한 표식""},{""level"":""h2"",""text"":""[12운성과 기운의 성숙도]""},{""level"":""h2"",""text"":""[이 명식이 남기는 문장]""},{""level"":""h2"",""text"":""유명인처럼 내 사주도 한 편의 이야기로 읽어보세요""},{""level"":""h2"",""text"":""여섯 체계를 교차 검증하는 초융합 심층 리딩""},{""level"":""h2"",""text"":""함께 보면 좋은 유명인 사주""},{""level"":""h2"",""text"":""핵심 운세""},{""level"":""h2"",""text"":""타로 리딩""},{""level"":""h2"",""text"":""신탁 & 특화""},{""level"":""h2"",""text"":""추천 가이드""},{""level"":""h2"",""text"":""디지털 운세 서비스 환불 안내""},{""level"":""h2"",""text"":""면책 고지""},{""level"":""h2"",""text"":""사업자 정보""}]","5274","0","true","true","{""@type"":""Organization"",""name"":""CODE DESTINY""}","2026-06-03T15:00:00.000Z","2026-06-10T15:00:00.000Z","ko","false","C","true","[""editorial-review-required""]","verify existing disposition","미확인","미확인","미확인","미확인"
"https://code-destiny.com/insights/famous-saju/kamala-harris/","200","200","false","https://code-destiny.com/insights/famous-saju/kamala-harris/","카멀라 해리스 사주 분석｜법과 정치가 책임의 자리에서 드러나는 사주 구조","[{""level"":""h1"",""text"":""카멀라 해리스""},{""level"":""h2"",""text"":""사주 · 숙요 27수 · 베다 달 낙샤트라""},{""level"":""h3"",""text"":""갑진""},{""level"":""h3"",""text"":""갑술""},{""level"":""h3"",""text"":""임인""},{""level"":""h3"",""text"":""경술""},{""level"":""h3"",""text"":""임인""},{""level"":""h3"",""text"":""목 · 토 강""},{""level"":""h3"",""text"":""식신""},{""level"":""h2"",""text"":""[일주의 결]""},{""level"":""h2"",""text"":""목·토 강, 화 보완""},{""level"":""h2"",""text"":""명식 안에서 먼저 떠오르는 작용""},{""level"":""h3"",""text"":""식신 · 꾸준한 표현과 생산성""},{""level"":""h3"",""text"":""비견 · 자기 기준과 독립성""},{""level"":""h3"",""text"":""편인 · 독창적 관찰과 몰입""},{""level"":""h3"",""text"":""겁재 · 경쟁심과 돌파력""},{""level"":""h2"",""text"":""원국에 더해지는 섬세한 표식""},{""level"":""h2"",""text"":""[12운성과 기운의 성숙도]""},{""level"":""h2"",""text"":""[이 명식이 남기는 문장]""},{""level"":""h2"",""text"":""유명인처럼 내 사주도 한 편의 이야기로 읽어보세요""},{""level"":""h2"",""text"":""여섯 체계를 교차 검증하는 초융합 심층 리딩""},{""level"":""h2"",""text"":""함께 보면 좋은 유명인 사주""},{""level"":""h2"",""text"":""핵심 운세""},{""level"":""h2"",""text"":""타로 리딩""},{""level"":""h2"",""text"":""신탁 & 특화""},{""level"":""h2"",""text"":""추천 가이드""},{""level"":""h2"",""text"":""디지털 운세 서비스 환불 안내""},{""level"":""h2"",""text"":""면책 고지""},{""level"":""h2"",""text"":""사업자 정보""}]","5401","0","true","true","{""@type"":""Organization"",""name"":""CODE DESTINY""}","2026-06-03T15:00:00.000Z","2026-06-10T15:00:00.000Z","ko","false","C","true","[""editorial-review-required""]","verify existing disposition","미확인","미확인","미확인","미확인"
"https://code-destiny.com/insights/famous-saju/kim-dae-jung/","200","200","false","https://code-destiny.com/insights/famous-saju/kim-dae-jung/","김대중 사주 분석｜민주주의와 평화가 책임의 자리에서 드러나는 사주 구조","[{""level"":""h1"",""text"":""김대중""},{""level"":""h2"",""text"":""사주 · 숙요 27수 · 베다 달 낙샤트라""},{""level"":""h3"",""text"":""계해""},{""level"":""h3"",""text"":""갑자""},{""level"":""h3"",""text"":""갑신""},{""level"":""h3"",""text"":""시 미상""},{""level"":""h3"",""text"":""갑신""},{""level"":""h3"",""text"":""수 강""},{""level"":""h3"",""text"":""비견""},{""level"":""h2"",""text"":""[일주의 결]""},{""level"":""h2"",""text"":""수 강, 화·토 보완""},{""level"":""h2"",""text"":""명식 안에서 먼저 떠오르는 작용""},{""level"":""h3"",""text"":""비견 · 자기 기준과 독립성""},{""level"":""h3"",""text"":""정인 · 학습, 보호, 정리하는 힘""},{""level"":""h3"",""text"":""겁재 · 경쟁심과 돌파력""},{""level"":""h3"",""text"":""식신 · 꾸준한 표현과 생산성""},{""level"":""h2"",""text"":""원국에 더해지는 섬세한 표식""},{""level"":""h2"",""text"":""[12운성과 기운의 성숙도]""},{""level"":""h2"",""text"":""[이 명식이 남기는 문장]""},{""level"":""h2"",""text"":""유명인처럼 내 사주도 한 편의 이야기로 읽어보세요""},{""level"":""h2"",""text"":""여섯 체계를 교차 검증하는 초융합 심층 리딩""},{""level"":""h2"",""text"":""함께 보면 좋은 유명인 사주""},{""level"":""h2"",""text"":""핵심 운세""},{""level"":""h2"",""text"":""타로 리딩""},{""level"":""h2"",""text"":""신탁 & 특화""},{""level"":""h2"",""text"":""추천 가이드""},{""level"":""h2"",""text"":""디지털 운세 서비스 환불 안내""},{""level"":""h2"",""text"":""면책 고지""},{""level"":""h2"",""text"":""사업자 정보""}]","4985","0","true","true","{""@type"":""Organization"",""name"":""CODE DESTINY""}","2026-06-03T15:00:00.000Z","2026-06-10T15:00:00.000Z","ko","false","C","true","[""editorial-review-required""]","verify existing disposition","미확인","미확인","미확인","미확인"
"https://code-destiny.com/insights/famous-saju/kim-gu/","200","200","true","https://code-destiny.com/insights/famous-saju/kim-gu/","김구 사주 풀이 — 일주·십성으로 본 행적 | 꿀꿀 운세","[{""level"":""h1"",""text"":""김구""},{""level"":""h2"",""text"":""명식에서 행적으로 — 이 인물만의 해설""},{""level"":""h2"",""text"":""사주 · 숙요 27수 · 베다 달 낙샤트라""},{""level"":""h3"",""text"":""병자""},{""level"":""h3"",""text"":""병신""},{""level"":""h3"",""text"":""기사""},{""level"":""h3"",""text"":""시 미상""},{""level"":""h3"",""text"":""기사""},{""level"":""h3"",""text"":""화 강""},{""level"":""h3"",""text"":""정인""},{""level"":""h2"",""text"":""[일주의 결]""},{""level"":""h2"",""text"":""화 강, 목 보완""},{""level"":""h2"",""text"":""명식 안에서 먼저 떠오르는 작용""},{""level"":""h3"",""text"":""정인 · 학습, 보호, 정리하는 힘""},{""level"":""h3"",""text"":""비견 · 자기 기준과 독립성""},{""level"":""h3"",""text"":""겁재 · 경쟁심과 돌파력""},{""level"":""h3"",""text"":""식신 · 꾸준한 표현과 생산성""},{""level"":""h2"",""text"":""원국에 더해지는 섬세한 표식""},{""level"":""h2"",""text"":""[12운성과 기운의 성숙도]""},{""level"":""h2"",""text"":""행적과 사주의 결""},{""level"":""h2"",""text"":""[이 명식이 남기는 문장]""},{""level"":""h2"",""text"":""체계 교차 해설""},{""level"":""h2"",""text"":""유명인처럼 내 사주도 한 편의 이야기로 읽어보세요""},{""level"":""h2"",""text"":""여섯 체계를 교차 검증하는 초융합 심층 리딩""},{""level"":""h2"",""text"":""함께 보면 좋은 유명인 사주""},{""level"":""h2"",""text"":""핵심 운세""},{""level"":""h2"",""text"":""타로 리딩""},{""level"":""h2"",""text"":""신탁 & 특화""},{""level"":""h2"",""text"":""추천 가이드""},{""level"":""h2"",""text"":""디지털 운세 서비스 환불 안내""},{""level"":""h2"",""text"":""면책 고지""},{""level"":""h2"",""text"":""사업자 정보""}]","6740","0","true","true","{""@type"":""Person"",""@id"":""https://code-destiny.com/#author"",""name"":""박병하"",""jobTitle"":""명리학자"",""description"":""10년 경력의 명리학자. Code Destiny 가 공개하는 사주·운세 콘텐츠의 최종 검수 책임자입니다."",""knowsAbout"":[""사주"",""명리학"",""만세력"",""자미두수"",""숙요점""],""url"":""https://code-destiny.com/about"",""worksFor"":{""@type"":""Organization"",""@id"":""https://code-destiny.com/#organization"",""name"":""CODE DESTINY""}}","2026-06-03T15:00:00.000Z","2026-08-30T00:00:00.000Z","ko","true","B","false","[""editorial-review-required""]","retain pending evidence review; no automatic deletion","미확인","미확인","미확인","미확인"
"https://code-destiny.com/insights/famous-saju/kim-yuna/","200","200","true","https://code-destiny.com/insights/famous-saju/kim-yuna/","김연아 사주·숙요 풀이 | 꿀꿀 운세","[{""level"":""h1"",""text"":""김연아""},{""level"":""h2"",""text"":""명식에서 행적으로 — 이 인물만의 해설""},{""level"":""h2"",""text"":""사주 · 숙요 27수 · 베다 달 낙샤트라""},{""level"":""h3"",""text"":""경오""},{""level"":""h3"",""text"":""갑신""},{""level"":""h3"",""text"":""계유""},{""level"":""h3"",""text"":""시 미상""},{""level"":""h3"",""text"":""계유""},{""level"":""h3"",""text"":""금 강""},{""level"":""h3"",""text"":""상관""},{""level"":""h2"",""text"":""[일주의 결]""},{""level"":""h2"",""text"":""금 강, 토 보완""},{""level"":""h2"",""text"":""명식 안에서 먼저 떠오르는 작용""},{""level"":""h3"",""text"":""상관 · 개성 있는 표현과 변주""},{""level"":""h3"",""text"":""비견 · 자기 기준과 독립성""},{""level"":""h3"",""text"":""정인 · 학습, 보호, 정리하는 힘""},{""level"":""h3"",""text"":""겁재 · 경쟁심과 돌파력""},{""level"":""h2"",""text"":""원국에 더해지는 섬세한 표식""},{""level"":""h2"",""text"":""[12운성과 기운의 성숙도]""},{""level"":""h2"",""text"":""[이 명식이 남기는 문장]""},{""level"":""h2"",""text"":""체계 교차 해설""},{""level"":""h2"",""text"":""유명인처럼 내 사주도 한 편의 이야기로 읽어보세요""},{""level"":""h2"",""text"":""여섯 체계를 교차 검증하는 초융합 심층 리딩""},{""level"":""h2"",""text"":""함께 보면 좋은 유명인 사주""},{""level"":""h2"",""text"":""핵심 운세""},{""level"":""h2"",""text"":""타로 리딩""},{""level"":""h2"",""text"":""신탁 & 특화""},{""level"":""h2"",""text"":""추천 가이드""},{""level"":""h2"",""text"":""디지털 운세 서비스 환불 안내""},{""level"":""h2"",""text"":""면책 고지""},{""level"":""h2"",""text"":""사업자 정보""}]","7128","0","true","true","{""@type"":""Person"",""@id"":""https://code-destiny.com/#author"",""name"":""박병하"",""jobTitle"":""명리학자"",""description"":""10년 경력의 명리학자. Code Destiny 가 공개하는 사주·운세 콘텐츠의 최종 검수 책임자입니다."",""knowsAbout"":[""사주"",""명리학"",""만세력"",""자미두수"",""숙요점""],""url"":""https://code-destiny.com/about"",""worksFor"":{""@type"":""Organization"",""@id"":""https://code-destiny.com/#organization"",""name"":""CODE DESTINY""}}","2026-06-03T15:00:00.000Z","2026-08-30T00:00:00.000Z","ko","true","B","false","[""editorial-review-required""]","retain pending evidence review; no automatic deletion","미확인","미확인","미확인","미확인"
"https://code-destiny.com/insights/famous-saju/king-sejong/","200","200","true","https://code-destiny.com/insights/famous-saju/king-sejong/","세종대왕 사주 풀이 — 일주·십성으로 본 행적 | 꿀꿀 운세","[{""level"":""h1"",""text"":""세종대왕""},{""level"":""h2"",""text"":""명식에서 행적으로 — 이 인물만의 해설""},{""level"":""h2"",""text"":""사주 · 숙요 27수 · 베다 달 낙샤트라""},{""level"":""h3"",""text"":""정축""},{""level"":""h3"",""text"":""을사""},{""level"":""h3"",""text"":""임진""},{""level"":""h3"",""text"":""시 미상""},{""level"":""h3"",""text"":""임진""},{""level"":""h3"",""text"":""화 · 토 강""},{""level"":""h3"",""text"":""상관""},{""level"":""h2"",""text"":""[일주의 결]""},{""level"":""h2"",""text"":""화·토 강, 금 보완""},{""level"":""h2"",""text"":""명식 안에서 먼저 떠오르는 작용""},{""level"":""h3"",""text"":""상관 · 개성 있는 표현과 변주""},{""level"":""h3"",""text"":""비견 · 자기 기준과 독립성""},{""level"":""h3"",""text"":""정재 · 신뢰, 축적, 관리 감각""},{""level"":""h3"",""text"":""겁재 · 경쟁심과 돌파력""},{""level"":""h2"",""text"":""원국에 더해지는 섬세한 표식""},{""level"":""h2"",""text"":""[12운성과 기운의 성숙도]""},{""level"":""h2"",""text"":""행적과 사주의 결""},{""level"":""h2"",""text"":""[이 명식이 남기는 문장]""},{""level"":""h2"",""text"":""체계 교차 해설""},{""level"":""h2"",""text"":""유명인처럼 내 사주도 한 편의 이야기로 읽어보세요""},{""level"":""h2"",""text"":""여섯 체계를 교차 검증하는 초융합 심층 리딩""},{""level"":""h2"",""text"":""함께 보면 좋은 유명인 사주""},{""level"":""h2"",""text"":""핵심 운세""},{""level"":""h2"",""text"":""타로 리딩""},{""level"":""h2"",""text"":""신탁 & 특화""},{""level"":""h2"",""text"":""추천 가이드""},{""level"":""h2"",""text"":""디지털 운세 서비스 환불 안내""},{""level"":""h2"",""text"":""면책 고지""},{""level"":""h2"",""text"":""사업자 정보""}]","7301","0","true","true","{""@type"":""Person"",""@id"":""https://code-destiny.com/#author"",""name"":""박병하"",""jobTitle"":""명리학자"",""description"":""10년 경력의 명리학자. Code Destiny 가 공개하는 사주·운세 콘텐츠의 최종 검수 책임자입니다."",""knowsAbout"":[""사주"",""명리학"",""만세력"",""자미두수"",""숙요점""],""url"":""https://code-destiny.com/about"",""worksFor"":{""@type"":""Organization"",""@id"":""https://code-destiny.com/#organization"",""name"":""CODE DESTINY""}}","2026-06-03T15:00:00.000Z","2026-08-30T00:00:00.000Z","ko","true","B","false","[""editorial-review-required""]","retain pending evidence review; no automatic deletion","미확인","미확인","미확인","미확인"
"https://code-destiny.com/insights/famous-saju/lady-gaga/","200","200","false","https://code-destiny.com/insights/famous-saju/lady-gaga/","레이디 가가 사주 분석｜음악과 연기가 목소리의 결로 피어나는 사주 리듬","[{""level"":""h1"",""text"":""레이디 가가""},{""level"":""h2"",""text"":""사주 · 숙요 27수 · 베다 달 낙샤트라""},{""level"":""h3"",""text"":""병인""},{""level"":""h3"",""text"":""신묘""},{""level"":""h3"",""text"":""신미""},{""level"":""h3"",""text"":""시 미상""},{""level"":""h3"",""text"":""신미""},{""level"":""h3"",""text"":""목 · 금 강""},{""level"":""h3"",""text"":""비견""},{""level"":""h2"",""text"":""[일주의 결]""},{""level"":""h2"",""text"":""목·금 강, 수 보완""},{""level"":""h2"",""text"":""명식 안에서 먼저 떠오르는 작용""},{""level"":""h3"",""text"":""비견 · 자기 기준과 독립성""},{""level"":""h3"",""text"":""정관 · 책임감과 자기관리""},{""level"":""h3"",""text"":""겁재 · 경쟁심과 돌파력""},{""level"":""h3"",""text"":""식신 · 꾸준한 표현과 생산성""},{""level"":""h2"",""text"":""원국에 더해지는 섬세한 표식""},{""level"":""h2"",""text"":""[12운성과 기운의 성숙도]""},{""level"":""h2"",""text"":""[이 명식이 남기는 문장]""},{""level"":""h2"",""text"":""유명인처럼 내 사주도 한 편의 이야기로 읽어보세요""},{""level"":""h2"",""text"":""여섯 체계를 교차 검증하는 초융합 심층 리딩""},{""level"":""h2"",""text"":""함께 보면 좋은 유명인 사주""},{""level"":""h2"",""text"":""핵심 운세""},{""level"":""h2"",""text"":""타로 리딩""},{""level"":""h2"",""text"":""신탁 & 특화""},{""level"":""h2"",""text"":""추천 가이드""},{""level"":""h2"",""text"":""디지털 운세 서비스 환불 안내""},{""level"":""h2"",""text"":""면책 고지""},{""level"":""h2"",""text"":""사업자 정보""}]","5283","0","true","true","{""@type"":""Organization"",""name"":""CODE DESTINY""}","2026-06-03T15:00:00.000Z","2026-06-10T15:00:00.000Z","ko","false","C","true","[""editorial-review-required""]","verify existing disposition","미확인","미확인","미확인","미확인"
"https://code-destiny.com/insights/famous-saju/lebron-james/","200","200","false","https://code-destiny.com/insights/famous-saju/lebron-james/","르브론 제임스 사주 분석｜농구와 리더십이 승부의 호흡으로 살아나는 사주 리듬","[{""level"":""h1"",""text"":""르브론 제임스""},{""level"":""h2"",""text"":""사주 · 숙요 27수 · 베다 달 낙샤트라""},{""level"":""h3"",""text"":""갑자""},{""level"":""h3"",""text"":""병자""},{""level"":""h3"",""text"":""무술""},{""level"":""h3"",""text"":""시 미상""},{""level"":""h3"",""text"":""무술""},{""level"":""h3"",""text"":""토 · 수 강""},{""level"":""h3"",""text"":""편인""},{""level"":""h2"",""text"":""[일주의 결]""},{""level"":""h2"",""text"":""토·수 강, 금 보완""},{""level"":""h2"",""text"":""명식 안에서 먼저 떠오르는 작용""},{""level"":""h3"",""text"":""편인 · 독창적 관찰과 몰입""},{""level"":""h3"",""text"":""비견 · 자기 기준과 독립성""},{""level"":""h3"",""text"":""편관 · 압박을 견디는 승부성""},{""level"":""h3"",""text"":""겁재 · 경쟁심과 돌파력""},{""level"":""h2"",""text"":""원국에 더해지는 섬세한 표식""},{""level"":""h2"",""text"":""[12운성과 기운의 성숙도]""},{""level"":""h2"",""text"":""[이 명식이 남기는 문장]""},{""level"":""h2"",""text"":""유명인처럼 내 사주도 한 편의 이야기로 읽어보세요""},{""level"":""h2"",""text"":""여섯 체계를 교차 검증하는 초융합 심층 리딩""},{""level"":""h2"",""text"":""함께 보면 좋은 유명인 사주""},{""level"":""h2"",""text"":""핵심 운세""},{""level"":""h2"",""text"":""타로 리딩""},{""level"":""h2"",""text"":""신탁 & 특화""},{""level"":""h2"",""text"":""추천 가이드""},{""level"":""h2"",""text"":""디지털 운세 서비스 환불 안내""},{""level"":""h2"",""text"":""면책 고지""},{""level"":""h2"",""text"":""사업자 정보""}]","5073","0","true","true","{""@type"":""Organization"",""name"":""CODE DESTINY""}","2026-06-03T15:00:00.000Z","2026-06-10T15:00:00.000Z","ko","false","C","true","[""editorial-review-required""]","verify existing disposition","미확인","미확인","미확인","미확인"
"https://code-destiny.com/insights/famous-saju/lee-young-ji/","200","200","false","https://code-destiny.com/insights/famous-saju/lee-young-ji/","이영지 사주 분석｜랩과 입담이 목소리의 결로 피어나는 사주 리듬","[{""level"":""h1"",""text"":""이영지""},{""level"":""h2"",""text"":""사주 · 숙요 27수 · 베다 달 낙샤트라""},{""level"":""h3"",""text"":""임오""},{""level"":""h3"",""text"":""임인""},{""level"":""h3"",""text"":""무신""},{""level"":""h3"",""text"":""시 미상""},{""level"":""h3"",""text"":""무신""},{""level"":""h3"",""text"":""수 강""},{""level"":""h3"",""text"":""편재""},{""level"":""h2"",""text"":""[일주의 결]""},{""level"":""h2"",""text"":""수 강, 목·화·토·금 보완""},{""level"":""h2"",""text"":""명식 안에서 먼저 떠오르는 작용""},{""level"":""h3"",""text"":""편재 · 대중성, 무대성, 현실 감각""},{""level"":""h3"",""text"":""비견 · 자기 기준과 독립성""},{""level"":""h3"",""text"":""겁재 · 경쟁심과 돌파력""},{""level"":""h3"",""text"":""식신 · 꾸준한 표현과 생산성""},{""level"":""h2"",""text"":""원국에 더해지는 섬세한 표식""},{""level"":""h2"",""text"":""[12운성과 기운의 성숙도]""},{""level"":""h2"",""text"":""[이 명식이 남기는 문장]""},{""level"":""h2"",""text"":""유명인처럼 내 사주도 한 편의 이야기로 읽어보세요""},{""level"":""h2"",""text"":""여섯 체계를 교차 검증하는 초융합 심층 리딩""},{""level"":""h2"",""text"":""함께 보면 좋은 유명인 사주""},{""level"":""h2"",""text"":""핵심 운세""},{""level"":""h2"",""text"":""타로 리딩""},{""level"":""h2"",""text"":""신탁 & 특화""},{""level"":""h2"",""text"":""추천 가이드""},{""level"":""h2"",""text"":""디지털 운세 서비스 환불 안내""},{""level"":""h2"",""text"":""면책 고지""},{""level"":""h2"",""text"":""사업자 정보""}]","5457","0","true","true","{""@type"":""Organization"",""name"":""CODE DESTINY""}","2026-06-03T15:00:00.000Z","2026-06-10T15:00:00.000Z","ko","false","C","true","[""editorial-review-required""]","verify existing disposition","미확인","미확인","미확인","미확인"
"https://code-destiny.com/insights/famous-saju/mahatma-gandhi/","200","200","false","https://code-destiny.com/insights/famous-saju/mahatma-gandhi/","마하트마 간디 사주 분석｜비폭력과 신념이 오래 남는 작품성으로 이어지는 사주 결","[{""level"":""h1"",""text"":""마하트마 간디""},{""level"":""h2"",""text"":""사주 · 숙요 27수 · 베다 달 낙샤트라""},{""level"":""h3"",""text"":""기사""},{""level"":""h3"",""text"":""계유""},{""level"":""h3"",""text"":""병인""},{""level"":""h3"",""text"":""시 미상""},{""level"":""h3"",""text"":""병인""},{""level"":""h3"",""text"":""화 강""},{""level"":""h3"",""text"":""정관""},{""level"":""h2"",""text"":""[일주의 결]""},{""level"":""h2"",""text"":""화 강, 목·토·금·수 보완""},{""level"":""h2"",""text"":""명식 안에서 먼저 떠오르는 작용""},{""level"":""h3"",""text"":""정관 · 책임감과 자기관리""},{""level"":""h3"",""text"":""비견 · 자기 기준과 독립성""},{""level"":""h3"",""text"":""상관 · 개성 있는 표현과 변주""},{""level"":""h3"",""text"":""겁재 · 경쟁심과 돌파력""},{""level"":""h2"",""text"":""원국에 더해지는 섬세한 표식""},{""level"":""h2"",""text"":""[12운성과 기운의 성숙도]""},{""level"":""h2"",""text"":""[이 명식이 남기는 문장]""},{""level"":""h2"",""text"":""유명인처럼 내 사주도 한 편의 이야기로 읽어보세요""},{""level"":""h2"",""text"":""여섯 체계를 교차 검증하는 초융합 심층 리딩""},{""level"":""h2"",""text"":""함께 보면 좋은 유명인 사주""},{""level"":""h2"",""text"":""핵심 운세""},{""level"":""h2"",""text"":""타로 리딩""},{""level"":""h2"",""text"":""신탁 & 특화""},{""level"":""h2"",""text"":""추천 가이드""},{""level"":""h2"",""text"":""디지털 운세 서비스 환불 안내""},{""level"":""h2"",""text"":""면책 고지""},{""level"":""h2"",""text"":""사업자 정보""}]","5332","0","true","true","{""@type"":""Organization"",""name"":""CODE DESTINY""}","2026-06-03T15:00:00.000Z","2026-06-10T15:00:00.000Z","ko","false","C","true","[""editorial-review-required""]","verify existing disposition","미확인","미확인","미확인","미확인"
"https://code-destiny.com/insights/famous-saju/martin-luther-king-jr/","200","200","false","https://code-destiny.com/insights/famous-saju/martin-luther-king-jr/","마틴 루터 킹 사주 분석｜연설과 평등이 책임의 자리에서 드러나는 사주 구조","[{""level"":""h1"",""text"":""마틴 루터 킹""},{""level"":""h2"",""text"":""사주 · 숙요 27수 · 베다 달 낙샤트라""},{""level"":""h3"",""text"":""무진""},{""level"":""h3"",""text"":""을축""},{""level"":""h3"",""text"":""경신""},{""level"":""h3"",""text"":""시 미상""},{""level"":""h3"",""text"":""경신""},{""level"":""h3"",""text"":""토 강""},{""level"":""h3"",""text"":""정재""},{""level"":""h2"",""text"":""[일주의 결]""},{""level"":""h2"",""text"":""토 강, 화·수 보완""},{""level"":""h2"",""text"":""명식 안에서 먼저 떠오르는 작용""},{""level"":""h3"",""text"":""정재 · 신뢰, 축적, 관리 감각""},{""level"":""h3"",""text"":""비견 · 자기 기준과 독립성""},{""level"":""h3"",""text"":""편인 · 독창적 관찰과 몰입""},{""level"":""h3"",""text"":""겁재 · 경쟁심과 돌파력""},{""level"":""h2"",""text"":""원국에 더해지는 섬세한 표식""},{""level"":""h2"",""text"":""[12운성과 기운의 성숙도]""},{""level"":""h2"",""text"":""[이 명식이 남기는 문장]""},{""level"":""h2"",""text"":""유명인처럼 내 사주도 한 편의 이야기로 읽어보세요""},{""level"":""h2"",""text"":""여섯 체계를 교차 검증하는 초융합 심층 리딩""},{""level"":""h2"",""text"":""함께 보면 좋은 유명인 사주""},{""level"":""h2"",""text"":""핵심 운세""},{""level"":""h2"",""text"":""타로 리딩""},{""level"":""h2"",""text"":""신탁 & 특화""},{""level"":""h2"",""text"":""추천 가이드""},{""level"":""h2"",""text"":""디지털 운세 서비스 환불 안내""},{""level"":""h2"",""text"":""면책 고지""},{""level"":""h2"",""text"":""사업자 정보""}]","5243","0","true","true","{""@type"":""Organization"",""name"":""CODE DESTINY""}","2026-06-03T15:00:00.000Z","2026-06-10T15:00:00.000Z","ko","false","C","true","[""editorial-review-required""]","verify existing disposition","미확인","미확인","미확인","미확인"
"https://code-destiny.com/insights/famous-saju/michael-jackson/","200","200","false","https://code-destiny.com/insights/famous-saju/michael-jackson/","마이클 잭슨 사주 분석｜팝과 댄스가 목소리의 결로 피어나는 사주 리듬","[{""level"":""h1"",""text"":""마이클 잭슨""},{""level"":""h2"",""text"":""사주 · 숙요 27수 · 베다 달 낙샤트라""},{""level"":""h3"",""text"":""무술""},{""level"":""h3"",""text"":""경신""},{""level"":""h3"",""text"":""무인""},{""level"":""h3"",""text"":""시 미상""},{""level"":""h3"",""text"":""무인""},{""level"":""h3"",""text"":""토 강""},{""level"":""h3"",""text"":""비견""},{""level"":""h2"",""text"":""[일주의 결]""},{""level"":""h2"",""text"":""토 강, 화·수 보완""},{""level"":""h2"",""text"":""명식 안에서 먼저 떠오르는 작용""},{""level"":""h3"",""text"":""비견 · 자기 기준과 독립성""},{""level"":""h3"",""text"":""식신 · 꾸준한 표현과 생산성""},{""level"":""h3"",""text"":""겁재 · 경쟁심과 돌파력""},{""level"":""h3"",""text"":""상관 · 개성 있는 표현과 변주""},{""level"":""h2"",""text"":""원국에 더해지는 섬세한 표식""},{""level"":""h2"",""text"":""[12운성과 기운의 성숙도]""},{""level"":""h2"",""text"":""[이 명식이 남기는 문장]""},{""level"":""h2"",""text"":""유명인처럼 내 사주도 한 편의 이야기로 읽어보세요""},{""level"":""h2"",""text"":""여섯 체계를 교차 검증하는 초융합 심층 리딩""},{""level"":""h2"",""text"":""함께 보면 좋은 유명인 사주""},{""level"":""h2"",""text"":""핵심 운세""},{""level"":""h2"",""text"":""타로 리딩""},{""level"":""h2"",""text"":""신탁 & 특화""},{""level"":""h2"",""text"":""추천 가이드""},{""level"":""h2"",""text"":""디지털 운세 서비스 환불 안내""},{""level"":""h2"",""text"":""면책 고지""},{""level"":""h2"",""text"":""사업자 정보""}]","5244","0","true","true","{""@type"":""Organization"",""name"":""CODE DESTINY""}","2026-06-03T15:00:00.000Z","2026-06-10T15:00:00.000Z","ko","false","C","true","[""editorial-review-required""]","verify existing disposition","미확인","미확인","미확인","미확인"
"https://code-destiny.com/insights/famous-saju/michael-jordan/","200","200","false","https://code-destiny.com/insights/famous-saju/michael-jordan/","마이클 조던 사주 분석｜농구와 승부가 승부의 호흡으로 살아나는 사주 리듬","[{""level"":""h1"",""text"":""마이클 조던""},{""level"":""h2"",""text"":""사주 · 숙요 27수 · 베다 달 낙샤트라""},{""level"":""h3"",""text"":""계묘""},{""level"":""h3"",""text"":""갑인""},{""level"":""h3"",""text"":""신묘""},{""level"":""h3"",""text"":""시 미상""},{""level"":""h3"",""text"":""신묘""},{""level"":""h3"",""text"":""목 강""},{""level"":""h3"",""text"":""정재""},{""level"":""h2"",""text"":""[일주의 결]""},{""level"":""h2"",""text"":""목 강, 화·토 보완""},{""level"":""h2"",""text"":""명식 안에서 먼저 떠오르는 작용""},{""level"":""h3"",""text"":""정재 · 신뢰, 축적, 관리 감각""},{""level"":""h3"",""text"":""비견 · 자기 기준과 독립성""},{""level"":""h3"",""text"":""식신 · 꾸준한 표현과 생산성""},{""level"":""h3"",""text"":""겁재 · 경쟁심과 돌파력""},{""level"":""h2"",""text"":""원국에 더해지는 섬세한 표식""},{""level"":""h2"",""text"":""[12운성과 기운의 성숙도]""},{""level"":""h2"",""text"":""[이 명식이 남기는 문장]""},{""level"":""h2"",""text"":""유명인처럼 내 사주도 한 편의 이야기로 읽어보세요""},{""level"":""h2"",""text"":""여섯 체계를 교차 검증하는 초융합 심층 리딩""},{""level"":""h2"",""text"":""함께 보면 좋은 유명인 사주""},{""level"":""h2"",""text"":""핵심 운세""},{""level"":""h2"",""text"":""타로 리딩""},{""level"":""h2"",""text"":""신탁 & 특화""},{""level"":""h2"",""text"":""추천 가이드""},{""level"":""h2"",""text"":""디지털 운세 서비스 환불 안내""},{""level"":""h2"",""text"":""면책 고지""},{""level"":""h2"",""text"":""사업자 정보""}]","4930","0","true","true","{""@type"":""Organization"",""name"":""CODE DESTINY""}","2026-06-03T15:00:00.000Z","2026-06-10T15:00:00.000Z","ko","false","C","true","[""editorial-review-required""]","verify existing disposition","미확인","미확인","미확인","미확인"
"https://code-destiny.com/insights/famous-saju/mozart/","200","200","false","https://code-destiny.com/insights/famous-saju/mozart/","모차르트 사주 분석｜음악과 천재성이 오래 남는 작품성으로 이어지는 사주 결","[{""level"":""h1"",""text"":""모차르트""},{""level"":""h2"",""text"":""사주 · 숙요 27수 · 베다 달 낙샤트라""},{""level"":""h3"",""text"":""을해""},{""level"":""h3"",""text"":""기축""},{""level"":""h3"",""text"":""을축""},{""level"":""h3"",""text"":""병술""},{""level"":""h3"",""text"":""을축""},{""level"":""h3"",""text"":""토 강""},{""level"":""h3"",""text"":""비견""},{""level"":""h2"",""text"":""[일주의 결]""},{""level"":""h2"",""text"":""토 강, 금 보완""},{""level"":""h2"",""text"":""명식 안에서 먼저 떠오르는 작용""},{""level"":""h3"",""text"":""비견 · 자기 기준과 독립성""},{""level"":""h3"",""text"":""편재 · 대중성, 무대성, 현실 감각""},{""level"":""h3"",""text"":""상관 · 개성 있는 표현과 변주""},{""level"":""h3"",""text"":""겁재 · 경쟁심과 돌파력""},{""level"":""h2"",""text"":""원국에 더해지는 섬세한 표식""},{""level"":""h2"",""text"":""[12운성과 기운의 성숙도]""},{""level"":""h2"",""text"":""[이 명식이 남기는 문장]""},{""level"":""h2"",""text"":""유명인처럼 내 사주도 한 편의 이야기로 읽어보세요""},{""level"":""h2"",""text"":""여섯 체계를 교차 검증하는 초융합 심층 리딩""},{""level"":""h2"",""text"":""함께 보면 좋은 유명인 사주""},{""level"":""h2"",""text"":""핵심 운세""},{""level"":""h2"",""text"":""타로 리딩""},{""level"":""h2"",""text"":""신탁 & 특화""},{""level"":""h2"",""text"":""추천 가이드""},{""level"":""h2"",""text"":""디지털 운세 서비스 환불 안내""},{""level"":""h2"",""text"":""면책 고지""},{""level"":""h2"",""text"":""사업자 정보""}]","5131","0","true","true","{""@type"":""Organization"",""name"":""CODE DESTINY""}","2026-06-03T15:00:00.000Z","2026-06-10T15:00:00.000Z","ko","false","C","true","[""editorial-review-required""]","verify existing disposition","미확인","미확인","미확인","미확인"
"https://code-destiny.com/insights/famous-saju/napoleon-bonaparte/","200","200","false","https://code-destiny.com/insights/famous-saju/napoleon-bonaparte/","나폴레옹 보나파르트 사주 분석｜전략과 권력이 책임의 자리에서 드러나는 사주 구조","[{""level"":""h1"",""text"":""나폴레옹 보나파르트""},{""level"":""h2"",""text"":""사주 · 숙요 27수 · 베다 달 낙샤트라""},{""level"":""h3"",""text"":""기축""},{""level"":""h3"",""text"":""임신""},{""level"":""h3"",""text"":""갑오""},{""level"":""h3"",""text"":""시 미상""},{""level"":""h3"",""text"":""갑오""},{""level"":""h3"",""text"":""토 강""},{""level"":""h3"",""text"":""편인""},{""level"":""h2"",""text"":""[일주의 결]""},{""level"":""h2"",""text"":""토 강, 목·화·금·수 보완""},{""level"":""h2"",""text"":""명식 안에서 먼저 떠오르는 작용""},{""level"":""h3"",""text"":""편인 · 독창적 관찰과 몰입""},{""level"":""h3"",""text"":""비견 · 자기 기준과 독립성""},{""level"":""h3"",""text"":""정재 · 신뢰, 축적, 관리 감각""},{""level"":""h3"",""text"":""겁재 · 경쟁심과 돌파력""},{""level"":""h2"",""text"":""원국에 더해지는 섬세한 표식""},{""level"":""h2"",""text"":""[12운성과 기운의 성숙도]""},{""level"":""h2"",""text"":""[이 명식이 남기는 문장]""},{""level"":""h2"",""text"":""유명인처럼 내 사주도 한 편의 이야기로 읽어보세요""},{""level"":""h2"",""text"":""여섯 체계를 교차 검증하는 초융합 심층 리딩""},{""level"":""h2"",""text"":""함께 보면 좋은 유명인 사주""},{""level"":""h2"",""text"":""핵심 운세""},{""level"":""h2"",""text"":""타로 리딩""},{""level"":""h2"",""text"":""신탁 & 특화""},{""level"":""h2"",""text"":""추천 가이드""},{""level"":""h2"",""text"":""디지털 운세 서비스 환불 안내""},{""level"":""h2"",""text"":""면책 고지""},{""level"":""h2"",""text"":""사업자 정보""}]","5337","0","true","true","{""@type"":""Organization"",""name"":""CODE DESTINY""}","2026-06-03T15:00:00.000Z","2026-06-10T15:00:00.000Z","ko","false","C","true","[""editorial-review-required""]","verify existing disposition","미확인","미확인","미확인","미확인"
"https://code-destiny.com/insights/famous-saju/park-chan-wook/","200","200","false","https://code-destiny.com/insights/famous-saju/park-chan-wook/","박찬욱 사주 분석｜감독과 미장센이 오래 남는 작품성으로 이어지는 사주 결","[{""level"":""h1"",""text"":""박찬욱""},{""level"":""h2"",""text"":""사주 · 숙요 27수 · 베다 달 낙샤트라""},{""level"":""h3"",""text"":""계묘""},{""level"":""h3"",""text"":""경신""},{""level"":""h3"",""text"":""무술""},{""level"":""h3"",""text"":""시 미상""},{""level"":""h3"",""text"":""무술""},{""level"":""h3"",""text"":""토 · 금 강""},{""level"":""h3"",""text"":""식신""},{""level"":""h2"",""text"":""[일주의 결]""},{""level"":""h2"",""text"":""토·금 강, 화 보완""},{""level"":""h2"",""text"":""명식 안에서 먼저 떠오르는 작용""},{""level"":""h3"",""text"":""식신 · 꾸준한 표현과 생산성""},{""level"":""h3"",""text"":""비견 · 자기 기준과 독립성""},{""level"":""h3"",""text"":""정재 · 신뢰, 축적, 관리 감각""},{""level"":""h3"",""text"":""겁재 · 경쟁심과 돌파력""},{""level"":""h2"",""text"":""원국에 더해지는 섬세한 표식""},{""level"":""h2"",""text"":""[12운성과 기운의 성숙도]""},{""level"":""h2"",""text"":""[이 명식이 남기는 문장]""},{""level"":""h2"",""text"":""유명인처럼 내 사주도 한 편의 이야기로 읽어보세요""},{""level"":""h2"",""text"":""여섯 체계를 교차 검증하는 초융합 심층 리딩""},{""level"":""h2"",""text"":""함께 보면 좋은 유명인 사주""},{""level"":""h2"",""text"":""핵심 운세""},{""level"":""h2"",""text"":""타로 리딩""},{""level"":""h2"",""text"":""신탁 & 특화""},{""level"":""h2"",""text"":""추천 가이드""},{""level"":""h2"",""text"":""디지털 운세 서비스 환불 안내""},{""level"":""h2"",""text"":""면책 고지""},{""level"":""h2"",""text"":""사업자 정보""}]","5397","0","true","true","{""@type"":""Organization"",""name"":""CODE DESTINY""}","2026-06-03T15:00:00.000Z","2026-06-10T15:00:00.000Z","ko","false","C","true","[""editorial-review-required""]","verify existing disposition","미확인","미확인","미확인","미확인"
"https://code-destiny.com/insights/famous-saju/park-chung-hee/","200","200","false","https://code-destiny.com/insights/famous-saju/park-chung-hee/","박정희 사주 분석｜정치와 산업화가 책임의 자리에서 드러나는 사주 구조","[{""level"":""h1"",""text"":""박정희""},{""level"":""h2"",""text"":""사주 · 숙요 27수 · 베다 달 낙샤트라""},{""level"":""h3"",""text"":""정사""},{""level"":""h3"",""text"":""신해""},{""level"":""h3"",""text"":""경신""},{""level"":""h3"",""text"":""시 미상""},{""level"":""h3"",""text"":""경신""},{""level"":""h3"",""text"":""금 강""},{""level"":""h3"",""text"":""겁재""},{""level"":""h2"",""text"":""[일주의 결]""},{""level"":""h2"",""text"":""금 강, 목·토 보완""},{""level"":""h2"",""text"":""명식 안에서 먼저 떠오르는 작용""},{""level"":""h3"",""text"":""겁재 · 경쟁심과 돌파력""},{""level"":""h3"",""text"":""비견 · 자기 기준과 독립성""},{""level"":""h3"",""text"":""정관 · 책임감과 자기관리""},{""level"":""h3"",""text"":""식신 · 꾸준한 표현과 생산성""},{""level"":""h2"",""text"":""원국에 더해지는 섬세한 표식""},{""level"":""h2"",""text"":""[12운성과 기운의 성숙도]""},{""level"":""h2"",""text"":""[이 명식이 남기는 문장]""},{""level"":""h2"",""text"":""유명인처럼 내 사주도 한 편의 이야기로 읽어보세요""},{""level"":""h2"",""text"":""여섯 체계를 교차 검증하는 초융합 심층 리딩""},{""level"":""h2"",""text"":""함께 보면 좋은 유명인 사주""},{""level"":""h2"",""text"":""핵심 운세""},{""level"":""h2"",""text"":""타로 리딩""},{""level"":""h2"",""text"":""신탁 & 특화""},{""level"":""h2"",""text"":""추천 가이드""},{""level"":""h2"",""text"":""디지털 운세 서비스 환불 안내""},{""level"":""h2"",""text"":""면책 고지""},{""level"":""h2"",""text"":""사업자 정보""}]","5108","0","true","true","{""@type"":""Organization"",""name"":""CODE DESTINY""}","2026-06-03T15:00:00.000Z","2026-06-10T15:00:00.000Z","ko","false","C","true","[""editorial-review-required""]","verify existing disposition","미확인","미확인","미확인","미확인"
"https://code-destiny.com/insights/famous-saju/park-se-ri/","200","200","false","https://code-destiny.com/insights/famous-saju/park-se-ri/","박세리 사주 분석｜골프와 개척이 승부의 호흡으로 살아나는 사주 리듬","[{""level"":""h1"",""text"":""박세리""},{""level"":""h2"",""text"":""사주 · 숙요 27수 · 베다 달 낙샤트라""},{""level"":""h3"",""text"":""정사""},{""level"":""h3"",""text"":""기유""},{""level"":""h3"",""text"":""무자""},{""level"":""h3"",""text"":""시 미상""},{""level"":""h3"",""text"":""무자""},{""level"":""h3"",""text"":""화 · 토 강""},{""level"":""h3"",""text"":""겁재""},{""level"":""h2"",""text"":""[일주의 결]""},{""level"":""h2"",""text"":""화·토 강, 목 보완""},{""level"":""h2"",""text"":""명식 안에서 먼저 떠오르는 작용""},{""level"":""h3"",""text"":""겁재 · 경쟁심과 돌파력""},{""level"":""h3"",""text"":""비견 · 자기 기준과 독립성""},{""level"":""h3"",""text"":""정인 · 학습, 보호, 정리하는 힘""},{""level"":""h3"",""text"":""식신 · 꾸준한 표현과 생산성""},{""level"":""h2"",""text"":""원국에 더해지는 섬세한 표식""},{""level"":""h2"",""text"":""[12운성과 기운의 성숙도]""},{""level"":""h2"",""text"":""[이 명식이 남기는 문장]""},{""level"":""h2"",""text"":""유명인처럼 내 사주도 한 편의 이야기로 읽어보세요""},{""level"":""h2"",""text"":""여섯 체계를 교차 검증하는 초융합 심층 리딩""},{""level"":""h2"",""text"":""함께 보면 좋은 유명인 사주""},{""level"":""h2"",""text"":""핵심 운세""},{""level"":""h2"",""text"":""타로 리딩""},{""level"":""h2"",""text"":""신탁 & 특화""},{""level"":""h2"",""text"":""추천 가이드""},{""level"":""h2"",""text"":""디지털 운세 서비스 환불 안내""},{""level"":""h2"",""text"":""면책 고지""},{""level"":""h2"",""text"":""사업자 정보""}]","4928","0","true","true","{""@type"":""Organization"",""name"":""CODE DESTINY""}","2026-06-03T15:00:00.000Z","2026-06-10T15:00:00.000Z","ko","false","C","true","[""editorial-review-required""]","verify existing disposition","미확인","미확인","미확인","미확인"
"https://code-destiny.com/insights/famous-saju/ryu-hyun-jin/","200","200","false","https://code-destiny.com/insights/famous-saju/ryu-hyun-jin/","류현진 사주 분석｜야구와 제구가 승부의 호흡으로 살아나는 사주 리듬","[{""level"":""h1"",""text"":""류현진""},{""level"":""h2"",""text"":""사주 · 숙요 27수 · 베다 달 낙샤트라""},{""level"":""h3"",""text"":""정묘""},{""level"":""h3"",""text"":""계묘""},{""level"":""h3"",""text"":""계유""},{""level"":""h3"",""text"":""시 미상""},{""level"":""h3"",""text"":""계유""},{""level"":""h3"",""text"":""목 · 수 강""},{""level"":""h3"",""text"":""비견""},{""level"":""h2"",""text"":""[일주의 결]""},{""level"":""h2"",""text"":""목·수 강, 토 보완""},{""level"":""h2"",""text"":""명식 안에서 먼저 떠오르는 작용""},{""level"":""h3"",""text"":""비견 · 자기 기준과 독립성""},{""level"":""h3"",""text"":""편재 · 대중성, 무대성, 현실 감각""},{""level"":""h3"",""text"":""겁재 · 경쟁심과 돌파력""},{""level"":""h3"",""text"":""식신 · 꾸준한 표현과 생산성""},{""level"":""h2"",""text"":""원국에 더해지는 섬세한 표식""},{""level"":""h2"",""text"":""[12운성과 기운의 성숙도]""},{""level"":""h2"",""text"":""[이 명식이 남기는 문장]""},{""level"":""h2"",""text"":""유명인처럼 내 사주도 한 편의 이야기로 읽어보세요""},{""level"":""h2"",""text"":""여섯 체계를 교차 검증하는 초융합 심층 리딩""},{""level"":""h2"",""text"":""함께 보면 좋은 유명인 사주""},{""level"":""h2"",""text"":""핵심 운세""},{""level"":""h2"",""text"":""타로 리딩""},{""level"":""h2"",""text"":""신탁 & 특화""},{""level"":""h2"",""text"":""추천 가이드""},{""level"":""h2"",""text"":""디지털 운세 서비스 환불 안내""},{""level"":""h2"",""text"":""면책 고지""},{""level"":""h2"",""text"":""사업자 정보""}]","5427","0","true","true","{""@type"":""Organization"",""name"":""CODE DESTINY""}","2026-06-03T15:00:00.000Z","2026-06-10T15:00:00.000Z","ko","false","C","true","[""editorial-review-required""]","verify existing disposition","미확인","미확인","미확인","미확인"
"https://code-destiny.com/insights/famous-saju/serena-williams/","200","200","false","https://code-destiny.com/insights/famous-saju/serena-williams/","세리나 윌리엄스 사주 분석｜테니스와 승부가 승부의 호흡으로 살아나는 사주 리듬","[{""level"":""h1"",""text"":""세리나 윌리엄스""},{""level"":""h2"",""text"":""사주 · 숙요 27수 · 베다 달 낙샤트라""},{""level"":""h3"",""text"":""신유""},{""level"":""h3"",""text"":""정유""},{""level"":""h3"",""text"":""정미""},{""level"":""h3"",""text"":""시 미상""},{""level"":""h3"",""text"":""정미""},{""level"":""h3"",""text"":""금 강""},{""level"":""h3"",""text"":""비견""},{""level"":""h2"",""text"":""[일주의 결]""},{""level"":""h2"",""text"":""금 강, 목·수 보완""},{""level"":""h2"",""text"":""명식 안에서 먼저 떠오르는 작용""},{""level"":""h3"",""text"":""비견 · 자기 기준과 독립성""},{""level"":""h3"",""text"":""편재 · 대중성, 무대성, 현실 감각""},{""level"":""h3"",""text"":""겁재 · 경쟁심과 돌파력""},{""level"":""h3"",""text"":""식신 · 꾸준한 표현과 생산성""},{""level"":""h2"",""text"":""원국에 더해지는 섬세한 표식""},{""level"":""h2"",""text"":""[12운성과 기운의 성숙도]""},{""level"":""h2"",""text"":""[이 명식이 남기는 문장]""},{""level"":""h2"",""text"":""유명인처럼 내 사주도 한 편의 이야기로 읽어보세요""},{""level"":""h2"",""text"":""여섯 체계를 교차 검증하는 초융합 심층 리딩""},{""level"":""h2"",""text"":""함께 보면 좋은 유명인 사주""},{""level"":""h2"",""text"":""핵심 운세""},{""level"":""h2"",""text"":""타로 리딩""},{""level"":""h2"",""text"":""신탁 & 특화""},{""level"":""h2"",""text"":""추천 가이드""},{""level"":""h2"",""text"":""디지털 운세 서비스 환불 안내""},{""level"":""h2"",""text"":""면책 고지""},{""level"":""h2"",""text"":""사업자 정보""}]","5389","0","true","true","{""@type"":""Organization"",""name"":""CODE DESTINY""}","2026-06-03T15:00:00.000Z","2026-06-10T15:00:00.000Z","ko","false","C","true","[""editorial-review-required""]","verify existing disposition","미확인","미확인","미확인","미확인"
"https://code-destiny.com/insights/famous-saju/shin-saimdang/","200","200","false","https://code-destiny.com/insights/famous-saju/shin-saimdang/","신사임당 사주 분석｜예술과 문학이 오래 남는 작품성으로 이어지는 사주 결","[{""level"":""h1"",""text"":""신사임당""},{""level"":""h2"",""text"":""사주 · 숙요 27수 · 베다 달 낙샤트라""},{""level"":""h3"",""text"":""갑자""},{""level"":""h3"",""text"":""을해""},{""level"":""h3"",""text"":""병자""},{""level"":""h3"",""text"":""시 미상""},{""level"":""h3"",""text"":""병자""},{""level"":""h3"",""text"":""수 강""},{""level"":""h3"",""text"":""정인""},{""level"":""h2"",""text"":""[일주의 결]""},{""level"":""h2"",""text"":""수 강, 토·금 보완""},{""level"":""h2"",""text"":""명식 안에서 먼저 떠오르는 작용""},{""level"":""h3"",""text"":""정인 · 학습, 보호, 정리하는 힘""},{""level"":""h3"",""text"":""비견 · 자기 기준과 독립성""},{""level"":""h3"",""text"":""편인 · 독창적 관찰과 몰입""},{""level"":""h3"",""text"":""겁재 · 경쟁심과 돌파력""},{""level"":""h2"",""text"":""원국에 더해지는 섬세한 표식""},{""level"":""h2"",""text"":""[12운성과 기운의 성숙도]""},{""level"":""h2"",""text"":""[이 명식이 남기는 문장]""},{""level"":""h2"",""text"":""유명인처럼 내 사주도 한 편의 이야기로 읽어보세요""},{""level"":""h2"",""text"":""여섯 체계를 교차 검증하는 초융합 심층 리딩""},{""level"":""h2"",""text"":""함께 보면 좋은 유명인 사주""},{""level"":""h2"",""text"":""핵심 운세""},{""level"":""h2"",""text"":""타로 리딩""},{""level"":""h2"",""text"":""신탁 & 특화""},{""level"":""h2"",""text"":""추천 가이드""},{""level"":""h2"",""text"":""디지털 운세 서비스 환불 안내""},{""level"":""h2"",""text"":""면책 고지""},{""level"":""h2"",""text"":""사업자 정보""}]","5036","0","true","true","{""@type"":""Organization"",""name"":""CODE DESTINY""}","2026-06-03T15:00:00.000Z","2026-06-10T15:00:00.000Z","ko","false","C","true","[""editorial-review-required""]","verify existing disposition","미확인","미확인","미확인","미확인"
"https://code-destiny.com/insights/famous-saju/son-heung-min/","200","200","true","https://code-destiny.com/insights/famous-saju/son-heung-min/","손흥민 사주·숙요 풀이 | 꿀꿀 운세","[{""level"":""h1"",""text"":""손흥민""},{""level"":""h2"",""text"":""명식에서 행적으로 — 이 인물만의 해설""},{""level"":""h2"",""text"":""사주 · 숙요 27수 · 베다 달 낙샤트라""},{""level"":""h3"",""text"":""임신""},{""level"":""h3"",""text"":""정미""},{""level"":""h3"",""text"":""을유""},{""level"":""h3"",""text"":""시 미상""},{""level"":""h3"",""text"":""을유""},{""level"":""h3"",""text"":""금 강""},{""level"":""h3"",""text"":""식신""},{""level"":""h2"",""text"":""[일주의 결]""},{""level"":""h2"",""text"":""금 강, 목·화·토·수 보완""},{""level"":""h2"",""text"":""명식 안에서 먼저 떠오르는 작용""},{""level"":""h3"",""text"":""식신 · 꾸준한 표현과 생산성""},{""level"":""h3"",""text"":""비견 · 자기 기준과 독립성""},{""level"":""h3"",""text"":""정인 · 학습, 보호, 정리하는 힘""},{""level"":""h3"",""text"":""겁재 · 경쟁심과 돌파력""},{""level"":""h2"",""text"":""원국에 더해지는 섬세한 표식""},{""level"":""h2"",""text"":""[12운성과 기운의 성숙도]""},{""level"":""h2"",""text"":""[이 명식이 남기는 문장]""},{""level"":""h2"",""text"":""체계 교차 해설""},{""level"":""h2"",""text"":""유명인처럼 내 사주도 한 편의 이야기로 읽어보세요""},{""level"":""h2"",""text"":""여섯 체계를 교차 검증하는 초융합 심층 리딩""},{""level"":""h2"",""text"":""함께 보면 좋은 유명인 사주""},{""level"":""h2"",""text"":""핵심 운세""},{""level"":""h2"",""text"":""타로 리딩""},{""level"":""h2"",""text"":""신탁 & 특화""},{""level"":""h2"",""text"":""추천 가이드""},{""level"":""h2"",""text"":""디지털 운세 서비스 환불 안내""},{""level"":""h2"",""text"":""면책 고지""},{""level"":""h2"",""text"":""사업자 정보""}]","6962","0","true","true","{""@type"":""Person"",""@id"":""https://code-destiny.com/#author"",""name"":""박병하"",""jobTitle"":""명리학자"",""description"":""10년 경력의 명리학자. Code Destiny 가 공개하는 사주·운세 콘텐츠의 최종 검수 책임자입니다."",""knowsAbout"":[""사주"",""명리학"",""만세력"",""자미두수"",""숙요점""],""url"":""https://code-destiny.com/about"",""worksFor"":{""@type"":""Organization"",""@id"":""https://code-destiny.com/#organization"",""name"":""CODE DESTINY""}}","2026-06-03T15:00:00.000Z","2026-08-30T00:00:00.000Z","ko","true","B","false","[""editorial-review-required""]","retain pending evidence review; no automatic deletion","미확인","미확인","미확인","미확인"
"https://code-destiny.com/insights/famous-saju/steven-spielberg/","200","200","false","https://code-destiny.com/insights/famous-saju/steven-spielberg/","스티븐 스필버그 사주 분석｜감독과 영화가 오래 남는 작품성으로 이어지는 사주 결","[{""level"":""h1"",""text"":""스티븐 스필버그""},{""level"":""h2"",""text"":""사주 · 숙요 27수 · 베다 달 낙샤트라""},{""level"":""h3"",""text"":""병술""},{""level"":""h3"",""text"":""경자""},{""level"":""h3"",""text"":""병인""},{""level"":""h3"",""text"":""시 미상""},{""level"":""h3"",""text"":""병인""},{""level"":""h3"",""text"":""화 강""},{""level"":""h3"",""text"":""비견""},{""level"":""h2"",""text"":""[일주의 결]""},{""level"":""h2"",""text"":""화 강, 목·토·금·수 보완""},{""level"":""h2"",""text"":""명식 안에서 먼저 떠오르는 작용""},{""level"":""h3"",""text"":""비견 · 자기 기준과 독립성""},{""level"":""h3"",""text"":""편재 · 대중성, 무대성, 현실 감각""},{""level"":""h3"",""text"":""겁재 · 경쟁심과 돌파력""},{""level"":""h3"",""text"":""식신 · 꾸준한 표현과 생산성""},{""level"":""h2"",""text"":""원국에 더해지는 섬세한 표식""},{""level"":""h2"",""text"":""[12운성과 기운의 성숙도]""},{""level"":""h2"",""text"":""[이 명식이 남기는 문장]""},{""level"":""h2"",""text"":""유명인처럼 내 사주도 한 편의 이야기로 읽어보세요""},{""level"":""h2"",""text"":""여섯 체계를 교차 검증하는 초융합 심층 리딩""},{""level"":""h2"",""text"":""함께 보면 좋은 유명인 사주""},{""level"":""h2"",""text"":""핵심 운세""},{""level"":""h2"",""text"":""타로 리딩""},{""level"":""h2"",""text"":""신탁 & 특화""},{""level"":""h2"",""text"":""추천 가이드""},{""level"":""h2"",""text"":""디지털 운세 서비스 환불 안내""},{""level"":""h2"",""text"":""면책 고지""},{""level"":""h2"",""text"":""사업자 정보""}]","5425","0","true","true","{""@type"":""Organization"",""name"":""CODE DESTINY""}","2026-06-03T15:00:00.000Z","2026-06-10T15:00:00.000Z","ko","false","C","true","[""editorial-review-required""]","verify existing disposition","미확인","미확인","미확인","미확인"
"https://code-destiny.com/insights/famous-saju/taylor-swift/","200","200","false","https://code-destiny.com/insights/famous-saju/taylor-swift/","테일러 스위프트 사주 분석｜음악과 서사가 목소리의 결로 피어나는 사주 리듬","[{""level"":""h1"",""text"":""테일러 스위프트""},{""level"":""h2"",""text"":""사주 · 숙요 27수 · 베다 달 낙샤트라""},{""level"":""h3"",""text"":""기사""},{""level"":""h3"",""text"":""병자""},{""level"":""h3"",""text"":""정미""},{""level"":""h3"",""text"":""시 미상""},{""level"":""h3"",""text"":""정미""},{""level"":""h3"",""text"":""화 강""},{""level"":""h3"",""text"":""겁재""},{""level"":""h2"",""text"":""[일주의 결]""},{""level"":""h2"",""text"":""화 강, 목·금 보완""},{""level"":""h2"",""text"":""명식 안에서 먼저 떠오르는 작용""},{""level"":""h3"",""text"":""겁재 · 경쟁심과 돌파력""},{""level"":""h3"",""text"":""비견 · 자기 기준과 독립성""},{""level"":""h3"",""text"":""식신 · 꾸준한 표현과 생산성""},{""level"":""h3"",""text"":""상관 · 개성 있는 표현과 변주""},{""level"":""h2"",""text"":""원국에 더해지는 섬세한 표식""},{""level"":""h2"",""text"":""[12운성과 기운의 성숙도]""},{""level"":""h2"",""text"":""[이 명식이 남기는 문장]""},{""level"":""h2"",""text"":""유명인처럼 내 사주도 한 편의 이야기로 읽어보세요""},{""level"":""h2"",""text"":""여섯 체계를 교차 검증하는 초융합 심층 리딩""},{""level"":""h2"",""text"":""함께 보면 좋은 유명인 사주""},{""level"":""h2"",""text"":""핵심 운세""},{""level"":""h2"",""text"":""타로 리딩""},{""level"":""h2"",""text"":""신탁 & 특화""},{""level"":""h2"",""text"":""추천 가이드""},{""level"":""h2"",""text"":""디지털 운세 서비스 환불 안내""},{""level"":""h2"",""text"":""면책 고지""},{""level"":""h2"",""text"":""사업자 정보""}]","5219","0","true","true","{""@type"":""Organization"",""name"":""CODE DESTINY""}","2026-06-03T15:00:00.000Z","2026-06-10T15:00:00.000Z","ko","false","C","true","[""editorial-review-required""]","verify existing disposition","미확인","미확인","미확인","미확인"
"https://code-destiny.com/insights/famous-saju/winston-churchill/","200","200","false","https://code-destiny.com/insights/famous-saju/winston-churchill/","윈스턴 처칠 사주 분석｜연설과 전략이 책임의 자리에서 드러나는 사주 구조","[{""level"":""h1"",""text"":""윈스턴 처칠""},{""level"":""h2"",""text"":""사주 · 숙요 27수 · 베다 달 낙샤트라""},{""level"":""h3"",""text"":""갑술""},{""level"":""h3"",""text"":""을해""},{""level"":""h3"",""text"":""신묘""},{""level"":""h3"",""text"":""무자""},{""level"":""h3"",""text"":""신묘""},{""level"":""h3"",""text"":""목 강""},{""level"":""h3"",""text"":""편재""},{""level"":""h2"",""text"":""[일주의 결]""},{""level"":""h2"",""text"":""목 강, 화 보완""},{""level"":""h2"",""text"":""명식 안에서 먼저 떠오르는 작용""},{""level"":""h3"",""text"":""편재 · 대중성, 무대성, 현실 감각""},{""level"":""h3"",""text"":""비견 · 자기 기준과 독립성""},{""level"":""h3"",""text"":""정인 · 학습, 보호, 정리하는 힘""},{""level"":""h3"",""text"":""정재 · 신뢰, 축적, 관리 감각""},{""level"":""h2"",""text"":""원국에 더해지는 섬세한 표식""},{""level"":""h2"",""text"":""[12운성과 기운의 성숙도]""},{""level"":""h2"",""text"":""[이 명식이 남기는 문장]""},{""level"":""h2"",""text"":""유명인처럼 내 사주도 한 편의 이야기로 읽어보세요""},{""level"":""h2"",""text"":""여섯 체계를 교차 검증하는 초융합 심층 리딩""},{""level"":""h2"",""text"":""함께 보면 좋은 유명인 사주""},{""level"":""h2"",""text"":""핵심 운세""},{""level"":""h2"",""text"":""타로 리딩""},{""level"":""h2"",""text"":""신탁 & 특화""},{""level"":""h2"",""text"":""추천 가이드""},{""level"":""h2"",""text"":""디지털 운세 서비스 환불 안내""},{""level"":""h2"",""text"":""면책 고지""},{""level"":""h2"",""text"":""사업자 정보""}]","5116","0","true","true","{""@type"":""Organization"",""name"":""CODE DESTINY""}","2026-06-03T15:00:00.000Z","2026-06-10T15:00:00.000Z","ko","false","C","true","[""editorial-review-required""]","verify existing disposition","미확인","미확인","미확인","미확인"
"https://code-destiny.com/insights/famous-saju/yi-hwang/","200","200","false","https://code-destiny.com/insights/famous-saju/yi-hwang/","이황 사주 분석｜학문과 수양이 오래 남는 작품성으로 이어지는 사주 결","[{""level"":""h1"",""text"":""이황""},{""level"":""h2"",""text"":""사주 · 숙요 27수 · 베다 달 낙샤트라""},{""level"":""h3"",""text"":""신유""},{""level"":""h3"",""text"":""기해""},{""level"":""h3"",""text"":""경술""},{""level"":""h3"",""text"":""시 미상""},{""level"":""h3"",""text"":""경술""},{""level"":""h3"",""text"":""금 강""},{""level"":""h3"",""text"":""정인""},{""level"":""h2"",""text"":""[일주의 결]""},{""level"":""h2"",""text"":""금 강, 목·화 보완""},{""level"":""h2"",""text"":""명식 안에서 먼저 떠오르는 작용""},{""level"":""h3"",""text"":""정인 · 학습, 보호, 정리하는 힘""},{""level"":""h3"",""text"":""비견 · 자기 기준과 독립성""},{""level"":""h3"",""text"":""겁재 · 경쟁심과 돌파력""},{""level"":""h3"",""text"":""식신 · 꾸준한 표현과 생산성""},{""level"":""h2"",""text"":""원국에 더해지는 섬세한 표식""},{""level"":""h2"",""text"":""[12운성과 기운의 성숙도]""},{""level"":""h2"",""text"":""[이 명식이 남기는 문장]""},{""level"":""h2"",""text"":""유명인처럼 내 사주도 한 편의 이야기로 읽어보세요""},{""level"":""h2"",""text"":""여섯 체계를 교차 검증하는 초융합 심층 리딩""},{""level"":""h2"",""text"":""함께 보면 좋은 유명인 사주""},{""level"":""h2"",""text"":""핵심 운세""},{""level"":""h2"",""text"":""타로 리딩""},{""level"":""h2"",""text"":""신탁 & 특화""},{""level"":""h2"",""text"":""추천 가이드""},{""level"":""h2"",""text"":""디지털 운세 서비스 환불 안내""},{""level"":""h2"",""text"":""면책 고지""},{""level"":""h2"",""text"":""사업자 정보""}]","5178","0","true","true","{""@type"":""Organization"",""name"":""CODE DESTINY""}","2026-06-03T15:00:00.000Z","2026-06-10T15:00:00.000Z","ko","false","C","true","[""editorial-review-required""]","verify existing disposition","미확인","미확인","미확인","미확인"
"https://code-destiny.com/insights/famous-saju/yi-i/","200","200","false","https://code-destiny.com/insights/famous-saju/yi-i/","이이 사주 분석｜개혁과 학문이 오래 남는 작품성으로 이어지는 사주 결","[{""level"":""h1"",""text"":""이이""},{""level"":""h2"",""text"":""사주 · 숙요 27수 · 베다 달 낙샤트라""},{""level"":""h3"",""text"":""병신""},{""level"":""h3"",""text"":""경자""},{""level"":""h3"",""text"":""을유""},{""level"":""h3"",""text"":""시 미상""},{""level"":""h3"",""text"":""을유""},{""level"":""h3"",""text"":""금 강""},{""level"":""h3"",""text"":""정관""},{""level"":""h2"",""text"":""[일주의 결]""},{""level"":""h2"",""text"":""금 강, 토 보완""},{""level"":""h2"",""text"":""명식 안에서 먼저 떠오르는 작용""},{""level"":""h3"",""text"":""정관 · 책임감과 자기관리""},{""level"":""h3"",""text"":""비견 · 자기 기준과 독립성""},{""level"":""h3"",""text"":""상관 · 개성 있는 표현과 변주""},{""level"":""h3"",""text"":""겁재 · 경쟁심과 돌파력""},{""level"":""h2"",""text"":""원국에 더해지는 섬세한 표식""},{""level"":""h2"",""text"":""[12운성과 기운의 성숙도]""},{""level"":""h2"",""text"":""[이 명식이 남기는 문장]""},{""level"":""h2"",""text"":""유명인처럼 내 사주도 한 편의 이야기로 읽어보세요""},{""level"":""h2"",""text"":""여섯 체계를 교차 검증하는 초융합 심층 리딩""},{""level"":""h2"",""text"":""함께 보면 좋은 유명인 사주""},{""level"":""h2"",""text"":""핵심 운세""},{""level"":""h2"",""text"":""타로 리딩""},{""level"":""h2"",""text"":""신탁 & 특화""},{""level"":""h2"",""text"":""추천 가이드""},{""level"":""h2"",""text"":""디지털 운세 서비스 환불 안내""},{""level"":""h2"",""text"":""면책 고지""},{""level"":""h2"",""text"":""사업자 정보""}]","5069","0","true","true","{""@type"":""Organization"",""name"":""CODE DESTINY""}","2026-06-03T15:00:00.000Z","2026-06-10T15:00:00.000Z","ko","false","C","true","[""editorial-review-required""]","verify existing disposition","미확인","미확인","미확인","미확인"
"https://code-destiny.com/insights/famous-saju/yi-sun-sin/","200","200","true","https://code-destiny.com/insights/famous-saju/yi-sun-sin/","이순신 사주 풀이 — 일주·십성으로 본 행적 | 꿀꿀 운세","[{""level"":""h1"",""text"":""이순신""},{""level"":""h2"",""text"":""명식에서 행적으로 — 이 인물만의 해설""},{""level"":""h2"",""text"":""사주 · 숙요 27수 · 베다 달 낙샤트라""},{""level"":""h3"",""text"":""을사""},{""level"":""h3"",""text"":""경진""},{""level"":""h3"",""text"":""경오""},{""level"":""h3"",""text"":""시 미상""},{""level"":""h3"",""text"":""경오""},{""level"":""h3"",""text"":""화 · 금 강""},{""level"":""h3"",""text"":""비견""},{""level"":""h2"",""text"":""[일주의 결]""},{""level"":""h2"",""text"":""화·금 강, 수 보완""},{""level"":""h2"",""text"":""명식 안에서 먼저 떠오르는 작용""},{""level"":""h3"",""text"":""비견 · 자기 기준과 독립성""},{""level"":""h3"",""text"":""정재 · 신뢰, 축적, 관리 감각""},{""level"":""h3"",""text"":""겁재 · 경쟁심과 돌파력""},{""level"":""h3"",""text"":""식신 · 꾸준한 표현과 생산성""},{""level"":""h2"",""text"":""원국에 더해지는 섬세한 표식""},{""level"":""h2"",""text"":""[12운성과 기운의 성숙도]""},{""level"":""h2"",""text"":""행적과 사주의 결""},{""level"":""h2"",""text"":""[이 명식이 남기는 문장]""},{""level"":""h2"",""text"":""체계 교차 해설""},{""level"":""h2"",""text"":""유명인처럼 내 사주도 한 편의 이야기로 읽어보세요""},{""level"":""h2"",""text"":""여섯 체계를 교차 검증하는 초융합 심층 리딩""},{""level"":""h2"",""text"":""함께 보면 좋은 유명인 사주""},{""level"":""h2"",""text"":""핵심 운세""},{""level"":""h2"",""text"":""타로 리딩""},{""level"":""h2"",""text"":""신탁 & 특화""},{""level"":""h2"",""text"":""추천 가이드""},{""level"":""h2"",""text"":""디지털 운세 서비스 환불 안내""},{""level"":""h2"",""text"":""면책 고지""},{""level"":""h2"",""text"":""사업자 정보""}]","7067","0","true","true","{""@type"":""Person"",""@id"":""https://code-destiny.com/#author"",""name"":""박병하"",""jobTitle"":""명리학자"",""description"":""10년 경력의 명리학자. Code Destiny 가 공개하는 사주·운세 콘텐츠의 최종 검수 책임자입니다."",""knowsAbout"":[""사주"",""명리학"",""만세력"",""자미두수"",""숙요점""],""url"":""https://code-destiny.com/about"",""worksFor"":{""@type"":""Organization"",""@id"":""https://code-destiny.com/#organization"",""name"":""CODE DESTINY""}}","2026-06-03T15:00:00.000Z","2026-08-30T00:00:00.000Z","ko","true","B","false","[""editorial-review-required""]","retain pending evidence review; no automatic deletion","미확인","미확인","미확인","미확인"
"https://code-destiny.com/insights/famous-saju/yu-gwan-sun/","200","200","true","https://code-destiny.com/insights/famous-saju/yu-gwan-sun/","유관순 사주·숙요 풀이 | 꿀꿀 운세","[{""level"":""h1"",""text"":""유관순""},{""level"":""h2"",""text"":""명식에서 행적으로 — 이 인물만의 해설""},{""level"":""h2"",""text"":""사주 · 숙요 27수 · 베다 달 낙샤트라""},{""level"":""h3"",""text"":""임인""},{""level"":""h3"",""text"":""임자""},{""level"":""h3"",""text"":""계유""},{""level"":""h3"",""text"":""시 미상""},{""level"":""h3"",""text"":""계유""},{""level"":""h3"",""text"":""수 강""},{""level"":""h3"",""text"":""겁재""},{""level"":""h2"",""text"":""[일주의 결]""},{""level"":""h2"",""text"":""수 강, 화·토 보완""},{""level"":""h2"",""text"":""명식 안에서 먼저 떠오르는 작용""},{""level"":""h3"",""text"":""겁재 · 경쟁심과 돌파력""},{""level"":""h3"",""text"":""비견 · 자기 기준과 독립성""},{""level"":""h3"",""text"":""식신 · 꾸준한 표현과 생산성""},{""level"":""h3"",""text"":""상관 · 개성 있는 표현과 변주""},{""level"":""h2"",""text"":""원국에 더해지는 섬세한 표식""},{""level"":""h2"",""text"":""[12운성과 기운의 성숙도]""},{""level"":""h2"",""text"":""행적과 사주의 결""},{""level"":""h2"",""text"":""[이 명식이 남기는 문장]""},{""level"":""h2"",""text"":""체계 교차 해설""},{""level"":""h2"",""text"":""유명인처럼 내 사주도 한 편의 이야기로 읽어보세요""},{""level"":""h2"",""text"":""여섯 체계를 교차 검증하는 초융합 심층 리딩""},{""level"":""h2"",""text"":""함께 보면 좋은 유명인 사주""},{""level"":""h2"",""text"":""핵심 운세""},{""level"":""h2"",""text"":""타로 리딩""},{""level"":""h2"",""text"":""신탁 & 특화""},{""level"":""h2"",""text"":""추천 가이드""},{""level"":""h2"",""text"":""디지털 운세 서비스 환불 안내""},{""level"":""h2"",""text"":""면책 고지""},{""level"":""h2"",""text"":""사업자 정보""}]","7472","0","true","true","{""@type"":""Person"",""@id"":""https://code-destiny.com/#author"",""name"":""박병하"",""jobTitle"":""명리학자"",""description"":""10년 경력의 명리학자. Code Destiny 가 공개하는 사주·운세 콘텐츠의 최종 검수 책임자입니다."",""knowsAbout"":[""사주"",""명리학"",""만세력"",""자미두수"",""숙요점""],""url"":""https://code-destiny.com/about"",""worksFor"":{""@type"":""Organization"",""@id"":""https://code-destiny.com/#organization"",""name"":""CODE DESTINY""}}","2026-06-03T15:00:00.000Z","2026-08-30T00:00:00.000Z","ko","true","B","false","[""editorial-review-required""]","retain pending evidence review; no automatic deletion","미확인","미확인","미확인","미확인"
"https://code-destiny.com/insights/famous-saju/zhang-yimou/","200","200","false","https://code-destiny.com/insights/famous-saju/zhang-yimou/","장이머우 사주 분석｜감독과 색채가 오래 남는 작품성으로 이어지는 사주 결","[{""level"":""h1"",""text"":""장이머우""},{""level"":""h2"",""text"":""사주 · 숙요 27수 · 베다 달 낙샤트라""},{""level"":""h3"",""text"":""경인""},{""level"":""h3"",""text"":""기묘""},{""level"":""h3"",""text"":""정묘""},{""level"":""h3"",""text"":""시 미상""},{""level"":""h3"",""text"":""정묘""},{""level"":""h3"",""text"":""목 강""},{""level"":""h3"",""text"":""식신""},{""level"":""h2"",""text"":""[일주의 결]""},{""level"":""h2"",""text"":""목 강, 수 보완""},{""level"":""h2"",""text"":""명식 안에서 먼저 떠오르는 작용""},{""level"":""h3"",""text"":""식신 · 꾸준한 표현과 생산성""},{""level"":""h3"",""text"":""비견 · 자기 기준과 독립성""},{""level"":""h3"",""text"":""정재 · 신뢰, 축적, 관리 감각""},{""level"":""h3"",""text"":""겁재 · 경쟁심과 돌파력""},{""level"":""h2"",""text"":""원국에 더해지는 섬세한 표식""},{""level"":""h2"",""text"":""[12운성과 기운의 성숙도]""},{""level"":""h2"",""text"":""[이 명식이 남기는 문장]""},{""level"":""h2"",""text"":""유명인처럼 내 사주도 한 편의 이야기로 읽어보세요""},{""level"":""h2"",""text"":""여섯 체계를 교차 검증하는 초융합 심층 리딩""},{""level"":""h2"",""text"":""함께 보면 좋은 유명인 사주""},{""level"":""h2"",""text"":""핵심 운세""},{""level"":""h2"",""text"":""타로 리딩""},{""level"":""h2"",""text"":""신탁 & 특화""},{""level"":""h2"",""text"":""추천 가이드""},{""level"":""h2"",""text"":""디지털 운세 서비스 환불 안내""},{""level"":""h2"",""text"":""면책 고지""},{""level"":""h2"",""text"":""사업자 정보""}]","5235","0","true","true","{""@type"":""Organization"",""name"":""CODE DESTINY""}","2026-06-03T15:00:00.000Z","2026-06-10T15:00:00.000Z","ko","false","C","true","[""editorial-review-required""]","verify existing disposition","미확인","미확인","미확인","미확인"
"https://code-destiny.com/insights/five-elements-ohang-complete-guide/","200","200","true","https://code-destiny.com/insights/five-elements-ohang-complete-guide/","오행(목화토금수) 균형·성격 완전 가이드","[{""level"":""h1"",""text"":""오행 균형·성격 완전 가이드 — 명리학 오행(목·화·토·금·수) 완전 해설""},{""level"":""h2"",""text"":""제1편. 오행(五行)의 기본 원리""},{""level"":""h3"",""text"":""1. 오행이란?""},{""level"":""h3"",""text"":""2. 오행과 자연의 변화""},{""level"":""h3"",""text"":""3. 오행과 계절""},{""level"":""h3"",""text"":""4. 오행과 음양""},{""level"":""h2"",""text"":""제2편. 오행의 상생과 상극""},{""level"":""h3"",""text"":""1. 상생(相生)""},{""level"":""h3"",""text"":""2. 상극(相剋)""},{""level"":""h3"",""text"":""3. 상생과 상극의 균형""},{""level"":""h2"",""text"":""제3편. 오행별 성격과 특징""},{""level"":""h3"",""text"":""1. 목(木)""},{""level"":""h3"",""text"":""2. 화(火)""},{""level"":""h3"",""text"":""3. 토(土)""},{""level"":""h3"",""text"":""4. 금(金)""},{""level"":""h3"",""text"":""5. 수(水)""},{""level"":""h2"",""text"":""제4편. 오행 균형과 실제 사주 해석""},{""level"":""h3"",""text"":""1. 오행이 많으면 좋은가?""},{""level"":""h3"",""text"":""2. 오행이 없으면 나쁜가?""},{""level"":""h3"",""text"":""3. 오행의 강약은 어떻게 판단하는가?""},{""level"":""h3"",""text"":""4. 오행 균형의 의미""},{""level"":""h3"",""text"":""5. 오행 해석 시 주의할 점""},{""level"":""h3"",""text"":""6. 오행을 공부한 다음 단계""},{""level"":""h2"",""text"":""오행 핵심 요약표""},{""level"":""h2"",""text"":""핵심 정리""},{""level"":""h2"",""text"":""여섯 체계를 교차 검증하는 초융합 심층 리딩""},{""level"":""h2"",""text"":""무료 사주 풀이 — 사주팔자 오행·십성·대운""},{""level"":""h2"",""text"":""함께 보면 좋은 인사이트""},{""level"":""h3"",""text"":""유명인 사주로 배우는 일간(日干) 읽기 — 공개 생일로 명식 세워 보기""},{""level"":""h3"",""text"":""출생시간을 모르면 사주를 못 보나? — 세 기둥으로 읽는 법""},{""level"":""h3"",""text"":""명식은 어떻게 세워지는가 — Code Destiny의 사주 계산 기준 공개""},{""level"":""h3"",""text"":""자정 무렵에 태어나면 일주가 갈리는 이유 — 야자시와 날짜 경계""},{""level"":""h3"",""text"":""같은 생년월일인데 사주가 다르게 나오는 네 가지 이유""},{""level"":""h3"",""text"":""십성(十星) 입문 지도 — 명리학 십성 완전 정복""},{""level"":""h2"",""text"":""핵심 운세""},{""level"":""h2"",""text"":""타로 리딩""},{""level"":""h2"",""text"":""신탁 & 특화""},{""level"":""h2"",""text"":""추천 가이드""},{""level"":""h2"",""text"":""디지털 운세 서비스 환불 안내""},{""level"":""h2"",""text"":""면책 고지""},{""level"":""h2"",""text"":""사업자 정보""}]","4538","0","true","true","{""@type"":""Person"",""@id"":""https://code-destiny.com/#author"",""name"":""박병하"",""jobTitle"":""명리학자"",""description"":""10년 경력의 명리학자. Code Destiny 가 공개하는 사주·운세 콘텐츠의 최종 검수 책임자입니다."",""knowsAbout"":[""사주"",""명리학"",""만세력"",""자미두수"",""숙요점""],""url"":""https://code-destiny.com/about"",""worksFor"":{""@type"":""Organization"",""@id"":""https://code-destiny.com/#organization"",""name"":""CODE DESTINY""}}","2026-07-10T00:00:00.000Z","2026-07-10T00:00:00.000Z","ko","true","B","false","[""editorial-review-required""]","retain pending evidence review; no automatic deletion","미확인","미확인","미확인","미확인"
"https://code-destiny.com/insights/fusion/","200","200","true","https://code-destiny.com/insights/fusion/","초융합운세란? 여러 운세를 함께 읽는 법 | CODE DESTINY","[{""level"":""h1"",""text"":""초융합운세란? 같은 질문을 여섯 관점에서 읽는 방법""},{""level"":""h2"",""text"":""초융합 인사이트를 읽는 법""},{""level"":""h2"",""text"":""추천 글""},{""level"":""h3"",""text"":""서양 점성술과 사주명리학의 차이 완전 가이드""},{""level"":""h3"",""text"":""사주+타로 통합 리딩 완전 가이드 — 두 체계를 함께 쓰는 법""},{""level"":""h2"",""text"":""최신 글""},{""level"":""h2"",""text"":""초보자 가이드""},{""level"":""h2"",""text"":""실전 해석 글""},{""level"":""h2"",""text"":""핵심 운세""},{""level"":""h2"",""text"":""타로 리딩""},{""level"":""h2"",""text"":""신탁 & 특화""},{""level"":""h2"",""text"":""추천 가이드""},{""level"":""h2"",""text"":""디지털 운세 서비스 환불 안내""},{""level"":""h2"",""text"":""면책 고지""},{""level"":""h2"",""text"":""사업자 정보""}]","848","0","true","false","미확인","미확인","미확인","ko","true","B","false","[]","retain pending evidence review; no automatic deletion","미확인","미확인","미확인","미확인"
"https://code-destiny.com/insights/how-to-raise-luck-daily-routine-practical-guide/","200","200","true","https://code-destiny.com/insights/how-to-raise-luck-daily-routine-practical-guide/","매일 운을 높이는 루틴 — 아침·점심·밤 15분","[{""level"":""h1"",""text"":""매일 운을 높이는 루틴: 아침·점심·밤 15분 실전 가이드""},{""level"":""h2"",""text"":""\""운\""은 타고난 결과가 아니라 관리 가능한 패턴입니다""},{""level"":""h2"",""text"":""아침 5분: 스마트폰을 보기 전에 하루의 방향을 정하세요""},{""level"":""h2"",""text"":""점심 5분: 오후 2~3시, 과열과 정체 신호를 점검하세요""},{""level"":""h2"",""text"":""밤 5분: 잠들기 30분 전, 오늘을 복기하고 내일을 예약하세요""},{""level"":""h3"",""text"":""하루 15분 루틴 한눈에 보기""},{""level"":""h2"",""text"":""사주 약한 기능에 맞춰 루틴을 커스터마이징하기""},{""level"":""h2"",""text"":""루틴이 3주 만에 무너지는 이유와 지속시키는 3가지 원칙""},{""level"":""h2"",""text"":""실전 팁 — 자주 묻는 질문""},{""level"":""h3"",""text"":""Q. 15분을 한 번에 몰아서 해도 될까요?""},{""level"":""h3"",""text"":""Q. 매일 못 지키면 의미가 없나요?""},{""level"":""h3"",""text"":""Q. 사주를 몰라도 효과가 있나요?""},{""level"":""h2"",""text"":""여섯 체계를 교차 검증하는 초융합 심층 리딩""},{""level"":""h2"",""text"":""핵심 운세""},{""level"":""h2"",""text"":""타로 리딩""},{""level"":""h2"",""text"":""신탁 & 특화""},{""level"":""h2"",""text"":""추천 가이드""},{""level"":""h2"",""text"":""디지털 운세 서비스 환불 안내""},{""level"":""h2"",""text"":""면책 고지""},{""level"":""h2"",""text"":""사업자 정보""}]","4344","0","true","true","{""@type"":""Person"",""@id"":""https://code-destiny.com/#author"",""name"":""박병하"",""jobTitle"":""명리학자"",""description"":""10년 경력의 명리학자. Code Destiny 가 공개하는 사주·운세 콘텐츠의 최종 검수 책임자입니다."",""knowsAbout"":[""사주"",""명리학"",""만세력"",""자미두수"",""숙요점""],""url"":""https://code-destiny.com/about"",""worksFor"":{""@type"":""Organization"",""@id"":""https://code-destiny.com/#organization"",""name"":""CODE DESTINY""}}","2026-07-11T00:00:00.000Z","2026-07-11T00:00:00.000Z","ko","true","B","false","[""editorial-review-required""]","retain pending evidence review; no automatic deletion","미확인","미확인","미확인","미확인"
"https://code-destiny.com/insights/how-we-calculate-saju/","200","200","true","https://code-destiny.com/insights/how-we-calculate-saju/","명식은 어떻게 세워지나 — 사주 계산 기준","[{""level"":""h1"",""text"":""명식은 어떻게 세워지는가 — Code Destiny의 사주 계산 기준 공개""},{""level"":""h2"",""text"":""먼저: 네 기둥은 서로 다른 시계를 본다""},{""level"":""h2"",""text"":""연주와 월주 — 생일이 아니라 절기가 해를 가른다""},{""level"":""h2"",""text"":""일주 — 왜 진태양시를 쓰지 않는가""},{""level"":""h2"",""text"":""시주 — 진태양시와 오자둔""},{""level"":""h2"",""text"":""음력 입력과 절기 데이터""},{""level"":""h2"",""text"":""이 기준으로도 정확해지지 않는 것""},{""level"":""h2"",""text"":""여섯 체계를 교차 검증하는 초융합 심층 리딩""},{""level"":""h2"",""text"":""무료 사주 풀이 — 사주팔자 오행·십성·대운""},{""level"":""h2"",""text"":""함께 보면 좋은 인사이트""},{""level"":""h3"",""text"":""유명인 사주로 배우는 일간(日干) 읽기 — 공개 생일로 명식 세워 보기""},{""level"":""h3"",""text"":""출생시간을 모르면 사주를 못 보나? — 세 기둥으로 읽는 법""},{""level"":""h3"",""text"":""자정 무렵에 태어나면 일주가 갈리는 이유 — 야자시와 날짜 경계""},{""level"":""h3"",""text"":""같은 생년월일인데 사주가 다르게 나오는 네 가지 이유""},{""level"":""h3"",""text"":""십성(十星) 입문 지도 — 명리학 십성 완전 정복""},{""level"":""h3"",""text"":""십이운성(十二運星) 완전 가이드 — 명리학에서 기운이 성장·쇠퇴하는 12단계""},{""level"":""h2"",""text"":""핵심 운세""},{""level"":""h2"",""text"":""타로 리딩""},{""level"":""h2"",""text"":""신탁 & 특화""},{""level"":""h2"",""text"":""추천 가이드""},{""level"":""h2"",""text"":""디지털 운세 서비스 환불 안내""},{""level"":""h2"",""text"":""면책 고지""},{""level"":""h2"",""text"":""사업자 정보""}]","3947","0","true","true","{""@type"":""Person"",""@id"":""https://code-destiny.com/#author"",""name"":""박병하"",""jobTitle"":""명리학자"",""description"":""10년 경력의 명리학자. Code Destiny 가 공개하는 사주·운세 콘텐츠의 최종 검수 책임자입니다."",""knowsAbout"":[""사주"",""명리학"",""만세력"",""자미두수"",""숙요점""],""url"":""https://code-destiny.com/about"",""worksFor"":{""@type"":""Organization"",""@id"":""https://code-destiny.com/#organization"",""name"":""CODE DESTINY""}}","2026-07-27T00:00:00.000Z","2026-07-27T00:00:00.000Z","ko","true","B","false","[""editorial-review-required""]","retain pending evidence review; no automatic deletion","미확인","미확인","미확인","미확인"
"https://code-destiny.com/insights/iljoo-personality-complete-guide-60-pillars/","200","200","true","https://code-destiny.com/insights/iljoo-personality-complete-guide-60-pillars/","일간·일주 성격 완전 해설 — 육십갑자 가이드","[{""level"":""h1"",""text"":""일간·일주 성격 완전 해설 — 육십갑자(60갑자) 완벽 가이드""},{""level"":""h2"",""text"":""1. 일간(日干)이란?""},{""level"":""h2"",""text"":""2. 왜 일간이 가장 중요한가?""},{""level"":""h2"",""text"":""3. 10개의 일간""},{""level"":""h2"",""text"":""4. 일주(日柱)란?""},{""level"":""h2"",""text"":""5. 일지(日支)란?""},{""level"":""h2"",""text"":""6. 일간과 일주의 차이""},{""level"":""h2"",""text"":""7. 육십갑자(六十甲子)란?""},{""level"":""h2"",""text"":""8. 육십갑자가 만들어지는 원리""},{""level"":""h2"",""text"":""9. 육십갑자 전체""},{""level"":""h2"",""text"":""10. 같은 갑목도 모두 다르다""},{""level"":""h2"",""text"":""11. 왜 일주가 중요한가?""},{""level"":""h2"",""text"":""12. 일주 성격은 어떻게 만들어질까?""},{""level"":""h2"",""text"":""13. 일주를 해석하는 순서""},{""level"":""h2"",""text"":""14. 육십갑자를 배우는 이유""},{""level"":""h2"",""text"":""15. 초보자가 자주 하는 실수""},{""level"":""h3"",""text"":""① 일간만으로 성격을 단정한다.""},{""level"":""h3"",""text"":""② 일주만 보고 운명을 단정한다.""},{""level"":""h3"",""text"":""③ 육십갑자를 외우기만 한다.""},{""level"":""h2"",""text"":""16. 앞으로 배우게 될 내용""},{""level"":""h2"",""text"":""핵심 정리""},{""level"":""h2"",""text"":""여섯 체계를 교차 검증하는 초융합 심층 리딩""},{""level"":""h2"",""text"":""무료 사주 풀이 — 사주팔자 오행·십성·대운""},{""level"":""h2"",""text"":""함께 보면 좋은 인사이트""},{""level"":""h3"",""text"":""유명인 사주로 배우는 일간(日干) 읽기 — 공개 생일로 명식 세워 보기""},{""level"":""h3"",""text"":""출생시간을 모르면 사주를 못 보나? — 세 기둥으로 읽는 법""},{""level"":""h3"",""text"":""명식은 어떻게 세워지는가 — Code Destiny의 사주 계산 기준 공개""},{""level"":""h3"",""text"":""자정 무렵에 태어나면 일주가 갈리는 이유 — 야자시와 날짜 경계""},{""level"":""h3"",""text"":""같은 생년월일인데 사주가 다르게 나오는 네 가지 이유""},{""level"":""h3"",""text"":""십성(十星) 입문 지도 — 명리학 십성 완전 정복""},{""level"":""h2"",""text"":""핵심 운세""},{""level"":""h2"",""text"":""타로 리딩""},{""level"":""h2"",""text"":""신탁 & 특화""},{""level"":""h2"",""text"":""추천 가이드""},{""level"":""h2"",""text"":""디지털 운세 서비스 환불 안내""},{""level"":""h2"",""text"":""면책 고지""},{""level"":""h2"",""text"":""사업자 정보""}]","4669","0","true","true","{""@type"":""Person"",""@id"":""https://code-destiny.com/#author"",""name"":""박병하"",""jobTitle"":""명리학자"",""description"":""10년 경력의 명리학자. Code Destiny 가 공개하는 사주·운세 콘텐츠의 최종 검수 책임자입니다."",""knowsAbout"":[""사주"",""명리학"",""만세력"",""자미두수"",""숙요점""],""url"":""https://code-destiny.com/about"",""worksFor"":{""@type"":""Organization"",""@id"":""https://code-destiny.com/#organization"",""name"":""CODE DESTINY""}}","2026-07-10T00:00:00.000Z","2026-07-10T00:00:00.000Z","ko","true","B","false","[""editorial-review-required""]","retain pending evidence review; no automatic deletion","미확인","미확인","미확인","미확인"
"https://code-destiny.com/insights/lucky-day-selection-without-superstition/","200","200","true","https://code-destiny.com/insights/lucky-day-selection-without-superstition/","길일 택일 체크리스트 — 미신 없이 고르는 법","[{""level"":""h1"",""text"":""길일 택일 체크리스트(미신 없이) + 운이 막혔을 때 리셋 루틴""},{""level"":""h2"",""text"":""길일(吉日) 택일 체크리스트: 택일의 기본 원칙""},{""level"":""h3"",""text"":""1단계. 목적부터 명확히 한다 ★★★★★""},{""level"":""h3"",""text"":""2단계. 내 컨디션이 가장 중요하다""},{""level"":""h3"",""text"":""3단계. 준비가 끝난 날을 선택한다""},{""level"":""h3"",""text"":""4단계. 너무 급한 결정은 피한다""},{""level"":""h3"",""text"":""5단계. 여유 있는 시간대를 선택한다""},{""level"":""h3"",""text"":""6단계. 일정이 겹치지 않는 날""},{""level"":""h3"",""text"":""7단계. 주변 환경도 고려한다""},{""level"":""h3"",""text"":""8단계. 마음이 안정되는 날""},{""level"":""h3"",""text"":""좋은 길일 체크리스트""},{""level"":""h2"",""text"":""운이 막혔다고 느껴질 때 리셋 루틴""},{""level"":""h3"",""text"":""1단계. 공간 리셋""},{""level"":""h3"",""text"":""2단계. 몸 리셋""},{""level"":""h3"",""text"":""3단계. 머리 리셋""},{""level"":""h3"",""text"":""4단계. 관계 리셋""},{""level"":""h3"",""text"":""5단계. 소비 리셋""},{""level"":""h3"",""text"":""6단계. 정보 리셋""},{""level"":""h3"",""text"":""7단계. 목표 리셋""},{""level"":""h3"",""text"":""8단계. 행동 리셋""},{""level"":""h3"",""text"":""9단계. 감사 리셋""},{""level"":""h3"",""text"":""10단계. 새로운 자극 만들기""},{""level"":""h3"",""text"":""7일 리셋 챌린지""},{""level"":""h3"",""text"":""리셋 체크리스트""},{""level"":""h2"",""text"":""여섯 체계를 교차 검증하는 초융합 심층 리딩""},{""level"":""h2"",""text"":""무료 사주 풀이 — 사주팔자 오행·십성·대운""},{""level"":""h2"",""text"":""함께 보면 좋은 인사이트""},{""level"":""h3"",""text"":""유명인 사주로 배우는 일간(日干) 읽기 — 공개 생일로 명식 세워 보기""},{""level"":""h3"",""text"":""출생시간을 모르면 사주를 못 보나? — 세 기둥으로 읽는 법""},{""level"":""h3"",""text"":""명식은 어떻게 세워지는가 — Code Destiny의 사주 계산 기준 공개""},{""level"":""h3"",""text"":""자정 무렵에 태어나면 일주가 갈리는 이유 — 야자시와 날짜 경계""},{""level"":""h3"",""text"":""같은 생년월일인데 사주가 다르게 나오는 네 가지 이유""},{""level"":""h3"",""text"":""십성(十星) 입문 지도 — 명리학 십성 완전 정복""},{""level"":""h2"",""text"":""핵심 운세""},{""level"":""h2"",""text"":""타로 리딩""},{""level"":""h2"",""text"":""신탁 & 특화""},{""level"":""h2"",""text"":""추천 가이드""},{""level"":""h2"",""text"":""디지털 운세 서비스 환불 안내""},{""level"":""h2"",""text"":""면책 고지""},{""level"":""h2"",""text"":""사업자 정보""}]","3466","0","true","true","{""@type"":""Person"",""@id"":""https://code-destiny.com/#author"",""name"":""박병하"",""jobTitle"":""명리학자"",""description"":""10년 경력의 명리학자. Code Destiny 가 공개하는 사주·운세 콘텐츠의 최종 검수 책임자입니다."",""knowsAbout"":[""사주"",""명리학"",""만세력"",""자미두수"",""숙요점""],""url"":""https://code-destiny.com/about"",""worksFor"":{""@type"":""Organization"",""@id"":""https://code-destiny.com/#organization"",""name"":""CODE DESTINY""}}","2026-07-10T00:00:00.000Z","2026-07-10T00:00:00.000Z","ko","true","B","false","[""editorial-review-required""]","retain pending evidence review; no automatic deletion","미확인","미확인","미확인","미확인"
"https://code-destiny.com/insights/manseoryeok-what-is/","200","200","true","https://code-destiny.com/insights/manseoryeok-what-is/","만세력(萬歲曆)이란? 만세력 보는 법 가이드","[{""level"":""h1"",""text"":""사주 입문: 만세력(萬歲曆)이란 무엇인가? — 만세력 보는 법 완벽 가이드""},{""level"":""h2"",""text"":""1. 만세력(萬歲曆)이란?""},{""level"":""h2"",""text"":""2. 왜 만세력이 필요한가?""},{""level"":""h2"",""text"":""3. 만세력이 계산하는 것""},{""level"":""h2"",""text"":""4. 만세력의 기본 화면""},{""level"":""h2"",""text"":""5. 만세력에서 가장 먼저 보는 것""},{""level"":""h3"",""text"":""① 생년월일 확인""},{""level"":""h3"",""text"":""② 출생시간 확인""},{""level"":""h3"",""text"":""③ 절입시간 확인""},{""level"":""h2"",""text"":""6. 만세력에서 가장 중요한 네 기둥""},{""level"":""h2"",""text"":""7. 만세력에서 가장 중요한 글자""},{""level"":""h2"",""text"":""8. 천간과 지지 읽는 법""},{""level"":""h2"",""text"":""9. 오행 표시 읽기""},{""level"":""h2"",""text"":""10. 십성 읽는 법""},{""level"":""h2"",""text"":""11. 12운성""},{""level"":""h2"",""text"":""12. 공망(空亡)""},{""level"":""h2"",""text"":""13. 대운""},{""level"":""h2"",""text"":""14. 세운""},{""level"":""h2"",""text"":""15. 초보자를 위한 만세력 읽는 순서""},{""level"":""h2"",""text"":""16. 초보자가 자주 하는 실수""},{""level"":""h2"",""text"":""핵심 정리""},{""level"":""h2"",""text"":""여섯 체계를 교차 검증하는 초융합 심층 리딩""},{""level"":""h2"",""text"":""무료 사주 풀이 — 사주팔자 오행·십성·대운""},{""level"":""h2"",""text"":""함께 보면 좋은 인사이트""},{""level"":""h3"",""text"":""유명인 사주로 배우는 일간(日干) 읽기 — 공개 생일로 명식 세워 보기""},{""level"":""h3"",""text"":""출생시간을 모르면 사주를 못 보나? — 세 기둥으로 읽는 법""},{""level"":""h3"",""text"":""명식은 어떻게 세워지는가 — Code Destiny의 사주 계산 기준 공개""},{""level"":""h3"",""text"":""자정 무렵에 태어나면 일주가 갈리는 이유 — 야자시와 날짜 경계""},{""level"":""h3"",""text"":""같은 생년월일인데 사주가 다르게 나오는 네 가지 이유""},{""level"":""h3"",""text"":""십성(十星) 입문 지도 — 명리학 십성 완전 정복""},{""level"":""h2"",""text"":""핵심 운세""},{""level"":""h2"",""text"":""타로 리딩""},{""level"":""h2"",""text"":""신탁 & 특화""},{""level"":""h2"",""text"":""추천 가이드""},{""level"":""h2"",""text"":""디지털 운세 서비스 환불 안내""},{""level"":""h2"",""text"":""면책 고지""},{""level"":""h2"",""text"":""사업자 정보""}]","4097","0","true","true","{""@type"":""Person"",""@id"":""https://code-destiny.com/#author"",""name"":""박병하"",""jobTitle"":""명리학자"",""description"":""10년 경력의 명리학자. Code Destiny 가 공개하는 사주·운세 콘텐츠의 최종 검수 책임자입니다."",""knowsAbout"":[""사주"",""명리학"",""만세력"",""자미두수"",""숙요점""],""url"":""https://code-destiny.com/about"",""worksFor"":{""@type"":""Organization"",""@id"":""https://code-destiny.com/#organization"",""name"":""CODE DESTINY""}}","2026-07-04T00:00:00.000Z","2026-07-04T00:00:00.000Z","ko","true","B","false","[""editorial-review-required""]","retain pending evidence review; no automatic deletion","미확인","미확인","미확인","미확인"
"https://code-destiny.com/insights/middle-east-divination-traditions-deep-guide/","200","200","true","https://code-destiny.com/insights/middle-east-divination-traditions-deep-guide/","중동 점복 전통 — 지오맨시·커피점·해몽","[{""level"":""h1"",""text"":""중동 점복 전통 심화 가이드: 지오맨시·커피점·해몽의 세계""},{""level"":""h2"",""text"":""규칙성과 신성함이 공존하는 중동 점복의 본질""},{""level"":""h2"",""text"":""모래 위의 수학: 지오맨시(일름 알라믈)의 3단계 구조""},{""level"":""h2"",""text"":""커피 잔 속의 무늬: 오스만이 남긴 생활 점술, 커피점""},{""level"":""h2"",""text"":""꿈으로 자신을 읽다: 이슬람 지성사의 해몽학과 이븐 시린""},{""level"":""h2"",""text"":""권위 중심 해석의 명암: '판결'에서 '선택지 비교'로""},{""level"":""h2"",""text"":""중동 점복 체계를 읽는 세 가지 비교 기준""},{""level"":""h2"",""text"":""실전 팁 & 미니 FAQ""},{""level"":""h3"",""text"":""지오맨시나 해몽을 오늘날에도 배울 수 있나요?""},{""level"":""h3"",""text"":""커피점을 볼 때 꼭 전문가에게 가야 하나요?""},{""level"":""h3"",""text"":""이런 전통을 믿어도 될까요?""},{""level"":""h2"",""text"":""여섯 체계를 교차 검증하는 초융합 심층 리딩""},{""level"":""h2"",""text"":""함께 보면 좋은 인사이트""},{""level"":""h3"",""text"":""아프리카 점복 전통 심화 가이드: 이파(Ifa)와 공동체의 지혜""},{""level"":""h3"",""text"":""세계의 신기한 점술 완전 가이드 — 돼지점부터 주역까지""},{""level"":""h2"",""text"":""핵심 운세""},{""level"":""h2"",""text"":""타로 리딩""},{""level"":""h2"",""text"":""신탁 & 특화""},{""level"":""h2"",""text"":""추천 가이드""},{""level"":""h2"",""text"":""디지털 운세 서비스 환불 안내""},{""level"":""h2"",""text"":""면책 고지""},{""level"":""h2"",""text"":""사업자 정보""}]","5822","0","true","true","{""@type"":""Person"",""@id"":""https://code-destiny.com/#author"",""name"":""박병하"",""jobTitle"":""명리학자"",""description"":""10년 경력의 명리학자. Code Destiny 가 공개하는 사주·운세 콘텐츠의 최종 검수 책임자입니다."",""knowsAbout"":[""사주"",""명리학"",""만세력"",""자미두수"",""숙요점""],""url"":""https://code-destiny.com/about"",""worksFor"":{""@type"":""Organization"",""@id"":""https://code-destiny.com/#organization"",""name"":""CODE DESTINY""}}","2026-07-11T00:00:00.000Z","2026-07-11T00:00:00.000Z","ko","true","B","false","[""editorial-review-required""]","retain pending evidence review; no automatic deletion","미확인","미확인","미확인","미확인"
"https://code-destiny.com/insights/midnight-birth-day-pillar/","200","200","true","https://code-destiny.com/insights/midnight-birth-day-pillar/","자정 출생, 일주가 갈리는 이유 — 야자시","[{""level"":""h1"",""text"":""자정 무렵에 태어나면 일주가 갈리는 이유 — 야자시와 날짜 경계""},{""level"":""h2"",""text"":""자시는 자정을 걸치고 있다""},{""level"":""h2"",""text"":""쟁점 하나 — 야자시를 다음 날로 볼 것인가""},{""level"":""h2"",""text"":""쟁점 둘 — 진태양시 보정이 날짜를 밀어낼 때""},{""level"":""h2"",""text"":""일주가 하루 밀리면 무엇이 달라지나""},{""level"":""h2"",""text"":""출생 시각부터 확인하는 것이 먼저다""},{""level"":""h2"",""text"":""내 결과가 갈렸다면 확인할 것""},{""level"":""h2"",""text"":""여섯 체계를 교차 검증하는 초융합 심층 리딩""},{""level"":""h2"",""text"":""무료 사주 풀이 — 사주팔자 오행·십성·대운""},{""level"":""h2"",""text"":""함께 보면 좋은 인사이트""},{""level"":""h3"",""text"":""유명인 사주로 배우는 일간(日干) 읽기 — 공개 생일로 명식 세워 보기""},{""level"":""h3"",""text"":""출생시간을 모르면 사주를 못 보나? — 세 기둥으로 읽는 법""},{""level"":""h3"",""text"":""명식은 어떻게 세워지는가 — Code Destiny의 사주 계산 기준 공개""},{""level"":""h3"",""text"":""같은 생년월일인데 사주가 다르게 나오는 네 가지 이유""},{""level"":""h3"",""text"":""십성(十星) 입문 지도 — 명리학 십성 완전 정복""},{""level"":""h3"",""text"":""십이운성(十二運星) 완전 가이드 — 명리학에서 기운이 성장·쇠퇴하는 12단계""},{""level"":""h2"",""text"":""핵심 운세""},{""level"":""h2"",""text"":""타로 리딩""},{""level"":""h2"",""text"":""신탁 & 특화""},{""level"":""h2"",""text"":""추천 가이드""},{""level"":""h2"",""text"":""디지털 운세 서비스 환불 안내""},{""level"":""h2"",""text"":""면책 고지""},{""level"":""h2"",""text"":""사업자 정보""}]","3959","0","true","true","{""@type"":""Person"",""@id"":""https://code-destiny.com/#author"",""name"":""박병하"",""jobTitle"":""명리학자"",""description"":""10년 경력의 명리학자. Code Destiny 가 공개하는 사주·운세 콘텐츠의 최종 검수 책임자입니다."",""knowsAbout"":[""사주"",""명리학"",""만세력"",""자미두수"",""숙요점""],""url"":""https://code-destiny.com/about"",""worksFor"":{""@type"":""Organization"",""@id"":""https://code-destiny.com/#organization"",""name"":""CODE DESTINY""}}","2026-07-27T00:00:00.000Z","2026-07-27T00:00:00.000Z","ko","true","B","false","[""editorial-review-required""]","retain pending evidence review; no automatic deletion","미확인","미확인","미확인","미확인"
"https://code-destiny.com/insights/money-luck-habits-and-saju-finance-rules/","200","200","true","https://code-destiny.com/insights/money-luck-habits-and-saju-finance-rules/","재물운 습관과 사주 재정 규칙 가이드","[{""level"":""h1"",""text"":""재물운 습관·사주 재정 규칙 완전 가이드 — 돈이 모이는 사람의 사주와 재정 관리법""},{""level"":""h2"",""text"":""제1장. 재물운의 진짜 의미""},{""level"":""h2"",""text"":""제2장. 돈이 모이는 사람들의 공통 습관""},{""level"":""h2"",""text"":""제3장. 재물운의 7가지 법칙""},{""level"":""h3"",""text"":""① 들어오는 돈보다 남는 돈이 중요하다""},{""level"":""h3"",""text"":""② 돈은 흐름이다""},{""level"":""h3"",""text"":""③ 재물은 신용이다""},{""level"":""h3"",""text"":""④ 욕심이 커질수록 재물은 새어 나간다""},{""level"":""h3"",""text"":""⑤ 소비는 성격을 따른다""},{""level"":""h3"",""text"":""⑥ 부자는 작은 돈을 무시하지 않는다""},{""level"":""h3"",""text"":""⑦ 돈보다 시간을 먼저 관리한다""},{""level"":""h2"",""text"":""제4장. 오행별 재정 습관""},{""level"":""h2"",""text"":""제5장. 십성별 돈 관리 스타일""},{""level"":""h2"",""text"":""제6장. 돈이 새는 사주의 공통 습관""},{""level"":""h2"",""text"":""제7장. 돈이 모이는 사주 습관""},{""level"":""h2"",""text"":""제8장. 재물운을 높이는 생활 습관""},{""level"":""h2"",""text"":""제9장. 대운과 재물운의 흐름""},{""level"":""h2"",""text"":""제10장. 재물운을 위한 10가지 재정 규칙""},{""level"":""h2"",""text"":""마무리""},{""level"":""h2"",""text"":""여섯 체계를 교차 검증하는 초융합 심층 리딩""},{""level"":""h2"",""text"":""무료 사주 풀이 — 사주팔자 오행·십성·대운""},{""level"":""h2"",""text"":""함께 보면 좋은 인사이트""},{""level"":""h3"",""text"":""유명인 사주로 배우는 일간(日干) 읽기 — 공개 생일로 명식 세워 보기""},{""level"":""h3"",""text"":""출생시간을 모르면 사주를 못 보나? — 세 기둥으로 읽는 법""},{""level"":""h3"",""text"":""명식은 어떻게 세워지는가 — Code Destiny의 사주 계산 기준 공개""},{""level"":""h3"",""text"":""자정 무렵에 태어나면 일주가 갈리는 이유 — 야자시와 날짜 경계""},{""level"":""h3"",""text"":""같은 생년월일인데 사주가 다르게 나오는 네 가지 이유""},{""level"":""h3"",""text"":""십성(十星) 입문 지도 — 명리학 십성 완전 정복""},{""level"":""h2"",""text"":""핵심 운세""},{""level"":""h2"",""text"":""타로 리딩""},{""level"":""h2"",""text"":""신탁 & 특화""},{""level"":""h2"",""text"":""추천 가이드""},{""level"":""h2"",""text"":""디지털 운세 서비스 환불 안내""},{""level"":""h2"",""text"":""면책 고지""},{""level"":""h2"",""text"":""사업자 정보""}]","3788","0","true","true","{""@type"":""Person"",""@id"":""https://code-destiny.com/#author"",""name"":""박병하"",""jobTitle"":""명리학자"",""description"":""10년 경력의 명리학자. Code Destiny 가 공개하는 사주·운세 콘텐츠의 최종 검수 책임자입니다."",""knowsAbout"":[""사주"",""명리학"",""만세력"",""자미두수"",""숙요점""],""url"":""https://code-destiny.com/about"",""worksFor"":{""@type"":""Organization"",""@id"":""https://code-destiny.com/#organization"",""name"":""CODE DESTINY""}}","2026-07-10T00:00:00.000Z","2026-07-10T00:00:00.000Z","ko","true","B","false","[""editorial-review-required""]","retain pending evidence review; no automatic deletion","미확인","미확인","미확인","미확인"
"https://code-destiny.com/insights/nakshatra-what-is/","200","200","true","https://code-destiny.com/insights/nakshatra-what-is/","나크샤트라란? 27수로 읽는 나만의 달 별자리 | 운세 인사이트","[{""level"":""h1"",""text"":""나크샤트라란? 27수로 읽는 나만의 달 별자리""},{""level"":""h2"",""text"":""열두 별자리 위에 얹힌 스물일곱 개의 정밀 눈금""},{""level"":""h2"",""text"":""잔마 나크샤트라 — 태어난 순간 달이 머문 자리""},{""level"":""h2"",""text"":""대표 나크샤트라로 보는 상징의 세계""},{""level"":""h2"",""text"":""빔쇼타리 다샤 — 인생의 시기를 읽는 출발점""},{""level"":""h2"",""text"":""궁합에서의 나크샤트라 — 구나 밀라나(쿠타 매칭)""},{""level"":""h2"",""text"":""한국·일본 숙요(宿曜)와의 역사적 연결고리""},{""level"":""h2"",""text"":""내 잔마 나크샤트라, 어떻게 확인할까""},{""level"":""h2"",""text"":""여섯 체계를 교차 검증하는 초융합 심층 리딩""},{""level"":""h2"",""text"":""숙요점 사이트 — 생년월일로 내 본명숙 찾기""},{""level"":""h2"",""text"":""함께 보면 좋은 인사이트""},{""level"":""h3"",""text"":""숙요점 궁합 보는 법 — 영친·업태·안괴 관계를 읽는 순서""},{""level"":""h3"",""text"":""숙요점 명관계(命) — 같은 본명숙이 비추는 닮음과 차이""},{""level"":""h3"",""text"":""숙요점 성위관계(成危) — 역할과 거리를 이해하는 법""},{""level"":""h3"",""text"":""숙요점 연애 소통 규칙 — 사랑은 감정보다 전달 방식이 중요하다""},{""level"":""h3"",""text"":""숙요점 우정·팀워크 가이드 — 친구와 동료도 하나의 인연이다""},{""level"":""h3"",""text"":""숙요점 일상 리듬 활용법 — 관계는 특별한 순간보다 반복되는 습관이 만든다""},{""level"":""h2"",""text"":""핵심 운세""},{""level"":""h2"",""text"":""타로 리딩""},{""level"":""h2"",""text"":""신탁 & 특화""},{""level"":""h2"",""text"":""추천 가이드""},{""level"":""h2"",""text"":""디지털 운세 서비스 환불 안내""},{""level"":""h2"",""text"":""면책 고지""},{""level"":""h2"",""text"":""사업자 정보""}]","5249","0","true","true","{""@type"":""Person"",""@id"":""https://code-destiny.com/#author"",""name"":""박병하"",""jobTitle"":""명리학자"",""description"":""10년 경력의 명리학자. Code Destiny 가 공개하는 사주·운세 콘텐츠의 최종 검수 책임자입니다."",""knowsAbout"":[""사주"",""명리학"",""만세력"",""자미두수"",""숙요점""],""url"":""https://code-destiny.com/about"",""worksFor"":{""@type"":""Organization"",""@id"":""https://code-destiny.com/#organization"",""name"":""CODE DESTINY""}}","2026-07-04T00:00:00.000Z","2026-07-04T00:00:00.000Z","ko","true","B","false","[""editorial-review-required""]","retain pending evidence review; no automatic deletion","미확인","미확인","미확인","미확인"
"https://code-destiny.com/insights/new-moon-full-moon-fortune-routine/","200","200","true","https://code-destiny.com/insights/new-moon-full-moon-fortune-routine/","신월·보름달 운세 루틴 — 달의 흐름 따라","[{""level"":""h1"",""text"":""신월·보름달 운세 루틴 완전 가이드: 달의 흐름 따라 사는 법""},{""level"":""h2"",""text"":""신월(뉴문)이란: 씨앗을 심는 순간""},{""level"":""h2"",""text"":""보름달(풀문)이란: 드러내고 흘려보내는 순간""},{""level"":""h2"",""text"":""신월 vs 보름달, 한눈에 비교하기""},{""level"":""h2"",""text"":""같은 신월이라도 별자리마다 테마가 달라진다""},{""level"":""h2"",""text"":""한 달 루틴으로 엮기: 신월부터 다음 신월까지""},{""level"":""h2"",""text"":""신월·보름달 의식에서 흔히 저지르는 실수""},{""level"":""h2"",""text"":""바로 써먹는 체크리스트 & 자주 묻는 질문""},{""level"":""h3"",""text"":""Q. 신월·보름달 의식을 꼭 정확한 시각에 해야 하나요?""},{""level"":""h3"",""text"":""Q. 목표를 적었는데 그대로 안 되면 실패인가요?""},{""level"":""h3"",""text"":""Q. 별자리를 몰라도 루틴을 시작할 수 있나요?""},{""level"":""h2"",""text"":""여섯 체계를 교차 검증하는 초융합 심층 리딩""},{""level"":""h2"",""text"":""무료 점성술 운세 — 출생차트로 보는 별자리""},{""level"":""h2"",""text"":""함께 보면 좋은 인사이트""},{""level"":""h3"",""text"":""서양 점성술과 사주명리학의 차이 완전 가이드""},{""level"":""h3"",""text"":""시나스트리 궁합 차트 완전 가이드: 우리 둘의 별자리 궁합은?""},{""level"":""h3"",""text"":""수성 역행 실전 대응 가이드: 흔들리지 않는 3주를 위한 체크리스트""},{""level"":""h3"",""text"":""커리어 운으로 면접·시험 합격률 높이는 준비 전략""},{""level"":""h3"",""text"":""수면 리듬과 에너지·운의 관계, 시진으로 보는 숙면 가이드""},{""level"":""h3"",""text"":""점성술 하우스란? 12하우스 완벽 가이드와 해석법""},{""level"":""h2"",""text"":""핵심 운세""},{""level"":""h2"",""text"":""타로 리딩""},{""level"":""h2"",""text"":""신탁 & 특화""},{""level"":""h2"",""text"":""추천 가이드""},{""level"":""h2"",""text"":""디지털 운세 서비스 환불 안내""},{""level"":""h2"",""text"":""면책 고지""},{""level"":""h2"",""text"":""사업자 정보""}]","5412","0","true","true","{""@type"":""Person"",""@id"":""https://code-destiny.com/#author"",""name"":""박병하"",""jobTitle"":""명리학자"",""description"":""10년 경력의 명리학자. Code Destiny 가 공개하는 사주·운세 콘텐츠의 최종 검수 책임자입니다."",""knowsAbout"":[""사주"",""명리학"",""만세력"",""자미두수"",""숙요점""],""url"":""https://code-destiny.com/about"",""worksFor"":{""@type"":""Organization"",""@id"":""https://code-destiny.com/#organization"",""name"":""CODE DESTINY""}}","2026-07-11T00:00:00.000Z","2026-07-11T00:00:00.000Z","ko","true","B","false","[""editorial-review-required""]","retain pending evidence review; no automatic deletion","미확인","미확인","미확인","미확인"
"https://code-destiny.com/insights/new-year-fortune-framework/","200","200","true","https://code-destiny.com/insights/new-year-fortune-framework/","신년운세 완전 가이드 — 1년을 설계하는 법","[{""level"":""h1"",""text"":""신년운세 완전 가이드: 1년을 설계하는 전략 도구로 쓰는 법""},{""level"":""h2"",""text"":""신년운세는 어떻게 계산되나 — 세운과 일간의 관계""},{""level"":""h2"",""text"":""STEP 1 — 결과를 3개 영역으로 분류하기""},{""level"":""h2"",""text"":""STEP 2 — 월운을 얹어 분기·월 단위로 쪼개기""},{""level"":""h2"",""text"":""STEP 3 — 연말 리뷰 습관 만들기""},{""level"":""h2"",""text"":""신년운세를 볼 때 흔히 하는 실수 3가지""},{""level"":""h2"",""text"":""년·월·일 3단 리듬으로 확장하기""},{""level"":""h2"",""text"":""실전 팁 — 자주 묻는 질문""},{""level"":""h3"",""text"":""신년운세는 몇 월에 확인해야 하나요?""},{""level"":""h3"",""text"":""대운과 세운의 결과가 다르게 느껴질 때는 어떻게 하나요?""},{""level"":""h3"",""text"":""결과가 실감과 잘 안 맞는 것 같으면 어떻게 하나요?""},{""level"":""h2"",""text"":""여섯 체계를 교차 검증하는 초융합 심층 리딩""},{""level"":""h2"",""text"":""함께 보면 좋은 인사이트""},{""level"":""h3"",""text"":""신년운세, 두려움 없이 읽는 법""},{""level"":""h3"",""text"":""대운·세운 읽는 법 — 명리학에서 운(運)을 해석하는 가장 중요한 원리""},{""level"":""h2"",""text"":""핵심 운세""},{""level"":""h2"",""text"":""타로 리딩""},{""level"":""h2"",""text"":""신탁 & 특화""},{""level"":""h2"",""text"":""추천 가이드""},{""level"":""h2"",""text"":""디지털 운세 서비스 환불 안내""},{""level"":""h2"",""text"":""면책 고지""},{""level"":""h2"",""text"":""사업자 정보""}]","5060","0","true","true","{""@type"":""Person"",""@id"":""https://code-destiny.com/#author"",""name"":""박병하"",""jobTitle"":""명리학자"",""description"":""10년 경력의 명리학자. Code Destiny 가 공개하는 사주·운세 콘텐츠의 최종 검수 책임자입니다."",""knowsAbout"":[""사주"",""명리학"",""만세력"",""자미두수"",""숙요점""],""url"":""https://code-destiny.com/about"",""worksFor"":{""@type"":""Organization"",""@id"":""https://code-destiny.com/#organization"",""name"":""CODE DESTINY""}}","2026-07-04T00:00:00.000Z","2026-07-04T00:00:00.000Z","ko","true","B","false","[""editorial-review-required""]","retain pending evidence review; no automatic deletion","미확인","미확인","미확인","미확인"
"https://code-destiny.com/insights/not-a-real-insight-approval-audit/","404","404","false","","페이지를 찾을 수 없습니다 | Code Destiny","[{""level"":""h1"",""text"":""페이지를 찾을 수 없습니다""}]","28","28","false","false","미확인","미확인","미확인","ko","false","D","true","[]","verify existing disposition","미확인","미확인","미확인","미확인"
"https://code-destiny.com/insights/relationship-luck-and-communication-rules/","200","200","true","https://code-destiny.com/insights/relationship-luck-and-communication-rules/","숙요점 관계운과 소통 규칙 실전 가이드","[{""level"":""h1"",""text"":""숙요점 관계운과 소통 규칙 — 좋은 관계운은 기다리는 것이 아니라 만들어 가는 것이다""},{""level"":""h2"",""text"":""관계운은 행동으로 만들어진다""},{""level"":""h2"",""text"":""관계운을 높이는 생활 습관""},{""level"":""h3"",""text"":""감사 표현""},{""level"":""h3"",""text"":""먼저 이해하기""},{""level"":""h3"",""text"":""약속 지키기""},{""level"":""h3"",""text"":""함께 성장하기""},{""level"":""h2"",""text"":""숙요점 관계 관리의 핵심 원칙""},{""level"":""h2"",""text"":""최종 정리""},{""level"":""h2"",""text"":""실전 사례 — 궁합보다 태도가 바꾼 관계""},{""level"":""h2"",""text"":""관계운 점검 체크리스트""},{""level"":""h2"",""text"":""자주 묻는 질문""},{""level"":""h3"",""text"":""Q. 관계운이 나쁘다는 결과가 나오면 어떻게 하나요?""},{""level"":""h3"",""text"":""Q. 다섯 가지 원칙 중 무엇부터 시작해야 하나요?""},{""level"":""h2"",""text"":""여섯 체계를 교차 검증하는 초융합 심층 리딩""},{""level"":""h2"",""text"":""숙요점 사이트 — 생년월일로 내 본명숙 찾기""},{""level"":""h2"",""text"":""함께 보면 좋은 인사이트""},{""level"":""h3"",""text"":""숙요점 궁합 보는 법 — 영친·업태·안괴 관계를 읽는 순서""},{""level"":""h3"",""text"":""숙요점 명관계(命) — 같은 본명숙이 비추는 닮음과 차이""},{""level"":""h3"",""text"":""숙요점 성위관계(成危) — 역할과 거리를 이해하는 법""},{""level"":""h3"",""text"":""숙요점 연애 소통 규칙 — 사랑은 감정보다 전달 방식이 중요하다""},{""level"":""h3"",""text"":""숙요점 우정·팀워크 가이드 — 친구와 동료도 하나의 인연이다""},{""level"":""h3"",""text"":""숙요점 일상 리듬 활용법 — 관계는 특별한 순간보다 반복되는 습관이 만든다""},{""level"":""h2"",""text"":""핵심 운세""},{""level"":""h2"",""text"":""타로 리딩""},{""level"":""h2"",""text"":""신탁 & 특화""},{""level"":""h2"",""text"":""추천 가이드""},{""level"":""h2"",""text"":""디지털 운세 서비스 환불 안내""},{""level"":""h2"",""text"":""면책 고지""},{""level"":""h2"",""text"":""사업자 정보""}]","3008","0","true","true","{""@type"":""Person"",""@id"":""https://code-destiny.com/#author"",""name"":""박병하"",""jobTitle"":""명리학자"",""description"":""10년 경력의 명리학자. Code Destiny 가 공개하는 사주·운세 콘텐츠의 최종 검수 책임자입니다."",""knowsAbout"":[""사주"",""명리학"",""만세력"",""자미두수"",""숙요점""],""url"":""https://code-destiny.com/about"",""worksFor"":{""@type"":""Organization"",""@id"":""https://code-destiny.com/#organization"",""name"":""CODE DESTINY""}}","2026-09-06T00:00:00.000Z","2026-09-06T00:00:00.000Z","ko","true","B","false","[""editorial-review-required""]","retain pending evidence review; no automatic deletion","미확인","미확인","미확인","미확인"
"https://code-destiny.com/insights/saju-12-unseong-complete-guide/","200","200","true","https://code-destiny.com/insights/saju-12-unseong-complete-guide/","십이운성(十二運星) — 기운의 12단계 가이드","[{""level"":""h1"",""text"":""십이운성(十二運星) 완전 가이드 — 명리학에서 기운이 성장·쇠퇴하는 12단계""},{""level"":""h2"",""text"":""제1편. 십이운성이란 무엇인가?""},{""level"":""h3"",""text"":""1. 십이운성의 의미""},{""level"":""h3"",""text"":""2. 왜 십이운성을 사용하는가?""},{""level"":""h3"",""text"":""3. 십이운성은 누구를 기준으로 보는가?""},{""level"":""h3"",""text"":""4. 십이운성의 12단계""},{""level"":""h2"",""text"":""제2편. 십이운성 12단계 완전 해설""},{""level"":""h3"",""text"":""1. 장생(長生) — 탄생""},{""level"":""h3"",""text"":""2. 목욕(沐浴) — 성장 시작""},{""level"":""h3"",""text"":""3. 관대(冠帶) — 성숙 준비""},{""level"":""h3"",""text"":""4. 건록(建祿) — 기반 확립""},{""level"":""h3"",""text"":""5. 제왕(帝旺) — 절정""},{""level"":""h3"",""text"":""6. 쇠(衰) — 완만한 쇠퇴""},{""level"":""h3"",""text"":""7. 병(病) — 기운 약화""},{""level"":""h3"",""text"":""8. 사(死) — 활동 종료""},{""level"":""h3"",""text"":""9. 묘(墓) — 저장·휴식""},{""level"":""h3"",""text"":""10. 절(絶) — 단절""},{""level"":""h3"",""text"":""11. 태(胎) — 새로운 시작 준비""},{""level"":""h3"",""text"":""12. 양(養) — 성장 준비""},{""level"":""h2"",""text"":""제3편. 십이운성 실전 해석법""},{""level"":""h3"",""text"":""1. 제왕이면 무조건 좋은가?""},{""level"":""h3"",""text"":""2. 병이나 사면 나쁜가?""},{""level"":""h3"",""text"":""3. 십이운성은 어디에 적용하는가?""},{""level"":""h3"",""text"":""4. 십이운성과 신강·신약""},{""level"":""h3"",""text"":""5. 십이운성과 대운·세운""},{""level"":""h2"",""text"":""제4편. 십이운성 학습 로드맵과 실무 활용""},{""level"":""h3"",""text"":""1. 초보자가 가장 많이 하는 실수""},{""level"":""h3"",""text"":""2. 십이운성을 공부하는 순서""},{""level"":""h3"",""text"":""3. 십이운성 분석 체크리스트""},{""level"":""h3"",""text"":""4. 십이운성과 다른 이론의 관계""},{""level"":""h2"",""text"":""핵심 정리""},{""level"":""h2"",""text"":""여섯 체계를 교차 검증하는 초융합 심층 리딩""},{""level"":""h2"",""text"":""무료 사주 풀이 — 사주팔자 오행·십성·대운""},{""level"":""h2"",""text"":""함께 보면 좋은 인사이트""},{""level"":""h3"",""text"":""유명인 사주로 배우는 일간(日干) 읽기 — 공개 생일로 명식 세워 보기""},{""level"":""h3"",""text"":""출생시간을 모르면 사주를 못 보나? — 세 기둥으로 읽는 법""},{""level"":""h3"",""text"":""명식은 어떻게 세워지는가 — Code Destiny의 사주 계산 기준 공개""},{""level"":""h3"",""text"":""자정 무렵에 태어나면 일주가 갈리는 이유 — 야자시와 날짜 경계""},{""level"":""h3"",""text"":""같은 생년월일인데 사주가 다르게 나오는 네 가지 이유""},{""level"":""h3"",""text"":""십성(十星) 입문 지도 — 명리학 십성 완전 정복""},{""level"":""h2"",""text"":""핵심 운세""},{""level"":""h2"",""text"":""타로 리딩""},{""level"":""h2"",""text"":""신탁 & 특화""},{""level"":""h2"",""text"":""추천 가이드""},{""level"":""h2"",""text"":""디지털 운세 서비스 환불 안내""},{""level"":""h2"",""text"":""면책 고지""},{""level"":""h2"",""text"":""사업자 정보""}]","5114","0","true","true","{""@type"":""Person"",""@id"":""https://code-destiny.com/#author"",""name"":""박병하"",""jobTitle"":""명리학자"",""description"":""10년 경력의 명리학자. Code Destiny 가 공개하는 사주·운세 콘텐츠의 최종 검수 책임자입니다."",""knowsAbout"":[""사주"",""명리학"",""만세력"",""자미두수"",""숙요점""],""url"":""https://code-destiny.com/about"",""worksFor"":{""@type"":""Organization"",""@id"":""https://code-destiny.com/#organization"",""name"":""CODE DESTINY""}}","2026-07-10T00:00:00.000Z","2026-07-10T00:00:00.000Z","ko","true","B","false","[""editorial-review-required""]","retain pending evidence review; no automatic deletion","미확인","미확인","미확인","미확인"
"https://code-destiny.com/insights/saju-2026-monthly-planning-framework/","200","200","true","https://code-destiny.com/insights/saju-2026-monthly-planning-framework/","2026 병오년 월별 계획 — 일간별 로드맵","[{""level"":""h1"",""text"":""2026 병오년 월별 계획 프레임 — 일간별 실행 로드맵""},{""level"":""h2"",""text"":""① 갑목(甲木)""},{""level"":""h2"",""text"":""② 을목(乙木)""},{""level"":""h2"",""text"":""③ 병화(丙火)""},{""level"":""h2"",""text"":""④ 정화(丁火)""},{""level"":""h2"",""text"":""⑤ 무토(戊土)""},{""level"":""h2"",""text"":""⑥ 기토(己土)""},{""level"":""h2"",""text"":""⑦ 경금(庚金)""},{""level"":""h2"",""text"":""⑧ 신금(辛金)""},{""level"":""h2"",""text"":""⑨ 임수(壬水)""},{""level"":""h2"",""text"":""⑩ 계수(癸水)""},{""level"":""h2"",""text"":""2026 병오년 월별 실행 로드맵(공통 프레임)""},{""level"":""h2"",""text"":""최고 수준의 실전 활용법""},{""level"":""h2"",""text"":""여섯 체계를 교차 검증하는 초융합 심층 리딩""},{""level"":""h2"",""text"":""무료 사주 풀이 — 사주팔자 오행·십성·대운""},{""level"":""h2"",""text"":""함께 보면 좋은 인사이트""},{""level"":""h3"",""text"":""유명인 사주로 배우는 일간(日干) 읽기 — 공개 생일로 명식 세워 보기""},{""level"":""h3"",""text"":""출생시간을 모르면 사주를 못 보나? — 세 기둥으로 읽는 법""},{""level"":""h3"",""text"":""명식은 어떻게 세워지는가 — Code Destiny의 사주 계산 기준 공개""},{""level"":""h3"",""text"":""자정 무렵에 태어나면 일주가 갈리는 이유 — 야자시와 날짜 경계""},{""level"":""h3"",""text"":""같은 생년월일인데 사주가 다르게 나오는 네 가지 이유""},{""level"":""h3"",""text"":""십성(十星) 입문 지도 — 명리학 십성 완전 정복""},{""level"":""h2"",""text"":""핵심 운세""},{""level"":""h2"",""text"":""타로 리딩""},{""level"":""h2"",""text"":""신탁 & 특화""},{""level"":""h2"",""text"":""추천 가이드""},{""level"":""h2"",""text"":""디지털 운세 서비스 환불 안내""},{""level"":""h2"",""text"":""면책 고지""},{""level"":""h2"",""text"":""사업자 정보""}]","3335","0","true","true","{""@type"":""Person"",""@id"":""https://code-destiny.com/#author"",""name"":""박병하"",""jobTitle"":""명리학자"",""description"":""10년 경력의 명리학자. Code Destiny 가 공개하는 사주·운세 콘텐츠의 최종 검수 책임자입니다."",""knowsAbout"":[""사주"",""명리학"",""만세력"",""자미두수"",""숙요점""],""url"":""https://code-destiny.com/about"",""worksFor"":{""@type"":""Organization"",""@id"":""https://code-destiny.com/#organization"",""name"":""CODE DESTINY""}}","2026-07-10T00:00:00.000Z","2026-07-10T00:00:00.000Z","ko","true","B","false","[""editorial-review-required""]","retain pending evidence review; no automatic deletion","미확인","미확인","미확인","미확인"
"https://code-destiny.com/insights/saju-2027-monthly-planning-framework/","200","200","true","https://code-destiny.com/insights/saju-2027-monthly-planning-framework/","2027 정미년 월별 계획 — 일간별 로드맵","[{""level"":""h1"",""text"":""2027 정미년(丁未年) 월별 계획 프레임 — 일간별 실행 로드맵""},{""level"":""h2"",""text"":""① 갑목(甲木)""},{""level"":""h2"",""text"":""② 을목(乙木)""},{""level"":""h2"",""text"":""③ 병화(丙火)""},{""level"":""h2"",""text"":""④ 정화(丁火)""},{""level"":""h2"",""text"":""⑤ 무토(戊土)""},{""level"":""h2"",""text"":""⑥ 기토(己土)""},{""level"":""h2"",""text"":""⑦ 경금(庚金)""},{""level"":""h2"",""text"":""⑧ 신금(辛金)""},{""level"":""h2"",""text"":""⑨ 임수(壬水)""},{""level"":""h2"",""text"":""⑩ 계수(癸水)""},{""level"":""h2"",""text"":""2027년 정미년 공통 월별 실행 로드맵""},{""level"":""h2"",""text"":""2027년 정미년의 핵심 메시지""},{""level"":""h2"",""text"":""여섯 체계를 교차 검증하는 초융합 심층 리딩""},{""level"":""h2"",""text"":""무료 사주 풀이 — 사주팔자 오행·십성·대운""},{""level"":""h2"",""text"":""함께 보면 좋은 인사이트""},{""level"":""h3"",""text"":""유명인 사주로 배우는 일간(日干) 읽기 — 공개 생일로 명식 세워 보기""},{""level"":""h3"",""text"":""출생시간을 모르면 사주를 못 보나? — 세 기둥으로 읽는 법""},{""level"":""h3"",""text"":""명식은 어떻게 세워지는가 — Code Destiny의 사주 계산 기준 공개""},{""level"":""h3"",""text"":""자정 무렵에 태어나면 일주가 갈리는 이유 — 야자시와 날짜 경계""},{""level"":""h3"",""text"":""같은 생년월일인데 사주가 다르게 나오는 네 가지 이유""},{""level"":""h3"",""text"":""십성(十星) 입문 지도 — 명리학 십성 완전 정복""},{""level"":""h2"",""text"":""핵심 운세""},{""level"":""h2"",""text"":""타로 리딩""},{""level"":""h2"",""text"":""신탁 & 특화""},{""level"":""h2"",""text"":""추천 가이드""},{""level"":""h2"",""text"":""디지털 운세 서비스 환불 안내""},{""level"":""h2"",""text"":""면책 고지""},{""level"":""h2"",""text"":""사업자 정보""}]","2978","0","true","true","{""@type"":""Person"",""@id"":""https://code-destiny.com/#author"",""name"":""박병하"",""jobTitle"":""명리학자"",""description"":""10년 경력의 명리학자. Code Destiny 가 공개하는 사주·운세 콘텐츠의 최종 검수 책임자입니다."",""knowsAbout"":[""사주"",""명리학"",""만세력"",""자미두수"",""숙요점""],""url"":""https://code-destiny.com/about"",""worksFor"":{""@type"":""Organization"",""@id"":""https://code-destiny.com/#organization"",""name"":""CODE DESTINY""}}","2026-07-10T00:00:00.000Z","2026-07-10T00:00:00.000Z","ko","true","B","false","[""editorial-review-required""]","retain pending evidence review; no automatic deletion","미확인","미확인","미확인","미확인"
"https://code-destiny.com/insights/saju-and-tarot-combined-reading-framework/","200","200","true","https://code-destiny.com/insights/saju-and-tarot-combined-reading-framework/","사주+타로 통합 리딩 — 두 체계 함께 쓰기","[{""level"":""h1"",""text"":""사주+타로 통합 리딩 완전 가이드 — 두 체계를 함께 쓰는 법""},{""level"":""h2"",""text"":""사주와 타로, 근본적으로 무엇이 다른가""},{""level"":""h2"",""text"":""언제는 사주만, 언제는 타로만 보는 게 낫다""},{""level"":""h2"",""text"":""사주와 타로를 한 리딩 안에서 결합하는 법""},{""level"":""h2"",""text"":""실전 예시: 재물운이 겹쳐서 강조되는 시기""},{""level"":""h2"",""text"":""사주와 타로가 서로 다른 말을 할 때""},{""level"":""h2"",""text"":""여섯 체계를 교차 검증하는 초융합 심층 리딩""},{""level"":""h2"",""text"":""무료 타로 카드 리딩""},{""level"":""h2"",""text"":""함께 보면 좋은 인사이트""},{""level"":""h3"",""text"":""메이저 아르카나 22장 완전 해설 — 상징·이미지·의미의 통합 가이드""},{""level"":""h3"",""text"":""타로 역방향 카드 해석 프레임워크 — 다섯 가지 패턴으로 정확하게 읽는 법""},{""level"":""h3"",""text"":""타로 스프레드(카드 배치법) 설계 원칙 — 질문에 맞는 그릇을 고르고 만드는 법""},{""level"":""h3"",""text"":""타로 궁합 리딩 게임 — 친구·연인과 재미로 즐기는 케미 확인법""},{""level"":""h3"",""text"":""마이너 아르카나 4수트(완드·컵·소드·펜타클) 실전 가이드""},{""level"":""h3"",""text"":""타로 코트 카드(시종·기사·여왕·왕) 성격·관계 해석 완전 가이드""},{""level"":""h2"",""text"":""핵심 운세""},{""level"":""h2"",""text"":""타로 리딩""},{""level"":""h2"",""text"":""신탁 & 특화""},{""level"":""h2"",""text"":""추천 가이드""},{""level"":""h2"",""text"":""디지털 운세 서비스 환불 안내""},{""level"":""h2"",""text"":""면책 고지""},{""level"":""h2"",""text"":""사업자 정보""}]","5404","0","true","true","{""@type"":""Person"",""@id"":""https://code-destiny.com/#author"",""name"":""박병하"",""jobTitle"":""명리학자"",""description"":""10년 경력의 명리학자. Code Destiny 가 공개하는 사주·운세 콘텐츠의 최종 검수 책임자입니다."",""knowsAbout"":[""사주"",""명리학"",""만세력"",""자미두수"",""숙요점""],""url"":""https://code-destiny.com/about"",""worksFor"":{""@type"":""Organization"",""@id"":""https://code-destiny.com/#organization"",""name"":""CODE DESTINY""}}","2026-07-11T00:00:00.000Z","2026-07-11T00:00:00.000Z","ko","true","B","false","[""editorial-review-required""]","retain pending evidence review; no automatic deletion","미확인","미확인","미확인","미확인"
"https://code-destiny.com/insights/saju-compatibility-how-to/","200","200","true","https://code-destiny.com/insights/saju-compatibility-how-to/","사주 궁합 보는 법 — 일간·오행·십성 총정리","[{""level"":""h1"",""text"":""사주 궁합 보는 법 완전 가이드: 일간·오행·십성 총정리""},{""level"":""h2"",""text"":""궁합을 보는 마음가짐부터 바꿔야 합니다""},{""level"":""h2"",""text"":""일간(日干) 관계 — 두 사람의 '나'는 상생인가 상극인가""},{""level"":""h2"",""text"":""오행 균형 — 보완형·과다형·상극형, 세 가지 유형으로 나눠보기""},{""level"":""h2"",""text"":""일지(日支) 관계 — 배우자궁의 육합과 충, 생활 리듬의 궁합""},{""level"":""h2"",""text"":""십성(十星) 역할 궁합 — 관계 안에서 각자 어떤 역할을 맡는가""},{""level"":""h2"",""text"":""실전 체크리스트 — 사주 궁합, 이 순서로 확인해보세요""},{""level"":""h2"",""text"":""흔히 하는 오해 — 이렇게 보면 궁합을 잘못 읽는 것입니다""},{""level"":""h2"",""text"":""사주 궁합이 대신해줄 수 없는 것 — 결국은 소통과 노력입니다""},{""level"":""h2"",""text"":""여섯 체계를 교차 검증하는 초융합 심층 리딩""},{""level"":""h2"",""text"":""무료 궁합 보기 — 세 가지 방식으로""},{""level"":""h2"",""text"":""함께 보면 좋은 인사이트""},{""level"":""h3"",""text"":""십성 실전 지도: 연애·일·돈을 읽는 5가지 사주 언어""},{""level"":""h3"",""text"":""2026 병오년(丙午年) 종합 운세 — 재물·연애 포함 완전 가이드""},{""level"":""h3"",""text"":""숙요점과 사주의 차이는? 무엇이 다르고, 무엇이 같은가""},{""level"":""h2"",""text"":""핵심 운세""},{""level"":""h2"",""text"":""타로 리딩""},{""level"":""h2"",""text"":""신탁 & 특화""},{""level"":""h2"",""text"":""추천 가이드""},{""level"":""h2"",""text"":""디지털 운세 서비스 환불 안내""},{""level"":""h2"",""text"":""면책 고지""},{""level"":""h2"",""text"":""사업자 정보""}]","6034","0","true","true","{""@type"":""Person"",""@id"":""https://code-destiny.com/#author"",""name"":""박병하"",""jobTitle"":""명리학자"",""description"":""10년 경력의 명리학자. Code Destiny 가 공개하는 사주·운세 콘텐츠의 최종 검수 책임자입니다."",""knowsAbout"":[""사주"",""명리학"",""만세력"",""자미두수"",""숙요점""],""url"":""https://code-destiny.com/about"",""worksFor"":{""@type"":""Organization"",""@id"":""https://code-destiny.com/#organization"",""name"":""CODE DESTINY""}}","2026-07-04T00:00:00.000Z","2026-07-04T00:00:00.000Z","ko","true","B","false","[""editorial-review-required""]","retain pending evidence review; no automatic deletion","미확인","미확인","미확인","미확인"
"https://code-destiny.com/insights/saju-four-pillars-basics/","301","200","true","https://code-destiny.com/insights/saju-how-to-read-step-by-step-beginner-guide/","사주 입문 — 사주팔자와 네 기둥 개념","[{""level"":""h1"",""text"":""사주 입문: 사주팔자와 4기둥(사주)의 개념 완전 이해""},{""level"":""h2"",""text"":""1. 사주(四柱)란 무엇인가?""},{""level"":""h2"",""text"":""2. 팔자(八字)란?""},{""level"":""h2"",""text"":""3. 사주의 구조""},{""level"":""h2"",""text"":""4. 네 기둥이 의미하는 것""},{""level"":""h3"",""text"":""① 년주(年柱)""},{""level"":""h3"",""text"":""② 월주(月柱)""},{""level"":""h3"",""text"":""③ 일주(日柱)""},{""level"":""h3"",""text"":""④ 시주(時柱)""},{""level"":""h2"",""text"":""5. 천간(天干)""},{""level"":""h2"",""text"":""6. 지지(地支)""},{""level"":""h2"",""text"":""7. 왜 월주가 가장 중요한가?""},{""level"":""h2"",""text"":""8. 왜 일간이 가장 중요한가?""},{""level"":""h2"",""text"":""9. 사주 해석의 기본 순서""},{""level"":""h2"",""text"":""10. 사주를 집에 비유하면""},{""level"":""h2"",""text"":""11. 초보자가 반드시 기억해야 할 핵심""},{""level"":""h2"",""text"":""여섯 체계를 교차 검증하는 초융합 심층 리딩""},{""level"":""h2"",""text"":""무료 사주 풀이 — 사주팔자 오행·십성·대운""},{""level"":""h2"",""text"":""함께 보면 좋은 인사이트""},{""level"":""h3"",""text"":""유명인 사주로 배우는 일간(日干) 읽기 — 공개 생일로 명식 세워 보기""},{""level"":""h3"",""text"":""출생시간을 모르면 사주를 못 보나? — 세 기둥으로 읽는 법""},{""level"":""h3"",""text"":""명식은 어떻게 세워지는가 — Code Destiny의 사주 계산 기준 공개""},{""level"":""h3"",""text"":""자정 무렵에 태어나면 일주가 갈리는 이유 — 야자시와 날짜 경계""},{""level"":""h3"",""text"":""같은 생년월일인데 사주가 다르게 나오는 네 가지 이유""},{""level"":""h3"",""text"":""십성(十星) 입문 지도 — 명리학 십성 완전 정복""},{""level"":""h2"",""text"":""핵심 운세""},{""level"":""h2"",""text"":""타로 리딩""},{""level"":""h2"",""text"":""신탁 & 특화""},{""level"":""h2"",""text"":""추천 가이드""},{""level"":""h2"",""text"":""디지털 운세 서비스 환불 안내""},{""level"":""h2"",""text"":""면책 고지""},{""level"":""h2"",""text"":""사업자 정보""}]","3716","0","true","true","{""@type"":""Person"",""@id"":""https://code-destiny.com/#author"",""name"":""박병하"",""jobTitle"":""명리학자"",""description"":""10년 경력의 명리학자. Code Destiny 가 공개하는 사주·운세 콘텐츠의 최종 검수 책임자입니다."",""knowsAbout"":[""사주"",""명리학"",""만세력"",""자미두수"",""숙요점""],""url"":""https://code-destiny.com/about"",""worksFor"":{""@type"":""Organization"",""@id"":""https://code-destiny.com/#organization"",""name"":""CODE DESTINY""}}","2026-07-10T00:00:00.000Z","2026-07-10T00:00:00.000Z","ko","false","D","true","[""editorial-review-required""]","verify existing disposition","미확인","미확인","미확인","미확인"
"https://code-destiny.com/insights/saju-how-to-read-step-by-step-beginner-guide/","200","200","true","https://code-destiny.com/insights/saju-how-to-read-step-by-step-beginner-guide/","사주 입문 — 사주팔자와 네 기둥 개념","[{""level"":""h1"",""text"":""사주 입문: 사주팔자와 4기둥(사주)의 개념 완전 이해""},{""level"":""h2"",""text"":""1. 사주(四柱)란 무엇인가?""},{""level"":""h2"",""text"":""2. 팔자(八字)란?""},{""level"":""h2"",""text"":""3. 사주의 구조""},{""level"":""h2"",""text"":""4. 네 기둥이 의미하는 것""},{""level"":""h3"",""text"":""① 년주(年柱)""},{""level"":""h3"",""text"":""② 월주(月柱)""},{""level"":""h3"",""text"":""③ 일주(日柱)""},{""level"":""h3"",""text"":""④ 시주(時柱)""},{""level"":""h2"",""text"":""5. 천간(天干)""},{""level"":""h2"",""text"":""6. 지지(地支)""},{""level"":""h2"",""text"":""7. 왜 월주가 가장 중요한가?""},{""level"":""h2"",""text"":""8. 왜 일간이 가장 중요한가?""},{""level"":""h2"",""text"":""9. 사주 해석의 기본 순서""},{""level"":""h2"",""text"":""10. 사주를 집에 비유하면""},{""level"":""h2"",""text"":""11. 초보자가 반드시 기억해야 할 핵심""},{""level"":""h2"",""text"":""여섯 체계를 교차 검증하는 초융합 심층 리딩""},{""level"":""h2"",""text"":""무료 사주 풀이 — 사주팔자 오행·십성·대운""},{""level"":""h2"",""text"":""함께 보면 좋은 인사이트""},{""level"":""h3"",""text"":""유명인 사주로 배우는 일간(日干) 읽기 — 공개 생일로 명식 세워 보기""},{""level"":""h3"",""text"":""출생시간을 모르면 사주를 못 보나? — 세 기둥으로 읽는 법""},{""level"":""h3"",""text"":""명식은 어떻게 세워지는가 — Code Destiny의 사주 계산 기준 공개""},{""level"":""h3"",""text"":""자정 무렵에 태어나면 일주가 갈리는 이유 — 야자시와 날짜 경계""},{""level"":""h3"",""text"":""같은 생년월일인데 사주가 다르게 나오는 네 가지 이유""},{""level"":""h3"",""text"":""십성(十星) 입문 지도 — 명리학 십성 완전 정복""},{""level"":""h2"",""text"":""핵심 운세""},{""level"":""h2"",""text"":""타로 리딩""},{""level"":""h2"",""text"":""신탁 & 특화""},{""level"":""h2"",""text"":""추천 가이드""},{""level"":""h2"",""text"":""디지털 운세 서비스 환불 안내""},{""level"":""h2"",""text"":""면책 고지""},{""level"":""h2"",""text"":""사업자 정보""}]","3716","0","true","true","{""@type"":""Person"",""@id"":""https://code-destiny.com/#author"",""name"":""박병하"",""jobTitle"":""명리학자"",""description"":""10년 경력의 명리학자. Code Destiny 가 공개하는 사주·운세 콘텐츠의 최종 검수 책임자입니다."",""knowsAbout"":[""사주"",""명리학"",""만세력"",""자미두수"",""숙요점""],""url"":""https://code-destiny.com/about"",""worksFor"":{""@type"":""Organization"",""@id"":""https://code-destiny.com/#organization"",""name"":""CODE DESTINY""}}","2026-07-10T00:00:00.000Z","2026-07-10T00:00:00.000Z","ko","true","B","false","[""editorial-review-required""]","retain pending evidence review; no automatic deletion","미확인","미확인","미확인","미확인"
"https://code-destiny.com/insights/saju-job-change-timing-checklist-2026/","200","200","true","https://code-destiny.com/insights/saju-job-change-timing-checklist-2026/","이직 타이밍 체크리스트 — 명리학 15단계","[{""level"":""h1"",""text"":""이직 타이밍 체크리스트 — 명리학 전문가 관점 15단계""},{""level"":""h2"",""text"":""1단계. 현재 대운(10년 운) 확인 ★★★★★""},{""level"":""h2"",""text"":""2단계. 올해(세운) 확인 ★★★★★""},{""level"":""h2"",""text"":""3단계. 월운 확인 ★★★★""},{""level"":""h2"",""text"":""4단계. 관성 변화 체크""},{""level"":""h2"",""text"":""5단계. 재성 체크""},{""level"":""h2"",""text"":""6단계. 식상 체크""},{""level"":""h2"",""text"":""7단계. 비겁 체크""},{""level"":""h2"",""text"":""8단계. 충(沖) 체크 ★★★★★""},{""level"":""h2"",""text"":""9단계. 합(合) 체크""},{""level"":""h2"",""text"":""10단계. 귀인 체크""},{""level"":""h2"",""text"":""11단계. 문서운""},{""level"":""h2"",""text"":""12단계. 이동운""},{""level"":""h2"",""text"":""13단계. 건강운""},{""level"":""h2"",""text"":""14단계. 인간관계""},{""level"":""h2"",""text"":""15단계. 현실 체크 (가장 중요)""},{""level"":""h2"",""text"":""이직 점수표""},{""level"":""h2"",""text"":""총점 해석""},{""level"":""h2"",""text"":""개인 맞춤 분석을 원한다면""},{""level"":""h2"",""text"":""여섯 체계를 교차 검증하는 초융합 심층 리딩""},{""level"":""h2"",""text"":""무료 사주 풀이 — 사주팔자 오행·십성·대운""},{""level"":""h2"",""text"":""함께 보면 좋은 인사이트""},{""level"":""h3"",""text"":""유명인 사주로 배우는 일간(日干) 읽기 — 공개 생일로 명식 세워 보기""},{""level"":""h3"",""text"":""출생시간을 모르면 사주를 못 보나? — 세 기둥으로 읽는 법""},{""level"":""h3"",""text"":""명식은 어떻게 세워지는가 — Code Destiny의 사주 계산 기준 공개""},{""level"":""h3"",""text"":""자정 무렵에 태어나면 일주가 갈리는 이유 — 야자시와 날짜 경계""},{""level"":""h3"",""text"":""같은 생년월일인데 사주가 다르게 나오는 네 가지 이유""},{""level"":""h3"",""text"":""십성(十星) 입문 지도 — 명리학 십성 완전 정복""},{""level"":""h2"",""text"":""핵심 운세""},{""level"":""h2"",""text"":""타로 리딩""},{""level"":""h2"",""text"":""신탁 & 특화""},{""level"":""h2"",""text"":""추천 가이드""},{""level"":""h2"",""text"":""디지털 운세 서비스 환불 안내""},{""level"":""h2"",""text"":""면책 고지""},{""level"":""h2"",""text"":""사업자 정보""}]","3114","0","true","true","{""@type"":""Person"",""@id"":""https://code-destiny.com/#author"",""name"":""박병하"",""jobTitle"":""명리학자"",""description"":""10년 경력의 명리학자. Code Destiny 가 공개하는 사주·운세 콘텐츠의 최종 검수 책임자입니다."",""knowsAbout"":[""사주"",""명리학"",""만세력"",""자미두수"",""숙요점""],""url"":""https://code-destiny.com/about"",""worksFor"":{""@type"":""Organization"",""@id"":""https://code-destiny.com/#organization"",""name"":""CODE DESTINY""}}","2026-07-10T00:00:00.000Z","2026-07-10T00:00:00.000Z","ko","true","B","false","[""editorial-review-required""]","retain pending evidence review; no automatic deletion","미확인","미확인","미확인","미확인"
"https://code-destiny.com/insights/saju-without-birth-time-three-pillars-guide/","200","200","true","https://code-destiny.com/insights/saju-without-birth-time-three-pillars-guide/","출생시간 모를 때 사주 — 세 기둥 읽는 법","[{""level"":""h1"",""text"":""출생시간을 모르면 사주를 못 보나? — 세 기둥으로 읽는 법""},{""level"":""h2"",""text"":""1. 시간이 정하는 것과 정하지 않는 것""},{""level"":""h2"",""text"":""2. 세 기둥만으로 알 수 있는 것""},{""level"":""h3"",""text"":""① 일간 — 가장 중요한 한 글자""},{""level"":""h3"",""text"":""② 월지 — 계절과 강약의 뼈대""},{""level"":""h3"",""text"":""③ 오행 분포의 큰 그림""},{""level"":""h3"",""text"":""④ 대운의 흐름""},{""level"":""h2"",""text"":""3. 시주가 빠지면 못 보는 것""},{""level"":""h2"",""text"":""4. 시간을 모를 때의 해석 순서""},{""level"":""h2"",""text"":""5. 자정 무렵에 태어났다면""},{""level"":""h2"",""text"":""6. 시간을 되찾는 현실적인 방법""},{""level"":""h2"",""text"":""7. 정리""},{""level"":""h2"",""text"":""여섯 체계를 교차 검증하는 초융합 심층 리딩""},{""level"":""h2"",""text"":""무료 사주 풀이 — 사주팔자 오행·십성·대운""},{""level"":""h2"",""text"":""함께 보면 좋은 인사이트""},{""level"":""h3"",""text"":""유명인 사주로 배우는 일간(日干) 읽기 — 공개 생일로 명식 세워 보기""},{""level"":""h3"",""text"":""명식은 어떻게 세워지는가 — Code Destiny의 사주 계산 기준 공개""},{""level"":""h3"",""text"":""자정 무렵에 태어나면 일주가 갈리는 이유 — 야자시와 날짜 경계""},{""level"":""h3"",""text"":""같은 생년월일인데 사주가 다르게 나오는 네 가지 이유""},{""level"":""h3"",""text"":""십성(十星) 입문 지도 — 명리학 십성 완전 정복""},{""level"":""h3"",""text"":""십이운성(十二運星) 완전 가이드 — 명리학에서 기운이 성장·쇠퇴하는 12단계""},{""level"":""h2"",""text"":""핵심 운세""},{""level"":""h2"",""text"":""타로 리딩""},{""level"":""h2"",""text"":""신탁 & 특화""},{""level"":""h2"",""text"":""추천 가이드""},{""level"":""h2"",""text"":""디지털 운세 서비스 환불 안내""},{""level"":""h2"",""text"":""면책 고지""},{""level"":""h2"",""text"":""사업자 정보""}]","2960","0","true","true","{""@type"":""Person"",""@id"":""https://code-destiny.com/#author"",""name"":""박병하"",""jobTitle"":""명리학자"",""description"":""10년 경력의 명리학자. Code Destiny 가 공개하는 사주·운세 콘텐츠의 최종 검수 책임자입니다."",""knowsAbout"":[""사주"",""명리학"",""만세력"",""자미두수"",""숙요점""],""url"":""https://code-destiny.com/about"",""worksFor"":{""@type"":""Organization"",""@id"":""https://code-destiny.com/#organization"",""name"":""CODE DESTINY""}}","2026-08-24T00:00:00.000Z","2026-08-24T00:00:00.000Z","ko","true","B","false","[""editorial-review-required""]","retain pending evidence review; no automatic deletion","미확인","미확인","미확인","미확인"
"https://code-destiny.com/insights/saju/","200","200","true","https://code-destiny.com/insights/saju/","사주 인사이트 허브 · 사주팔자·만세력 | Code Destiny","[{""level"":""h1"",""text"":""사주 인사이트 허브""},{""level"":""h2"",""text"":""사주 인사이트를 읽는 법""},{""level"":""h2"",""text"":""해석의 근거 — 참고 원전""},{""level"":""h2"",""text"":""이 체계를 계산하는 방식""},{""level"":""h2"",""text"":""추천 글""},{""level"":""h3"",""text"":""십성(十星) 입문 지도 — 명리학 십성 완전 정복""},{""level"":""h3"",""text"":""2026 병오년(丙午年) 종합 운세 — 재물·연애 포함 완전 가이드""},{""level"":""h3"",""text"":""십이운성(十二運星) 완전 가이드 — 명리학에서 기운이 성장·쇠퇴하는 12단계""},{""level"":""h3"",""text"":""세계의 신기한 점술 완전 가이드 — 돼지점부터 주역까지""},{""level"":""h3"",""text"":""중동 점복 전통 심화 가이드: 지오맨시·커피점·해몽의 세계""},{""level"":""h3"",""text"":""아프리카 점복 전통 심화 가이드: 이파(Ifa)와 공동체의 지혜""},{""level"":""h3"",""text"":""2026 병오년 월별 계획 프레임 — 일간별 실행 로드맵""},{""level"":""h3"",""text"":""2027 정미년(丁未年) 월별 계획 프레임 — 일간별 실행 로드맵""},{""level"":""h3"",""text"":""이직 타이밍 체크리스트 — 명리학 전문가 관점 15단계""},{""level"":""h3"",""text"":""유명인 사주로 배우는 일간(日干) 읽기 — 공개 생일로 명식 세워 보기""},{""level"":""h3"",""text"":""출생시간을 모르면 사주를 못 보나? — 세 기둥으로 읽는 법""},{""level"":""h3"",""text"":""사주 입문: 사주팔자와 4기둥(사주)의 개념 완전 이해""},{""level"":""h2"",""text"":""최신 글""},{""level"":""h2"",""text"":""초보자 가이드""},{""level"":""h2"",""text"":""실전 해석 글""},{""level"":""h2"",""text"":""핵심 운세""},{""level"":""h2"",""text"":""타로 리딩""},{""level"":""h2"",""text"":""신탁 & 특화""},{""level"":""h2"",""text"":""추천 가이드""},{""level"":""h2"",""text"":""디지털 운세 서비스 환불 안내""},{""level"":""h2"",""text"":""면책 고지""},{""level"":""h2"",""text"":""사업자 정보""}]","3558","0","true","false","미확인","미확인","미확인","ko","true","B","false","[]","retain pending evidence review; no automatic deletion","미확인","미확인","미확인","미확인"
"https://code-destiny.com/insights/singang-sinyak-judgment-complete-guide/","200","200","true","https://code-destiny.com/insights/singang-sinyak-judgment-complete-guide/","신강·신약 판단법 — 일간 강약 읽는 기준","[{""level"":""h1"",""text"":""신강·신약 판단법 완전 가이드 — 일간의 강약을 올바르게 판단하는 법""},{""level"":""h2"",""text"":""제1편. 신강·신약이란 무엇인가?""},{""level"":""h3"",""text"":""1. 신강(身强)의 의미""},{""level"":""h3"",""text"":""2. 신약(身弱)의 의미""},{""level"":""h3"",""text"":""3. 왜 신강·신약을 판단하는가?""},{""level"":""h2"",""text"":""제2편. 신강·신약 판단의 핵심 기준""},{""level"":""h3"",""text"":""1. 가장 중요한 기준: 월령(月令)""},{""level"":""h3"",""text"":""2. 득지(得地)""},{""level"":""h3"",""text"":""3. 득세(得勢)""},{""level"":""h3"",""text"":""4. 통근(通根)""},{""level"":""h3"",""text"":""5. 투간(透干)""},{""level"":""h2"",""text"":""제3편. 신강·신약을 판단하는 종합 순서""},{""level"":""h2"",""text"":""제4편. 신강과 신약의 오해""},{""level"":""h3"",""text"":""오해 ① 신강이면 무조건 좋은 사주이다.""},{""level"":""h3"",""text"":""오해 ② 신약이면 나쁜 사주이다.""},{""level"":""h3"",""text"":""오해 ③ 오행 개수만 세면 된다.""},{""level"":""h3"",""text"":""오해 ④ 인터넷 만세력의 '신강·신약' 결과가 절대적이다.""},{""level"":""h2"",""text"":""제5편. 신강·신약과 용신의 관계""},{""level"":""h2"",""text"":""제6편. 실전에서 신강·신약을 보는 체크리스트""},{""level"":""h2"",""text"":""제7편. 신강·신약 이후 반드시 공부해야 할 내용""},{""level"":""h2"",""text"":""핵심 정리""},{""level"":""h2"",""text"":""여섯 체계를 교차 검증하는 초융합 심층 리딩""},{""level"":""h2"",""text"":""무료 사주 풀이 — 사주팔자 오행·십성·대운""},{""level"":""h2"",""text"":""함께 보면 좋은 인사이트""},{""level"":""h3"",""text"":""유명인 사주로 배우는 일간(日干) 읽기 — 공개 생일로 명식 세워 보기""},{""level"":""h3"",""text"":""출생시간을 모르면 사주를 못 보나? — 세 기둥으로 읽는 법""},{""level"":""h3"",""text"":""명식은 어떻게 세워지는가 — Code Destiny의 사주 계산 기준 공개""},{""level"":""h3"",""text"":""자정 무렵에 태어나면 일주가 갈리는 이유 — 야자시와 날짜 경계""},{""level"":""h3"",""text"":""같은 생년월일인데 사주가 다르게 나오는 네 가지 이유""},{""level"":""h3"",""text"":""십성(十星) 입문 지도 — 명리학 십성 완전 정복""},{""level"":""h2"",""text"":""핵심 운세""},{""level"":""h2"",""text"":""타로 리딩""},{""level"":""h2"",""text"":""신탁 & 특화""},{""level"":""h2"",""text"":""추천 가이드""},{""level"":""h2"",""text"":""디지털 운세 서비스 환불 안내""},{""level"":""h2"",""text"":""면책 고지""},{""level"":""h2"",""text"":""사업자 정보""}]","4651","0","true","true","{""@type"":""Person"",""@id"":""https://code-destiny.com/#author"",""name"":""박병하"",""jobTitle"":""명리학자"",""description"":""10년 경력의 명리학자. Code Destiny 가 공개하는 사주·운세 콘텐츠의 최종 검수 책임자입니다."",""knowsAbout"":[""사주"",""명리학"",""만세력"",""자미두수"",""숙요점""],""url"":""https://code-destiny.com/about"",""worksFor"":{""@type"":""Organization"",""@id"":""https://code-destiny.com/#organization"",""name"":""CODE DESTINY""}}","2026-07-10T00:00:00.000Z","2026-07-10T00:00:00.000Z","ko","true","B","false","[""editorial-review-required""]","retain pending evidence review; no automatic deletion","미확인","미확인","미확인","미확인"
"https://code-destiny.com/insights/sleep-rhythm-energy-and-luck-connection/","200","200","true","https://code-destiny.com/insights/sleep-rhythm-energy-and-luck-connection/","수면 리듬과 운의 관계 — 시진 숙면 가이드","[{""level"":""h1"",""text"":""수면 리듬과 에너지·운의 관계, 시진으로 보는 숙면 가이드""},{""level"":""h2"",""text"":""명리학이 하루를 읽는 법 — 12시진과 기의 순환""},{""level"":""h2"",""text"":""현대 수면과학이 말하는 일주기 리듬 — 겹치는 지점과 다른 지점""},{""level"":""h2"",""text"":""오행으로 보는 하루의 기운 전환""},{""level"":""h2"",""text"":""흔들리지 않는 수면-기상 루틴 만들기""},{""level"":""h2"",""text"":""잠들기 전 한 시간, 눈뜬 직후 한 시간 — 좋은 타이밍에 나를 맞추는 법""},{""level"":""h2"",""text"":""수면 부족이 좋은 운의 시기를 갉아먹는 방식""},{""level"":""h2"",""text"":""체크리스트 & 자주 묻는 질문""},{""level"":""h3"",""text"":""Q. 시진에 맞춰 정확히 그 시간에 자고 일어나야 하나요?""},{""level"":""h3"",""text"":""Q. 며칠 늦게 자면 그 시기의 운이 완전히 사라지나요?""},{""level"":""h3"",""text"":""Q. 잠이 부족하면 병원에 가야 하나요, 사주를 봐야 하나요?""},{""level"":""h2"",""text"":""여섯 체계를 교차 검증하는 초융합 심층 리딩""},{""level"":""h2"",""text"":""무료 점성술 운세 — 출생차트로 보는 별자리""},{""level"":""h2"",""text"":""함께 보면 좋은 인사이트""},{""level"":""h3"",""text"":""서양 점성술과 사주명리학의 차이 완전 가이드""},{""level"":""h3"",""text"":""시나스트리 궁합 차트 완전 가이드: 우리 둘의 별자리 궁합은?""},{""level"":""h3"",""text"":""수성 역행 실전 대응 가이드: 흔들리지 않는 3주를 위한 체크리스트""},{""level"":""h3"",""text"":""신월·보름달 운세 루틴 완전 가이드: 달의 흐름 따라 사는 법""},{""level"":""h3"",""text"":""커리어 운으로 면접·시험 합격률 높이는 준비 전략""},{""level"":""h3"",""text"":""점성술 하우스란? 12하우스 완벽 가이드와 해석법""},{""level"":""h2"",""text"":""핵심 운세""},{""level"":""h2"",""text"":""타로 리딩""},{""level"":""h2"",""text"":""신탁 & 특화""},{""level"":""h2"",""text"":""추천 가이드""},{""level"":""h2"",""text"":""디지털 운세 서비스 환불 안내""},{""level"":""h2"",""text"":""면책 고지""},{""level"":""h2"",""text"":""사업자 정보""}]","5703","0","true","true","{""@type"":""Person"",""@id"":""https://code-destiny.com/#author"",""name"":""박병하"",""jobTitle"":""명리학자"",""description"":""10년 경력의 명리학자. Code Destiny 가 공개하는 사주·운세 콘텐츠의 최종 검수 책임자입니다."",""knowsAbout"":[""사주"",""명리학"",""만세력"",""자미두수"",""숙요점""],""url"":""https://code-destiny.com/about"",""worksFor"":{""@type"":""Organization"",""@id"":""https://code-destiny.com/#organization"",""name"":""CODE DESTINY""}}","2026-07-11T00:00:00.000Z","2026-07-11T00:00:00.000Z","ko","true","B","false","[""editorial-review-required""]","retain pending evidence review; no automatic deletion","미확인","미확인","미확인","미확인"
"https://code-destiny.com/insights/sukuyo-27-guardian-animals-origin-guide/","200","200","true","https://code-destiny.com/insights/sukuyo-27-guardian-animals-origin-guide/","27숙 수호동물 유래 — 역사적 근거와 상징","[{""level"":""h1"",""text"":""27숙 수호동물 유래 가이드 — 왜 수호동물이 생겼는가, 역사적 근거는 무엇인가""},{""level"":""h2"",""text"":""왜 수호동물이 생겼는가?""},{""level"":""h2"",""text"":""한국식 27숙 수호동물표(상징적 해석)""},{""level"":""h2"",""text"":""하지만 위 표에도 문제가 있다""},{""level"":""h2"",""text"":""역사적으로 근거가 있는 것은?""},{""level"":""h2"",""text"":""인도 나크샤트라의 요니(yoni) 체계 — 원전에 실제로 있는 동물 배정""},{""level"":""h2"",""text"":""수호동물을 어떻게 활용하면 좋은가""},{""level"":""h2"",""text"":""여섯 체계를 교차 검증하는 초융합 심층 리딩""},{""level"":""h2"",""text"":""숙요점 사이트 — 생년월일로 내 본명숙 찾기""},{""level"":""h2"",""text"":""함께 보면 좋은 인사이트""},{""level"":""h3"",""text"":""숙요점 궁합 보는 법 — 영친·업태·안괴 관계를 읽는 순서""},{""level"":""h3"",""text"":""숙요점 명관계(命) — 같은 본명숙이 비추는 닮음과 차이""},{""level"":""h3"",""text"":""숙요점 성위관계(成危) — 역할과 거리를 이해하는 법""},{""level"":""h3"",""text"":""숙요점 연애 소통 규칙 — 사랑은 감정보다 전달 방식이 중요하다""},{""level"":""h3"",""text"":""숙요점 우정·팀워크 가이드 — 친구와 동료도 하나의 인연이다""},{""level"":""h3"",""text"":""숙요점 일상 리듬 활용법 — 관계는 특별한 순간보다 반복되는 습관이 만든다""},{""level"":""h2"",""text"":""핵심 운세""},{""level"":""h2"",""text"":""타로 리딩""},{""level"":""h2"",""text"":""신탁 & 특화""},{""level"":""h2"",""text"":""추천 가이드""},{""level"":""h2"",""text"":""디지털 운세 서비스 환불 안내""},{""level"":""h2"",""text"":""면책 고지""},{""level"":""h2"",""text"":""사업자 정보""}]","2872","0","true","true","{""@type"":""Person"",""@id"":""https://code-destiny.com/#author"",""name"":""박병하"",""jobTitle"":""명리학자"",""description"":""10년 경력의 명리학자. Code Destiny 가 공개하는 사주·운세 콘텐츠의 최종 검수 책임자입니다."",""knowsAbout"":[""사주"",""명리학"",""만세력"",""자미두수"",""숙요점""],""url"":""https://code-destiny.com/about"",""worksFor"":{""@type"":""Organization"",""@id"":""https://code-destiny.com/#organization"",""name"":""CODE DESTINY""}}","2026-07-10T00:00:00.000Z","2026-07-10T00:00:00.000Z","ko","true","B","false","[""editorial-review-required""]","retain pending evidence review; no automatic deletion","미확인","미확인","미확인","미확인"
"https://code-destiny.com/insights/sukuyo-27-mansions/","200","200","true","https://code-destiny.com/insights/sukuyo-27-mansions/","27숙 완전 정리 — 각 숙의 성격과 기질","[{""level"":""h1"",""text"":""27숙 완전 정리 — 각 숙의 성격과 기질 한눈에 보기""},{""level"":""h2"",""text"":""27숙이란 무엇인가요?""},{""level"":""h2"",""text"":""27숙과 28수는 무엇이 다를까?""},{""level"":""h2"",""text"":""27숙 빠른 요약표""},{""level"":""h2"",""text"":""27숙 상세 해설""},{""level"":""h3"",""text"":""1. 각숙(角宿) — 시작을 여는 개척자""},{""level"":""h3"",""text"":""2. 항숙(亢宿) — 품격과 자존심의 별""},{""level"":""h3"",""text"":""3. 저숙(氐宿) — 뿌리 깊은 생존력""},{""level"":""h3"",""text"":""4. 방숙(房宿) — 사람의 마음을 끌어당기는 별""},{""level"":""h3"",""text"":""5. 심숙(心宿) — 뜨겁고 강렬한 마음""},{""level"":""h3"",""text"":""6. 미숙(尾宿) — 끝까지 파고드는 집념""},{""level"":""h3"",""text"":""7. 기숙(箕宿) — 바람처럼 자유로운 사람""},{""level"":""h3"",""text"":""8. 두숙(斗宿) — 큰 그림을 보는 전략가""},{""level"":""h3"",""text"":""9. 여숙(女宿) — 조용히 기준을 지키는 별""},{""level"":""h3"",""text"":""10. 허숙(虛宿) — 고독 속에서 깊어지는 사람""},{""level"":""h3"",""text"":""11. 위숙(危宿) — 위태로움 속에서 빛나는 별""},{""level"":""h3"",""text"":""12. 실숙(室宿) — 자기 세계를 세우는 사람""},{""level"":""h3"",""text"":""13. 벽숙(壁宿) — 조용히 축적하는 지식의 별""},{""level"":""h3"",""text"":""14. 규숙(奎宿) — 아름다움과 지성의 별""},{""level"":""h3"",""text"":""15. 루숙(婁宿) — 살뜰히 챙기는 생활의 별""},{""level"":""h3"",""text"":""16. 위숙(胃宿) — 원하는 것을 현실로 만드는 사람""},{""level"":""h3"",""text"":""17. 묘숙(昴宿) — 존재감이 빛나는 별""},{""level"":""h3"",""text"":""18. 필숙(畢宿) — 끝까지 완성하는 사람""},{""level"":""h3"",""text"":""19. 자숙(觜宿) — 말과 판단이 예리한 별""},{""level"":""h3"",""text"":""20. 삼숙(參宿) — 정면으로 돌파하는 사람""},{""level"":""h3"",""text"":""21. 정숙(井宿) — 사람과 정보를 연결하는 별""},{""level"":""h3"",""text"":""22. 귀숙(鬼宿) — 보이지 않는 것을 느끼는 사람""},{""level"":""h3"",""text"":""23. 유숙(柳宿) — 부드럽게 스며드는 매혹의 별""},{""level"":""h3"",""text"":""24. 성숙(星宿) — 무대 위에서 빛나는 사람""},{""level"":""h3"",""text"":""25. 장숙(張宿) — 크게 펼치고 표현하는 별""},{""level"":""h3"",""text"":""26. 익숙(翼宿) — 날개처럼 연결하는 사람""},{""level"":""h3"",""text"":""27. 진숙(軫宿) — 섬세하게 조율하고 치유하는 별""},{""level"":""h2"",""text"":""27숙은 사람을 단정하는 도구가 아니에요""},{""level"":""h2"",""text"":""27숙을 활용하는 가장 좋은 방법""},{""level"":""h2"",""text"":""마무리 — 당신의 달빛은 어떤 이름인가요?""},{""level"":""h2"",""text"":""여섯 체계를 교차 검증하는 초융합 심층 리딩""},{""level"":""h2"",""text"":""숙요점 사이트 — 생년월일로 내 본명숙 찾기""},{""level"":""h2"",""text"":""함께 보면 좋은 인사이트""},{""level"":""h3"",""text"":""숙요점 궁합 보는 법 — 영친·업태·안괴 관계를 읽는 순서""},{""level"":""h3"",""text"":""숙요점 명관계(命) — 같은 본명숙이 비추는 닮음과 차이""},{""level"":""h3"",""text"":""숙요점 성위관계(成危) — 역할과 거리를 이해하는 법""},{""level"":""h3"",""text"":""숙요점 연애 소통 규칙 — 사랑은 감정보다 전달 방식이 중요하다""},{""level"":""h3"",""text"":""숙요점 우정·팀워크 가이드 — 친구와 동료도 하나의 인연이다""},{""level"":""h3"",""text"":""숙요점 일상 리듬 활용법 — 관계는 특별한 순간보다 반복되는 습관이 만든다""},{""level"":""h2"",""text"":""핵심 운세""},{""level"":""h2"",""text"":""타로 리딩""},{""level"":""h2"",""text"":""신탁 & 특화""},{""level"":""h2"",""text"":""추천 가이드""},{""level"":""h2"",""text"":""디지털 운세 서비스 환불 안내""},{""level"":""h2"",""text"":""면책 고지""},{""level"":""h2"",""text"":""사업자 정보""}]","11525","0","true","true","{""@type"":""Person"",""@id"":""https://code-destiny.com/#author"",""name"":""박병하"",""jobTitle"":""명리학자"",""description"":""10년 경력의 명리학자. Code Destiny 가 공개하는 사주·운세 콘텐츠의 최종 검수 책임자입니다."",""knowsAbout"":[""사주"",""명리학"",""만세력"",""자미두수"",""숙요점""],""url"":""https://code-destiny.com/about"",""worksFor"":{""@type"":""Organization"",""@id"":""https://code-destiny.com/#organization"",""name"":""CODE DESTINY""}}","2026-07-04T00:00:00.000Z","2026-07-04T00:00:00.000Z","ko","true","B","false","[""editorial-review-required""]","protect observed traffic; improve before any indexing change","1","1","{""from"":""2026-06-07"",""to"":""2026-09-06""}","미확인"
"https://code-destiny.com/insights/sukuyo-ankai/","200","200","true","https://code-destiny.com/insights/sukuyo-ankai/","숙요점 안괴관계 — 근거리·중거리·원거리 안괴 궁합","[{""level"":""h1"",""text"":""안괴관계(安壞關係) 완전 가이드 — 숙요점에서 가장 강렬하고 운명적인 인연""},{""level"":""h2"",""text"":""1. 안괴관계란 무엇인가""},{""level"":""h2"",""text"":""2. 왜 안괴관계는 가장 강렬하다고 하는가""},{""level"":""h2"",""text"":""3. 안(安)의 역할""},{""level"":""h2"",""text"":""4. 괴(壞)의 역할""},{""level"":""h2"",""text"":""5. 안과 괴는 어느 쪽이 더 유리한가""},{""level"":""h2"",""text"":""6. 안괴관계의 첫 만남""},{""level"":""h2"",""text"":""7. 안괴관계에서 나타나는 심리적 변화""},{""level"":""h2"",""text"":""8. 안괴관계의 핵심 특징""},{""level"":""h2"",""text"":""9. 안괴관계의 연애는 왜 특별하게 느껴지는가""},{""level"":""h2"",""text"":""10. 안이 사랑할 때""},{""level"":""h2"",""text"":""11. 괴가 사랑할 때""},{""level"":""h2"",""text"":""12. 서로가 강하게 끌리는 이유""},{""level"":""h2"",""text"":""13. 안괴관계에서 나타나는 의존""},{""level"":""h2"",""text"":""14. 집착이 생기는 이유""},{""level"":""h2"",""text"":""15. 갈등이 반복되는 구조""},{""level"":""h2"",""text"":""16. 안괴관계에서 가장 위험한 순간""},{""level"":""h2"",""text"":""17. 결혼으로 이어질 경우""},{""level"":""h2"",""text"":""18. 안괴관계의 이별""},{""level"":""h2"",""text"":""19. 재회의 가능성""},{""level"":""h2"",""text"":""20. 연애 정리: 서로를 통해 자신을 마주하는 관계""},{""level"":""h2"",""text"":""21. 삶 전반에 영향을 미치는 안괴관계""},{""level"":""h2"",""text"":""22. 부모와 자녀의 안괴관계""},{""level"":""h2"",""text"":""23. 형제자매의 안괴관계""},{""level"":""h2"",""text"":""24. 친구 사이의 안괴관계""},{""level"":""h2"",""text"":""25. 직장에서의 안괴관계""},{""level"":""h2"",""text"":""26. 사업 파트너에서의 안괴관계""},{""level"":""h2"",""text"":""27. 근거리 안괴관계""},{""level"":""h2"",""text"":""28. 중거리 안괴관계""},{""level"":""h2"",""text"":""29. 원거리 안괴관계""},{""level"":""h2"",""text"":""30. 가장 중요한 것은 역할의 이해""},{""level"":""h2"",""text"":""31. 안괴관계에 대한 가장 큰 오해""},{""level"":""h2"",""text"":""32. 안괴는 반드시 사랑이 되는가?""},{""level"":""h2"",""text"":""33. 남녀 역할별 특징""},{""level"":""h2"",""text"":""34. 안괴관계를 오래 유지하는 핵심 원칙""},{""level"":""h2"",""text"":""35. 안괴관계에서 가장 중요한 질문""},{""level"":""h2"",""text"":""36. 자주 묻는 질문(FAQ)""},{""level"":""h3"",""text"":""안괴관계는 무조건 결혼 궁합이 나쁜가?""},{""level"":""h3"",""text"":""안괴관계는 재회가 많은가?""},{""level"":""h3"",""text"":""안괴는 반드시 집착하는가?""},{""level"":""h3"",""text"":""안이 항상 손해를 보는가?""},{""level"":""h3"",""text"":""괴가 항상 관계를 흔드는 사람인가?""},{""level"":""h2"",""text"":""37. 현대적 관점에서 본 안괴관계""},{""level"":""h2"",""text"":""38. 종합 정리""},{""level"":""h2"",""text"":""여섯 체계를 교차 검증하는 초융합 심층 리딩""},{""level"":""h2"",""text"":""숙요점 사이트 — 생년월일로 내 본명숙 찾기""},{""level"":""h2"",""text"":""함께 보면 좋은 인사이트""},{""level"":""h3"",""text"":""숙요점 궁합 보는 법 — 영친·업태·안괴 관계를 읽는 순서""},{""level"":""h3"",""text"":""숙요점 명관계(命) — 같은 본명숙이 비추는 닮음과 차이""},{""level"":""h3"",""text"":""숙요점 성위관계(成危) — 역할과 거리를 이해하는 법""},{""level"":""h3"",""text"":""숙요점 연애 소통 규칙 — 사랑은 감정보다 전달 방식이 중요하다""},{""level"":""h3"",""text"":""숙요점 우정·팀워크 가이드 — 친구와 동료도 하나의 인연이다""},{""level"":""h3"",""text"":""숙요점 일상 리듬 활용법 — 관계는 특별한 순간보다 반복되는 습관이 만든다""},{""level"":""h2"",""text"":""핵심 운세""},{""level"":""h2"",""text"":""타로 리딩""},{""level"":""h2"",""text"":""신탁 & 특화""},{""level"":""h2"",""text"":""추천 가이드""},{""level"":""h2"",""text"":""디지털 운세 서비스 환불 안내""},{""level"":""h2"",""text"":""면책 고지""},{""level"":""h2"",""text"":""사업자 정보""}]","13874","0","true","true","{""@type"":""Person"",""@id"":""https://code-destiny.com/#author"",""name"":""박병하"",""jobTitle"":""명리학자"",""description"":""10년 경력의 명리학자. Code Destiny 가 공개하는 사주·운세 콘텐츠의 최종 검수 책임자입니다."",""knowsAbout"":[""사주"",""명리학"",""만세력"",""자미두수"",""숙요점""],""url"":""https://code-destiny.com/about"",""worksFor"":{""@type"":""Organization"",""@id"":""https://code-destiny.com/#organization"",""name"":""CODE DESTINY""}}","2026-08-30T00:00:00.000Z","2026-08-30T00:00:00.000Z","ko","true","B","false","[""editorial-review-required""]","retain pending evidence review; no automatic deletion","미확인","미확인","미확인","미확인"
"https://code-destiny.com/insights/sukuyo-antai/","200","200","true","https://code-destiny.com/insights/sukuyo-antai/","숙요점 업태관계 — 업태 궁합과 거리별 끌림의 차이","[{""level"":""h1"",""text"":""업태관계(業胎關係) 완전 가이드 — 함께 성장하며 완성해 가는 인연""},{""level"":""h2"",""text"":""1. 업태관계의 기본 구조""},{""level"":""h2"",""text"":""2. 업(業)의 의미""},{""level"":""h2"",""text"":""3. 태(胎)의 의미""},{""level"":""h2"",""text"":""4. 첫 만남에서 나타나는 특징""},{""level"":""h2"",""text"":""5. 연애에서의 업태관계""},{""level"":""h2"",""text"":""6. 결혼에서의 업태관계""},{""level"":""h2"",""text"":""7. 가족 관계에서의 업태관계""},{""level"":""h2"",""text"":""8. 친구 관계에서의 업태관계""},{""level"":""h2"",""text"":""9. 직장과 사업에서의 업태관계""},{""level"":""h2"",""text"":""10. 업태관계의 장점""},{""level"":""h2"",""text"":""11. 업태관계의 단점""},{""level"":""h2"",""text"":""12. 갈등이 생기는 패턴""},{""level"":""h2"",""text"":""13. 근거리·중거리·원거리 업태관계""},{""level"":""h3"",""text"":""근거리 업태관계""},{""level"":""h3"",""text"":""중거리 업태관계""},{""level"":""h3"",""text"":""원거리 업태관계""},{""level"":""h2"",""text"":""14. 업태관계를 오래 유지하는 방법""},{""level"":""h2"",""text"":""15. 현대적 관점에서 본 업태관계""},{""level"":""h2"",""text"":""16. 실제 사례로 보는 업태관계""},{""level"":""h2"",""text"":""17. 종합 정리""},{""level"":""h2"",""text"":""여섯 체계를 교차 검증하는 초융합 심층 리딩""},{""level"":""h2"",""text"":""숙요점 사이트 — 생년월일로 내 본명숙 찾기""},{""level"":""h2"",""text"":""함께 보면 좋은 인사이트""},{""level"":""h3"",""text"":""숙요점 궁합 보는 법 — 영친·업태·안괴 관계를 읽는 순서""},{""level"":""h3"",""text"":""숙요점 명관계(命) — 같은 본명숙이 비추는 닮음과 차이""},{""level"":""h3"",""text"":""숙요점 성위관계(成危) — 역할과 거리를 이해하는 법""},{""level"":""h3"",""text"":""숙요점 연애 소통 규칙 — 사랑은 감정보다 전달 방식이 중요하다""},{""level"":""h3"",""text"":""숙요점 우정·팀워크 가이드 — 친구와 동료도 하나의 인연이다""},{""level"":""h3"",""text"":""숙요점 일상 리듬 활용법 — 관계는 특별한 순간보다 반복되는 습관이 만든다""},{""level"":""h2"",""text"":""핵심 운세""},{""level"":""h2"",""text"":""타로 리딩""},{""level"":""h2"",""text"":""신탁 & 특화""},{""level"":""h2"",""text"":""추천 가이드""},{""level"":""h2"",""text"":""디지털 운세 서비스 환불 안내""},{""level"":""h2"",""text"":""면책 고지""},{""level"":""h2"",""text"":""사업자 정보""}]","7429","0","true","true","{""@type"":""Person"",""@id"":""https://code-destiny.com/#author"",""name"":""박병하"",""jobTitle"":""명리학자"",""description"":""10년 경력의 명리학자. Code Destiny 가 공개하는 사주·운세 콘텐츠의 최종 검수 책임자입니다."",""knowsAbout"":[""사주"",""명리학"",""만세력"",""자미두수"",""숙요점""],""url"":""https://code-destiny.com/about"",""worksFor"":{""@type"":""Organization"",""@id"":""https://code-destiny.com/#organization"",""name"":""CODE DESTINY""}}","2026-08-30T00:00:00.000Z","2026-08-30T00:00:00.000Z","ko","true","B","false","[""editorial-review-required""]","retain pending evidence review; no automatic deletion","미확인","미확인","미확인","미확인"
"https://code-destiny.com/insights/sukuyo-basics/","200","200","true","https://code-destiny.com/insights/sukuyo-basics/","숙요점 관계 해석: 갈등 패턴 읽는 법","[{""level"":""h1"",""text"":""숙요점 기본: 관계 충돌 패턴과 회복 타이밍""},{""level"":""h2"",""text"":""FAQ""},{""level"":""h2"",""text"":""핵심 운세""},{""level"":""h2"",""text"":""타로 리딩""},{""level"":""h2"",""text"":""신탁 & 특화""},{""level"":""h2"",""text"":""추천 가이드""},{""level"":""h2"",""text"":""디지털 운세 서비스 환불 안내""},{""level"":""h2"",""text"":""면책 고지""},{""level"":""h2"",""text"":""사업자 정보""}]","1380","0","true","false","미확인","미확인","미확인","ko","true","B","false","[]","retain pending evidence review; no automatic deletion","미확인","미확인","미확인","미확인"
"https://code-destiny.com/insights/sukuyo-beginner-terms-easy-dictionary/","200","200","true","https://code-destiny.com/insights/sukuyo-beginner-terms-easy-dictionary/","숙요점 초심자 용어 사전 — 쉬운 말 핵심","[{""level"":""h1"",""text"":""숙요점 초심자 완벽 가이드 — 쉬운 용어 사전과 처음 공부하는 사람이 알아야 할 핵심""},{""level"":""h2"",""text"":""1. 숙(宿)이란 무엇인가?""},{""level"":""h2"",""text"":""2. 27수(二十七宿)란?""},{""level"":""h2"",""text"":""3. 본명숙(本命宿) — \""나의 기본 별\""""},{""level"":""h2"",""text"":""4. 월명숙(月命宿) — \""사회 속에서 드러나는 나\""""},{""level"":""h2"",""text"":""5. 관계 유형이란?""},{""level"":""h2"",""text"":""6. 거리 개념""},{""level"":""h2"",""text"":""7. 묘·왕·쇠와 같은 개념""},{""level"":""h2"",""text"":""8. 숙요점 궁합이란?""},{""level"":""h2"",""text"":""9. 숙요점에서 자주 쓰는 용어 정리""},{""level"":""h2"",""text"":""10. 초심자가 가장 많이 하는 오해""},{""level"":""h2"",""text"":""11. 숙요점 공부 순서""},{""level"":""h2"",""text"":""여섯 체계를 교차 검증하는 초융합 심층 리딩""},{""level"":""h2"",""text"":""숙요점 사이트 — 생년월일로 내 본명숙 찾기""},{""level"":""h2"",""text"":""함께 보면 좋은 인사이트""},{""level"":""h3"",""text"":""숙요점 궁합 보는 법 — 영친·업태·안괴 관계를 읽는 순서""},{""level"":""h3"",""text"":""숙요점 명관계(命) — 같은 본명숙이 비추는 닮음과 차이""},{""level"":""h3"",""text"":""숙요점 성위관계(成危) — 역할과 거리를 이해하는 법""},{""level"":""h3"",""text"":""숙요점 연애 소통 규칙 — 사랑은 감정보다 전달 방식이 중요하다""},{""level"":""h3"",""text"":""숙요점 우정·팀워크 가이드 — 친구와 동료도 하나의 인연이다""},{""level"":""h3"",""text"":""숙요점 일상 리듬 활용법 — 관계는 특별한 순간보다 반복되는 습관이 만든다""},{""level"":""h2"",""text"":""핵심 운세""},{""level"":""h2"",""text"":""타로 리딩""},{""level"":""h2"",""text"":""신탁 & 특화""},{""level"":""h2"",""text"":""추천 가이드""},{""level"":""h2"",""text"":""디지털 운세 서비스 환불 안내""},{""level"":""h2"",""text"":""면책 고지""},{""level"":""h2"",""text"":""사업자 정보""}]","3267","0","true","true","{""@type"":""Person"",""@id"":""https://code-destiny.com/#author"",""name"":""박병하"",""jobTitle"":""명리학자"",""description"":""10년 경력의 명리학자. Code Destiny 가 공개하는 사주·운세 콘텐츠의 최종 검수 책임자입니다."",""knowsAbout"":[""사주"",""명리학"",""만세력"",""자미두수"",""숙요점""],""url"":""https://code-destiny.com/about"",""worksFor"":{""@type"":""Organization"",""@id"":""https://code-destiny.com/#organization"",""name"":""CODE DESTINY""}}","2026-07-10T00:00:00.000Z","2026-07-10T00:00:00.000Z","ko","true","B","false","[""editorial-review-required""]","retain pending evidence review; no automatic deletion","미확인","미확인","미확인","미확인"
"https://code-destiny.com/insights/sukuyo-bonmyeongsuk-how-to-find/","200","200","true","https://code-destiny.com/insights/sukuyo-bonmyeongsuk-how-to-find/","본명숙이란? 생년월일로 내 별자리 찾는 방법 | 운세 인사이트","[{""level"":""h1"",""text"":""본명숙이란? 생년월일로 내 별자리 찾는 방법""},{""level"":""h2"",""text"":""본명숙이란 무엇인가요?""},{""level"":""h2"",""text"":""본명숙 찾는 방법 — 한눈에 보기""},{""level"":""h2"",""text"":""1단계. 태어난 생년월일 확인하기""},{""level"":""h2"",""text"":""2단계. 양력과 음력 구분하기""},{""level"":""h2"",""text"":""3단계. 출생 시간이 꼭 필요할까?""},{""level"":""h2"",""text"":""4단계. 27숙 기준으로 본명숙 확인하기""},{""level"":""h2"",""text"":""5단계. 숙요점 계산기를 활용하기""},{""level"":""h2"",""text"":""본명숙 결과가 다르게 나오는 이유""},{""level"":""h2"",""text"":""본명숙을 알면 무엇을 볼 수 있을까?""},{""level"":""h2"",""text"":""숙요점과 사주, 함께 보면 좋은 이유""},{""level"":""h2"",""text"":""본명숙 찾기 전 체크리스트""},{""level"":""h2"",""text"":""내 달은 어느 별에 머물렀을까""},{""level"":""h2"",""text"":""여섯 체계를 교차 검증하는 초융합 심층 리딩""},{""level"":""h2"",""text"":""숙요점 사이트 — 생년월일로 내 본명숙 찾기""},{""level"":""h2"",""text"":""함께 보면 좋은 인사이트""},{""level"":""h3"",""text"":""숙요점 궁합 보는 법 — 영친·업태·안괴 관계를 읽는 순서""},{""level"":""h3"",""text"":""숙요점 명관계(命) — 같은 본명숙이 비추는 닮음과 차이""},{""level"":""h3"",""text"":""숙요점 성위관계(成危) — 역할과 거리를 이해하는 법""},{""level"":""h3"",""text"":""숙요점 연애 소통 규칙 — 사랑은 감정보다 전달 방식이 중요하다""},{""level"":""h3"",""text"":""숙요점 우정·팀워크 가이드 — 친구와 동료도 하나의 인연이다""},{""level"":""h3"",""text"":""숙요점 일상 리듬 활용법 — 관계는 특별한 순간보다 반복되는 습관이 만든다""},{""level"":""h2"",""text"":""핵심 운세""},{""level"":""h2"",""text"":""타로 리딩""},{""level"":""h2"",""text"":""신탁 & 특화""},{""level"":""h2"",""text"":""추천 가이드""},{""level"":""h2"",""text"":""디지털 운세 서비스 환불 안내""},{""level"":""h2"",""text"":""면책 고지""},{""level"":""h2"",""text"":""사업자 정보""}]","5374","0","true","true","{""@type"":""Person"",""@id"":""https://code-destiny.com/#author"",""name"":""박병하"",""jobTitle"":""명리학자"",""description"":""10년 경력의 명리학자. Code Destiny 가 공개하는 사주·운세 콘텐츠의 최종 검수 책임자입니다."",""knowsAbout"":[""사주"",""명리학"",""만세력"",""자미두수"",""숙요점""],""url"":""https://code-destiny.com/about"",""worksFor"":{""@type"":""Organization"",""@id"":""https://code-destiny.com/#organization"",""name"":""CODE DESTINY""}}","2026-07-10T00:00:00.000Z","2026-07-10T00:00:00.000Z","ko","true","B","false","[""editorial-review-required""]","retain pending evidence review; no automatic deletion","미확인","미확인","미확인","미확인"
"https://code-destiny.com/insights/sukuyo-bonmyeongsuk-vs-wolmyeongsuk/","200","200","true","https://code-destiny.com/insights/sukuyo-bonmyeongsuk-vs-wolmyeongsuk/","본명숙 vs 월명숙 — 숙요 궁합의 기준","[{""level"":""h1"",""text"":""숙요점(宿曜占星術) 본명숙(本命宿) vs 월명숙(月命宿) — 궁합에서 무엇이 더 중요한가?""},{""level"":""h2"",""text"":""1. 본명숙(本命宿)이란 무엇인가""},{""level"":""h2"",""text"":""2. 본명숙의 특징""},{""level"":""h2"",""text"":""3. 월명숙(月命宿)이란 무엇인가""},{""level"":""h2"",""text"":""4. 본명숙과 월명숙의 차이""},{""level"":""h2"",""text"":""5. 본명숙이 더 중요한 이유""},{""level"":""h2"",""text"":""6. 그렇다면 월명숙은 필요 없는가?""},{""level"":""h2"",""text"":""7. 본명숙과 월명숙이 같은 경우""},{""level"":""h2"",""text"":""8. 본명숙과 월명숙이 다른 경우""},{""level"":""h2"",""text"":""9. 궁합은 무엇을 기준으로 봐야 하는가""},{""level"":""h2"",""text"":""10. 숙요점을 올바르게 활용하는 방법""},{""level"":""h2"",""text"":""11. 자주 묻는 질문(FAQ)""},{""level"":""h3"",""text"":""본명숙과 월명숙 중 어느 것이 더 정확한가?""},{""level"":""h3"",""text"":""월명숙이 본명숙과 다르면 성격도 완전히 다른가?""},{""level"":""h3"",""text"":""궁합은 본명숙만 보면 충분한가?""},{""level"":""h2"",""text"":""12. 종합 정리""},{""level"":""h2"",""text"":""여섯 체계를 교차 검증하는 초융합 심층 리딩""},{""level"":""h2"",""text"":""숙요점 사이트 — 생년월일로 내 본명숙 찾기""},{""level"":""h2"",""text"":""함께 보면 좋은 인사이트""},{""level"":""h3"",""text"":""숙요점 궁합 보는 법 — 영친·업태·안괴 관계를 읽는 순서""},{""level"":""h3"",""text"":""숙요점 명관계(命) — 같은 본명숙이 비추는 닮음과 차이""},{""level"":""h3"",""text"":""숙요점 성위관계(成危) — 역할과 거리를 이해하는 법""},{""level"":""h3"",""text"":""숙요점 연애 소통 규칙 — 사랑은 감정보다 전달 방식이 중요하다""},{""level"":""h3"",""text"":""숙요점 우정·팀워크 가이드 — 친구와 동료도 하나의 인연이다""},{""level"":""h3"",""text"":""숙요점 일상 리듬 활용법 — 관계는 특별한 순간보다 반복되는 습관이 만든다""},{""level"":""h2"",""text"":""핵심 운세""},{""level"":""h2"",""text"":""타로 리딩""},{""level"":""h2"",""text"":""신탁 & 특화""},{""level"":""h2"",""text"":""추천 가이드""},{""level"":""h2"",""text"":""디지털 운세 서비스 환불 안내""},{""level"":""h2"",""text"":""면책 고지""},{""level"":""h2"",""text"":""사업자 정보""}]","4260","0","true","true","{""@type"":""Person"",""@id"":""https://code-destiny.com/#author"",""name"":""박병하"",""jobTitle"":""명리학자"",""description"":""10년 경력의 명리학자. Code Destiny 가 공개하는 사주·운세 콘텐츠의 최종 검수 책임자입니다."",""knowsAbout"":[""사주"",""명리학"",""만세력"",""자미두수"",""숙요점""],""url"":""https://code-destiny.com/about"",""worksFor"":{""@type"":""Organization"",""@id"":""https://code-destiny.com/#organization"",""name"":""CODE DESTINY""}}","2026-07-04T00:00:00.000Z","2026-07-04T00:00:00.000Z","ko","true","B","false","[""editorial-review-required""]","retain pending evidence review; no automatic deletion","미확인","미확인","미확인","미확인"
"https://code-destiny.com/insights/sukuyo-boundary-setting-practical-guide/","200","200","true","https://code-destiny.com/insights/sukuyo-boundary-setting-practical-guide/","숙요점 경계 설정 — 건강한 거리 두기","[{""level"":""h1"",""text"":""숙요점 경계 설정 실전 가이드 — 가까움과 건강한 거리는 함께 존재한다""},{""level"":""h2"",""text"":""① 감정의 책임을 구분한다""},{""level"":""h2"",""text"":""② 개인 시간을 존중한다""},{""level"":""h2"",""text"":""③ 경제적 경계를 만든다""},{""level"":""h2"",""text"":""④ 가족과 외부 관계의 경계를 정한다""},{""level"":""h2"",""text"":""⑤ 감정적 공격을 허용하지 않는다""},{""level"":""h2"",""text"":""경계를 정할 때 흔한 오해""},{""level"":""h2"",""text"":""실전 사례 — 경계가 없던 관계의 변화""},{""level"":""h2"",""text"":""경계 점검 체크리스트""},{""level"":""h2"",""text"":""자주 묻는 질문""},{""level"":""h3"",""text"":""Q. 경계를 이야기하면 상대가 서운해할 것 같아요.""},{""level"":""h3"",""text"":""Q. 다섯 가지를 한 번에 정해야 하나요?""},{""level"":""h2"",""text"":""여섯 체계를 교차 검증하는 초융합 심층 리딩""},{""level"":""h2"",""text"":""숙요점 사이트 — 생년월일로 내 본명숙 찾기""},{""level"":""h2"",""text"":""함께 보면 좋은 인사이트""},{""level"":""h3"",""text"":""숙요점 궁합 보는 법 — 영친·업태·안괴 관계를 읽는 순서""},{""level"":""h3"",""text"":""숙요점 명관계(命) — 같은 본명숙이 비추는 닮음과 차이""},{""level"":""h3"",""text"":""숙요점 성위관계(成危) — 역할과 거리를 이해하는 법""},{""level"":""h3"",""text"":""숙요점 연애 소통 규칙 — 사랑은 감정보다 전달 방식이 중요하다""},{""level"":""h3"",""text"":""숙요점 우정·팀워크 가이드 — 친구와 동료도 하나의 인연이다""},{""level"":""h3"",""text"":""숙요점 일상 리듬 활용법 — 관계는 특별한 순간보다 반복되는 습관이 만든다""},{""level"":""h2"",""text"":""핵심 운세""},{""level"":""h2"",""text"":""타로 리딩""},{""level"":""h2"",""text"":""신탁 & 특화""},{""level"":""h2"",""text"":""추천 가이드""},{""level"":""h2"",""text"":""디지털 운세 서비스 환불 안내""},{""level"":""h2"",""text"":""면책 고지""},{""level"":""h2"",""text"":""사업자 정보""}]","3069","0","true","true","{""@type"":""Person"",""@id"":""https://code-destiny.com/#author"",""name"":""박병하"",""jobTitle"":""명리학자"",""description"":""10년 경력의 명리학자. Code Destiny 가 공개하는 사주·운세 콘텐츠의 최종 검수 책임자입니다."",""knowsAbout"":[""사주"",""명리학"",""만세력"",""자미두수"",""숙요점""],""url"":""https://code-destiny.com/about"",""worksFor"":{""@type"":""Organization"",""@id"":""https://code-destiny.com/#organization"",""name"":""CODE DESTINY""}}","2026-09-06T00:00:00.000Z","2026-09-06T00:00:00.000Z","ko","true","B","false","[""editorial-review-required""]","retain pending evidence review; no automatic deletion","미확인","미확인","미확인","미확인"
"https://code-destiny.com/insights/sukuyo-compatibility-guide/","200","200","true","https://code-destiny.com/insights/sukuyo-compatibility-guide/","숙요점 궁합 — 영친·업태·안괴 6유형 총정리","[{""level"":""h1"",""text"":""숙요점 궁합 보는 법 — 영친·업태·안괴 관계를 읽는 순서""},{""level"":""h2"",""text"":""영친이라는 결과가 나왔다면 먼저 볼 것""},{""level"":""h2"",""text"":""1. 숙요점 궁합의 기본 철학""},{""level"":""h2"",""text"":""2. 좋은 궁합과 나쁜 궁합은 존재하는가?""},{""level"":""h2"",""text"":""3. 숙요점에서 말하는 '최고의 궁합'""},{""level"":""h2"",""text"":""4. 관계별 핵심 특징 한눈에 보기""},{""level"":""h2"",""text"":""5. 연애 궁합을 볼 때 가장 중요한 것""},{""level"":""h2"",""text"":""6. 결혼 궁합에서 중요한 요소""},{""level"":""h2"",""text"":""7. 숙요점을 공부할 때 가장 많이 하는 실수""},{""level"":""h2"",""text"":""8. 현대 심리학과 숙요점""},{""level"":""h2"",""text"":""9. 숙요점을 가장 현명하게 활용하는 방법""},{""level"":""h2"",""text"":""10. 숙요점 궁합 총결론""},{""level"":""h2"",""text"":""여섯 체계를 교차 검증하는 초융합 심층 리딩""},{""level"":""h2"",""text"":""숙요점 사이트 — 생년월일로 내 본명숙 찾기""},{""level"":""h2"",""text"":""함께 보면 좋은 인사이트""},{""level"":""h3"",""text"":""숙요점 명관계(命) — 같은 본명숙이 비추는 닮음과 차이""},{""level"":""h3"",""text"":""숙요점 성위관계(成危) — 역할과 거리를 이해하는 법""},{""level"":""h3"",""text"":""숙요점 연애 소통 규칙 — 사랑은 감정보다 전달 방식이 중요하다""},{""level"":""h3"",""text"":""숙요점 우정·팀워크 가이드 — 친구와 동료도 하나의 인연이다""},{""level"":""h3"",""text"":""숙요점 일상 리듬 활용법 — 관계는 특별한 순간보다 반복되는 습관이 만든다""},{""level"":""h3"",""text"":""숙요점 자주 묻는 질문 Q&A — 처음 공부하는 사람들이 가장 많이 궁금해하는 내용""},{""level"":""h2"",""text"":""핵심 운세""},{""level"":""h2"",""text"":""타로 리딩""},{""level"":""h2"",""text"":""신탁 & 특화""},{""level"":""h2"",""text"":""추천 가이드""},{""level"":""h2"",""text"":""디지털 운세 서비스 환불 안내""},{""level"":""h2"",""text"":""면책 고지""},{""level"":""h2"",""text"":""사업자 정보""}]","5152","0","true","true","{""@type"":""Person"",""@id"":""https://code-destiny.com/#author"",""name"":""박병하"",""jobTitle"":""명리학자"",""description"":""10년 경력의 명리학자. Code Destiny 가 공개하는 사주·운세 콘텐츠의 최종 검수 책임자입니다."",""knowsAbout"":[""사주"",""명리학"",""만세력"",""자미두수"",""숙요점""],""url"":""https://code-destiny.com/about"",""worksFor"":{""@type"":""Organization"",""@id"":""https://code-destiny.com/#organization"",""name"":""CODE DESTINY""}}","2026-09-08T00:00:00.000Z","2026-09-08T00:00:00.000Z","ko","true","B","false","[""editorial-review-required""]","retain pending evidence review; no automatic deletion","미확인","미확인","미확인","미확인"
"https://code-destiny.com/insights/sukuyo-compatibility-rhythm-guide","301","200","true","https://code-destiny.com/insights/sukuyo-compatibility-guide/","숙요점 궁합 — 영친·업태·안괴 6유형 총정리","[{""level"":""h1"",""text"":""숙요점 궁합 보는 법 — 영친·업태·안괴 관계를 읽는 순서""},{""level"":""h2"",""text"":""영친이라는 결과가 나왔다면 먼저 볼 것""},{""level"":""h2"",""text"":""1. 숙요점 궁합의 기본 철학""},{""level"":""h2"",""text"":""2. 좋은 궁합과 나쁜 궁합은 존재하는가?""},{""level"":""h2"",""text"":""3. 숙요점에서 말하는 '최고의 궁합'""},{""level"":""h2"",""text"":""4. 관계별 핵심 특징 한눈에 보기""},{""level"":""h2"",""text"":""5. 연애 궁합을 볼 때 가장 중요한 것""},{""level"":""h2"",""text"":""6. 결혼 궁합에서 중요한 요소""},{""level"":""h2"",""text"":""7. 숙요점을 공부할 때 가장 많이 하는 실수""},{""level"":""h2"",""text"":""8. 현대 심리학과 숙요점""},{""level"":""h2"",""text"":""9. 숙요점을 가장 현명하게 활용하는 방법""},{""level"":""h2"",""text"":""10. 숙요점 궁합 총결론""},{""level"":""h2"",""text"":""여섯 체계를 교차 검증하는 초융합 심층 리딩""},{""level"":""h2"",""text"":""숙요점 사이트 — 생년월일로 내 본명숙 찾기""},{""level"":""h2"",""text"":""함께 보면 좋은 인사이트""},{""level"":""h3"",""text"":""숙요점 명관계(命) — 같은 본명숙이 비추는 닮음과 차이""},{""level"":""h3"",""text"":""숙요점 성위관계(成危) — 역할과 거리를 이해하는 법""},{""level"":""h3"",""text"":""숙요점 연애 소통 규칙 — 사랑은 감정보다 전달 방식이 중요하다""},{""level"":""h3"",""text"":""숙요점 우정·팀워크 가이드 — 친구와 동료도 하나의 인연이다""},{""level"":""h3"",""text"":""숙요점 일상 리듬 활용법 — 관계는 특별한 순간보다 반복되는 습관이 만든다""},{""level"":""h3"",""text"":""숙요점 자주 묻는 질문 Q&A — 처음 공부하는 사람들이 가장 많이 궁금해하는 내용""},{""level"":""h2"",""text"":""핵심 운세""},{""level"":""h2"",""text"":""타로 리딩""},{""level"":""h2"",""text"":""신탁 & 특화""},{""level"":""h2"",""text"":""추천 가이드""},{""level"":""h2"",""text"":""디지털 운세 서비스 환불 안내""},{""level"":""h2"",""text"":""면책 고지""},{""level"":""h2"",""text"":""사업자 정보""}]","5152","0","true","true","{""@type"":""Person"",""@id"":""https://code-destiny.com/#author"",""name"":""박병하"",""jobTitle"":""명리학자"",""description"":""10년 경력의 명리학자. Code Destiny 가 공개하는 사주·운세 콘텐츠의 최종 검수 책임자입니다."",""knowsAbout"":[""사주"",""명리학"",""만세력"",""자미두수"",""숙요점""],""url"":""https://code-destiny.com/about"",""worksFor"":{""@type"":""Organization"",""@id"":""https://code-destiny.com/#organization"",""name"":""CODE DESTINY""}}","2026-09-08T00:00:00.000Z","2026-09-08T00:00:00.000Z","ko","false","D","true","[""editorial-review-required""]","verify existing disposition","미확인","미확인","미확인","미확인"
"https://code-destiny.com/insights/sukuyo-conflict-repair-dialogue-templates/","200","200","true","https://code-destiny.com/insights/sukuyo-conflict-repair-dialogue-templates/","숙요점 갈등 회복 — 재조정하는 대화법","[{""level"":""h1"",""text"":""숙요점 갈등 회복 가이드 — 갈등은 관계의 끝이 아니라 재조정하는 과정이다""},{""level"":""h2"",""text"":""영친관계 갈등 회복""},{""level"":""h2"",""text"":""업태관계 갈등 회복""},{""level"":""h2"",""text"":""안괴관계 갈등 회복""},{""level"":""h2"",""text"":""명관계 갈등 회복""},{""level"":""h2"",""text"":""성위관계 갈등 회복""},{""level"":""h2"",""text"":""우쇠관계 갈등 회복""},{""level"":""h2"",""text"":""갈등 회복 대화 템플릿""},{""level"":""h2"",""text"":""실전 사례 — 템플릿을 실제 대화에 얹기""},{""level"":""h2"",""text"":""갈등 회복 체크리스트""},{""level"":""h2"",""text"":""자주 묻는 질문""},{""level"":""h3"",""text"":""Q. 상대가 대화 자체를 피하면 어떻게 하나요?""},{""level"":""h3"",""text"":""Q. 같은 갈등이 반복되면 관계가 잘못된 건가요?""},{""level"":""h2"",""text"":""여섯 체계를 교차 검증하는 초융합 심층 리딩""},{""level"":""h2"",""text"":""숙요점 사이트 — 생년월일로 내 본명숙 찾기""},{""level"":""h2"",""text"":""함께 보면 좋은 인사이트""},{""level"":""h3"",""text"":""숙요점 궁합 보는 법 — 영친·업태·안괴 관계를 읽는 순서""},{""level"":""h3"",""text"":""숙요점 명관계(命) — 같은 본명숙이 비추는 닮음과 차이""},{""level"":""h3"",""text"":""숙요점 성위관계(成危) — 역할과 거리를 이해하는 법""},{""level"":""h3"",""text"":""숙요점 연애 소통 규칙 — 사랑은 감정보다 전달 방식이 중요하다""},{""level"":""h3"",""text"":""숙요점 우정·팀워크 가이드 — 친구와 동료도 하나의 인연이다""},{""level"":""h3"",""text"":""숙요점 일상 리듬 활용법 — 관계는 특별한 순간보다 반복되는 습관이 만든다""},{""level"":""h2"",""text"":""핵심 운세""},{""level"":""h2"",""text"":""타로 리딩""},{""level"":""h2"",""text"":""신탁 & 특화""},{""level"":""h2"",""text"":""추천 가이드""},{""level"":""h2"",""text"":""디지털 운세 서비스 환불 안내""},{""level"":""h2"",""text"":""면책 고지""},{""level"":""h2"",""text"":""사업자 정보""}]","3451","0","true","true","{""@type"":""Person"",""@id"":""https://code-destiny.com/#author"",""name"":""박병하"",""jobTitle"":""명리학자"",""description"":""10년 경력의 명리학자. Code Destiny 가 공개하는 사주·운세 콘텐츠의 최종 검수 책임자입니다."",""knowsAbout"":[""사주"",""명리학"",""만세력"",""자미두수"",""숙요점""],""url"":""https://code-destiny.com/about"",""worksFor"":{""@type"":""Organization"",""@id"":""https://code-destiny.com/#organization"",""name"":""CODE DESTINY""}}","2026-09-06T00:00:00.000Z","2026-09-06T00:00:00.000Z","ko","true","B","false","[""editorial-review-required""]","retain pending evidence review; no automatic deletion","미확인","미확인","미확인","미확인"
"https://code-destiny.com/insights/sukuyo-couple-finance-rhythm-guide/","200","200","true","https://code-destiny.com/insights/sukuyo-couple-finance-rhythm-guide/","숙요점 커플 재정 리듬 — 돈과 사랑의 관계","[{""level"":""h1"",""text"":""숙요점 커플 재정 리듬 가이드 — 돈 문제는 사랑과 별개의 문제가 아니다""},{""level"":""h2"",""text"":""① 돈에 대한 가치관을 확인한다""},{""level"":""h2"",""text"":""② 공동과 개인 영역을 나눈다""},{""level"":""h2"",""text"":""③ 미래 계획을 함께 세운다""},{""level"":""h2"",""text"":""실전 사례 — 세 갈래 통장으로 바뀐 대화""},{""level"":""h2"",""text"":""재정 대화 체크리스트""},{""level"":""h2"",""text"":""자주 묻는 질문""},{""level"":""h3"",""text"":""Q. 소득 차이가 크면 공동 생활비는 어떻게 나누나요?""},{""level"":""h3"",""text"":""Q. 재정 대화가 매번 싸움으로 끝나요.""},{""level"":""h2"",""text"":""여섯 체계를 교차 검증하는 초융합 심층 리딩""},{""level"":""h2"",""text"":""숙요점 사이트 — 생년월일로 내 본명숙 찾기""},{""level"":""h2"",""text"":""함께 보면 좋은 인사이트""},{""level"":""h3"",""text"":""숙요점 궁합 보는 법 — 영친·업태·안괴 관계를 읽는 순서""},{""level"":""h3"",""text"":""숙요점 명관계(命) — 같은 본명숙이 비추는 닮음과 차이""},{""level"":""h3"",""text"":""숙요점 성위관계(成危) — 역할과 거리를 이해하는 법""},{""level"":""h3"",""text"":""숙요점 연애 소통 규칙 — 사랑은 감정보다 전달 방식이 중요하다""},{""level"":""h3"",""text"":""숙요점 우정·팀워크 가이드 — 친구와 동료도 하나의 인연이다""},{""level"":""h3"",""text"":""숙요점 일상 리듬 활용법 — 관계는 특별한 순간보다 반복되는 습관이 만든다""},{""level"":""h2"",""text"":""핵심 운세""},{""level"":""h2"",""text"":""타로 리딩""},{""level"":""h2"",""text"":""신탁 & 특화""},{""level"":""h2"",""text"":""추천 가이드""},{""level"":""h2"",""text"":""디지털 운세 서비스 환불 안내""},{""level"":""h2"",""text"":""면책 고지""},{""level"":""h2"",""text"":""사업자 정보""}]","2992","0","true","true","{""@type"":""Person"",""@id"":""https://code-destiny.com/#author"",""name"":""박병하"",""jobTitle"":""명리학자"",""description"":""10년 경력의 명리학자. Code Destiny 가 공개하는 사주·운세 콘텐츠의 최종 검수 책임자입니다."",""knowsAbout"":[""사주"",""명리학"",""만세력"",""자미두수"",""숙요점""],""url"":""https://code-destiny.com/about"",""worksFor"":{""@type"":""Organization"",""@id"":""https://code-destiny.com/#organization"",""name"":""CODE DESTINY""}}","2026-09-06T00:00:00.000Z","2026-09-06T00:00:00.000Z","ko","true","B","false","[""editorial-review-required""]","retain pending evidence review; no automatic deletion","미확인","미확인","미확인","미확인"
"https://code-destiny.com/insights/sukuyo-day-by-day-rhythm-usage/","200","200","true","https://code-destiny.com/insights/sukuyo-day-by-day-rhythm-usage/","숙요점 일상 리듬 활용법 — 반복 습관의 힘","[{""level"":""h1"",""text"":""숙요점 일상 리듬 활용법 — 관계는 특별한 순간보다 반복되는 습관이 만든다""},{""level"":""h2"",""text"":""좋은 관계 리듬 만들기""},{""level"":""h3"",""text"":""매일""},{""level"":""h3"",""text"":""매주""},{""level"":""h3"",""text"":""매월""},{""level"":""h3"",""text"":""매년""},{""level"":""h2"",""text"":""리듬이 무너지기 쉬운 순간""},{""level"":""h2"",""text"":""혼자서도 시작할 수 있다""},{""level"":""h2"",""text"":""실전 사례 — 리듬을 다시 세우는 2주""},{""level"":""h2"",""text"":""리듬 점검 체크리스트""},{""level"":""h2"",""text"":""자주 묻는 질문""},{""level"":""h3"",""text"":""Q. 상대가 이런 습관을 어색해하면 어떻게 하나요?""},{""level"":""h3"",""text"":""Q. 장거리 연애에서도 같은 리듬이 통하나요?""},{""level"":""h2"",""text"":""여섯 체계를 교차 검증하는 초융합 심층 리딩""},{""level"":""h2"",""text"":""숙요점 사이트 — 생년월일로 내 본명숙 찾기""},{""level"":""h2"",""text"":""함께 보면 좋은 인사이트""},{""level"":""h3"",""text"":""숙요점 궁합 보는 법 — 영친·업태·안괴 관계를 읽는 순서""},{""level"":""h3"",""text"":""숙요점 명관계(命) — 같은 본명숙이 비추는 닮음과 차이""},{""level"":""h3"",""text"":""숙요점 성위관계(成危) — 역할과 거리를 이해하는 법""},{""level"":""h3"",""text"":""숙요점 연애 소통 규칙 — 사랑은 감정보다 전달 방식이 중요하다""},{""level"":""h3"",""text"":""숙요점 우정·팀워크 가이드 — 친구와 동료도 하나의 인연이다""},{""level"":""h3"",""text"":""숙요점 자주 묻는 질문 Q&A — 처음 공부하는 사람들이 가장 많이 궁금해하는 내용""},{""level"":""h2"",""text"":""핵심 운세""},{""level"":""h2"",""text"":""타로 리딩""},{""level"":""h2"",""text"":""신탁 & 특화""},{""level"":""h2"",""text"":""추천 가이드""},{""level"":""h2"",""text"":""디지털 운세 서비스 환불 안내""},{""level"":""h2"",""text"":""면책 고지""},{""level"":""h2"",""text"":""사업자 정보""}]","2978","0","true","true","{""@type"":""Person"",""@id"":""https://code-destiny.com/#author"",""name"":""박병하"",""jobTitle"":""명리학자"",""description"":""10년 경력의 명리학자. Code Destiny 가 공개하는 사주·운세 콘텐츠의 최종 검수 책임자입니다."",""knowsAbout"":[""사주"",""명리학"",""만세력"",""자미두수"",""숙요점""],""url"":""https://code-destiny.com/about"",""worksFor"":{""@type"":""Organization"",""@id"":""https://code-destiny.com/#organization"",""name"":""CODE DESTINY""}}","2026-09-06T00:00:00.000Z","2026-09-06T00:00:00.000Z","ko","true","B","false","[""editorial-review-required""]","retain pending evidence review; no automatic deletion","미확인","미확인","미확인","미확인"
"https://code-destiny.com/insights/sukuyo-eishin/","200","200","true","https://code-destiny.com/insights/sukuyo-eishin/","숙요점 영친관계 — 영친 궁합이 편안한 이유","[{""level"":""h1"",""text"":""영친관계(榮親關係) 완전 가이드 — 숙요점에서 가장 편안하고 오래가는 인연""},{""level"":""h2"",""text"":""1. 영친관계란 무엇인가""},{""level"":""h2"",""text"":""2. 영친관계가 만들어지는 원리""},{""level"":""h2"",""text"":""3. 첫 만남의 분위기""},{""level"":""h2"",""text"":""4. 연애에서의 영친관계""},{""level"":""h2"",""text"":""5. 결혼에서의 영친관계""},{""level"":""h2"",""text"":""6. 친구 관계에서의 특징""},{""level"":""h2"",""text"":""7. 직장과 사업에서의 영친관계""},{""level"":""h2"",""text"":""8. 영친관계의 장점""},{""level"":""h2"",""text"":""9. 영친관계의 단점과 주의할 점""},{""level"":""h2"",""text"":""10. 영친관계를 오래 유지하는 방법""},{""level"":""h2"",""text"":""11. 현대적 관점에서 본 영친관계""},{""level"":""h2"",""text"":""마무리""},{""level"":""h2"",""text"":""여섯 체계를 교차 검증하는 초융합 심층 리딩""},{""level"":""h2"",""text"":""숙요점 사이트 — 생년월일로 내 본명숙 찾기""},{""level"":""h2"",""text"":""함께 보면 좋은 인사이트""},{""level"":""h3"",""text"":""숙요점 궁합 보는 법 — 영친·업태·안괴 관계를 읽는 순서""},{""level"":""h3"",""text"":""숙요점 명관계(命) — 같은 본명숙이 비추는 닮음과 차이""},{""level"":""h3"",""text"":""숙요점 성위관계(成危) — 역할과 거리를 이해하는 법""},{""level"":""h3"",""text"":""숙요점 연애 소통 규칙 — 사랑은 감정보다 전달 방식이 중요하다""},{""level"":""h3"",""text"":""숙요점 우정·팀워크 가이드 — 친구와 동료도 하나의 인연이다""},{""level"":""h3"",""text"":""숙요점 일상 리듬 활용법 — 관계는 특별한 순간보다 반복되는 습관이 만든다""},{""level"":""h2"",""text"":""핵심 운세""},{""level"":""h2"",""text"":""타로 리딩""},{""level"":""h2"",""text"":""신탁 & 특화""},{""level"":""h2"",""text"":""추천 가이드""},{""level"":""h2"",""text"":""디지털 운세 서비스 환불 안내""},{""level"":""h2"",""text"":""면책 고지""},{""level"":""h2"",""text"":""사업자 정보""}]","5093","0","true","true","{""@type"":""Person"",""@id"":""https://code-destiny.com/#author"",""name"":""박병하"",""jobTitle"":""명리학자"",""description"":""10년 경력의 명리학자. Code Destiny 가 공개하는 사주·운세 콘텐츠의 최종 검수 책임자입니다."",""knowsAbout"":[""사주"",""명리학"",""만세력"",""자미두수"",""숙요점""],""url"":""https://code-destiny.com/about"",""worksFor"":{""@type"":""Organization"",""@id"":""https://code-destiny.com/#organization"",""name"":""CODE DESTINY""}}","2026-08-30T00:00:00.000Z","2026-08-30T00:00:00.000Z","ko","true","B","false","[""editorial-review-required""]","retain pending evidence review; no automatic deletion","미확인","미확인","미확인","미확인"
"https://code-destiny.com/insights/sukuyo-friendship-teamwork-guide/","200","200","true","https://code-destiny.com/insights/sukuyo-friendship-teamwork-guide/","숙요점 우정·팀워크 — 친구와 동료의 인연","[{""level"":""h1"",""text"":""숙요점 우정·팀워크 가이드 — 친구와 동료도 하나의 인연이다""},{""level"":""h2"",""text"":""항상 같은 사람이기를 기대하지 않는다""},{""level"":""h2"",""text"":""도움의 균형을 맞춘다""},{""level"":""h2"",""text"":""경쟁과 비교를 줄인다""},{""level"":""h2"",""text"":""팀워크에서 숙요점 활용법""},{""level"":""h2"",""text"":""실전 사례 — 역할이 부딪히는 팀""},{""level"":""h2"",""text"":""관계 점검 체크리스트""},{""level"":""h2"",""text"":""자주 묻는 질문""},{""level"":""h3"",""text"":""Q. 친구 궁합도 연애 궁합처럼 여섯 유형으로 보나요?""},{""level"":""h3"",""text"":""Q. 성향이 정반대인 동료와는 함께 일하기 어렵나요?""},{""level"":""h2"",""text"":""여섯 체계를 교차 검증하는 초융합 심층 리딩""},{""level"":""h2"",""text"":""숙요점 사이트 — 생년월일로 내 본명숙 찾기""},{""level"":""h2"",""text"":""함께 보면 좋은 인사이트""},{""level"":""h3"",""text"":""숙요점 궁합 보는 법 — 영친·업태·안괴 관계를 읽는 순서""},{""level"":""h3"",""text"":""숙요점 명관계(命) — 같은 본명숙이 비추는 닮음과 차이""},{""level"":""h3"",""text"":""숙요점 성위관계(成危) — 역할과 거리를 이해하는 법""},{""level"":""h3"",""text"":""숙요점 연애 소통 규칙 — 사랑은 감정보다 전달 방식이 중요하다""},{""level"":""h3"",""text"":""숙요점 일상 리듬 활용법 — 관계는 특별한 순간보다 반복되는 습관이 만든다""},{""level"":""h3"",""text"":""숙요점 자주 묻는 질문 Q&A — 처음 공부하는 사람들이 가장 많이 궁금해하는 내용""},{""level"":""h2"",""text"":""핵심 운세""},{""level"":""h2"",""text"":""타로 리딩""},{""level"":""h2"",""text"":""신탁 & 특화""},{""level"":""h2"",""text"":""추천 가이드""},{""level"":""h2"",""text"":""디지털 운세 서비스 환불 안내""},{""level"":""h2"",""text"":""면책 고지""},{""level"":""h2"",""text"":""사업자 정보""}]","3094","0","true","true","{""@type"":""Person"",""@id"":""https://code-destiny.com/#author"",""name"":""박병하"",""jobTitle"":""명리학자"",""description"":""10년 경력의 명리학자. Code Destiny 가 공개하는 사주·운세 콘텐츠의 최종 검수 책임자입니다."",""knowsAbout"":[""사주"",""명리학"",""만세력"",""자미두수"",""숙요점""],""url"":""https://code-destiny.com/about"",""worksFor"":{""@type"":""Organization"",""@id"":""https://code-destiny.com/#organization"",""name"":""CODE DESTINY""}}","2026-09-06T00:00:00.000Z","2026-09-06T00:00:00.000Z","ko","true","B","false","[""editorial-review-required""]","retain pending evidence review; no automatic deletion","미확인","미확인","미확인","미확인"
"https://code-destiny.com/insights/sukuyo-love-communication-rules/","200","200","true","https://code-destiny.com/insights/sukuyo-love-communication-rules/","숙요점 연애 소통 규칙 — 전달 방식의 힘","[{""level"":""h1"",""text"":""숙요점 연애 소통 규칙 — 사랑은 감정보다 전달 방식이 중요하다""},{""level"":""h2"",""text"":""사랑은 감정보다 전달 방식이 중요하다""},{""level"":""h2"",""text"":""연애 소통의 기본 원칙 ① — 상대를 해석하기 전에 질문하라""},{""level"":""h2"",""text"":""연애 소통의 기본 원칙 ② — 감정보다 사실부터 이야기하라""},{""level"":""h2"",""text"":""연애 소통의 기본 원칙 ③ — 상대의 숙(宿)을 존중하라""},{""level"":""h2"",""text"":""관계 유형별 연애 소통법""},{""level"":""h3"",""text"":""영친관계 — \""편안함을 유지하되 표현을 잊지 않는다\""""},{""level"":""h3"",""text"":""업태관계 — \""경쟁보다 성장을 선택한다\""""},{""level"":""h3"",""text"":""안괴관계 — \""강한 감정을 조절하는 지혜가 필요하다\""""},{""level"":""h3"",""text"":""명관계 — \""닮았어도 같은 마음이라고 짐작하지 않는다\""""},{""level"":""h3"",""text"":""성위관계 — \""문제를 함께 해결하되 희생을 강요하지 않는다\""""},{""level"":""h3"",""text"":""우쇠관계 — \""시간이 지나도 관계를 새롭게 관리한다\""""},{""level"":""h2"",""text"":""실전 사례 — 같은 말, 다른 해석""},{""level"":""h2"",""text"":""오늘 바로 쓰는 소통 체크리스트""},{""level"":""h2"",""text"":""자주 묻는 질문""},{""level"":""h3"",""text"":""Q. 관계 유형을 모르면 이 규칙을 쓸 수 없나요?""},{""level"":""h3"",""text"":""Q. 규칙을 지켜도 상대가 감정적으로 나오면 어떻게 하나요?""},{""level"":""h2"",""text"":""여섯 체계를 교차 검증하는 초융합 심층 리딩""},{""level"":""h2"",""text"":""숙요점 사이트 — 생년월일로 내 본명숙 찾기""},{""level"":""h2"",""text"":""함께 보면 좋은 인사이트""},{""level"":""h3"",""text"":""숙요점 궁합 보는 법 — 영친·업태·안괴 관계를 읽는 순서""},{""level"":""h3"",""text"":""숙요점 명관계(命) — 같은 본명숙이 비추는 닮음과 차이""},{""level"":""h3"",""text"":""숙요점 성위관계(成危) — 역할과 거리를 이해하는 법""},{""level"":""h3"",""text"":""숙요점 우정·팀워크 가이드 — 친구와 동료도 하나의 인연이다""},{""level"":""h3"",""text"":""숙요점 일상 리듬 활용법 — 관계는 특별한 순간보다 반복되는 습관이 만든다""},{""level"":""h3"",""text"":""숙요점 자주 묻는 질문 Q&A — 처음 공부하는 사람들이 가장 많이 궁금해하는 내용""},{""level"":""h2"",""text"":""핵심 운세""},{""level"":""h2"",""text"":""타로 리딩""},{""level"":""h2"",""text"":""신탁 & 특화""},{""level"":""h2"",""text"":""추천 가이드""},{""level"":""h2"",""text"":""디지털 운세 서비스 환불 안내""},{""level"":""h2"",""text"":""면책 고지""},{""level"":""h2"",""text"":""사업자 정보""}]","3844","0","true","true","{""@type"":""Person"",""@id"":""https://code-destiny.com/#author"",""name"":""박병하"",""jobTitle"":""명리학자"",""description"":""10년 경력의 명리학자. Code Destiny 가 공개하는 사주·운세 콘텐츠의 최종 검수 책임자입니다."",""knowsAbout"":[""사주"",""명리학"",""만세력"",""자미두수"",""숙요점""],""url"":""https://code-destiny.com/about"",""worksFor"":{""@type"":""Organization"",""@id"":""https://code-destiny.com/#organization"",""name"":""CODE DESTINY""}}","2026-09-06T00:00:00.000Z","2026-09-06T00:00:00.000Z","ko","true","B","false","[""editorial-review-required""]","retain pending evidence review; no automatic deletion","미확인","미확인","미확인","미확인"
"https://code-destiny.com/insights/sukuyo-love/","200","200","true","https://code-destiny.com/insights/sukuyo-love/","숙요점 연애 궁합 — 6유형으로 보는 전개","[{""level"":""h1"",""text"":""숙요점 연애 궁합 완전 가이드 — 6유형으로 보는 연애의 전개와 대처법""},{""level"":""h2"",""text"":""영친관계의 연애 — 편안함이 신뢰로 자라는 연애""},{""level"":""h2"",""text"":""업태관계의 연애 — 애틋하게 반복되며 성숙해지는 연애""},{""level"":""h2"",""text"":""안괴관계의 연애 — 강한 끌림과 변화가 공존하는 연애""},{""level"":""h2"",""text"":""명관계의 연애 — 닮음 속에서 서로를 새롭게 알아가기""},{""level"":""h2"",""text"":""성위관계의 연애 — 함께 어려움을 넘으며 깊어지는 연애""},{""level"":""h2"",""text"":""우쇠관계의 연애 — 시간이 증명하는 연애""},{""level"":""h2"",""text"":""연애 단계별 숙요 궁합 활용법""},{""level"":""h2"",""text"":""여섯 체계를 교차 검증하는 초융합 심층 리딩""},{""level"":""h2"",""text"":""숙요점 사이트 — 생년월일로 내 본명숙 찾기""},{""level"":""h2"",""text"":""함께 보면 좋은 인사이트""},{""level"":""h3"",""text"":""숙요점 궁합 보는 법 — 영친·업태·안괴 관계를 읽는 순서""},{""level"":""h3"",""text"":""숙요점 명관계(命) — 같은 본명숙이 비추는 닮음과 차이""},{""level"":""h3"",""text"":""숙요점 성위관계(成危) — 역할과 거리를 이해하는 법""},{""level"":""h3"",""text"":""숙요점 연애 소통 규칙 — 사랑은 감정보다 전달 방식이 중요하다""},{""level"":""h3"",""text"":""숙요점 우정·팀워크 가이드 — 친구와 동료도 하나의 인연이다""},{""level"":""h3"",""text"":""숙요점 일상 리듬 활용법 — 관계는 특별한 순간보다 반복되는 습관이 만든다""},{""level"":""h2"",""text"":""핵심 운세""},{""level"":""h2"",""text"":""타로 리딩""},{""level"":""h2"",""text"":""신탁 & 특화""},{""level"":""h2"",""text"":""추천 가이드""},{""level"":""h2"",""text"":""디지털 운세 서비스 환불 안내""},{""level"":""h2"",""text"":""면책 고지""},{""level"":""h2"",""text"":""사업자 정보""}]","3175","0","true","true","{""@type"":""Person"",""@id"":""https://code-destiny.com/#author"",""name"":""박병하"",""jobTitle"":""명리학자"",""description"":""10년 경력의 명리학자. Code Destiny 가 공개하는 사주·운세 콘텐츠의 최종 검수 책임자입니다."",""knowsAbout"":[""사주"",""명리학"",""만세력"",""자미두수"",""숙요점""],""url"":""https://code-destiny.com/about"",""worksFor"":{""@type"":""Organization"",""@id"":""https://code-destiny.com/#organization"",""name"":""CODE DESTINY""}}","2026-07-04T00:00:00.000Z","2026-07-04T00:00:00.000Z","ko","true","B","false","[""editorial-review-required""]","protect observed traffic; improve before any indexing change","1","8","{""from"":""2026-06-07"",""to"":""2026-09-06""}","미확인"
"https://code-destiny.com/insights/sukuyo-marriage/","200","200","true","https://code-destiny.com/insights/sukuyo-marriage/","숙요점 결혼 궁합 — 6유형 결혼 생활 패턴","[{""level"":""h1"",""text"":""숙요점 결혼 궁합 완전 가이드 — 6유형으로 보는 결혼 생활의 패턴과 체크리스트""},{""level"":""h2"",""text"":""영친 부부 — 결혼 제도와 가장 잘 맞는 구조""},{""level"":""h2"",""text"":""업태 부부 — 함께 성장하며 완성되어 가는 결혼""},{""level"":""h2"",""text"":""안괴 부부 — 긴장감을 규칙으로 관리해야 하는 결혼""},{""level"":""h2"",""text"":""명관계 부부 — 비슷한 성향에도 각자의 생활이 있습니다""},{""level"":""h2"",""text"":""성위관계 부부 — 현실의 과제를 함께 해결하는 결혼""},{""level"":""h2"",""text"":""우쇠 부부 — 삶의 계절을 함께 지나가는 결혼""},{""level"":""h2"",""text"":""결혼 전 숙요 체크리스트""},{""level"":""h2"",""text"":""궁합이 나쁘게 나왔을 때""},{""level"":""h2"",""text"":""여섯 체계를 교차 검증하는 초융합 심층 리딩""},{""level"":""h2"",""text"":""숙요점 사이트 — 생년월일로 내 본명숙 찾기""},{""level"":""h2"",""text"":""함께 보면 좋은 인사이트""},{""level"":""h3"",""text"":""숙요점 궁합 보는 법 — 영친·업태·안괴 관계를 읽는 순서""},{""level"":""h3"",""text"":""숙요점 명관계(命) — 같은 본명숙이 비추는 닮음과 차이""},{""level"":""h3"",""text"":""숙요점 성위관계(成危) — 역할과 거리를 이해하는 법""},{""level"":""h3"",""text"":""숙요점 연애 소통 규칙 — 사랑은 감정보다 전달 방식이 중요하다""},{""level"":""h3"",""text"":""숙요점 우정·팀워크 가이드 — 친구와 동료도 하나의 인연이다""},{""level"":""h3"",""text"":""숙요점 일상 리듬 활용법 — 관계는 특별한 순간보다 반복되는 습관이 만든다""},{""level"":""h2"",""text"":""핵심 운세""},{""level"":""h2"",""text"":""타로 리딩""},{""level"":""h2"",""text"":""신탁 & 특화""},{""level"":""h2"",""text"":""추천 가이드""},{""level"":""h2"",""text"":""디지털 운세 서비스 환불 안내""},{""level"":""h2"",""text"":""면책 고지""},{""level"":""h2"",""text"":""사업자 정보""}]","3263","0","true","true","{""@type"":""Person"",""@id"":""https://code-destiny.com/#author"",""name"":""박병하"",""jobTitle"":""명리학자"",""description"":""10년 경력의 명리학자. Code Destiny 가 공개하는 사주·운세 콘텐츠의 최종 검수 책임자입니다."",""knowsAbout"":[""사주"",""명리학"",""만세력"",""자미두수"",""숙요점""],""url"":""https://code-destiny.com/about"",""worksFor"":{""@type"":""Organization"",""@id"":""https://code-destiny.com/#organization"",""name"":""CODE DESTINY""}}","2026-07-04T00:00:00.000Z","2026-07-04T00:00:00.000Z","ko","true","B","false","[""editorial-review-required""]","retain pending evidence review; no automatic deletion","미확인","미확인","미확인","미확인"
"https://code-destiny.com/insights/sukuyo-myeongseong/","200","200","true","https://code-destiny.com/insights/sukuyo-myeongseong/","숙요점 명관계(命) — 같은 본명숙의 닮음과 차이","[{""level"":""h1"",""text"":""숙요점 명관계(命) — 같은 본명숙이 비추는 닮음과 차이""},{""level"":""h2"",""text"":""명관계의 계산 기준부터 확인하기""},{""level"":""h2"",""text"":""닮음이 주는 편안함""},{""level"":""h2"",""text"":""나와 같을 것이라는 기대가 생길 때""},{""level"":""h2"",""text"":""연애에서는 익숙함을 표현으로 이어가기""},{""level"":""h2"",""text"":""가족과 친구, 함께 일하는 사이에서는""},{""level"":""h2"",""text"":""오늘 나눠볼 세 가지 질문""},{""level"":""h2"",""text"":""관계 이름보다 오래 남는 것""},{""level"":""h2"",""text"":""여섯 체계를 교차 검증하는 초융합 심층 리딩""},{""level"":""h2"",""text"":""숙요점 사이트 — 생년월일로 내 본명숙 찾기""},{""level"":""h2"",""text"":""함께 보면 좋은 인사이트""},{""level"":""h3"",""text"":""숙요점 궁합 보는 법 — 영친·업태·안괴 관계를 읽는 순서""},{""level"":""h3"",""text"":""숙요점 성위관계(成危) — 역할과 거리를 이해하는 법""},{""level"":""h3"",""text"":""숙요점 연애 소통 규칙 — 사랑은 감정보다 전달 방식이 중요하다""},{""level"":""h3"",""text"":""숙요점 우정·팀워크 가이드 — 친구와 동료도 하나의 인연이다""},{""level"":""h3"",""text"":""숙요점 일상 리듬 활용법 — 관계는 특별한 순간보다 반복되는 습관이 만든다""},{""level"":""h3"",""text"":""숙요점 자주 묻는 질문 Q&A — 처음 공부하는 사람들이 가장 많이 궁금해하는 내용""},{""level"":""h2"",""text"":""핵심 운세""},{""level"":""h2"",""text"":""타로 리딩""},{""level"":""h2"",""text"":""신탁 & 특화""},{""level"":""h2"",""text"":""추천 가이드""},{""level"":""h2"",""text"":""디지털 운세 서비스 환불 안내""},{""level"":""h2"",""text"":""면책 고지""},{""level"":""h2"",""text"":""사업자 정보""}]","3482","0","true","true","{""@type"":""Person"",""@id"":""https://code-destiny.com/#author"",""name"":""박병하"",""jobTitle"":""명리학자"",""description"":""10년 경력의 명리학자. Code Destiny 가 공개하는 사주·운세 콘텐츠의 최종 검수 책임자입니다."",""knowsAbout"":[""사주"",""명리학"",""만세력"",""자미두수"",""숙요점""],""url"":""https://code-destiny.com/about"",""worksFor"":{""@type"":""Organization"",""@id"":""https://code-destiny.com/#organization"",""name"":""CODE DESTINY""}}","2026-09-08T00:00:00.000Z","2026-09-08T00:00:00.000Z","ko","true","B","false","[""editorial-review-required""]","retain pending evidence review; no automatic deletion","미확인","미확인","미확인","미확인"
"https://code-destiny.com/insights/sukuyo-qa-most-asked-questions/","200","200","true","https://code-destiny.com/insights/sukuyo-qa-most-asked-questions/","숙요점 자주 묻는 질문 Q&A — 초보 핵심","[{""level"":""h1"",""text"":""숙요점 자주 묻는 질문 Q&A — 처음 공부하는 사람들이 가장 많이 궁금해하는 내용""},{""level"":""h2"",""text"":""Q1. 숙요점은 무엇을 보는 학문인가?""},{""level"":""h2"",""text"":""Q2. 숙요점과 서양 별자리의 차이는 무엇인가?""},{""level"":""h2"",""text"":""Q3. 본명숙이 정말 나의 성격을 결정하는가?""},{""level"":""h2"",""text"":""Q4. 본명숙과 월명숙이 다르면 문제가 있는가?""},{""level"":""h2"",""text"":""Q5. 가장 좋은 궁합은 어떤 관계인가?""},{""level"":""h2"",""text"":""Q6. 안괴관계는 반드시 힘든 관계인가?""},{""level"":""h2"",""text"":""Q7. 영친관계면 결혼하기 좋은가?""},{""level"":""h2"",""text"":""Q8. 숙요점으로 이별이나 재회를 알 수 있는가?""},{""level"":""h2"",""text"":""Q9. 같은 숙끼리는 잘 맞는가?""},{""level"":""h2"",""text"":""Q10. 숙요점은 과학인가?""},{""level"":""h2"",""text"":""실전 사례 — 궁합 결과를 받아든 뒤""},{""level"":""h2"",""text"":""입문자 체크리스트""},{""level"":""h2"",""text"":""추가 질문""},{""level"":""h3"",""text"":""Q11. 숙요점과 사주는 함께 봐도 되나요?""},{""level"":""h3"",""text"":""Q12. 태어난 시간을 모르면 본명숙을 알 수 없나요?""},{""level"":""h2"",""text"":""여섯 체계를 교차 검증하는 초융합 심층 리딩""},{""level"":""h2"",""text"":""숙요점 사이트 — 생년월일로 내 본명숙 찾기""},{""level"":""h2"",""text"":""함께 보면 좋은 인사이트""},{""level"":""h3"",""text"":""숙요점 궁합 보는 법 — 영친·업태·안괴 관계를 읽는 순서""},{""level"":""h3"",""text"":""숙요점 명관계(命) — 같은 본명숙이 비추는 닮음과 차이""},{""level"":""h3"",""text"":""숙요점 성위관계(成危) — 역할과 거리를 이해하는 법""},{""level"":""h3"",""text"":""숙요점 연애 소통 규칙 — 사랑은 감정보다 전달 방식이 중요하다""},{""level"":""h3"",""text"":""숙요점 우정·팀워크 가이드 — 친구와 동료도 하나의 인연이다""},{""level"":""h3"",""text"":""숙요점 일상 리듬 활용법 — 관계는 특별한 순간보다 반복되는 습관이 만든다""},{""level"":""h2"",""text"":""핵심 운세""},{""level"":""h2"",""text"":""타로 리딩""},{""level"":""h2"",""text"":""신탁 & 특화""},{""level"":""h2"",""text"":""추천 가이드""},{""level"":""h2"",""text"":""디지털 운세 서비스 환불 안내""},{""level"":""h2"",""text"":""면책 고지""},{""level"":""h2"",""text"":""사업자 정보""}]","3564","0","true","true","{""@type"":""Person"",""@id"":""https://code-destiny.com/#author"",""name"":""박병하"",""jobTitle"":""명리학자"",""description"":""10년 경력의 명리학자. Code Destiny 가 공개하는 사주·운세 콘텐츠의 최종 검수 책임자입니다."",""knowsAbout"":[""사주"",""명리학"",""만세력"",""자미두수"",""숙요점""],""url"":""https://code-destiny.com/about"",""worksFor"":{""@type"":""Organization"",""@id"":""https://code-destiny.com/#organization"",""name"":""CODE DESTINY""}}","2026-09-06T00:00:00.000Z","2026-09-06T00:00:00.000Z","ko","true","B","false","[""editorial-review-required""]","retain pending evidence review; no automatic deletion","미확인","미확인","미확인","미확인"
"https://code-destiny.com/insights/sukuyo-three-group-types-guide/","200","200","true","https://code-destiny.com/insights/sukuyo-three-group-types-guide/","숙요점의 근(近)·중(中)·원(遠) 관계 완전 해설 | 운세 인사이트","[{""level"":""h1"",""text"":""숙요점의 근(近)·중(中)·원(遠) 관계 완전 해설""},{""level"":""h2"",""text"":""1. 근·중·원은 무엇인가?""},{""level"":""h2"",""text"":""2. 왜 근·중·원이 생기는가?""},{""level"":""h2"",""text"":""3. 근거리 관계의 본질""},{""level"":""h2"",""text"":""4. 근거리의 장점""},{""level"":""h2"",""text"":""5. 근거리의 단점""},{""level"":""h2"",""text"":""6. 중거리 관계의 본질""},{""level"":""h2"",""text"":""7. 중거리의 장점""},{""level"":""h2"",""text"":""8. 중거리의 단점""},{""level"":""h2"",""text"":""9. 원거리 관계의 본질""},{""level"":""h2"",""text"":""10. 원거리의 장점""},{""level"":""h2"",""text"":""11. 원거리의 단점""},{""level"":""h2"",""text"":""12. 근·중·원 비교""},{""level"":""h2"",""text"":""여섯 체계를 교차 검증하는 초융합 심층 리딩""},{""level"":""h2"",""text"":""숙요점 사이트 — 생년월일로 내 본명숙 찾기""},{""level"":""h2"",""text"":""함께 보면 좋은 인사이트""},{""level"":""h3"",""text"":""숙요점 궁합 보는 법 — 영친·업태·안괴 관계를 읽는 순서""},{""level"":""h3"",""text"":""숙요점 명관계(命) — 같은 본명숙이 비추는 닮음과 차이""},{""level"":""h3"",""text"":""숙요점 성위관계(成危) — 역할과 거리를 이해하는 법""},{""level"":""h3"",""text"":""숙요점 연애 소통 규칙 — 사랑은 감정보다 전달 방식이 중요하다""},{""level"":""h3"",""text"":""숙요점 우정·팀워크 가이드 — 친구와 동료도 하나의 인연이다""},{""level"":""h3"",""text"":""숙요점 일상 리듬 활용법 — 관계는 특별한 순간보다 반복되는 습관이 만든다""},{""level"":""h2"",""text"":""핵심 운세""},{""level"":""h2"",""text"":""타로 리딩""},{""level"":""h2"",""text"":""신탁 & 특화""},{""level"":""h2"",""text"":""추천 가이드""},{""level"":""h2"",""text"":""디지털 운세 서비스 환불 안내""},{""level"":""h2"",""text"":""면책 고지""},{""level"":""h2"",""text"":""사업자 정보""}]","3884","0","true","true","{""@type"":""Person"",""@id"":""https://code-destiny.com/#author"",""name"":""박병하"",""jobTitle"":""명리학자"",""description"":""10년 경력의 명리학자. Code Destiny 가 공개하는 사주·운세 콘텐츠의 최종 검수 책임자입니다."",""knowsAbout"":[""사주"",""명리학"",""만세력"",""자미두수"",""숙요점""],""url"":""https://code-destiny.com/about"",""worksFor"":{""@type"":""Organization"",""@id"":""https://code-destiny.com/#organization"",""name"":""CODE DESTINY""}}","2026-07-10T00:00:00.000Z","2026-07-10T00:00:00.000Z","ko","true","B","false","[""editorial-review-required""]","retain pending evidence review; no automatic deletion","미확인","미확인","미확인","미확인"
"https://code-destiny.com/insights/sukuyo-useo/","200","200","true","https://code-destiny.com/insights/sukuyo-useo/","숙요점 우쇠관계 — 우쇠 궁합이 오래가는 이유","[{""level"":""h1"",""text"":""우쇠관계(友衰關係) 완전 가이드 — 시간이 증명하는 인연, 성장과 쇠퇴를 함께 건너는 관계""},{""level"":""h2"",""text"":""1. 우쇠관계란 무엇인가""},{""level"":""h2"",""text"":""2. 성(成)의 의미""},{""level"":""h2"",""text"":""3. 쇠(衰)의 의미""},{""level"":""h2"",""text"":""4. 성과 쇠는 왜 함께 존재하는가""},{""level"":""h2"",""text"":""5. 첫 만남의 분위기""},{""level"":""h2"",""text"":""6. 우쇠관계의 핵심 특징""},{""level"":""h2"",""text"":""7. 우쇠관계가 우리에게 주는 교훈""},{""level"":""h2"",""text"":""8. 연애에서의 우쇠관계""},{""level"":""h2"",""text"":""9. 결혼 생활에서의 우쇠관계""},{""level"":""h2"",""text"":""10. 가족 관계에서의 우쇠관계""},{""level"":""h2"",""text"":""11. 친구 관계에서의 우쇠관계""},{""level"":""h2"",""text"":""12. 직장과 사업에서의 우쇠관계""},{""level"":""h2"",""text"":""13. 우쇠관계의 가장 큰 장점 — 회복력""},{""level"":""h2"",""text"":""14. 우쇠관계의 가장 큰 위험 — 익숙함 속의 방치""},{""level"":""h2"",""text"":""15. 갈등 해결 방법""},{""level"":""h2"",""text"":""16. 재회 인연에 대하여""},{""level"":""h2"",""text"":""17. 인연의 깊이란 무엇인가""},{""level"":""h2"",""text"":""18. 좋은 방향으로 만드는 실천법""},{""level"":""h2"",""text"":""19. 우쇠관계 최종 해석""},{""level"":""h2"",""text"":""20. 총평""},{""level"":""h2"",""text"":""여섯 체계를 교차 검증하는 초융합 심층 리딩""},{""level"":""h2"",""text"":""숙요점 사이트 — 생년월일로 내 본명숙 찾기""},{""level"":""h2"",""text"":""함께 보면 좋은 인사이트""},{""level"":""h3"",""text"":""숙요점 궁합 보는 법 — 영친·업태·안괴 관계를 읽는 순서""},{""level"":""h3"",""text"":""숙요점 명관계(命) — 같은 본명숙이 비추는 닮음과 차이""},{""level"":""h3"",""text"":""숙요점 성위관계(成危) — 역할과 거리를 이해하는 법""},{""level"":""h3"",""text"":""숙요점 연애 소통 규칙 — 사랑은 감정보다 전달 방식이 중요하다""},{""level"":""h3"",""text"":""숙요점 우정·팀워크 가이드 — 친구와 동료도 하나의 인연이다""},{""level"":""h3"",""text"":""숙요점 일상 리듬 활용법 — 관계는 특별한 순간보다 반복되는 습관이 만든다""},{""level"":""h2"",""text"":""핵심 운세""},{""level"":""h2"",""text"":""타로 리딩""},{""level"":""h2"",""text"":""신탁 & 특화""},{""level"":""h2"",""text"":""추천 가이드""},{""level"":""h2"",""text"":""디지털 운세 서비스 환불 안내""},{""level"":""h2"",""text"":""면책 고지""},{""level"":""h2"",""text"":""사업자 정보""}]","6893","0","true","true","{""@type"":""Person"",""@id"":""https://code-destiny.com/#author"",""name"":""박병하"",""jobTitle"":""명리학자"",""description"":""10년 경력의 명리학자. Code Destiny 가 공개하는 사주·운세 콘텐츠의 최종 검수 책임자입니다."",""knowsAbout"":[""사주"",""명리학"",""만세력"",""자미두수"",""숙요점""],""url"":""https://code-destiny.com/about"",""worksFor"":{""@type"":""Organization"",""@id"":""https://code-destiny.com/#organization"",""name"":""CODE DESTINY""}}","2026-08-30T00:00:00.000Z","2026-08-30T00:00:00.000Z","ko","true","B","false","[""editorial-review-required""]","retain pending evidence review; no automatic deletion","미확인","미확인","미확인","미확인"
"https://code-destiny.com/insights/sukuyo-vs-saju-compatibility/","200","200","true","https://code-destiny.com/insights/sukuyo-vs-saju-compatibility/","숙요점과 사주의 차이 — 무엇이 다른가","[{""level"":""h1"",""text"":""숙요점과 사주의 차이는? 무엇이 다르고, 무엇이 같은가""},{""level"":""h2"",""text"":""1. 사주는 무엇을 보는 운세일까?""},{""level"":""h2"",""text"":""2. 숙요점은 무엇을 보는 운세일까?""},{""level"":""h2"",""text"":""3. 사주와 숙요점의 가장 큰 차이""},{""level"":""h2"",""text"":""4. 사주가 더 잘 맞는 질문""},{""level"":""h2"",""text"":""5. 숙요점이 더 잘 맞는 질문""},{""level"":""h2"",""text"":""6. 사주 궁합과 숙요점 궁합은 어떻게 다를까?""},{""level"":""h2"",""text"":""7. 숙요점과 사주는 서로 반대되는 체계일까?""},{""level"":""h2"",""text"":""8. 사주는 나를 읽고, 숙요점은 우리를 읽는다""},{""level"":""h2"",""text"":""9. 어떤 사람에게 사주가 더 필요할까?""},{""level"":""h2"",""text"":""10. 어떤 사람에게 숙요점이 더 필요할까?""},{""level"":""h2"",""text"":""11. 숙요점과 사주를 함께 보면 좋은 이유""},{""level"":""h2"",""text"":""12. 마무리 정리""},{""level"":""h2"",""text"":""여섯 체계를 교차 검증하는 초융합 심층 리딩""},{""level"":""h2"",""text"":""숙요점 사이트 — 생년월일로 내 본명숙 찾기""},{""level"":""h2"",""text"":""함께 보면 좋은 인사이트""},{""level"":""h3"",""text"":""숙요점 궁합 보는 법 — 영친·업태·안괴 관계를 읽는 순서""},{""level"":""h3"",""text"":""숙요점 명관계(命) — 같은 본명숙이 비추는 닮음과 차이""},{""level"":""h3"",""text"":""숙요점 성위관계(成危) — 역할과 거리를 이해하는 법""},{""level"":""h3"",""text"":""숙요점 연애 소통 규칙 — 사랑은 감정보다 전달 방식이 중요하다""},{""level"":""h3"",""text"":""숙요점 우정·팀워크 가이드 — 친구와 동료도 하나의 인연이다""},{""level"":""h3"",""text"":""숙요점 일상 리듬 활용법 — 관계는 특별한 순간보다 반복되는 습관이 만든다""},{""level"":""h2"",""text"":""핵심 운세""},{""level"":""h2"",""text"":""타로 리딩""},{""level"":""h2"",""text"":""신탁 & 특화""},{""level"":""h2"",""text"":""추천 가이드""},{""level"":""h2"",""text"":""디지털 운세 서비스 환불 안내""},{""level"":""h2"",""text"":""면책 고지""},{""level"":""h2"",""text"":""사업자 정보""}]","6908","0","true","true","{""@type"":""Person"",""@id"":""https://code-destiny.com/#author"",""name"":""박병하"",""jobTitle"":""명리학자"",""description"":""10년 경력의 명리학자. Code Destiny 가 공개하는 사주·운세 콘텐츠의 최종 검수 책임자입니다."",""knowsAbout"":[""사주"",""명리학"",""만세력"",""자미두수"",""숙요점""],""url"":""https://code-destiny.com/about"",""worksFor"":{""@type"":""Organization"",""@id"":""https://code-destiny.com/#organization"",""name"":""CODE DESTINY""}}","2026-07-04T00:00:00.000Z","2026-07-04T00:00:00.000Z","ko","true","B","false","[""editorial-review-required""]","retain pending evidence review; no automatic deletion","미확인","미확인","미확인","미확인"
"https://code-destiny.com/insights/sukuyo-what-is/","200","200","true","https://code-destiny.com/insights/sukuyo-what-is/","숙요점이란? 숙요 점성술과 본명숙 27수 입문","[{""level"":""h1"",""text"":""숙요점이란? 달이 머문 별자리로 읽는 나의 운명 — 입문 완전 가이드""},{""level"":""h2"",""text"":""숙요점이란? — 핵심 개념""},{""level"":""h2"",""text"":""28수, 왜 28개일까?""},{""level"":""h2"",""text"":""본명숙이란? — 나의 별자리를 찾는 법""},{""level"":""h2"",""text"":""숙요점 vs 사주 — 무엇이 다를까?""},{""level"":""h2"",""text"":""오늘 달의 위치가 왜 중요할까?""},{""level"":""h2"",""text"":""숙요 점성술의 관계 6유형 — 영친·업태·안괴·명·성위·우쇠""},{""level"":""h2"",""text"":""연이의 말""},{""level"":""h2"",""text"":""여섯 체계를 교차 검증하는 초융합 심층 리딩""},{""level"":""h2"",""text"":""숙요점 사이트 — 생년월일로 내 본명숙 찾기""},{""level"":""h2"",""text"":""함께 보면 좋은 인사이트""},{""level"":""h3"",""text"":""숙요점 궁합 보는 법 — 영친·업태·안괴 관계를 읽는 순서""},{""level"":""h3"",""text"":""숙요점 명관계(命) — 같은 본명숙이 비추는 닮음과 차이""},{""level"":""h3"",""text"":""숙요점 성위관계(成危) — 역할과 거리를 이해하는 법""},{""level"":""h3"",""text"":""숙요점 연애 소통 규칙 — 사랑은 감정보다 전달 방식이 중요하다""},{""level"":""h3"",""text"":""숙요점 우정·팀워크 가이드 — 친구와 동료도 하나의 인연이다""},{""level"":""h3"",""text"":""숙요점 일상 리듬 활용법 — 관계는 특별한 순간보다 반복되는 습관이 만든다""},{""level"":""h2"",""text"":""핵심 운세""},{""level"":""h2"",""text"":""타로 리딩""},{""level"":""h2"",""text"":""신탁 & 특화""},{""level"":""h2"",""text"":""추천 가이드""},{""level"":""h2"",""text"":""디지털 운세 서비스 환불 안내""},{""level"":""h2"",""text"":""면책 고지""},{""level"":""h2"",""text"":""사업자 정보""}]","3468","0","true","true","{""@type"":""Person"",""@id"":""https://code-destiny.com/#author"",""name"":""박병하"",""jobTitle"":""명리학자"",""description"":""10년 경력의 명리학자. Code Destiny 가 공개하는 사주·운세 콘텐츠의 최종 검수 책임자입니다."",""knowsAbout"":[""사주"",""명리학"",""만세력"",""자미두수"",""숙요점""],""url"":""https://code-destiny.com/about"",""worksFor"":{""@type"":""Organization"",""@id"":""https://code-destiny.com/#organization"",""name"":""CODE DESTINY""}}","2026-08-30T00:00:00.000Z","2026-08-30T00:00:00.000Z","ko","true","B","false","[""editorial-review-required""]","retain pending evidence review; no automatic deletion","미확인","미확인","미확인","미확인"
"https://code-destiny.com/insights/sukuyo-wiseong/","200","200","true","https://code-destiny.com/insights/sukuyo-wiseong/","숙요점 성위관계(成危) — 역할과 거리를 읽는 법","[{""level"":""h1"",""text"":""숙요점 성위관계(成危) — 역할과 거리를 이해하는 법""},{""level"":""h2"",""text"":""이름은 성위, 두 역할은 성과 위""},{""level"":""h2"",""text"":""27숙 원에서 방향이 중요한 이유""},{""level"":""h2"",""text"":""함께할 때 살아나는 장점 찾기""},{""level"":""h2"",""text"":""연애에서 기대를 조율하는 방법""},{""level"":""h2"",""text"":""일과 협업에서는 역할을 문장으로 남기기""},{""level"":""h2"",""text"":""어려운 순간을 해석하는 순서""},{""level"":""h2"",""text"":""오늘 확인할 질문""},{""level"":""h2"",""text"":""여섯 체계를 교차 검증하는 초융합 심층 리딩""},{""level"":""h2"",""text"":""숙요점 사이트 — 생년월일로 내 본명숙 찾기""},{""level"":""h2"",""text"":""함께 보면 좋은 인사이트""},{""level"":""h3"",""text"":""숙요점 궁합 보는 법 — 영친·업태·안괴 관계를 읽는 순서""},{""level"":""h3"",""text"":""숙요점 명관계(命) — 같은 본명숙이 비추는 닮음과 차이""},{""level"":""h3"",""text"":""숙요점 연애 소통 규칙 — 사랑은 감정보다 전달 방식이 중요하다""},{""level"":""h3"",""text"":""숙요점 우정·팀워크 가이드 — 친구와 동료도 하나의 인연이다""},{""level"":""h3"",""text"":""숙요점 일상 리듬 활용법 — 관계는 특별한 순간보다 반복되는 습관이 만든다""},{""level"":""h3"",""text"":""숙요점 자주 묻는 질문 Q&A — 처음 공부하는 사람들이 가장 많이 궁금해하는 내용""},{""level"":""h2"",""text"":""핵심 운세""},{""level"":""h2"",""text"":""타로 리딩""},{""level"":""h2"",""text"":""신탁 & 특화""},{""level"":""h2"",""text"":""추천 가이드""},{""level"":""h2"",""text"":""디지털 운세 서비스 환불 안내""},{""level"":""h2"",""text"":""면책 고지""},{""level"":""h2"",""text"":""사업자 정보""}]","3532","0","true","true","{""@type"":""Person"",""@id"":""https://code-destiny.com/#author"",""name"":""박병하"",""jobTitle"":""명리학자"",""description"":""10년 경력의 명리학자. Code Destiny 가 공개하는 사주·운세 콘텐츠의 최종 검수 책임자입니다."",""knowsAbout"":[""사주"",""명리학"",""만세력"",""자미두수"",""숙요점""],""url"":""https://code-destiny.com/about"",""worksFor"":{""@type"":""Organization"",""@id"":""https://code-destiny.com/#organization"",""name"":""CODE DESTINY""}}","2026-09-08T00:00:00.000Z","2026-09-08T00:00:00.000Z","ko","true","B","false","[""editorial-review-required""]","retain pending evidence review; no automatic deletion","미확인","미확인","미확인","미확인"
"https://code-destiny.com/insights/sukuyo/","200","200","true","https://code-destiny.com/insights/sukuyo/","숙요점 인사이트 허브 · 27숙·궁합 해석 가이드 | Code Destiny","[{""level"":""h1"",""text"":""숙요점 인사이트 허브""},{""level"":""h2"",""text"":""숙요점 인사이트를 읽는 법""},{""level"":""h2"",""text"":""해석의 근거 — 참고 원전""},{""level"":""h2"",""text"":""이 체계를 계산하는 방식""},{""level"":""h2"",""text"":""추천 글""},{""level"":""h3"",""text"":""본명숙이란? 생년월일로 내 별자리 찾는 방법""},{""level"":""h3"",""text"":""숙요점의 근(近)·중(中)·원(遠) 관계 완전 해설""},{""level"":""h3"",""text"":""숙요점 연애 소통 규칙 — 사랑은 감정보다 전달 방식이 중요하다""},{""level"":""h3"",""text"":""숙요점 우정·팀워크 가이드 — 친구와 동료도 하나의 인연이다""},{""level"":""h3"",""text"":""숙요점 일상 리듬 활용법 — 관계는 특별한 순간보다 반복되는 습관이 만든다""},{""level"":""h3"",""text"":""숙요점 초심자 완벽 가이드 — 쉬운 용어 사전과 처음 공부하는 사람이 알아야 할 핵심""},{""level"":""h3"",""text"":""숙요점 자주 묻는 질문 Q&A — 처음 공부하는 사람들이 가장 많이 궁금해하는 내용""},{""level"":""h3"",""text"":""27숙 수호동물 유래 가이드 — 왜 수호동물이 생겼는가, 역사적 근거는 무엇인가""},{""level"":""h3"",""text"":""숙요점 갈등 회복 가이드 — 갈등은 관계의 끝이 아니라 재조정하는 과정이다""},{""level"":""h3"",""text"":""숙요점 경계 설정 실전 가이드 — 가까움과 건강한 거리는 함께 존재한다""},{""level"":""h3"",""text"":""숙요점 커플 재정 리듬 가이드 — 돈 문제는 사랑과 별개의 문제가 아니다""},{""level"":""h3"",""text"":""숙요점 관계운과 소통 규칙 — 좋은 관계운은 기다리는 것이 아니라 만들어 가는 것이다""},{""level"":""h2"",""text"":""최신 글""},{""level"":""h2"",""text"":""초보자 가이드""},{""level"":""h2"",""text"":""실전 해석 글""},{""level"":""h2"",""text"":""핵심 운세""},{""level"":""h2"",""text"":""타로 리딩""},{""level"":""h2"",""text"":""신탁 & 특화""},{""level"":""h2"",""text"":""추천 가이드""},{""level"":""h2"",""text"":""디지털 운세 서비스 환불 안내""},{""level"":""h2"",""text"":""면책 고지""},{""level"":""h2"",""text"":""사업자 정보""}]","3408","0","true","false","미확인","미확인","미확인","ko","true","B","false","[]","protect observed traffic; improve before any indexing change","1","11","{""from"":""2026-06-07"",""to"":""2026-09-06""}","미확인"
"https://code-destiny.com/insights/tarot-anxiety-safe-reading-method/","200","200","true","https://code-destiny.com/insights/tarot-anxiety-safe-reading-method/","불안할 때 안전하게 타로 리딩하는 법 | 운세 인사이트","[{""level"":""h1"",""text"":""불안할 때 안전하게 타로 리딩하는 법""},{""level"":""h2"",""text"":""불안할 때 리딩이 위험해지는 네 가지 패턴""},{""level"":""h3"",""text"":""같은 질문을 반복해서 뽑는 강박적 리딩""},{""level"":""h3"",""text"":""원하는 답이 나올 때까지 뽑는 확증편향""},{""level"":""h3"",""text"":""강렬한 카드에 대한 과잉 해석""},{""level"":""h3"",""text"":""리딩 결과로 불안이 다시 불안을 부르는 악순환""},{""level"":""h2"",""text"":""카드를 뽑기 전에 스스로에게 묻는 체크리스트""},{""level"":""h2"",""text"":""죽음·탑·악마·달, 강렬한 카드를 침착하게 읽는 법""},{""level"":""h3"",""text"":""죽음 카드—끝이 아니라 정리""},{""level"":""h3"",""text"":""탑 카드—무너짐이 아니라 재구성의 신호""},{""level"":""h3"",""text"":""악마 카드—저주가 아니라 패턴에 대한 자각""},{""level"":""h3"",""text"":""달 카드—혼란이 아니라 아직 선명해지지 않은 상태""},{""level"":""h2"",""text"":""'한 번의 질문, 일주일의 간격' 원칙""},{""level"":""h2"",""text"":""타로만으로 충분하지 않을 때""},{""level"":""h2"",""text"":""여섯 체계를 교차 검증하는 초융합 심층 리딩""},{""level"":""h2"",""text"":""무료 타로 카드 리딩""},{""level"":""h2"",""text"":""함께 보면 좋은 인사이트""},{""level"":""h3"",""text"":""메이저 아르카나 22장 완전 해설 — 상징·이미지·의미의 통합 가이드""},{""level"":""h3"",""text"":""타로 역방향 카드 해석 프레임워크 — 다섯 가지 패턴으로 정확하게 읽는 법""},{""level"":""h3"",""text"":""타로 스프레드(카드 배치법) 설계 원칙 — 질문에 맞는 그릇을 고르고 만드는 법""},{""level"":""h3"",""text"":""타로 궁합 리딩 게임 — 친구·연인과 재미로 즐기는 케미 확인법""},{""level"":""h3"",""text"":""마이너 아르카나 4수트(완드·컵·소드·펜타클) 실전 가이드""},{""level"":""h3"",""text"":""타로 코트 카드(시종·기사·여왕·왕) 성격·관계 해석 완전 가이드""},{""level"":""h2"",""text"":""핵심 운세""},{""level"":""h2"",""text"":""타로 리딩""},{""level"":""h2"",""text"":""신탁 & 특화""},{""level"":""h2"",""text"":""추천 가이드""},{""level"":""h2"",""text"":""디지털 운세 서비스 환불 안내""},{""level"":""h2"",""text"":""면책 고지""},{""level"":""h2"",""text"":""사업자 정보""}]","4540","0","true","true","{""@type"":""Person"",""@id"":""https://code-destiny.com/#author"",""name"":""박병하"",""jobTitle"":""명리학자"",""description"":""10년 경력의 명리학자. Code Destiny 가 공개하는 사주·운세 콘텐츠의 최종 검수 책임자입니다."",""knowsAbout"":[""사주"",""명리학"",""만세력"",""자미두수"",""숙요점""],""url"":""https://code-destiny.com/about"",""worksFor"":{""@type"":""Organization"",""@id"":""https://code-destiny.com/#organization"",""name"":""CODE DESTINY""}}","2026-07-11T00:00:00.000Z","2026-07-11T00:00:00.000Z","ko","true","B","false","[""editorial-review-required""]","retain pending evidence review; no automatic deletion","미확인","미확인","미확인","미확인"
"https://code-destiny.com/insights/tarot-career-reading-7-question-framework/","200","200","true","https://code-destiny.com/insights/tarot-career-reading-7-question-framework/","타로 직업운 리딩 — 7질문 프레임워크","[{""level"":""h1"",""text"":""직업운 리딩 7질문 프레임워크 — 막연한 불안을 구체적 행동으로 바꾸는 스프레드""},{""level"":""h2"",""text"":""타로에서 가장 많이 묻는 질문, \""제 일은 잘 풀릴까요?\""""},{""level"":""h2"",""text"":""직업운 7질문 스프레드 — 자리별 완전 가이드""},{""level"":""h3"",""text"":""①현재 나의 직업적 위치""},{""level"":""h3"",""text"":""②나의 숨은 강점/자원""},{""level"":""h3"",""text"":""③현재 가로막고 있는 장애물""},{""level"":""h3"",""text"":""④다가오는 기회""},{""level"":""h3"",""text"":""⑤타이밍(언제 움직여야 하는가)""},{""level"":""h3"",""text"":""⑥주변 사람/조직과의 관계""},{""level"":""h3"",""text"":""⑦지금 취해야 할 행동 조언""},{""level"":""h2"",""text"":""직업운 카드 원형 대조표""},{""level"":""h2"",""text"":""고민 유형별로 다르게 읽는 법""},{""level"":""h3"",""text"":""이직 여부를 고민 중이라면""},{""level"":""h3"",""text"":""면접 결과가 궁금하다면""},{""level"":""h3"",""text"":""지금 하는 일의 방향성이 맞는지 확인하고 싶다면""},{""level"":""h2"",""text"":""리딩 후, 결과를 행동으로 옮기는 법""},{""level"":""h2"",""text"":""여섯 체계를 교차 검증하는 초융합 심층 리딩""},{""level"":""h2"",""text"":""무료 타로 카드 리딩""},{""level"":""h2"",""text"":""함께 보면 좋은 인사이트""},{""level"":""h3"",""text"":""메이저 아르카나 22장 완전 해설 — 상징·이미지·의미의 통합 가이드""},{""level"":""h3"",""text"":""타로 역방향 카드 해석 프레임워크 — 다섯 가지 패턴으로 정확하게 읽는 법""},{""level"":""h3"",""text"":""타로 스프레드(카드 배치법) 설계 원칙 — 질문에 맞는 그릇을 고르고 만드는 법""},{""level"":""h3"",""text"":""타로 궁합 리딩 게임 — 친구·연인과 재미로 즐기는 케미 확인법""},{""level"":""h3"",""text"":""마이너 아르카나 4수트(완드·컵·소드·펜타클) 실전 가이드""},{""level"":""h3"",""text"":""타로 코트 카드(시종·기사·여왕·왕) 성격·관계 해석 완전 가이드""},{""level"":""h2"",""text"":""핵심 운세""},{""level"":""h2"",""text"":""타로 리딩""},{""level"":""h2"",""text"":""신탁 & 특화""},{""level"":""h2"",""text"":""추천 가이드""},{""level"":""h2"",""text"":""디지털 운세 서비스 환불 안내""},{""level"":""h2"",""text"":""면책 고지""},{""level"":""h2"",""text"":""사업자 정보""}]","5635","0","true","true","{""@type"":""Person"",""@id"":""https://code-destiny.com/#author"",""name"":""박병하"",""jobTitle"":""명리학자"",""description"":""10년 경력의 명리학자. Code Destiny 가 공개하는 사주·운세 콘텐츠의 최종 검수 책임자입니다."",""knowsAbout"":[""사주"",""명리학"",""만세력"",""자미두수"",""숙요점""],""url"":""https://code-destiny.com/about"",""worksFor"":{""@type"":""Organization"",""@id"":""https://code-destiny.com/#organization"",""name"":""CODE DESTINY""}}","2026-07-11T00:00:00.000Z","2026-07-11T00:00:00.000Z","ko","true","B","false","[""editorial-review-required""]","retain pending evidence review; no automatic deletion","미확인","미확인","미확인","미확인"
"https://code-destiny.com/insights/tarot-compatibility-reading-game/","200","200","true","https://code-destiny.com/insights/tarot-compatibility-reading-game/","타로 궁합 리딩 게임 — 재미로 보는 케미","[{""level"":""h1"",""text"":""타로 궁합 리딩 게임 — 친구·연인과 재미로 즐기는 케미 확인법""},{""level"":""h2"",""text"":""준비물은 카드 한 벌과 웃을 준비뿐""},{""level"":""h2"",""text"":""3라운드로 즐기는 미니 궁합 게임""},{""level"":""h3"",""text"":""라운드 1. 우리 둘의 첫인상 카드""},{""level"":""h3"",""text"":""라운드 2. 우리가 서로에게 주는 것""},{""level"":""h3"",""text"":""라운드 3. 우리 관계가 앞으로 흘러갈 방향""},{""level"":""h2"",""text"":""수트 궁합 조합표: 재미로 보는 케미 사전""},{""level"":""h2"",""text"":""재미로 보되, 진심은 대화로 확인하세요""},{""level"":""h2"",""text"":""여섯 체계를 교차 검증하는 초융합 심층 리딩""},{""level"":""h2"",""text"":""무료 타로 카드 리딩""},{""level"":""h2"",""text"":""함께 보면 좋은 인사이트""},{""level"":""h3"",""text"":""메이저 아르카나 22장 완전 해설 — 상징·이미지·의미의 통합 가이드""},{""level"":""h3"",""text"":""타로 역방향 카드 해석 프레임워크 — 다섯 가지 패턴으로 정확하게 읽는 법""},{""level"":""h3"",""text"":""타로 스프레드(카드 배치법) 설계 원칙 — 질문에 맞는 그릇을 고르고 만드는 법""},{""level"":""h3"",""text"":""마이너 아르카나 4수트(완드·컵·소드·펜타클) 실전 가이드""},{""level"":""h3"",""text"":""타로 코트 카드(시종·기사·여왕·왕) 성격·관계 해석 완전 가이드""},{""level"":""h3"",""text"":""질문 유형별 실전 리딩 케이스북 — 카드를 하나의 이야기로 엮는 법""},{""level"":""h2"",""text"":""핵심 운세""},{""level"":""h2"",""text"":""타로 리딩""},{""level"":""h2"",""text"":""신탁 & 특화""},{""level"":""h2"",""text"":""추천 가이드""},{""level"":""h2"",""text"":""디지털 운세 서비스 환불 안내""},{""level"":""h2"",""text"":""면책 고지""},{""level"":""h2"",""text"":""사업자 정보""}]","3841","0","true","true","{""@type"":""Person"",""@id"":""https://code-destiny.com/#author"",""name"":""박병하"",""jobTitle"":""명리학자"",""description"":""10년 경력의 명리학자. Code Destiny 가 공개하는 사주·운세 콘텐츠의 최종 검수 책임자입니다."",""knowsAbout"":[""사주"",""명리학"",""만세력"",""자미두수"",""숙요점""],""url"":""https://code-destiny.com/about"",""worksFor"":{""@type"":""Organization"",""@id"":""https://code-destiny.com/#organization"",""name"":""CODE DESTINY""}}","2026-07-11T00:00:00.000Z","2026-07-11T00:00:00.000Z","ko","true","B","false","[""editorial-review-required""]","retain pending evidence review; no automatic deletion","미확인","미확인","미확인","미확인"
"https://code-destiny.com/insights/tarot-court-cards-personality-and-relationship-guide/","200","200","true","https://code-destiny.com/insights/tarot-court-cards-personality-and-relationship-guide/","타로 코트 카드 — 성격·관계 해석 가이드","[{""level"":""h1"",""text"":""타로 코트 카드(시종·기사·여왕·왕) 성격·관계 해석 완전 가이드""},{""level"":""h2"",""text"":""코트 카드가 유독 어려운 이유""},{""level"":""h2"",""text"":""4계급: 시종·기사·여왕·왕 — 성숙도의 사다리""},{""level"":""h3"",""text"":""시종(Page) — 배움과 메신저, 미숙한 시작""},{""level"":""h3"",""text"":""기사(Knight) — 행동과 추진, 한쪽으로 치우친 열정""},{""level"":""h3"",""text"":""여왕(Queen) — 내면화된 숙달, 수용적인 힘""},{""level"":""h3"",""text"":""왕(King) — 완전히 체화된 권위, 통제된 힘""},{""level"":""h2"",""text"":""16장 코트 카드 매트릭스 — 4계급 × 4수트""},{""level"":""h2"",""text"":""세 갈래 판별법 — 사람인가, 태도인가, 나 자신인가""},{""level"":""h3"",""text"":""① 실제 인물을 가리킬 때""},{""level"":""h3"",""text"":""② 태도·에너지를 가리킬 때""},{""level"":""h3"",""text"":""③ 질문자 자신을 가리킬 때""},{""level"":""h2"",""text"":""연애·관계 리딩에서의 코트 카드""},{""level"":""h2"",""text"":""코트 카드 해석에서 흔히 저지르는 실수""},{""level"":""h2"",""text"":""여섯 체계를 교차 검증하는 초융합 심층 리딩""},{""level"":""h2"",""text"":""무료 타로 카드 리딩""},{""level"":""h2"",""text"":""함께 보면 좋은 인사이트""},{""level"":""h3"",""text"":""메이저 아르카나 22장 완전 해설 — 상징·이미지·의미의 통합 가이드""},{""level"":""h3"",""text"":""타로 역방향 카드 해석 프레임워크 — 다섯 가지 패턴으로 정확하게 읽는 법""},{""level"":""h3"",""text"":""타로 스프레드(카드 배치법) 설계 원칙 — 질문에 맞는 그릇을 고르고 만드는 법""},{""level"":""h3"",""text"":""타로 궁합 리딩 게임 — 친구·연인과 재미로 즐기는 케미 확인법""},{""level"":""h3"",""text"":""마이너 아르카나 4수트(완드·컵·소드·펜타클) 실전 가이드""},{""level"":""h3"",""text"":""질문 유형별 실전 리딩 케이스북 — 카드를 하나의 이야기로 엮는 법""},{""level"":""h2"",""text"":""핵심 운세""},{""level"":""h2"",""text"":""타로 리딩""},{""level"":""h2"",""text"":""신탁 & 특화""},{""level"":""h2"",""text"":""추천 가이드""},{""level"":""h2"",""text"":""디지털 운세 서비스 환불 안내""},{""level"":""h2"",""text"":""면책 고지""},{""level"":""h2"",""text"":""사업자 정보""}]","5585","0","true","true","{""@type"":""Person"",""@id"":""https://code-destiny.com/#author"",""name"":""박병하"",""jobTitle"":""명리학자"",""description"":""10년 경력의 명리학자. Code Destiny 가 공개하는 사주·운세 콘텐츠의 최종 검수 책임자입니다."",""knowsAbout"":[""사주"",""명리학"",""만세력"",""자미두수"",""숙요점""],""url"":""https://code-destiny.com/about"",""worksFor"":{""@type"":""Organization"",""@id"":""https://code-destiny.com/#organization"",""name"":""CODE DESTINY""}}","2026-07-11T00:00:00.000Z","2026-07-11T00:00:00.000Z","ko","true","B","false","[""editorial-review-required""]","retain pending evidence review; no automatic deletion","미확인","미확인","미확인","미확인"
"https://code-destiny.com/insights/tarot-how-to-read/","200","200","true","https://code-destiny.com/insights/tarot-how-to-read/","타로 보는 법 & 질문 설계 완전 가이드","[{""level"":""h1"",""text"":""타로 보는 법 & 질문 설계 완전 가이드 — 리딩의 기술·질문 잘하는 법·연애 질문 설계""},{""level"":""h2"",""text"":""1부. 타로를 제대로 보는 법""},{""level"":""h3"",""text"":""1. 리딩 전 마음가짐""},{""level"":""h3"",""text"":""2. 카드 섞기·컷·뽑기""},{""level"":""h3"",""text"":""3. 스프레드 선택 가이드 — 질문의 성격에 배열을 맞추기""},{""level"":""h3"",""text"":""4. 카드 해석의 3층 구조""},{""level"":""h3"",""text"":""5. 정방향·역방향을 다루는 실전 원칙""},{""level"":""h3"",""text"":""6. 리딩을 하나의 이야기로 엮는 법""},{""level"":""h3"",""text"":""7. 흔한 실수들""},{""level"":""h2"",""text"":""2부. 질문을 설계하는 법 — 질문이 리딩의 8할이다""},{""level"":""h3"",""text"":""1. 왜 질문이 리딩의 질을 결정하는가""},{""level"":""h3"",""text"":""2. 나쁜 질문의 3가지 패턴""},{""level"":""h3"",""text"":""3. 나쁜 질문을 좋은 질문으로 바꾸는 재구성 공식""},{""level"":""h3"",""text"":""4. 질문 설계 4단계 체크리스트""},{""level"":""h3"",""text"":""5. 타이밍(언제?) 질문을 다루는 법""},{""level"":""h2"",""text"":""3부. 연애 질문 설계 특화 가이드""},{""level"":""h3"",""text"":""1. 연애 질문의 특수성""},{""level"":""h3"",""text"":""2. 연애 질문 유형별 재설계 사례""},{""level"":""h3"",""text"":""3. 연애 질문에 맞는 스프레드 추천""},{""level"":""h3"",""text"":""4. 연애 리딩에서 리더가 지켜야 할 윤리 원칙""},{""level"":""h2"",""text"":""부록. 질문 재구성 빠른 참고표""},{""level"":""h2"",""text"":""여섯 체계를 교차 검증하는 초융합 심층 리딩""},{""level"":""h2"",""text"":""무료 타로 카드 리딩""},{""level"":""h2"",""text"":""함께 보면 좋은 인사이트""},{""level"":""h3"",""text"":""메이저 아르카나 22장 완전 해설 — 상징·이미지·의미의 통합 가이드""},{""level"":""h3"",""text"":""타로 역방향 카드 해석 프레임워크 — 다섯 가지 패턴으로 정확하게 읽는 법""},{""level"":""h3"",""text"":""타로 스프레드(카드 배치법) 설계 원칙 — 질문에 맞는 그릇을 고르고 만드는 법""},{""level"":""h3"",""text"":""타로 궁합 리딩 게임 — 친구·연인과 재미로 즐기는 케미 확인법""},{""level"":""h3"",""text"":""마이너 아르카나 4수트(완드·컵·소드·펜타클) 실전 가이드""},{""level"":""h3"",""text"":""타로 코트 카드(시종·기사·여왕·왕) 성격·관계 해석 완전 가이드""},{""level"":""h2"",""text"":""핵심 운세""},{""level"":""h2"",""text"":""타로 리딩""},{""level"":""h2"",""text"":""신탁 & 특화""},{""level"":""h2"",""text"":""추천 가이드""},{""level"":""h2"",""text"":""디지털 운세 서비스 환불 안내""},{""level"":""h2"",""text"":""면책 고지""},{""level"":""h2"",""text"":""사업자 정보""}]","7085","0","true","true","{""@type"":""Person"",""@id"":""https://code-destiny.com/#author"",""name"":""박병하"",""jobTitle"":""명리학자"",""description"":""10년 경력의 명리학자. Code Destiny 가 공개하는 사주·운세 콘텐츠의 최종 검수 책임자입니다."",""knowsAbout"":[""사주"",""명리학"",""만세력"",""자미두수"",""숙요점""],""url"":""https://code-destiny.com/about"",""worksFor"":{""@type"":""Organization"",""@id"":""https://code-destiny.com/#organization"",""name"":""CODE DESTINY""}}","2026-07-04T00:00:00.000Z","2026-07-04T00:00:00.000Z","ko","true","B","false","[""editorial-review-required""]","retain pending evidence review; no automatic deletion","미확인","미확인","미확인","미확인"
"https://code-destiny.com/insights/tarot-major-arcana-22-complete-meanings/","200","200","true","https://code-destiny.com/insights/tarot-major-arcana-22-complete-meanings/","메이저 아르카나 22장 완전 해설","[{""level"":""h1"",""text"":""메이저 아르카나 22장 완전 해설 — 상징·이미지·의미의 통합 가이드""},{""level"":""h2"",""text"":""0. 바보 (THE FOOL)""},{""level"":""h3"",""text"":""상징 해설""},{""level"":""h3"",""text"":""정방향""},{""level"":""h3"",""text"":""역방향""},{""level"":""h3"",""text"":""상담 포인트""},{""level"":""h2"",""text"":""1. 마법사 (THE MAGICIAN)""},{""level"":""h3"",""text"":""상징 해설""},{""level"":""h3"",""text"":""정방향""},{""level"":""h3"",""text"":""역방향""},{""level"":""h3"",""text"":""상담 포인트""},{""level"":""h2"",""text"":""2. 여사제 (THE HIGH PRIESTESS)""},{""level"":""h3"",""text"":""상징 해설""},{""level"":""h3"",""text"":""정방향""},{""level"":""h3"",""text"":""역방향""},{""level"":""h3"",""text"":""상담 포인트""},{""level"":""h2"",""text"":""3. 여황제 (THE EMPRESS)""},{""level"":""h3"",""text"":""상징 해설""},{""level"":""h3"",""text"":""정방향""},{""level"":""h3"",""text"":""역방향""},{""level"":""h3"",""text"":""상담 포인트""},{""level"":""h2"",""text"":""4. 황제 (THE EMPEROR)""},{""level"":""h3"",""text"":""상징 해설""},{""level"":""h3"",""text"":""정방향""},{""level"":""h3"",""text"":""역방향""},{""level"":""h3"",""text"":""상담 포인트""},{""level"":""h2"",""text"":""5. 교황 (THE HIEROPHANT)""},{""level"":""h3"",""text"":""상징 해설""},{""level"":""h3"",""text"":""정방향""},{""level"":""h3"",""text"":""역방향""},{""level"":""h3"",""text"":""상담 포인트""},{""level"":""h2"",""text"":""6. 연인 (THE LOVERS)""},{""level"":""h3"",""text"":""상징 해설""},{""level"":""h3"",""text"":""정방향""},{""level"":""h3"",""text"":""역방향""},{""level"":""h3"",""text"":""상담 포인트""},{""level"":""h2"",""text"":""7. 전차 (THE CHARIOT)""},{""level"":""h3"",""text"":""상징 해설""},{""level"":""h3"",""text"":""정방향""},{""level"":""h3"",""text"":""역방향""},{""level"":""h3"",""text"":""상담 포인트""},{""level"":""h2"",""text"":""8. 힘 (STRENGTH)""},{""level"":""h3"",""text"":""상징 해설""},{""level"":""h3"",""text"":""정방향""},{""level"":""h3"",""text"":""역방향""},{""level"":""h3"",""text"":""상담 포인트""},{""level"":""h2"",""text"":""9. 은둔자 (THE HERMIT)""},{""level"":""h3"",""text"":""상징 해설""},{""level"":""h3"",""text"":""정방향""},{""level"":""h3"",""text"":""역방향""},{""level"":""h3"",""text"":""상담 포인트""},{""level"":""h2"",""text"":""10. 운명의 수레바퀴 (WHEEL OF FORTUNE)""},{""level"":""h3"",""text"":""상징 해설""},{""level"":""h3"",""text"":""정방향""},{""level"":""h3"",""text"":""역방향""},{""level"":""h3"",""text"":""상담 포인트""},{""level"":""h2"",""text"":""11. 정의 (JUSTICE)""},{""level"":""h3"",""text"":""상징 해설""},{""level"":""h3"",""text"":""정방향""},{""level"":""h3"",""text"":""역방향""},{""level"":""h3"",""text"":""상담 포인트""},{""level"":""h2"",""text"":""12. 매달린 사람 (THE HANGED MAN)""},{""level"":""h3"",""text"":""상징 해설""},{""level"":""h3"",""text"":""정방향""},{""level"":""h3"",""text"":""역방향""},{""level"":""h3"",""text"":""상담 포인트""},{""level"":""h2"",""text"":""13. 죽음 (DEATH)""},{""level"":""h3"",""text"":""상징 해설""},{""level"":""h3"",""text"":""정방향""},{""level"":""h3"",""text"":""역방향""},{""level"":""h3"",""text"":""상담 포인트""},{""level"":""h2"",""text"":""14. 절제 (TEMPERANCE)""},{""level"":""h3"",""text"":""상징 해설""},{""level"":""h3"",""text"":""정방향""},{""level"":""h3"",""text"":""역방향""},{""level"":""h3"",""text"":""상담 포인트""},{""level"":""h2"",""text"":""15. 악마 (THE DEVIL)""},{""level"":""h3"",""text"":""상징 해설""},{""level"":""h3"",""text"":""정방향""},{""level"":""h3"",""text"":""역방향""},{""level"":""h3"",""text"":""상담 포인트""},{""level"":""h2"",""text"":""16. 탑 (THE TOWER)""},{""level"":""h3"",""text"":""상징 해설""},{""level"":""h3"",""text"":""정방향""},{""level"":""h3"",""text"":""역방향""},{""level"":""h3"",""text"":""상담 포인트""},{""level"":""h2"",""text"":""17. 별 (THE STAR)""},{""level"":""h3"",""text"":""상징 해설""},{""level"":""h3"",""text"":""정방향""},{""level"":""h3"",""text"":""역방향""},{""level"":""h3"",""text"":""상담 포인트""},{""level"":""h2"",""text"":""18. 달 (THE MOON)""},{""level"":""h3"",""text"":""상징 해설""},{""level"":""h3"",""text"":""정방향""},{""level"":""h3"",""text"":""역방향""},{""level"":""h3"",""text"":""상담 포인트""},{""level"":""h2"",""text"":""19. 태양 (THE SUN)""},{""level"":""h3"",""text"":""상징 해설""},{""level"":""h3"",""text"":""정방향""},{""level"":""h3"",""text"":""역방향""},{""level"":""h3"",""text"":""상담 포인트""},{""level"":""h2"",""text"":""20. 심판 (JUDGEMENT)""},{""level"":""h3"",""text"":""상징 해설""},{""level"":""h3"",""text"":""정방향""},{""level"":""h3"",""text"":""역방향""},{""level"":""h3"",""text"":""상담 포인트""},{""level"":""h2"",""text"":""21. 세계 (THE WORLD)""},{""level"":""h3"",""text"":""상징 해설""},{""level"":""h3"",""text"":""정방향""},{""level"":""h3"",""text"":""역방향""},{""level"":""h3"",""text"":""상담 포인트""},{""level"":""h2"",""text"":""부록: 여정 전체를 관통하는 3단계 구조""},{""level"":""h2"",""text"":""여섯 체계를 교차 검증하는 초융합 심층 리딩""},{""level"":""h2"",""text"":""무료 타로 카드 리딩""},{""level"":""h2"",""text"":""함께 보면 좋은 인사이트""},{""level"":""h3"",""text"":""타로 역방향 카드 해석 프레임워크 — 다섯 가지 패턴으로 정확하게 읽는 법""},{""level"":""h3"",""text"":""타로 스프레드(카드 배치법) 설계 원칙 — 질문에 맞는 그릇을 고르고 만드는 법""},{""level"":""h3"",""text"":""타로 궁합 리딩 게임 — 친구·연인과 재미로 즐기는 케미 확인법""},{""level"":""h3"",""text"":""마이너 아르카나 4수트(완드·컵·소드·펜타클) 실전 가이드""},{""level"":""h3"",""text"":""타로 코트 카드(시종·기사·여왕·왕) 성격·관계 해석 완전 가이드""},{""level"":""h3"",""text"":""질문 유형별 실전 리딩 케이스북 — 카드를 하나의 이야기로 엮는 법""},{""level"":""h2"",""text"":""핵심 운세""},{""level"":""h2"",""text"":""타로 리딩""},{""level"":""h2"",""text"":""신탁 & 특화""},{""level"":""h2"",""text"":""추천 가이드""},{""level"":""h2"",""text"":""디지털 운세 서비스 환불 안내""},{""level"":""h2"",""text"":""면책 고지""},{""level"":""h2"",""text"":""사업자 정보""}]","12116","0","true","true","{""@type"":""Person"",""@id"":""https://code-destiny.com/#author"",""name"":""박병하"",""jobTitle"":""명리학자"",""description"":""10년 경력의 명리학자. Code Destiny 가 공개하는 사주·운세 콘텐츠의 최종 검수 책임자입니다."",""knowsAbout"":[""사주"",""명리학"",""만세력"",""자미두수"",""숙요점""],""url"":""https://code-destiny.com/about"",""worksFor"":{""@type"":""Organization"",""@id"":""https://code-destiny.com/#organization"",""name"":""CODE DESTINY""}}","2026-07-11T00:00:00.000Z","2026-07-11T00:00:00.000Z","ko","true","B","false","[""editorial-review-required""]","retain pending evidence review; no automatic deletion","미확인","미확인","미확인","미확인"
"https://code-destiny.com/insights/tarot-minor-arcana-four-suits-practical-guide/","200","200","true","https://code-destiny.com/insights/tarot-minor-arcana-four-suits-practical-guide/","마이너 아르카나 4수트 실전 가이드","[{""level"":""h1"",""text"":""마이너 아르카나 4수트(완드·컵·소드·펜타클) 실전 가이드""},{""level"":""h2"",""text"":""4대 원소로 보는 완드·컵·소드·펜타클""},{""level"":""h3"",""text"":""완드(Wands) — 불(火): 열정·행동·의지""},{""level"":""h3"",""text"":""컵(Cups) — 물(水): 감정·관계·직관""},{""level"":""h3"",""text"":""소드(Swords) — 공기(風): 사고·갈등·진실""},{""level"":""h3"",""text"":""펜타클(Pentacles) — 흙(地): 현실·물질·몸""},{""level"":""h2"",""text"":""수트를 관통하는 숫자의 흐름 — 에이스부터 10까지""},{""level"":""h2"",""text"":""수트별 실전 리딩 팁""},{""level"":""h3"",""text"":""완드 리딩 팁""},{""level"":""h3"",""text"":""컵 리딩 팁""},{""level"":""h3"",""text"":""소드 리딩 팁""},{""level"":""h3"",""text"":""펜타클 리딩 팁""},{""level"":""h2"",""text"":""한 수트가 몰려나올 때 — 스프레드 전체를 읽는 법""},{""level"":""h2"",""text"":""흔히 하는 실수""},{""level"":""h2"",""text"":""여섯 체계를 교차 검증하는 초융합 심층 리딩""},{""level"":""h2"",""text"":""무료 타로 카드 리딩""},{""level"":""h2"",""text"":""함께 보면 좋은 인사이트""},{""level"":""h3"",""text"":""메이저 아르카나 22장 완전 해설 — 상징·이미지·의미의 통합 가이드""},{""level"":""h3"",""text"":""타로 역방향 카드 해석 프레임워크 — 다섯 가지 패턴으로 정확하게 읽는 법""},{""level"":""h3"",""text"":""타로 스프레드(카드 배치법) 설계 원칙 — 질문에 맞는 그릇을 고르고 만드는 법""},{""level"":""h3"",""text"":""타로 궁합 리딩 게임 — 친구·연인과 재미로 즐기는 케미 확인법""},{""level"":""h3"",""text"":""타로 코트 카드(시종·기사·여왕·왕) 성격·관계 해석 완전 가이드""},{""level"":""h3"",""text"":""질문 유형별 실전 리딩 케이스북 — 카드를 하나의 이야기로 엮는 법""},{""level"":""h2"",""text"":""핵심 운세""},{""level"":""h2"",""text"":""타로 리딩""},{""level"":""h2"",""text"":""신탁 & 특화""},{""level"":""h2"",""text"":""추천 가이드""},{""level"":""h2"",""text"":""디지털 운세 서비스 환불 안내""},{""level"":""h2"",""text"":""면책 고지""},{""level"":""h2"",""text"":""사업자 정보""}]","5302","0","true","true","{""@type"":""Person"",""@id"":""https://code-destiny.com/#author"",""name"":""박병하"",""jobTitle"":""명리학자"",""description"":""10년 경력의 명리학자. Code Destiny 가 공개하는 사주·운세 콘텐츠의 최종 검수 책임자입니다."",""knowsAbout"":[""사주"",""명리학"",""만세력"",""자미두수"",""숙요점""],""url"":""https://code-destiny.com/about"",""worksFor"":{""@type"":""Organization"",""@id"":""https://code-destiny.com/#organization"",""name"":""CODE DESTINY""}}","2026-07-11T00:00:00.000Z","2026-07-11T00:00:00.000Z","ko","true","B","false","[""editorial-review-required""]","retain pending evidence review; no automatic deletion","미확인","미확인","미확인","미확인"
"https://code-destiny.com/insights/tarot-partner-mind-reading/","200","200","true","https://code-destiny.com/insights/tarot-partner-mind-reading/","상대 속마음 타로 리딩 — 윤리적으로 읽기","[{""level"":""h1"",""text"":""상대 속마음 리딩 완전 가이드 — 안전하게, 윤리적으로 읽는 법""},{""level"":""h2"",""text"":""상대 속마음 리딩, 왜 가장 인기 있으면서 가장 위험한 주제인가""},{""level"":""h2"",""text"":""카드가 보여주는 것은 '진실'이 아니라 '감지된 에너지'다""},{""level"":""h2"",""text"":""안전한 3카드 스프레드: 나의 감정 – 상대의 에너지 – 관계의 흐름""},{""level"":""h3"",""text"":""1번 자리: 나의 현재 감정""},{""level"":""h3"",""text"":""2번 자리: 상대에게서 느껴지는 에너지""},{""level"":""h3"",""text"":""3번 자리: 관계의 흐름""},{""level"":""h2"",""text"":""이 자리에서 자주 나오는 카드와 조심스러운 표현법""},{""level"":""h3"",""text"":""컵(Cups) 계열 – 정서적 개방성의 신호로 추정""},{""level"":""h3"",""text"":""소드(Swords) 계열 – 거리감이나 방어적 태도의 신호로 추정""},{""level"":""h3"",""text"":""완드(Wands) 계열 – 관심과 추진력의 신호로 추정""},{""level"":""h3"",""text"":""펜타클(Pentacles) 계열 – 현실적 고려와 안정 지향으로 추정""},{""level"":""h2"",""text"":""피해야 할 위험한 리딩 습관""},{""level"":""h2"",""text"":""속마음 확인이 아니라 나의 다음 행동으로 리딩을 돌려놓기""},{""level"":""h2"",""text"":""여섯 체계를 교차 검증하는 초융합 심층 리딩""},{""level"":""h2"",""text"":""무료 타로 카드 리딩""},{""level"":""h2"",""text"":""함께 보면 좋은 인사이트""},{""level"":""h3"",""text"":""메이저 아르카나 22장 완전 해설 — 상징·이미지·의미의 통합 가이드""},{""level"":""h3"",""text"":""타로 역방향 카드 해석 프레임워크 — 다섯 가지 패턴으로 정확하게 읽는 법""},{""level"":""h3"",""text"":""타로 스프레드(카드 배치법) 설계 원칙 — 질문에 맞는 그릇을 고르고 만드는 법""},{""level"":""h3"",""text"":""타로 궁합 리딩 게임 — 친구·연인과 재미로 즐기는 케미 확인법""},{""level"":""h3"",""text"":""마이너 아르카나 4수트(완드·컵·소드·펜타클) 실전 가이드""},{""level"":""h3"",""text"":""타로 코트 카드(시종·기사·여왕·왕) 성격·관계 해석 완전 가이드""},{""level"":""h2"",""text"":""핵심 운세""},{""level"":""h2"",""text"":""타로 리딩""},{""level"":""h2"",""text"":""신탁 & 특화""},{""level"":""h2"",""text"":""추천 가이드""},{""level"":""h2"",""text"":""디지털 운세 서비스 환불 안내""},{""level"":""h2"",""text"":""면책 고지""},{""level"":""h2"",""text"":""사업자 정보""}]","5074","0","true","true","{""@type"":""Person"",""@id"":""https://code-destiny.com/#author"",""name"":""박병하"",""jobTitle"":""명리학자"",""description"":""10년 경력의 명리학자. Code Destiny 가 공개하는 사주·운세 콘텐츠의 최종 검수 책임자입니다."",""knowsAbout"":[""사주"",""명리학"",""만세력"",""자미두수"",""숙요점""],""url"":""https://code-destiny.com/about"",""worksFor"":{""@type"":""Organization"",""@id"":""https://code-destiny.com/#organization"",""name"":""CODE DESTINY""}}","2026-07-04T00:00:00.000Z","2026-07-04T00:00:00.000Z","ko","true","B","false","[""editorial-review-required""]","retain pending evidence review; no automatic deletion","미확인","미확인","미확인","미확인"
"https://code-destiny.com/insights/tarot-practical-reading-casebook-by-question/","200","200","true","https://code-destiny.com/insights/tarot-practical-reading-casebook-by-question/","질문 유형별 타로 실전 리딩 케이스북","[{""level"":""h1"",""text"":""질문 유형별 실전 리딩 케이스북 — 카드를 하나의 이야기로 엮는 법""},{""level"":""h2"",""text"":""케이스 1. 연애 — 썸 타는 상대의 진심을 읽는다""},{""level"":""h2"",""text"":""케이스 2. 커리어·이직 — 지금 떠나야 할지, 더 버텨야 할지""},{""level"":""h2"",""text"":""케이스 3. 재정 — 모은 돈을 투자로 옮겨도 될까""},{""level"":""h2"",""text"":""케이스 4. 인간관계·가족 갈등 — 반복되는 어머니와의 다툼""},{""level"":""h2"",""text"":""케이스 5. 의사결정(둘 중 선택) — 서울에 남을까, 고향으로 내려갈까""},{""level"":""h2"",""text"":""케이스북을 활용하는 법""},{""level"":""h2"",""text"":""여섯 체계를 교차 검증하는 초융합 심층 리딩""},{""level"":""h2"",""text"":""무료 타로 카드 리딩""},{""level"":""h2"",""text"":""함께 보면 좋은 인사이트""},{""level"":""h3"",""text"":""메이저 아르카나 22장 완전 해설 — 상징·이미지·의미의 통합 가이드""},{""level"":""h3"",""text"":""타로 역방향 카드 해석 프레임워크 — 다섯 가지 패턴으로 정확하게 읽는 법""},{""level"":""h3"",""text"":""타로 스프레드(카드 배치법) 설계 원칙 — 질문에 맞는 그릇을 고르고 만드는 법""},{""level"":""h3"",""text"":""타로 궁합 리딩 게임 — 친구·연인과 재미로 즐기는 케미 확인법""},{""level"":""h3"",""text"":""마이너 아르카나 4수트(완드·컵·소드·펜타클) 실전 가이드""},{""level"":""h3"",""text"":""타로 코트 카드(시종·기사·여왕·왕) 성격·관계 해석 완전 가이드""},{""level"":""h2"",""text"":""핵심 운세""},{""level"":""h2"",""text"":""타로 리딩""},{""level"":""h2"",""text"":""신탁 & 특화""},{""level"":""h2"",""text"":""추천 가이드""},{""level"":""h2"",""text"":""디지털 운세 서비스 환불 안내""},{""level"":""h2"",""text"":""면책 고지""},{""level"":""h2"",""text"":""사업자 정보""}]","6047","0","true","true","{""@type"":""Person"",""@id"":""https://code-destiny.com/#author"",""name"":""박병하"",""jobTitle"":""명리학자"",""description"":""10년 경력의 명리학자. Code Destiny 가 공개하는 사주·운세 콘텐츠의 최종 검수 책임자입니다."",""knowsAbout"":[""사주"",""명리학"",""만세력"",""자미두수"",""숙요점""],""url"":""https://code-destiny.com/about"",""worksFor"":{""@type"":""Organization"",""@id"":""https://code-destiny.com/#organization"",""name"":""CODE DESTINY""}}","2026-07-11T00:00:00.000Z","2026-07-11T00:00:00.000Z","ko","true","B","false","[""editorial-review-required""]","retain pending evidence review; no automatic deletion","미확인","미확인","미확인","미확인"
"https://code-destiny.com/insights/tarot-reunion-reading/","200","200","true","https://code-destiny.com/insights/tarot-reunion-reading/","재회 타로 리딩 — 희망과 현실을 함께 읽기","[{""level"":""h1"",""text"":""재회 리딩 완전 가이드 — 희망과 현실을 함께 읽는 법""},{""level"":""h2"",""text"":""재회 리딩에 자주 등장하는 카드""},{""level"":""h2"",""text"":""재회 전용 5카드 스프레드""},{""level"":""h3"",""text"":""① 이별의 근본 원인""},{""level"":""h3"",""text"":""② 현재 나의 감정""},{""level"":""h3"",""text"":""③ 현재 상대(추정)의 감정""},{""level"":""h3"",""text"":""④ 재회를 가로막는 장애물""},{""level"":""h3"",""text"":""⑤ 앞으로의 흐름""},{""level"":""h2"",""text"":""재회를 시도하기 전, 스스로에게 물어야 할 현실 점검 체크리스트""},{""level"":""h2"",""text"":""카드가 재회를 가리키지 않을 때""},{""level"":""h2"",""text"":""여섯 체계를 교차 검증하는 초융합 심층 리딩""},{""level"":""h2"",""text"":""무료 타로 카드 리딩""},{""level"":""h2"",""text"":""함께 보면 좋은 인사이트""},{""level"":""h3"",""text"":""메이저 아르카나 22장 완전 해설 — 상징·이미지·의미의 통합 가이드""},{""level"":""h3"",""text"":""타로 역방향 카드 해석 프레임워크 — 다섯 가지 패턴으로 정확하게 읽는 법""},{""level"":""h3"",""text"":""타로 스프레드(카드 배치법) 설계 원칙 — 질문에 맞는 그릇을 고르고 만드는 법""},{""level"":""h3"",""text"":""타로 궁합 리딩 게임 — 친구·연인과 재미로 즐기는 케미 확인법""},{""level"":""h3"",""text"":""마이너 아르카나 4수트(완드·컵·소드·펜타클) 실전 가이드""},{""level"":""h3"",""text"":""타로 코트 카드(시종·기사·여왕·왕) 성격·관계 해석 완전 가이드""},{""level"":""h2"",""text"":""핵심 운세""},{""level"":""h2"",""text"":""타로 리딩""},{""level"":""h2"",""text"":""신탁 & 특화""},{""level"":""h2"",""text"":""추천 가이드""},{""level"":""h2"",""text"":""디지털 운세 서비스 환불 안내""},{""level"":""h2"",""text"":""면책 고지""},{""level"":""h2"",""text"":""사업자 정보""}]","4568","0","true","true","{""@type"":""Person"",""@id"":""https://code-destiny.com/#author"",""name"":""박병하"",""jobTitle"":""명리학자"",""description"":""10년 경력의 명리학자. Code Destiny 가 공개하는 사주·운세 콘텐츠의 최종 검수 책임자입니다."",""knowsAbout"":[""사주"",""명리학"",""만세력"",""자미두수"",""숙요점""],""url"":""https://code-destiny.com/about"",""worksFor"":{""@type"":""Organization"",""@id"":""https://code-destiny.com/#organization"",""name"":""CODE DESTINY""}}","2026-07-04T00:00:00.000Z","2026-07-04T00:00:00.000Z","ko","true","B","false","[""editorial-review-required""]","retain pending evidence review; no automatic deletion","미확인","미확인","미확인","미확인"
"https://code-destiny.com/insights/tarot-reversed-card-framework/","200","200","true","https://code-destiny.com/insights/tarot-reversed-card-framework/","타로 역방향 해석 — 다섯 패턴 프레임","[{""level"":""h1"",""text"":""타로 역방향 카드 해석 프레임워크 — 다섯 가지 패턴으로 정확하게 읽는 법""},{""level"":""h2"",""text"":""타로 역방향 카드, 왜 이렇게 자주 오해받는가""},{""level"":""h2"",""text"":""역방향 카드의 다섯 가지 근본 의미""},{""level"":""h3"",""text"":""1. 에너지의 지연""},{""level"":""h3"",""text"":""2. 내면화""},{""level"":""h3"",""text"":""3. 과잉""},{""level"":""h3"",""text"":""4. 막힘과 차단""},{""level"":""h3"",""text"":""5. 재평가와 재점검""},{""level"":""h2"",""text"":""카드 종류별로 달라지는 역방향의 무게""},{""level"":""h2"",""text"":""스프레드 맥락 속에서 역방향을 읽는 법""},{""level"":""h2"",""text"":""역방향 카드 해석 체크리스트""},{""level"":""h2"",""text"":""흔히 저지르는 실수들""},{""level"":""h2"",""text"":""마무리""},{""level"":""h2"",""text"":""여섯 체계를 교차 검증하는 초융합 심층 리딩""},{""level"":""h2"",""text"":""무료 타로 카드 리딩""},{""level"":""h2"",""text"":""함께 보면 좋은 인사이트""},{""level"":""h3"",""text"":""메이저 아르카나 22장 완전 해설 — 상징·이미지·의미의 통합 가이드""},{""level"":""h3"",""text"":""타로 스프레드(카드 배치법) 설계 원칙 — 질문에 맞는 그릇을 고르고 만드는 법""},{""level"":""h3"",""text"":""타로 궁합 리딩 게임 — 친구·연인과 재미로 즐기는 케미 확인법""},{""level"":""h3"",""text"":""마이너 아르카나 4수트(완드·컵·소드·펜타클) 실전 가이드""},{""level"":""h3"",""text"":""타로 코트 카드(시종·기사·여왕·왕) 성격·관계 해석 완전 가이드""},{""level"":""h3"",""text"":""질문 유형별 실전 리딩 케이스북 — 카드를 하나의 이야기로 엮는 법""},{""level"":""h2"",""text"":""핵심 운세""},{""level"":""h2"",""text"":""타로 리딩""},{""level"":""h2"",""text"":""신탁 & 특화""},{""level"":""h2"",""text"":""추천 가이드""},{""level"":""h2"",""text"":""디지털 운세 서비스 환불 안내""},{""level"":""h2"",""text"":""면책 고지""},{""level"":""h2"",""text"":""사업자 정보""}]","5320","0","true","true","{""@type"":""Person"",""@id"":""https://code-destiny.com/#author"",""name"":""박병하"",""jobTitle"":""명리학자"",""description"":""10년 경력의 명리학자. Code Destiny 가 공개하는 사주·운세 콘텐츠의 최종 검수 책임자입니다."",""knowsAbout"":[""사주"",""명리학"",""만세력"",""자미두수"",""숙요점""],""url"":""https://code-destiny.com/about"",""worksFor"":{""@type"":""Organization"",""@id"":""https://code-destiny.com/#organization"",""name"":""CODE DESTINY""}}","2026-07-11T00:00:00.000Z","2026-07-11T00:00:00.000Z","ko","true","B","false","[""editorial-review-required""]","retain pending evidence review; no automatic deletion","미확인","미확인","미확인","미확인"
"https://code-destiny.com/insights/tarot-spread-design-principles/","200","200","true","https://code-destiny.com/insights/tarot-spread-design-principles/","타로 스프레드 설계 원칙 — 질문에 맞는 배치","[{""level"":""h1"",""text"":""타로 스프레드(카드 배치법) 설계 원칙 — 질문에 맞는 그릇을 고르고 만드는 법""},{""level"":""h2"",""text"":""스프레드, 카드보다 먼저 설계해야 할 것""},{""level"":""h2"",""text"":""스프레드의 해부학: 포지션이 카드보다 중요한 이유""},{""level"":""h2"",""text"":""핵심 스프레드 완전 정리""},{""level"":""h3"",""text"":""원카드 — 가장 단순하지만 가장 어려운 스프레드""},{""level"":""h3"",""text"":""쓰리카드 — 하나의 틀, 여러 개의 얼굴""},{""level"":""h3"",""text"":""5장 스프레드 — 깊이와 실용성의 균형점""},{""level"":""h3"",""text"":""켈틱크로스 — 열 장으로 그리는 입체 지도""},{""level"":""h2"",""text"":""질문의 크기에 스프레드를 맞추는 법""},{""level"":""h2"",""text"":""나만의 스프레드 설계하기: 5단계 방법론""},{""level"":""h3"",""text"":""1단계 — 질문을 한 문장으로 좁히기""},{""level"":""h3"",""text"":""2단계 — 질문을 구성 요소로 분해하기""},{""level"":""h3"",""text"":""3단계 — 구성 요소를 포지션으로 변환하기""},{""level"":""h3"",""text"":""4단계 — 포지션의 공간 배치 정하기""},{""level"":""h3"",""text"":""5단계 — 실전에서 시험하고 다듬기""},{""level"":""h2"",""text"":""흔한 스프레드 설계 실수""},{""level"":""h2"",""text"":""여섯 체계를 교차 검증하는 초융합 심층 리딩""},{""level"":""h2"",""text"":""무료 타로 카드 리딩""},{""level"":""h2"",""text"":""함께 보면 좋은 인사이트""},{""level"":""h3"",""text"":""메이저 아르카나 22장 완전 해설 — 상징·이미지·의미의 통합 가이드""},{""level"":""h3"",""text"":""타로 역방향 카드 해석 프레임워크 — 다섯 가지 패턴으로 정확하게 읽는 법""},{""level"":""h3"",""text"":""타로 궁합 리딩 게임 — 친구·연인과 재미로 즐기는 케미 확인법""},{""level"":""h3"",""text"":""마이너 아르카나 4수트(완드·컵·소드·펜타클) 실전 가이드""},{""level"":""h3"",""text"":""타로 코트 카드(시종·기사·여왕·왕) 성격·관계 해석 완전 가이드""},{""level"":""h3"",""text"":""질문 유형별 실전 리딩 케이스북 — 카드를 하나의 이야기로 엮는 법""},{""level"":""h2"",""text"":""핵심 운세""},{""level"":""h2"",""text"":""타로 리딩""},{""level"":""h2"",""text"":""신탁 & 특화""},{""level"":""h2"",""text"":""추천 가이드""},{""level"":""h2"",""text"":""디지털 운세 서비스 환불 안내""},{""level"":""h2"",""text"":""면책 고지""},{""level"":""h2"",""text"":""사업자 정보""}]","5398","0","true","true","{""@type"":""Person"",""@id"":""https://code-destiny.com/#author"",""name"":""박병하"",""jobTitle"":""명리학자"",""description"":""10년 경력의 명리학자. Code Destiny 가 공개하는 사주·운세 콘텐츠의 최종 검수 책임자입니다."",""knowsAbout"":[""사주"",""명리학"",""만세력"",""자미두수"",""숙요점""],""url"":""https://code-destiny.com/about"",""worksFor"":{""@type"":""Organization"",""@id"":""https://code-destiny.com/#organization"",""name"":""CODE DESTINY""}}","2026-07-11T00:00:00.000Z","2026-07-11T00:00:00.000Z","ko","true","B","false","[""editorial-review-required""]","retain pending evidence review; no automatic deletion","미확인","미확인","미확인","미확인"
"https://code-destiny.com/insights/tarot/","200","200","true","https://code-destiny.com/insights/tarot/","타로 인사이트 허브 · 질문법과 카드 해석 | Code Destiny","[{""level"":""h1"",""text"":""타로 인사이트 허브""},{""level"":""h2"",""text"":""타로 인사이트를 읽는 법""},{""level"":""h2"",""text"":""해석의 근거 — 참고 원전""},{""level"":""h2"",""text"":""이 체계를 계산하는 방식""},{""level"":""h2"",""text"":""추천 글""},{""level"":""h3"",""text"":""메이저 아르카나 22장 완전 해설 — 상징·이미지·의미의 통합 가이드""},{""level"":""h3"",""text"":""타로 역방향 카드 해석 프레임워크 — 다섯 가지 패턴으로 정확하게 읽는 법""},{""level"":""h3"",""text"":""타로 스프레드(카드 배치법) 설계 원칙 — 질문에 맞는 그릇을 고르고 만드는 법""},{""level"":""h3"",""text"":""타로 궁합 리딩 게임 — 친구·연인과 재미로 즐기는 케미 확인법""},{""level"":""h3"",""text"":""마이너 아르카나 4수트(완드·컵·소드·펜타클) 실전 가이드""},{""level"":""h3"",""text"":""타로 코트 카드(시종·기사·여왕·왕) 성격·관계 해석 완전 가이드""},{""level"":""h3"",""text"":""질문 유형별 실전 리딩 케이스북 — 카드를 하나의 이야기로 엮는 법""},{""level"":""h3"",""text"":""유럽 점복 전통 심화 가이드: 타로·룬·찻잎점의 진짜 역사와 읽는 법""},{""level"":""h3"",""text"":""직업운 리딩 7질문 프레임워크 — 막연한 불안을 구체적 행동으로 바꾸는 스프레드""},{""level"":""h3"",""text"":""불안할 때 안전하게 타로 리딩하는 법""},{""level"":""h3"",""text"":""사주+타로 통합 리딩 완전 가이드 — 두 체계를 함께 쓰는 법""},{""level"":""h2"",""text"":""최신 글""},{""level"":""h2"",""text"":""초보자 가이드""},{""level"":""h2"",""text"":""실전 해석 글""},{""level"":""h2"",""text"":""핵심 운세""},{""level"":""h2"",""text"":""타로 리딩""},{""level"":""h2"",""text"":""신탁 & 특화""},{""level"":""h2"",""text"":""추천 가이드""},{""level"":""h2"",""text"":""디지털 운세 서비스 환불 안내""},{""level"":""h2"",""text"":""면책 고지""},{""level"":""h2"",""text"":""사업자 정보""}]","3250","0","true","false","미확인","미확인","미확인","ko","true","B","false","[]","retain pending evidence review; no automatic deletion","미확인","미확인","미확인","미확인"
"https://code-destiny.com/insights/ten-gods-beginner-map/","200","200","true","https://code-destiny.com/insights/ten-gods-beginner-map/","십성(十星) 입문 지도 — 명리학 십성 완전 정복 | 운세 인사이트","[{""level"":""h1"",""text"":""십성(十星) 입문 지도 — 명리학 십성 완전 정복""},{""level"":""h2"",""text"":""제1편. 십성이란 무엇인가?""},{""level"":""h3"",""text"":""1. 십성(十星)의 정의""},{""level"":""h3"",""text"":""2. 왜 일간을 기준으로 하는가?""},{""level"":""h3"",""text"":""3. 십성이 만들어지는 원리""},{""level"":""h2"",""text"":""제2편. 십성의 구조""},{""level"":""h3"",""text"":""1. 비견(比肩) — '나와 같은 사람'""},{""level"":""h3"",""text"":""2. 겁재(劫財) — '나와 같은 기운이지만 경쟁하는 관계'""},{""level"":""h3"",""text"":""3. 식신(食神) — '내가 만들어 내는 것'""},{""level"":""h3"",""text"":""4. 상관(傷官) — '표현력이 강한 별'""},{""level"":""h3"",""text"":""5. 편재(偏財) — '큰 재물'""},{""level"":""h3"",""text"":""6. 정재(正財) — '안정적인 재물'""},{""level"":""h3"",""text"":""7. 편관(偏官) — '강한 통제와 압박'""},{""level"":""h3"",""text"":""8. 정관(正官) — '질서와 원칙'""},{""level"":""h3"",""text"":""9. 편인(偏印) — '독창적 사고'""},{""level"":""h3"",""text"":""10. 정인(正印) — '배움과 보호'""},{""level"":""h2"",""text"":""제3편. 십성을 보는 법""},{""level"":""h3"",""text"":""1. 십성은 하나만 보면 안 된다""},{""level"":""h3"",""text"":""2. 십성의 균형이 중요하다""},{""level"":""h3"",""text"":""3. 십성은 역할이지 운명이 아니다""},{""level"":""h3"",""text"":""4. 십성 학습 순서""},{""level"":""h2"",""text"":""십성 핵심 요약표""},{""level"":""h2"",""text"":""핵심 정리""},{""level"":""h2"",""text"":""여섯 체계를 교차 검증하는 초융합 심층 리딩""},{""level"":""h2"",""text"":""무료 사주 풀이 — 사주팔자 오행·십성·대운""},{""level"":""h2"",""text"":""함께 보면 좋은 인사이트""},{""level"":""h3"",""text"":""유명인 사주로 배우는 일간(日干) 읽기 — 공개 생일로 명식 세워 보기""},{""level"":""h3"",""text"":""출생시간을 모르면 사주를 못 보나? — 세 기둥으로 읽는 법""},{""level"":""h3"",""text"":""명식은 어떻게 세워지는가 — Code Destiny의 사주 계산 기준 공개""},{""level"":""h3"",""text"":""자정 무렵에 태어나면 일주가 갈리는 이유 — 야자시와 날짜 경계""},{""level"":""h3"",""text"":""같은 생년월일인데 사주가 다르게 나오는 네 가지 이유""},{""level"":""h3"",""text"":""십이운성(十二運星) 완전 가이드 — 명리학에서 기운이 성장·쇠퇴하는 12단계""},{""level"":""h2"",""text"":""핵심 운세""},{""level"":""h2"",""text"":""타로 리딩""},{""level"":""h2"",""text"":""신탁 & 특화""},{""level"":""h2"",""text"":""추천 가이드""},{""level"":""h2"",""text"":""디지털 운세 서비스 환불 안내""},{""level"":""h2"",""text"":""면책 고지""},{""level"":""h2"",""text"":""사업자 정보""}]","4162","0","true","true","{""@type"":""Person"",""@id"":""https://code-destiny.com/#author"",""name"":""박병하"",""jobTitle"":""명리학자"",""description"":""10년 경력의 명리학자. Code Destiny 가 공개하는 사주·운세 콘텐츠의 최종 검수 책임자입니다."",""knowsAbout"":[""사주"",""명리학"",""만세력"",""자미두수"",""숙요점""],""url"":""https://code-destiny.com/about"",""worksFor"":{""@type"":""Organization"",""@id"":""https://code-destiny.com/#organization"",""name"":""CODE DESTINY""}}","2026-07-10T00:00:00.000Z","2026-07-10T00:00:00.000Z","ko","true","B","false","[""editorial-review-required""]","retain pending evidence review; no automatic deletion","미확인","미확인","미확인","미확인"
"https://code-destiny.com/insights/ten-gods-practical-map-love-work-money/","200","200","true","https://code-destiny.com/insights/ten-gods-practical-map-love-work-money/","십성 실전 지도 — 연애·일·돈의 5가지 언어","[{""level"":""h1"",""text"":""십성 실전 지도: 연애·일·돈을 읽는 5가지 사주 언어""},{""level"":""h2"",""text"":""십성의 구조: 일간과 나머지 글자의 관계 10가지""},{""level"":""h2"",""text"":""비겁·식상: '나'와 '표현'의 언어""},{""level"":""h2"",""text"":""재성·관성: '현실'과 '책임'의 언어""},{""level"":""h2"",""text"":""인성: '지원'과 '내면'의 언어""},{""level"":""h2"",""text"":""실전 번역표: 연애·일·돈에 적용하는 법""},{""level"":""h2"",""text"":""가장 흔한 실수: 원국만 보고 대운·세운을 놓치는 것""},{""level"":""h2"",""text"":""해석은 문장이 아니라 행동으로 끝나야 합니다""},{""level"":""h2"",""text"":""실전 팁 & 자주 묻는 질문""},{""level"":""h2"",""text"":""여섯 체계를 교차 검증하는 초융합 심층 리딩""},{""level"":""h2"",""text"":""무료 궁합 보기 — 세 가지 방식으로""},{""level"":""h2"",""text"":""함께 보면 좋은 인사이트""},{""level"":""h3"",""text"":""2026 병오년(丙午年) 종합 운세 — 재물·연애 포함 완전 가이드""},{""level"":""h3"",""text"":""사주 궁합 보는 법 완전 가이드: 일간·오행·십성 총정리""},{""level"":""h2"",""text"":""핵심 운세""},{""level"":""h2"",""text"":""타로 리딩""},{""level"":""h2"",""text"":""신탁 & 특화""},{""level"":""h2"",""text"":""추천 가이드""},{""level"":""h2"",""text"":""디지털 운세 서비스 환불 안내""},{""level"":""h2"",""text"":""면책 고지""},{""level"":""h2"",""text"":""사업자 정보""}]","5475","0","true","true","{""@type"":""Person"",""@id"":""https://code-destiny.com/#author"",""name"":""박병하"",""jobTitle"":""명리학자"",""description"":""10년 경력의 명리학자. Code Destiny 가 공개하는 사주·운세 콘텐츠의 최종 검수 책임자입니다."",""knowsAbout"":[""사주"",""명리학"",""만세력"",""자미두수"",""숙요점""],""url"":""https://code-destiny.com/about"",""worksFor"":{""@type"":""Organization"",""@id"":""https://code-destiny.com/#organization"",""name"":""CODE DESTINY""}}","2026-07-11T00:00:00.000Z","2026-07-11T00:00:00.000Z","ko","true","B","false","[""editorial-review-required""]","retain pending evidence review; no automatic deletion","미확인","미확인","미확인","미확인"
"https://code-destiny.com/insights/today-tarot-routine/","200","200","true","https://code-destiny.com/insights/today-tarot-routine/","오늘의 타로 루틴 — 하루 한 장으로 배우기","[{""level"":""h1"",""text"":""오늘의 타로 루틴 — 하루 한 장으로 배우는 카드와 나 자신""},{""level"":""h2"",""text"":""매일 한 장, 타로가 진짜 내 언어가 되는 가장 확실한 방법""},{""level"":""h2"",""text"":""루틴 세팅하기: 언제, 무엇을 물을까""},{""level"":""h3"",""text"":""아침에 뽑을까, 저녁에 뽑을까""},{""level"":""h3"",""text"":""질문은 예/아니오가 아니라 방향으로""},{""level"":""h2"",""text"":""하루 타로 루틴의 4단계""},{""level"":""h3"",""text"":""1. 카드 뽑기""},{""level"":""h3"",""text"":""2. 첫인상 기록""},{""level"":""h3"",""text"":""3. 하루 동안 관찰""},{""level"":""h3"",""text"":""4. 저녁에 되돌아보기""},{""level"":""h2"",""text"":""3줄 저널링으로 진짜 해석력 키우기""},{""level"":""h2"",""text"":""일주일, 한 달 단위로 패턴 읽기""},{""level"":""h2"",""text"":""흔히 빠지기 쉬운 함정""},{""level"":""h2"",""text"":""여섯 체계를 교차 검증하는 초융합 심층 리딩""},{""level"":""h2"",""text"":""무료 타로 카드 리딩""},{""level"":""h2"",""text"":""함께 보면 좋은 인사이트""},{""level"":""h3"",""text"":""메이저 아르카나 22장 완전 해설 — 상징·이미지·의미의 통합 가이드""},{""level"":""h3"",""text"":""타로 역방향 카드 해석 프레임워크 — 다섯 가지 패턴으로 정확하게 읽는 법""},{""level"":""h3"",""text"":""타로 스프레드(카드 배치법) 설계 원칙 — 질문에 맞는 그릇을 고르고 만드는 법""},{""level"":""h3"",""text"":""타로 궁합 리딩 게임 — 친구·연인과 재미로 즐기는 케미 확인법""},{""level"":""h3"",""text"":""마이너 아르카나 4수트(완드·컵·소드·펜타클) 실전 가이드""},{""level"":""h3"",""text"":""타로 코트 카드(시종·기사·여왕·왕) 성격·관계 해석 완전 가이드""},{""level"":""h2"",""text"":""핵심 운세""},{""level"":""h2"",""text"":""타로 리딩""},{""level"":""h2"",""text"":""신탁 & 특화""},{""level"":""h2"",""text"":""추천 가이드""},{""level"":""h2"",""text"":""디지털 운세 서비스 환불 안내""},{""level"":""h2"",""text"":""면책 고지""},{""level"":""h2"",""text"":""사업자 정보""}]","4071","0","true","true","{""@type"":""Person"",""@id"":""https://code-destiny.com/#author"",""name"":""박병하"",""jobTitle"":""명리학자"",""description"":""10년 경력의 명리학자. Code Destiny 가 공개하는 사주·운세 콘텐츠의 최종 검수 책임자입니다."",""knowsAbout"":[""사주"",""명리학"",""만세력"",""자미두수"",""숙요점""],""url"":""https://code-destiny.com/about"",""worksFor"":{""@type"":""Organization"",""@id"":""https://code-destiny.com/#organization"",""name"":""CODE DESTINY""}}","2026-07-04T00:00:00.000Z","2026-07-04T00:00:00.000Z","ko","true","B","false","[""editorial-review-required""]","retain pending evidence review; no automatic deletion","미확인","미확인","미확인","미확인"
"https://code-destiny.com/insights/vedic-astrology-12-rasi-complete-personality-guide/","200","200","true","https://code-destiny.com/insights/vedic-astrology-12-rasi-complete-personality-guide/","베다 점성술 12라시 — 성격 완전 총정리","[{""level"":""h1"",""text"":""베다 점성술 12라시 완전 가이드: 조티쉬 별자리 성격 총정리""},{""level"":""h2"",""text"":""불·흙·바람·물 — 4원소로 먼저 보는 12라시""},{""level"":""h2"",""text"":""불의 라시 — 메사·심하·다누""},{""level"":""h3"",""text"":""메사(양자리) — 지배행성 화성""},{""level"":""h3"",""text"":""심하(사자자리) — 지배행성 태양""},{""level"":""h3"",""text"":""다누(사수자리) — 지배행성 목성""},{""level"":""h2"",""text"":""흙의 라시 — 브리샤바·칸야·마카라""},{""level"":""h3"",""text"":""브리샤바(황소자리) — 지배행성 금성""},{""level"":""h3"",""text"":""칸야(처녀자리) — 지배행성 수성""},{""level"":""h3"",""text"":""마카라(염소자리) — 지배행성 토성""},{""level"":""h2"",""text"":""바람의 라시 — 미투나·툴라·쿰바""},{""level"":""h3"",""text"":""미투나(쌍둥이자리) — 지배행성 수성""},{""level"":""h3"",""text"":""툴라(천칭자리) — 지배행성 금성""},{""level"":""h3"",""text"":""쿰바(물병자리) — 지배행성 토성""},{""level"":""h2"",""text"":""물의 라시 — 카르카·브리쉬치카·미나""},{""level"":""h3"",""text"":""카르카(게자리) — 지배행성 달""},{""level"":""h3"",""text"":""브리쉬치카(전갈자리) — 지배행성 화성""},{""level"":""h3"",""text"":""미나(물고기자리) — 지배행성 목성""},{""level"":""h2"",""text"":""라시를 제대로 읽는 3가지 원칙""},{""level"":""h2"",""text"":""라시 해석에 관해 자주 묻는 질문""},{""level"":""h3"",""text"":""서양 별자리와 라시가 다르게 나오는데, 뭐가 맞는 건가요?""},{""level"":""h3"",""text"":""라시가 마음에 걸리는 성격으로 나왔어요. 걱정해야 하나요?""},{""level"":""h3"",""text"":""내 정확한 라시는 어떻게 확인할 수 있나요?""},{""level"":""h2"",""text"":""여섯 체계를 교차 검증하는 초융합 심층 리딩""},{""level"":""h2"",""text"":""베다점 사이트 — 인도 베다 점성술(조티쉬) 무료 차트""},{""level"":""h2"",""text"":""함께 보면 좋은 인사이트""},{""level"":""h3"",""text"":""나밤샤(D9) 완전 가이드: 결혼과 행성의 진짜 힘 읽는 법""},{""level"":""h3"",""text"":""베다 궁합 구나 밀라나 36점법 완전 기초 가이드""},{""level"":""h3"",""text"":""다샤·고차르·우파야 완전정복: 베다점성술 실전 가이드""},{""level"":""h3"",""text"":""베다점성술 역행 행성(바크리) 완전 해석: 약점 아닌 강함의 신호""},{""level"":""h3"",""text"":""문라시(찬드라 라시) 감정 관리 루틴: 하루 6분 실천법""},{""level"":""h3"",""text"":""베다점성술 90일 트랜짓 저널 템플릿: 사실과 감정 분리법""},{""level"":""h2"",""text"":""핵심 운세""},{""level"":""h2"",""text"":""타로 리딩""},{""level"":""h2"",""text"":""신탁 & 특화""},{""level"":""h2"",""text"":""추천 가이드""},{""level"":""h2"",""text"":""디지털 운세 서비스 환불 안내""},{""level"":""h2"",""text"":""면책 고지""},{""level"":""h2"",""text"":""사업자 정보""}]","7532","0","true","true","{""@type"":""Person"",""@id"":""https://code-destiny.com/#author"",""name"":""박병하"",""jobTitle"":""명리학자"",""description"":""10년 경력의 명리학자. Code Destiny 가 공개하는 사주·운세 콘텐츠의 최종 검수 책임자입니다."",""knowsAbout"":[""사주"",""명리학"",""만세력"",""자미두수"",""숙요점""],""url"":""https://code-destiny.com/about"",""worksFor"":{""@type"":""Organization"",""@id"":""https://code-destiny.com/#organization"",""name"":""CODE DESTINY""}}","2026-07-11T00:00:00.000Z","2026-07-11T00:00:00.000Z","ko","true","B","false","[""editorial-review-required""]","retain pending evidence review; no automatic deletion","미확인","미확인","미확인","미확인"
"https://code-destiny.com/insights/vedic-astrology-navamsa-basics/","200","200","true","https://code-destiny.com/insights/vedic-astrology-navamsa-basics/","나밤샤(D9) 가이드 — 결혼과 행성의 힘","[{""level"":""h1"",""text"":""나밤샤(D9) 완전 가이드: 결혼과 행성의 진짜 힘 읽는 법""},{""level"":""h2"",""text"":""라시 차트(D1)와 나밤샤(D9), 역할이 다릅니다""},{""level"":""h2"",""text"":""나밤샤는 어떻게 만들어질까 — 별자리를 9로 나누는 기본 원리""},{""level"":""h2"",""text"":""D1에서는 강해 보이는데 D9에서는 약하다? — 행성 힘의 반전 사례""},{""level"":""h2"",""text"":""나밤샤로 결혼과 궁합을 보는 법""},{""level"":""h2"",""text"":""결혼뿐 아니라 — 모든 인생 영역에서 행성의 '진짜 힘'을 재확인하는 법""},{""level"":""h2"",""text"":""초보자를 위한 D1 + D9 읽는 순서""},{""level"":""h2"",""text"":""나밤샤, 이것만은 알고 넘어가세요""},{""level"":""h3"",""text"":""Q. 나밤샤가 나쁘게 나오면 결혼운이 없다는 뜻인가요?""},{""level"":""h3"",""text"":""Q. 라시 차트 없이 나밤샤만 봐도 되나요?""},{""level"":""h3"",""text"":""Q. 나밤샤는 나이가 들면서 달라지나요?""},{""level"":""h2"",""text"":""여섯 체계를 교차 검증하는 초융합 심층 리딩""},{""level"":""h2"",""text"":""베다점 사이트 — 인도 베다 점성술(조티쉬) 무료 차트""},{""level"":""h2"",""text"":""함께 보면 좋은 인사이트""},{""level"":""h3"",""text"":""베다 궁합 구나 밀라나 36점법 완전 기초 가이드""},{""level"":""h3"",""text"":""다샤·고차르·우파야 완전정복: 베다점성술 실전 가이드""},{""level"":""h3"",""text"":""베다점성술 역행 행성(바크리) 완전 해석: 약점 아닌 강함의 신호""},{""level"":""h3"",""text"":""문라시(찬드라 라시) 감정 관리 루틴: 하루 6분 실천법""},{""level"":""h3"",""text"":""베다점성술 90일 트랜짓 저널 템플릿: 사실과 감정 분리법""},{""level"":""h3"",""text"":""베다 점성술 12라시 완전 가이드: 조티쉬 별자리 성격 총정리""},{""level"":""h2"",""text"":""핵심 운세""},{""level"":""h2"",""text"":""타로 리딩""},{""level"":""h2"",""text"":""신탁 & 특화""},{""level"":""h2"",""text"":""추천 가이드""},{""level"":""h2"",""text"":""디지털 운세 서비스 환불 안내""},{""level"":""h2"",""text"":""면책 고지""},{""level"":""h2"",""text"":""사업자 정보""}]","5557","0","true","true","{""@type"":""Person"",""@id"":""https://code-destiny.com/#author"",""name"":""박병하"",""jobTitle"":""명리학자"",""description"":""10년 경력의 명리학자. Code Destiny 가 공개하는 사주·운세 콘텐츠의 최종 검수 책임자입니다."",""knowsAbout"":[""사주"",""명리학"",""만세력"",""자미두수"",""숙요점""],""url"":""https://code-destiny.com/about"",""worksFor"":{""@type"":""Organization"",""@id"":""https://code-destiny.com/#organization"",""name"":""CODE DESTINY""}}","2026-07-11T00:00:00.000Z","2026-07-11T00:00:00.000Z","ko","true","B","false","[""editorial-review-required""]","retain pending evidence review; no automatic deletion","미확인","미확인","미확인","미확인"
"https://code-destiny.com/insights/vedic-compatibility-synastry-basics/","200","200","true","https://code-destiny.com/insights/vedic-compatibility-synastry-basics/","베다 궁합 구나 밀라나 36점법 기초","[{""level"":""h1"",""text"":""베다 궁합 구나 밀라나 36점법 완전 기초 가이드""},{""level"":""h2"",""text"":""구나 밀라나란? 달과 나크샤트라로 보는 궁합의 원리""},{""level"":""h2"",""text"":""8가지 쿠타 완전 분해 — 표로 보는 36점 배점""},{""level"":""h2"",""text"":""총점 해석법 — 18점부터 33점 이상까지""},{""level"":""h2"",""text"":""나디 도샤와 바쿠트, 낮은 점수의 진짜 범인""},{""level"":""h2"",""text"":""흔한 오해 세 가지 — 낮은 점수는 '불가능'을 뜻하지 않는다""},{""level"":""h2"",""text"":""점수를 관계 행동으로 바꾸는 3단계 실전법""},{""level"":""h2"",""text"":""실전 팁 및 미니 FAQ""},{""level"":""h3"",""text"":""Q. 나디 도샤가 있으면 무조건 결혼을 피해야 하나요?""},{""level"":""h3"",""text"":""Q. 생년월일만 알아도 점수를 낼 수 있나요?""},{""level"":""h3"",""text"":""Q. 서양 궁합도 같이 보는 게 의미가 있을까요?""},{""level"":""h2"",""text"":""여섯 체계를 교차 검증하는 초융합 심층 리딩""},{""level"":""h2"",""text"":""베다점 사이트 — 인도 베다 점성술(조티쉬) 무료 차트""},{""level"":""h2"",""text"":""함께 보면 좋은 인사이트""},{""level"":""h3"",""text"":""나밤샤(D9) 완전 가이드: 결혼과 행성의 진짜 힘 읽는 법""},{""level"":""h3"",""text"":""다샤·고차르·우파야 완전정복: 베다점성술 실전 가이드""},{""level"":""h3"",""text"":""베다점성술 역행 행성(바크리) 완전 해석: 약점 아닌 강함의 신호""},{""level"":""h3"",""text"":""문라시(찬드라 라시) 감정 관리 루틴: 하루 6분 실천법""},{""level"":""h3"",""text"":""베다점성술 90일 트랜짓 저널 템플릿: 사실과 감정 분리법""},{""level"":""h3"",""text"":""베다 점성술 12라시 완전 가이드: 조티쉬 별자리 성격 총정리""},{""level"":""h2"",""text"":""핵심 운세""},{""level"":""h2"",""text"":""타로 리딩""},{""level"":""h2"",""text"":""신탁 & 특화""},{""level"":""h2"",""text"":""추천 가이드""},{""level"":""h2"",""text"":""디지털 운세 서비스 환불 안내""},{""level"":""h2"",""text"":""면책 고지""},{""level"":""h2"",""text"":""사업자 정보""}]","5257","0","true","true","{""@type"":""Person"",""@id"":""https://code-destiny.com/#author"",""name"":""박병하"",""jobTitle"":""명리학자"",""description"":""10년 경력의 명리학자. Code Destiny 가 공개하는 사주·운세 콘텐츠의 최종 검수 책임자입니다."",""knowsAbout"":[""사주"",""명리학"",""만세력"",""자미두수"",""숙요점""],""url"":""https://code-destiny.com/about"",""worksFor"":{""@type"":""Organization"",""@id"":""https://code-destiny.com/#organization"",""name"":""CODE DESTINY""}}","2026-07-11T00:00:00.000Z","2026-07-11T00:00:00.000Z","ko","true","B","false","[""editorial-review-required""]","retain pending evidence review; no automatic deletion","미확인","미확인","미확인","미확인"
"https://code-destiny.com/insights/vedic-dasha-transit-remedy-practical-guide/","200","200","true","https://code-destiny.com/insights/vedic-dasha-transit-remedy-practical-guide/","다샤·고차르·우파야 — 베다 실전 가이드","[{""level"":""h1"",""text"":""다샤·고차르·우파야 완전정복: 베다점성술 실전 가이드""},{""level"":""h2"",""text"":""빔쇼타리 다샤란 무엇인가 — 9행성이 나눠 가진 120년""},{""level"":""h2"",""text"":""9행성 키워드 치트시트 — 지금 이 행성이 뭘 의미하는지""},{""level"":""h2"",""text"":""초보자를 위한 3단계 실전 해석법 — 이번 달 행동 하나로 압축하기""},{""level"":""h2"",""text"":""다샤만으로 부족한 이유 — 고차르가 채우는 디테일""},{""level"":""h2"",""text"":""분할차트로 정밀도 높이기 — 나밤샤와 다샤믄샤 교차검증""},{""level"":""h2"",""text"":""우파야, 미신이 아니라 심리적 루틴입니다""},{""level"":""h2"",""text"":""한 달 운영 템플릿 — 4줄이면 충분합니다""},{""level"":""h2"",""text"":""주의할 점""},{""level"":""h2"",""text"":""여섯 체계를 교차 검증하는 초융합 심층 리딩""},{""level"":""h2"",""text"":""베다점 사이트 — 인도 베다 점성술(조티쉬) 무료 차트""},{""level"":""h2"",""text"":""함께 보면 좋은 인사이트""},{""level"":""h3"",""text"":""나밤샤(D9) 완전 가이드: 결혼과 행성의 진짜 힘 읽는 법""},{""level"":""h3"",""text"":""베다 궁합 구나 밀라나 36점법 완전 기초 가이드""},{""level"":""h3"",""text"":""베다점성술 역행 행성(바크리) 완전 해석: 약점 아닌 강함의 신호""},{""level"":""h3"",""text"":""문라시(찬드라 라시) 감정 관리 루틴: 하루 6분 실천법""},{""level"":""h3"",""text"":""베다점성술 90일 트랜짓 저널 템플릿: 사실과 감정 분리법""},{""level"":""h3"",""text"":""베다 점성술 12라시 완전 가이드: 조티쉬 별자리 성격 총정리""},{""level"":""h2"",""text"":""핵심 운세""},{""level"":""h2"",""text"":""타로 리딩""},{""level"":""h2"",""text"":""신탁 & 특화""},{""level"":""h2"",""text"":""추천 가이드""},{""level"":""h2"",""text"":""디지털 운세 서비스 환불 안내""},{""level"":""h2"",""text"":""면책 고지""},{""level"":""h2"",""text"":""사업자 정보""}]","6713","0","true","true","{""@type"":""Person"",""@id"":""https://code-destiny.com/#author"",""name"":""박병하"",""jobTitle"":""명리학자"",""description"":""10년 경력의 명리학자. Code Destiny 가 공개하는 사주·운세 콘텐츠의 최종 검수 책임자입니다."",""knowsAbout"":[""사주"",""명리학"",""만세력"",""자미두수"",""숙요점""],""url"":""https://code-destiny.com/about"",""worksFor"":{""@type"":""Organization"",""@id"":""https://code-destiny.com/#organization"",""name"":""CODE DESTINY""}}","2026-07-11T00:00:00.000Z","2026-07-11T00:00:00.000Z","ko","true","B","false","[""editorial-review-required""]","retain pending evidence review; no automatic deletion","미확인","미확인","미확인","미확인"
"https://code-destiny.com/insights/vedic-lagna-what-is/","200","200","true","https://code-destiny.com/insights/vedic-lagna-what-is/","라그나(Lagna)란? 베다 상승점 가이드","[{""level"":""h1"",""text"":""라그나(Lagna)란? 베다점성술 상승점 완전 가이드""},{""level"":""h2"",""text"":""라그나는 어떻게 정해지는가""},{""level"":""h2"",""text"":""라그나가 곧 1하우스 — 홀사인 하우스 시스템""},{""level"":""h2"",""text"":""라그나 로드(Lagna Lord) — 차트 전체를 물들이는 지배행성""},{""level"":""h2"",""text"":""라그나 vs 찬드라(달) vs 수리야(태양) — 세 개의 기준점""},{""level"":""h2"",""text"":""초보자를 위한 라그나 실전 활용 단계""},{""level"":""h2"",""text"":""실전 팁 — 출생 시간을 정확히 모른다면?""},{""level"":""h2"",""text"":""여섯 체계를 교차 검증하는 초융합 심층 리딩""},{""level"":""h2"",""text"":""베다점 사이트 — 인도 베다 점성술(조티쉬) 무료 차트""},{""level"":""h2"",""text"":""함께 보면 좋은 인사이트""},{""level"":""h3"",""text"":""나밤샤(D9) 완전 가이드: 결혼과 행성의 진짜 힘 읽는 법""},{""level"":""h3"",""text"":""베다 궁합 구나 밀라나 36점법 완전 기초 가이드""},{""level"":""h3"",""text"":""다샤·고차르·우파야 완전정복: 베다점성술 실전 가이드""},{""level"":""h3"",""text"":""베다점성술 역행 행성(바크리) 완전 해석: 약점 아닌 강함의 신호""},{""level"":""h3"",""text"":""문라시(찬드라 라시) 감정 관리 루틴: 하루 6분 실천법""},{""level"":""h3"",""text"":""베다점성술 90일 트랜짓 저널 템플릿: 사실과 감정 분리법""},{""level"":""h2"",""text"":""핵심 운세""},{""level"":""h2"",""text"":""타로 리딩""},{""level"":""h2"",""text"":""신탁 & 특화""},{""level"":""h2"",""text"":""추천 가이드""},{""level"":""h2"",""text"":""디지털 운세 서비스 환불 안내""},{""level"":""h2"",""text"":""면책 고지""},{""level"":""h2"",""text"":""사업자 정보""}]","4733","0","true","true","{""@type"":""Person"",""@id"":""https://code-destiny.com/#author"",""name"":""박병하"",""jobTitle"":""명리학자"",""description"":""10년 경력의 명리학자. Code Destiny 가 공개하는 사주·운세 콘텐츠의 최종 검수 책임자입니다."",""knowsAbout"":[""사주"",""명리학"",""만세력"",""자미두수"",""숙요점""],""url"":""https://code-destiny.com/about"",""worksFor"":{""@type"":""Organization"",""@id"":""https://code-destiny.com/#organization"",""name"":""CODE DESTINY""}}","2026-07-04T00:00:00.000Z","2026-07-04T00:00:00.000Z","ko","true","B","false","[""editorial-review-required""]","retain pending evidence review; no automatic deletion","미확인","미확인","미확인","미확인"
"https://code-destiny.com/insights/vedic-moon-sign-emotion-routine-guide/","200","200","true","https://code-destiny.com/insights/vedic-moon-sign-emotion-routine-guide/","문라시 감정 관리 루틴 — 하루 6분 실천","[{""level"":""h1"",""text"":""문라시(찬드라 라시) 감정 관리 루틴: 하루 6분 실천법""},{""level"":""h2"",""text"":""왜 베다점성술은 태양이 아니라 달을 감정의 중심에 둘까""},{""level"":""h2"",""text"":""아침 루틴: 2~3분, 오늘의 감정 키워드와 우선순위 하나 정하기""},{""level"":""h2"",""text"":""점심(한낮) 루틴: 1분, 감정이 과열되고 있다는 신호 점검하기""},{""level"":""h2"",""text"":""저녁 루틴: 3분, 하루를 정리하고 주간 패턴까지 확인하기""},{""level"":""h2"",""text"":""관계에 적용하기: 기대를 침묵 대신 말로 꺼내기""},{""level"":""h2"",""text"":""일에 적용하기: 감정과 상관없이 하루 우선순위 하나는 고정하기""},{""level"":""h2"",""text"":""오해 바로잡기: 예민한 문라시는 결함이 아니라 '감지 능력'입니다""},{""level"":""h2"",""text"":""실전 팁 & 자주 묻는 질문""},{""level"":""h3"",""text"":""Q. 내 문라시를 모르는데 이 루틴을 시작해도 되나요?""},{""level"":""h3"",""text"":""Q. 루틴을 며칠 하다 잊어버려요. 어떻게 해야 하나요?""},{""level"":""h3"",""text"":""Q. 감정 기복이 유난히 심한 시기인지 아닌지는 어떻게 판단하나요?""},{""level"":""h2"",""text"":""여섯 체계를 교차 검증하는 초융합 심층 리딩""},{""level"":""h2"",""text"":""베다점 사이트 — 인도 베다 점성술(조티쉬) 무료 차트""},{""level"":""h2"",""text"":""함께 보면 좋은 인사이트""},{""level"":""h3"",""text"":""나밤샤(D9) 완전 가이드: 결혼과 행성의 진짜 힘 읽는 법""},{""level"":""h3"",""text"":""베다 궁합 구나 밀라나 36점법 완전 기초 가이드""},{""level"":""h3"",""text"":""다샤·고차르·우파야 완전정복: 베다점성술 실전 가이드""},{""level"":""h3"",""text"":""베다점성술 역행 행성(바크리) 완전 해석: 약점 아닌 강함의 신호""},{""level"":""h3"",""text"":""베다점성술 90일 트랜짓 저널 템플릿: 사실과 감정 분리법""},{""level"":""h3"",""text"":""베다 점성술 12라시 완전 가이드: 조티쉬 별자리 성격 총정리""},{""level"":""h2"",""text"":""핵심 운세""},{""level"":""h2"",""text"":""타로 리딩""},{""level"":""h2"",""text"":""신탁 & 특화""},{""level"":""h2"",""text"":""추천 가이드""},{""level"":""h2"",""text"":""디지털 운세 서비스 환불 안내""},{""level"":""h2"",""text"":""면책 고지""},{""level"":""h2"",""text"":""사업자 정보""}]","5560","0","true","true","{""@type"":""Person"",""@id"":""https://code-destiny.com/#author"",""name"":""박병하"",""jobTitle"":""명리학자"",""description"":""10년 경력의 명리학자. Code Destiny 가 공개하는 사주·운세 콘텐츠의 최종 검수 책임자입니다."",""knowsAbout"":[""사주"",""명리학"",""만세력"",""자미두수"",""숙요점""],""url"":""https://code-destiny.com/about"",""worksFor"":{""@type"":""Organization"",""@id"":""https://code-destiny.com/#organization"",""name"":""CODE DESTINY""}}","2026-07-11T00:00:00.000Z","2026-07-11T00:00:00.000Z","ko","true","B","false","[""editorial-review-required""]","retain pending evidence review; no automatic deletion","미확인","미확인","미확인","미확인"
"https://code-destiny.com/insights/vedic-retrograde-planets-practical-decoding/","200","200","true","https://code-destiny.com/insights/vedic-retrograde-planets-practical-decoding/","베다 역행 행성(바크리) 완전 해석","[{""level"":""h1"",""text"":""베다점성술 역행 행성(바크리) 완전 해석: 약점 아닌 강함의 신호""},{""level"":""h2"",""text"":""어떤 행성이 역행하는가 — 수성부터 토성까지, 예외는 둘""},{""level"":""h2"",""text"":""베다 전통의 해석 — 체스타 발라, \""역행은 강함\""이라는 관점""},{""level"":""h2"",""text"":""네이탈 역행 vs 트랜짓 역행 — 반드시 구분해야 하는 이유""},{""level"":""h2"",""text"":""커리어 체크리스트 — 역행 행성별 실전 점검 포인트""},{""level"":""h2"",""text"":""관계 영역 — 오래된 이슈가 다시 떠오를 때""},{""level"":""h2"",""text"":""재무 영역 — 확장보다 점검이 우선인 시기""},{""level"":""h2"",""text"":""실전 팁 — 역행에 관해 자주 묻는 질문""},{""level"":""h3"",""text"":""Q. 역행 중에는 정말 아무것도 새로 시작하면 안 되나요?""},{""level"":""h3"",""text"":""Q. 네이탈 역행 행성이 많으면 나쁜 차트인가요?""},{""level"":""h3"",""text"":""Q. 지금이 역행 시기인지는 어떻게 확인하나요?""},{""level"":""h2"",""text"":""여섯 체계를 교차 검증하는 초융합 심층 리딩""},{""level"":""h2"",""text"":""베다점 사이트 — 인도 베다 점성술(조티쉬) 무료 차트""},{""level"":""h2"",""text"":""함께 보면 좋은 인사이트""},{""level"":""h3"",""text"":""나밤샤(D9) 완전 가이드: 결혼과 행성의 진짜 힘 읽는 법""},{""level"":""h3"",""text"":""베다 궁합 구나 밀라나 36점법 완전 기초 가이드""},{""level"":""h3"",""text"":""다샤·고차르·우파야 완전정복: 베다점성술 실전 가이드""},{""level"":""h3"",""text"":""문라시(찬드라 라시) 감정 관리 루틴: 하루 6분 실천법""},{""level"":""h3"",""text"":""베다점성술 90일 트랜짓 저널 템플릿: 사실과 감정 분리법""},{""level"":""h3"",""text"":""베다 점성술 12라시 완전 가이드: 조티쉬 별자리 성격 총정리""},{""level"":""h2"",""text"":""핵심 운세""},{""level"":""h2"",""text"":""타로 리딩""},{""level"":""h2"",""text"":""신탁 & 특화""},{""level"":""h2"",""text"":""추천 가이드""},{""level"":""h2"",""text"":""디지털 운세 서비스 환불 안내""},{""level"":""h2"",""text"":""면책 고지""},{""level"":""h2"",""text"":""사업자 정보""}]","5358","0","true","true","{""@type"":""Person"",""@id"":""https://code-destiny.com/#author"",""name"":""박병하"",""jobTitle"":""명리학자"",""description"":""10년 경력의 명리학자. Code Destiny 가 공개하는 사주·운세 콘텐츠의 최종 검수 책임자입니다."",""knowsAbout"":[""사주"",""명리학"",""만세력"",""자미두수"",""숙요점""],""url"":""https://code-destiny.com/about"",""worksFor"":{""@type"":""Organization"",""@id"":""https://code-destiny.com/#organization"",""name"":""CODE DESTINY""}}","2026-07-11T00:00:00.000Z","2026-07-11T00:00:00.000Z","ko","true","B","false","[""editorial-review-required""]","retain pending evidence review; no automatic deletion","미확인","미확인","미확인","미확인"
"https://code-destiny.com/insights/vedic-transit-journal-template-90days/","200","200","true","https://code-destiny.com/insights/vedic-transit-journal-template-90days/","베다 90일 트랜짓 저널 템플릿","[{""level"":""h1"",""text"":""베다점성술 90일 트랜짓 저널 템플릿: 사실과 감정 분리법""},{""level"":""h2"",""text"":""트랜짓 해석이 자꾸 어긋나는 이유 — 속도가 다른 행성을 한 줄로 읽는다""},{""level"":""h2"",""text"":""6항목 데일리 템플릿 — 사실과 감정을 한 칸씩 떼어서 적는다""},{""level"":""h2"",""text"":""주간 리뷰 — \""트랜짓이 맞았는가\""가 아니라 \""무엇이 반복됐는가\""를 본다""},{""level"":""h2"",""text"":""30일·60일·90일 — 시간이 지날수록 보이는 것이 달라진다""},{""level"":""h2"",""text"":""커리어에 적용하기 — 집중력과 성과를 기록으로 연결하기""},{""level"":""h2"",""text"":""재정에 적용하기 — 소비 패턴과 충동구매 트리거 추적하기""},{""level"":""h2"",""text"":""이 기록의 원칙 — 두려움이 아니라 검증을 위한 도구""},{""level"":""h2"",""text"":""실전 팁과 자주 묻는 질문""},{""level"":""h3"",""text"":""매일 쓰기 번거로우면 어떻게 하나요?""},{""level"":""h3"",""text"":""감정·에너지 점수 기준이 애매하면 어떻게 하나요?""},{""level"":""h3"",""text"":""90일을 다 채우기 전에 그만둬도 되나요?""},{""level"":""h3"",""text"":""혼자 분석하기 어려우면 어떻게 하나요?""},{""level"":""h2"",""text"":""여섯 체계를 교차 검증하는 초융합 심층 리딩""},{""level"":""h2"",""text"":""베다점 사이트 — 인도 베다 점성술(조티쉬) 무료 차트""},{""level"":""h2"",""text"":""함께 보면 좋은 인사이트""},{""level"":""h3"",""text"":""나밤샤(D9) 완전 가이드: 결혼과 행성의 진짜 힘 읽는 법""},{""level"":""h3"",""text"":""베다 궁합 구나 밀라나 36점법 완전 기초 가이드""},{""level"":""h3"",""text"":""다샤·고차르·우파야 완전정복: 베다점성술 실전 가이드""},{""level"":""h3"",""text"":""베다점성술 역행 행성(바크리) 완전 해석: 약점 아닌 강함의 신호""},{""level"":""h3"",""text"":""문라시(찬드라 라시) 감정 관리 루틴: 하루 6분 실천법""},{""level"":""h3"",""text"":""베다 점성술 12라시 완전 가이드: 조티쉬 별자리 성격 총정리""},{""level"":""h2"",""text"":""핵심 운세""},{""level"":""h2"",""text"":""타로 리딩""},{""level"":""h2"",""text"":""신탁 & 특화""},{""level"":""h2"",""text"":""추천 가이드""},{""level"":""h2"",""text"":""디지털 운세 서비스 환불 안내""},{""level"":""h2"",""text"":""면책 고지""},{""level"":""h2"",""text"":""사업자 정보""}]","5017","0","true","true","{""@type"":""Person"",""@id"":""https://code-destiny.com/#author"",""name"":""박병하"",""jobTitle"":""명리학자"",""description"":""10년 경력의 명리학자. Code Destiny 가 공개하는 사주·운세 콘텐츠의 최종 검수 책임자입니다."",""knowsAbout"":[""사주"",""명리학"",""만세력"",""자미두수"",""숙요점""],""url"":""https://code-destiny.com/about"",""worksFor"":{""@type"":""Organization"",""@id"":""https://code-destiny.com/#organization"",""name"":""CODE DESTINY""}}","2026-07-11T00:00:00.000Z","2026-07-11T00:00:00.000Z","ko","true","B","false","[""editorial-review-required""]","retain pending evidence review; no automatic deletion","미확인","미확인","미확인","미확인"
"https://code-destiny.com/insights/vedic-what-is/","200","200","true","https://code-destiny.com/insights/vedic-what-is/","베다점성술(조티쉬)이란? 초보 입문 가이드","[{""level"":""h1"",""text"":""베다점성술(조티쉬)이란? 초보자를 위한 완전 입문 가이드""},{""level"":""h2"",""text"":""사이더리얼 조디악과 아야남샤 — 별자리가 밀리는 이유""},{""level"":""h2"",""text"":""태양이 아니라 라그나가 차트의 중심인 이유""},{""level"":""h2"",""text"":""12별자리 위에 얹힌 27개의 정밀 그리드, 나크샤트라""},{""level"":""h2"",""text"":""베다점성술의 진짜 강점, 빔쇼타리 다샤로 '시기'를 읽다""},{""level"":""h2"",""text"":""처음이라면 이 순서로 — 초보자를 위한 감상 가이드""},{""level"":""h2"",""text"":""베다점성술 vs 한국 사주 — 같은 순간, 다른 해석 체계""},{""level"":""h2"",""text"":""실전 팁 & 자주 묻는 질문""},{""level"":""h3"",""text"":""출생 시각을 모르면 베다점성술을 볼 수 없나요?""},{""level"":""h3"",""text"":""서양 점성술 별자리와 베다점성술 별자리가 다르게 나오는데 어느 쪽이 맞나요?""},{""level"":""h3"",""text"":""베다점성술은 미래를 정확히 맞히는 예언인가요?""},{""level"":""h2"",""text"":""여섯 체계를 교차 검증하는 초융합 심층 리딩""},{""level"":""h2"",""text"":""베다점 사이트 — 인도 베다 점성술(조티쉬) 무료 차트""},{""level"":""h2"",""text"":""함께 보면 좋은 인사이트""},{""level"":""h3"",""text"":""나밤샤(D9) 완전 가이드: 결혼과 행성의 진짜 힘 읽는 법""},{""level"":""h3"",""text"":""베다 궁합 구나 밀라나 36점법 완전 기초 가이드""},{""level"":""h3"",""text"":""다샤·고차르·우파야 완전정복: 베다점성술 실전 가이드""},{""level"":""h3"",""text"":""베다점성술 역행 행성(바크리) 완전 해석: 약점 아닌 강함의 신호""},{""level"":""h3"",""text"":""문라시(찬드라 라시) 감정 관리 루틴: 하루 6분 실천법""},{""level"":""h3"",""text"":""베다점성술 90일 트랜짓 저널 템플릿: 사실과 감정 분리법""},{""level"":""h2"",""text"":""핵심 운세""},{""level"":""h2"",""text"":""타로 리딩""},{""level"":""h2"",""text"":""신탁 & 특화""},{""level"":""h2"",""text"":""추천 가이드""},{""level"":""h2"",""text"":""디지털 운세 서비스 환불 안내""},{""level"":""h2"",""text"":""면책 고지""},{""level"":""h2"",""text"":""사업자 정보""}]","5491","0","true","true","{""@type"":""Person"",""@id"":""https://code-destiny.com/#author"",""name"":""박병하"",""jobTitle"":""명리학자"",""description"":""10년 경력의 명리학자. Code Destiny 가 공개하는 사주·운세 콘텐츠의 최종 검수 책임자입니다."",""knowsAbout"":[""사주"",""명리학"",""만세력"",""자미두수"",""숙요점""],""url"":""https://code-destiny.com/about"",""worksFor"":{""@type"":""Organization"",""@id"":""https://code-destiny.com/#organization"",""name"":""CODE DESTINY""}}","2026-07-04T00:00:00.000Z","2026-07-04T00:00:00.000Z","ko","true","B","false","[""editorial-review-required""]","retain pending evidence review; no automatic deletion","미확인","미확인","미확인","미확인"
"https://code-destiny.com/insights/vedic/","200","200","true","https://code-destiny.com/insights/vedic/","베다점성술 인사이트 허브 · 라그나·다샤 | Code Destiny","[{""level"":""h1"",""text"":""베다점성술 인사이트 허브""},{""level"":""h2"",""text"":""베다 점성술 인사이트를 읽는 법""},{""level"":""h2"",""text"":""해석의 근거 — 참고 원전""},{""level"":""h2"",""text"":""이 체계를 계산하는 방식""},{""level"":""h2"",""text"":""추천 글""},{""level"":""h3"",""text"":""나밤샤(D9) 완전 가이드: 결혼과 행성의 진짜 힘 읽는 법""},{""level"":""h3"",""text"":""베다 궁합 구나 밀라나 36점법 완전 기초 가이드""},{""level"":""h3"",""text"":""다샤·고차르·우파야 완전정복: 베다점성술 실전 가이드""},{""level"":""h3"",""text"":""베다점성술 역행 행성(바크리) 완전 해석: 약점 아닌 강함의 신호""},{""level"":""h3"",""text"":""문라시(찬드라 라시) 감정 관리 루틴: 하루 6분 실천법""},{""level"":""h3"",""text"":""베다점성술 90일 트랜짓 저널 템플릿: 사실과 감정 분리법""},{""level"":""h3"",""text"":""베다 점성술 12라시 완전 가이드: 조티쉬 별자리 성격 총정리""},{""level"":""h2"",""text"":""최신 글""},{""level"":""h2"",""text"":""초보자 가이드""},{""level"":""h2"",""text"":""실전 해석 글""},{""level"":""h2"",""text"":""핵심 운세""},{""level"":""h2"",""text"":""타로 리딩""},{""level"":""h2"",""text"":""신탁 & 특화""},{""level"":""h2"",""text"":""추천 가이드""},{""level"":""h2"",""text"":""디지털 운세 서비스 환불 안내""},{""level"":""h2"",""text"":""면책 고지""},{""level"":""h2"",""text"":""사업자 정보""}]","2567","0","true","false","미확인","미확인","미확인","ko","true","B","false","[]","retain pending evidence review; no automatic deletion","미확인","미확인","미확인","미확인"
"https://code-destiny.com/insights/why-saju-results-differ-between-services/","200","200","true","https://code-destiny.com/insights/why-saju-results-differ-between-services/","같은 생일인데 사주가 다른 4가지 이유","[{""level"":""h1"",""text"":""같은 생년월일인데 사주가 다르게 나오는 네 가지 이유""},{""level"":""h2"",""text"":""한눈에 보는 네 가지 원인""},{""level"":""h2"",""text"":""1. 절기를 날짜로 보는가, 시각으로 보는가""},{""level"":""h2"",""text"":""2. 진태양시를 어디까지 적용하는가""},{""level"":""h2"",""text"":""3. 야자시를 인정하는가""},{""level"":""h2"",""text"":""4. 음력 환산과 윤달""},{""level"":""h2"",""text"":""다섯 번째로 오해받는 것 — 계산이 아니라 해석의 차이""},{""level"":""h2"",""text"":""결과가 갈렸을 때의 확인 순서""},{""level"":""h2"",""text"":""그래서 어느 것을 믿어야 하나""},{""level"":""h2"",""text"":""여섯 체계를 교차 검증하는 초융합 심층 리딩""},{""level"":""h2"",""text"":""무료 사주 풀이 — 사주팔자 오행·십성·대운""},{""level"":""h2"",""text"":""함께 보면 좋은 인사이트""},{""level"":""h3"",""text"":""유명인 사주로 배우는 일간(日干) 읽기 — 공개 생일로 명식 세워 보기""},{""level"":""h3"",""text"":""출생시간을 모르면 사주를 못 보나? — 세 기둥으로 읽는 법""},{""level"":""h3"",""text"":""명식은 어떻게 세워지는가 — Code Destiny의 사주 계산 기준 공개""},{""level"":""h3"",""text"":""자정 무렵에 태어나면 일주가 갈리는 이유 — 야자시와 날짜 경계""},{""level"":""h3"",""text"":""십성(十星) 입문 지도 — 명리학 십성 완전 정복""},{""level"":""h3"",""text"":""십이운성(十二運星) 완전 가이드 — 명리학에서 기운이 성장·쇠퇴하는 12단계""},{""level"":""h2"",""text"":""핵심 운세""},{""level"":""h2"",""text"":""타로 리딩""},{""level"":""h2"",""text"":""신탁 & 특화""},{""level"":""h2"",""text"":""추천 가이드""},{""level"":""h2"",""text"":""디지털 운세 서비스 환불 안내""},{""level"":""h2"",""text"":""면책 고지""},{""level"":""h2"",""text"":""사업자 정보""}]","3914","0","true","true","{""@type"":""Person"",""@id"":""https://code-destiny.com/#author"",""name"":""박병하"",""jobTitle"":""명리학자"",""description"":""10년 경력의 명리학자. Code Destiny 가 공개하는 사주·운세 콘텐츠의 최종 검수 책임자입니다."",""knowsAbout"":[""사주"",""명리학"",""만세력"",""자미두수"",""숙요점""],""url"":""https://code-destiny.com/about"",""worksFor"":{""@type"":""Organization"",""@id"":""https://code-destiny.com/#organization"",""name"":""CODE DESTINY""}}","2026-07-27T00:00:00.000Z","2026-07-27T00:00:00.000Z","ko","true","B","false","[""editorial-review-required""]","retain pending evidence review; no automatic deletion","미확인","미확인","미확인","미확인"
"https://code-destiny.com/insights/world-strange-divination-guide-including-pig-oracle/","200","200","true","https://code-destiny.com/insights/world-strange-divination-guide-including-pig-oracle/","세계의 신기한 점술 — 돼지점부터 주역까지","[{""level"":""h1"",""text"":""세계의 신기한 점술 완전 가이드 — 돼지점부터 주역까지""},{""level"":""h2"",""text"":""점술을 \""문화\""로 읽어야 하는 이유""},{""level"":""h2"",""text"":""동물로 읽는 점술과 \""돼지점\""""},{""level"":""h2"",""text"":""주역 — 동아시아의 변화를 읽는 점술""},{""level"":""h2"",""text"":""룬과 찻잎 점 — 유럽의 상징 읽기 전통""},{""level"":""h2"",""text"":""지오맨시 — 중동에서 시작해 세계로 퍼진 계산형 점술""},{""level"":""h2"",""text"":""어떤 점술이든 비교할 수 있는 \""4축 프레임워크\""""},{""level"":""h2"",""text"":""오늘날 점술을 활용하는 법 — 신기함과 안전함은 다르다""},{""level"":""h3"",""text"":""미니 FAQ""},{""level"":""h2"",""text"":""여섯 체계를 교차 검증하는 초융합 심층 리딩""},{""level"":""h2"",""text"":""함께 보면 좋은 인사이트""},{""level"":""h3"",""text"":""아시아 점복 전통 완전 가이드: 주역·사주·자미두수의 세계""},{""level"":""h3"",""text"":""유럽 점복 전통 심화 가이드: 타로·룬·찻잎점의 진짜 역사와 읽는 법""},{""level"":""h3"",""text"":""중동 점복 전통 심화 가이드: 지오맨시·커피점·해몽의 세계""},{""level"":""h2"",""text"":""핵심 운세""},{""level"":""h2"",""text"":""타로 리딩""},{""level"":""h2"",""text"":""신탁 & 특화""},{""level"":""h2"",""text"":""추천 가이드""},{""level"":""h2"",""text"":""디지털 운세 서비스 환불 안내""},{""level"":""h2"",""text"":""면책 고지""},{""level"":""h2"",""text"":""사업자 정보""}]","5085","0","true","true","{""@type"":""Person"",""@id"":""https://code-destiny.com/#author"",""name"":""박병하"",""jobTitle"":""명리학자"",""description"":""10년 경력의 명리학자. Code Destiny 가 공개하는 사주·운세 콘텐츠의 최종 검수 책임자입니다."",""knowsAbout"":[""사주"",""명리학"",""만세력"",""자미두수"",""숙요점""],""url"":""https://code-destiny.com/about"",""worksFor"":{""@type"":""Organization"",""@id"":""https://code-destiny.com/#organization"",""name"":""CODE DESTINY""}}","2026-07-11T00:00:00.000Z","2026-07-11T00:00:00.000Z","ko","true","B","false","[""editorial-review-required""]","retain pending evidence review; no automatic deletion","미확인","미확인","미확인","미확인"
"https://code-destiny.com/insights/yongshin-finding-method-practical-guide/","200","200","true","https://code-destiny.com/insights/yongshin-finding-method-practical-guide/","용신(用神) 찾는 법 — 명리학의 핵심 정리","[{""level"":""h1"",""text"":""용신(用神) 찾는 법 — 명리학의 핵심, 용신을 이해하면 사주가 보인다""},{""level"":""h2"",""text"":""제1편. 용신이란 무엇인가?""},{""level"":""h3"",""text"":""1. 용신(用神)의 의미""},{""level"":""h3"",""text"":""2. 왜 용신이 필요한가?""},{""level"":""h3"",""text"":""3. 용신은 운명을 바꾸는 오행인가?""},{""level"":""h2"",""text"":""제2편. 용신 찾는 방법과 여러 학파의 관점""},{""level"":""h3"",""text"":""1. 용신을 찾기 전에 해야 할 것""},{""level"":""h3"",""text"":""2. 가장 널리 알려진 '억부용신(抑扶用神)' 관점""},{""level"":""h3"",""text"":""3. 조후용신(調候用神)의 관점""},{""level"":""h3"",""text"":""4. 격국용신(格局用神)의 관점""},{""level"":""h3"",""text"":""5. 병약용신(病藥用神)의 관점""},{""level"":""h3"",""text"":""6. 여러 관점을 함께 보는 이유""},{""level"":""h3"",""text"":""7. 용신을 찾을 때 자주 하는 실수""},{""level"":""h3"",""text"":""8. 용신은 한 개만 있는가?""},{""level"":""h3"",""text"":""9. 용신은 바뀌는가?""},{""level"":""h3"",""text"":""10. 용신을 공부하는 올바른 순서""},{""level"":""h2"",""text"":""용신 판단 체크리스트""},{""level"":""h2"",""text"":""핵심 정리""},{""level"":""h2"",""text"":""여섯 체계를 교차 검증하는 초융합 심층 리딩""},{""level"":""h2"",""text"":""무료 사주 풀이 — 사주팔자 오행·십성·대운""},{""level"":""h2"",""text"":""함께 보면 좋은 인사이트""},{""level"":""h3"",""text"":""유명인 사주로 배우는 일간(日干) 읽기 — 공개 생일로 명식 세워 보기""},{""level"":""h3"",""text"":""출생시간을 모르면 사주를 못 보나? — 세 기둥으로 읽는 법""},{""level"":""h3"",""text"":""명식은 어떻게 세워지는가 — Code Destiny의 사주 계산 기준 공개""},{""level"":""h3"",""text"":""자정 무렵에 태어나면 일주가 갈리는 이유 — 야자시와 날짜 경계""},{""level"":""h3"",""text"":""같은 생년월일인데 사주가 다르게 나오는 네 가지 이유""},{""level"":""h3"",""text"":""십성(十星) 입문 지도 — 명리학 십성 완전 정복""},{""level"":""h2"",""text"":""핵심 운세""},{""level"":""h2"",""text"":""타로 리딩""},{""level"":""h2"",""text"":""신탁 & 특화""},{""level"":""h2"",""text"":""추천 가이드""},{""level"":""h2"",""text"":""디지털 운세 서비스 환불 안내""},{""level"":""h2"",""text"":""면책 고지""},{""level"":""h2"",""text"":""사업자 정보""}]","4757","0","true","true","{""@type"":""Person"",""@id"":""https://code-destiny.com/#author"",""name"":""박병하"",""jobTitle"":""명리학자"",""description"":""10년 경력의 명리학자. Code Destiny 가 공개하는 사주·운세 콘텐츠의 최종 검수 책임자입니다."",""knowsAbout"":[""사주"",""명리학"",""만세력"",""자미두수"",""숙요점""],""url"":""https://code-destiny.com/about"",""worksFor"":{""@type"":""Organization"",""@id"":""https://code-destiny.com/#organization"",""name"":""CODE DESTINY""}}","2026-07-10T00:00:00.000Z","2026-07-10T00:00:00.000Z","ko","true","B","false","[""editorial-review-required""]","retain pending evidence review; no automatic deletion","미확인","미확인","미확인","미확인"
"https://code-destiny.com/insights/ziwei-14-main-stars-complete-guide/","200","200","true","https://code-destiny.com/insights/ziwei-14-main-stars-complete-guide/","자미두수 14주성 총론 — 명반의 중심 별","[{""level"":""h1"",""text"":""자미두수 14주성(十四主星) 총론 — 명반을 움직이는 열네 개의 중심 별""},{""level"":""h2"",""text"":""14주성이란 무엇인가?""},{""level"":""h2"",""text"":""14주성은 사람의 성격만 보는 것이 아니다""},{""level"":""h2"",""text"":""자미두수의 두 축 — 북두성과 남두성""},{""level"":""h3"",""text"":""북두성 계열""},{""level"":""h3"",""text"":""남두성 계열""},{""level"":""h2"",""text"":""14주성의 기본 성격""},{""level"":""h2"",""text"":""좋은 별과 나쁜 별은 존재하는가?""},{""level"":""h2"",""text"":""14주성은 반드시 궁과 함께 해석한다""},{""level"":""h2"",""text"":""별은 서로 영향을 주고받는다""},{""level"":""h2"",""text"":""14주성을 배우는 올바른 순서""},{""level"":""h2"",""text"":""결론""},{""level"":""h2"",""text"":""여섯 체계를 교차 검증하는 초융합 심층 리딩""},{""level"":""h2"",""text"":""자미두수 사이트 — 무료 명반과 12궁 풀이""},{""level"":""h2"",""text"":""함께 보면 좋은 인사이트""},{""level"":""h3"",""text"":""탐랑성(貪狼星) 완전 해설 — 자미두수의 욕망·재능·도화를 상징하는 별""},{""level"":""h3"",""text"":""거문성(巨門星) 완전 해설 — 자미두수의 말·분석·시비를 상징하는 암성(暗星)""},{""level"":""h3"",""text"":""칠살성(七殺星) 완전 해설 — 자미두수의 결단·개척·고독을 상징하는 장성(將星)""},{""level"":""h3"",""text"":""파군성(破軍星) 완전 해설 — 자미두수의 변혁·재창조를 상징하는 모성(耗星)""},{""level"":""h3"",""text"":""천기성(天機星) 완전 해설 — 자미두수의 지혜·기획·변화를 상징하는 참모의 별""},{""level"":""h3"",""text"":""염정성(廉貞星) 완전 해설 — 자미두수의 원칙·집념·감정의 진폭을 상징하는 수성(囚星)""},{""level"":""h2"",""text"":""핵심 운세""},{""level"":""h2"",""text"":""타로 리딩""},{""level"":""h2"",""text"":""신탁 & 특화""},{""level"":""h2"",""text"":""추천 가이드""},{""level"":""h2"",""text"":""디지털 운세 서비스 환불 안내""},{""level"":""h2"",""text"":""면책 고지""},{""level"":""h2"",""text"":""사업자 정보""}]","3923","0","true","true","{""@type"":""Person"",""@id"":""https://code-destiny.com/#author"",""name"":""박병하"",""jobTitle"":""명리학자"",""description"":""10년 경력의 명리학자. Code Destiny 가 공개하는 사주·운세 콘텐츠의 최종 검수 책임자입니다."",""knowsAbout"":[""사주"",""명리학"",""만세력"",""자미두수"",""숙요점""],""url"":""https://code-destiny.com/about"",""worksFor"":{""@type"":""Organization"",""@id"":""https://code-destiny.com/#organization"",""name"":""CODE DESTINY""}}","2026-07-10T00:00:00.000Z","2026-07-10T00:00:00.000Z","ko","true","B","false","[""editorial-review-required""]","retain pending evidence review; no automatic deletion","미확인","미확인","미확인","미확인"
"https://code-destiny.com/insights/ziwei-basics/","200","200","true","https://code-destiny.com/insights/ziwei-basics/","자미두수 입문 가이드: 명반을 읽는 순서","[{""level"":""h1"",""text"":""자미두수 입문: 궁위부터 읽는 명반 해석""},{""level"":""h2"",""text"":""FAQ""},{""level"":""h2"",""text"":""핵심 운세""},{""level"":""h2"",""text"":""타로 리딩""},{""level"":""h2"",""text"":""신탁 & 특화""},{""level"":""h2"",""text"":""추천 가이드""},{""level"":""h2"",""text"":""디지털 운세 서비스 환불 안내""},{""level"":""h2"",""text"":""면책 고지""},{""level"":""h2"",""text"":""사업자 정보""}]","1406","0","true","false","미확인","미확인","미확인","ko","true","B","false","[]","retain pending evidence review; no automatic deletion","미확인","미확인","미확인","미확인"
"https://code-destiny.com/insights/ziwei-career-palace-action/","200","200","true","https://code-destiny.com/insights/ziwei-career-palace-action/","자미두수 직업운·승진운 — 12궁 실천 체크","[{""level"":""h1"",""text"":""자미두수 궁별 실천 체크(직업·승진) 완전 가이드 — 12궁으로 보는 직업운, 승진운, 커리어 성장 전략""},{""level"":""h2"",""text"":""1. 직업운을 볼 때 반드시 확인하는 궁""},{""level"":""h2"",""text"":""2. 명궁 실천 체크""},{""level"":""h2"",""text"":""3. 관록궁 실천 체크""},{""level"":""h2"",""text"":""4. 재백궁 실천 체크""},{""level"":""h2"",""text"":""5. 천이궁 실천 체크""},{""level"":""h2"",""text"":""6. 교우궁 실천 체크""},{""level"":""h2"",""text"":""7. 복덕궁 실천 체크""},{""level"":""h2"",""text"":""8. 부모궁 실천 체크""},{""level"":""h2"",""text"":""9. 승진운을 읽는 핵심 포인트""},{""level"":""h2"",""text"":""10. 창업이 잘 맞는 구조""},{""level"":""h2"",""text"":""11. 직장인이 성장하는 방법""},{""level"":""h2"",""text"":""12. 직업운이 약하게 느껴질 때""},{""level"":""h2"",""text"":""13. 사화와 직업운""},{""level"":""h2"",""text"":""14. 대한·유년과 승진운""},{""level"":""h2"",""text"":""15. 궁별 직업·승진 체크리스트""},{""level"":""h2"",""text"":""16. 직업운 해석 시 흔한 오해""},{""level"":""h3"",""text"":""오해 ① \""관록궁만 좋으면 성공한다.\""""},{""level"":""h3"",""text"":""오해 ② \""승진운이 없으면 승진하지 못한다.\""""},{""level"":""h3"",""text"":""오해 ③ \""창업형 명반이면 반드시 창업해야 한다.\""""},{""level"":""h2"",""text"":""17. 궁별 실천 체크(직업·승진) 총평""},{""level"":""h2"",""text"":""여섯 체계를 교차 검증하는 초융합 심층 리딩""},{""level"":""h2"",""text"":""자미두수 사이트 — 무료 명반과 12궁 풀이""},{""level"":""h2"",""text"":""함께 보면 좋은 인사이트""},{""level"":""h3"",""text"":""탐랑성(貪狼星) 완전 해설 — 자미두수의 욕망·재능·도화를 상징하는 별""},{""level"":""h3"",""text"":""거문성(巨門星) 완전 해설 — 자미두수의 말·분석·시비를 상징하는 암성(暗星)""},{""level"":""h3"",""text"":""칠살성(七殺星) 완전 해설 — 자미두수의 결단·개척·고독을 상징하는 장성(將星)""},{""level"":""h3"",""text"":""파군성(破軍星) 완전 해설 — 자미두수의 변혁·재창조를 상징하는 모성(耗星)""},{""level"":""h3"",""text"":""천기성(天機星) 완전 해설 — 자미두수의 지혜·기획·변화를 상징하는 참모의 별""},{""level"":""h3"",""text"":""염정성(廉貞星) 완전 해설 — 자미두수의 원칙·집념·감정의 진폭을 상징하는 수성(囚星)""},{""level"":""h2"",""text"":""핵심 운세""},{""level"":""h2"",""text"":""타로 리딩""},{""level"":""h2"",""text"":""신탁 & 특화""},{""level"":""h2"",""text"":""추천 가이드""},{""level"":""h2"",""text"":""디지털 운세 서비스 환불 안내""},{""level"":""h2"",""text"":""면책 고지""},{""level"":""h2"",""text"":""사업자 정보""}]","4727","0","true","true","{""@type"":""Person"",""@id"":""https://code-destiny.com/#author"",""name"":""박병하"",""jobTitle"":""명리학자"",""description"":""10년 경력의 명리학자. Code Destiny 가 공개하는 사주·운세 콘텐츠의 최종 검수 책임자입니다."",""knowsAbout"":[""사주"",""명리학"",""만세력"",""자미두수"",""숙요점""],""url"":""https://code-destiny.com/about"",""worksFor"":{""@type"":""Organization"",""@id"":""https://code-destiny.com/#organization"",""name"":""CODE DESTINY""}}","2026-07-04T00:00:00.000Z","2026-07-04T00:00:00.000Z","ko","true","B","false","[""editorial-review-required""]","retain pending evidence review; no automatic deletion","미확인","미확인","미확인","미확인"
"https://code-destiny.com/insights/ziwei-chart-guide/","200","200","true","https://code-destiny.com/insights/ziwei-chart-guide/","자미두수 명반 보는 법 — 5단계 해석법 | 운세 인사이트","[{""level"":""h1"",""text"":""자미두수 명반 보는 법 — 5단계 해석법""},{""level"":""h2"",""text"":""1단계. 명궁(命宮)으로 인생의 기본 틀을 읽는다""},{""level"":""h2"",""text"":""2단계. 신궁(身宮)으로 실제 행동 방식을 확인한다""},{""level"":""h2"",""text"":""3단계. 핵심 궁을 연결해 인생의 큰 흐름을 분석한다""},{""level"":""h2"",""text"":""4단계. 별의 조합과 사화(四化)를 종합적으로 해석한다""},{""level"":""h2"",""text"":""5단계. 대운과 세운으로 시간의 흐름을 읽는다""},{""level"":""h2"",""text"":""명반 해석 시 반드시 기억해야 할 원칙""},{""level"":""h2"",""text"":""결론""},{""level"":""h2"",""text"":""여섯 체계를 교차 검증하는 초융합 심층 리딩""},{""level"":""h2"",""text"":""자미두수 사이트 — 무료 명반과 12궁 풀이""},{""level"":""h2"",""text"":""함께 보면 좋은 인사이트""},{""level"":""h3"",""text"":""탐랑성(貪狼星) 완전 해설 — 자미두수의 욕망·재능·도화를 상징하는 별""},{""level"":""h3"",""text"":""거문성(巨門星) 완전 해설 — 자미두수의 말·분석·시비를 상징하는 암성(暗星)""},{""level"":""h3"",""text"":""칠살성(七殺星) 완전 해설 — 자미두수의 결단·개척·고독을 상징하는 장성(將星)""},{""level"":""h3"",""text"":""파군성(破軍星) 완전 해설 — 자미두수의 변혁·재창조를 상징하는 모성(耗星)""},{""level"":""h3"",""text"":""천기성(天機星) 완전 해설 — 자미두수의 지혜·기획·변화를 상징하는 참모의 별""},{""level"":""h3"",""text"":""염정성(廉貞星) 완전 해설 — 자미두수의 원칙·집념·감정의 진폭을 상징하는 수성(囚星)""},{""level"":""h2"",""text"":""핵심 운세""},{""level"":""h2"",""text"":""타로 리딩""},{""level"":""h2"",""text"":""신탁 & 특화""},{""level"":""h2"",""text"":""추천 가이드""},{""level"":""h2"",""text"":""디지털 운세 서비스 환불 안내""},{""level"":""h2"",""text"":""면책 고지""},{""level"":""h2"",""text"":""사업자 정보""}]","3591","0","true","true","{""@type"":""Person"",""@id"":""https://code-destiny.com/#author"",""name"":""박병하"",""jobTitle"":""명리학자"",""description"":""10년 경력의 명리학자. Code Destiny 가 공개하는 사주·운세 콘텐츠의 최종 검수 책임자입니다."",""knowsAbout"":[""사주"",""명리학"",""만세력"",""자미두수"",""숙요점""],""url"":""https://code-destiny.com/about"",""worksFor"":{""@type"":""Organization"",""@id"":""https://code-destiny.com/#organization"",""name"":""CODE DESTINY""}}","2026-07-04T00:00:00.000Z","2026-07-04T00:00:00.000Z","ko","true","B","false","[""editorial-review-required""]","retain pending evidence review; no automatic deletion","미확인","미확인","미확인","미확인"
"https://code-destiny.com/insights/ziwei-compatibility-palace-method/","200","200","true","https://code-destiny.com/insights/ziwei-compatibility-palace-method/","자미두수 궁합 — 부처궁으로 배우자 운 읽기","[{""level"":""h1"",""text"":""자미두수 궁합(부처궁) 완전 가이드 — 부처궁(夫妻宮)으로 배우자 운과 궁합을 읽는 법""},{""level"":""h2"",""text"":""1. 부처궁(夫妻宮)이란?""},{""level"":""h2"",""text"":""2. 궁합은 왜 부처궁만 보면 안 되는가?""},{""level"":""h2"",""text"":""3. 부처궁에서 가장 먼저 보는 것""},{""level"":""h2"",""text"":""4. 부처궁의 14주성 해석""},{""level"":""h2"",""text"":""5. 부처궁에서 보는 연애 스타일""},{""level"":""h2"",""text"":""6. 부부 갈등은 어떻게 보는가?""},{""level"":""h2"",""text"":""7. 별 조합으로 보는 궁합""},{""level"":""h3"",""text"":""자미 + 천부""},{""level"":""h3"",""text"":""태양 + 태음""},{""level"":""h3"",""text"":""무곡 + 태음""},{""level"":""h3"",""text"":""천동 + 천량""},{""level"":""h3"",""text"":""탐랑 + 염정""},{""level"":""h2"",""text"":""8. 사화와 부처궁""},{""level"":""h2"",""text"":""9. 길성과 흉성의 영향""},{""level"":""h2"",""text"":""10. 궁합에서 명궁도 함께 본다""},{""level"":""h2"",""text"":""11. 복덕궁이 중요한 이유""},{""level"":""h2"",""text"":""12. 재백궁과 궁합""},{""level"":""h2"",""text"":""13. 대운과 유년운의 영향""},{""level"":""h2"",""text"":""14. 궁합을 해석할 때 흔한 오해""},{""level"":""h3"",""text"":""오해 ① \""부처궁만 좋으면 결혼은 성공한다.\""""},{""level"":""h3"",""text"":""오해 ② \""흉성이 있으면 이혼한다.\""""},{""level"":""h3"",""text"":""오해 ③ \""궁합은 운명이 정해져 있다.\""""},{""level"":""h2"",""text"":""15. 좋은 궁합의 조건""},{""level"":""h2"",""text"":""16. 실전 궁합 분석 순서""},{""level"":""h2"",""text"":""17. 궁합(부처궁) 총평""},{""level"":""h2"",""text"":""여섯 체계를 교차 검증하는 초융합 심층 리딩""},{""level"":""h2"",""text"":""자미두수 사이트 — 무료 명반과 12궁 풀이""},{""level"":""h2"",""text"":""함께 보면 좋은 인사이트""},{""level"":""h3"",""text"":""탐랑성(貪狼星) 완전 해설 — 자미두수의 욕망·재능·도화를 상징하는 별""},{""level"":""h3"",""text"":""거문성(巨門星) 완전 해설 — 자미두수의 말·분석·시비를 상징하는 암성(暗星)""},{""level"":""h3"",""text"":""칠살성(七殺星) 완전 해설 — 자미두수의 결단·개척·고독을 상징하는 장성(將星)""},{""level"":""h3"",""text"":""파군성(破軍星) 완전 해설 — 자미두수의 변혁·재창조를 상징하는 모성(耗星)""},{""level"":""h3"",""text"":""천기성(天機星) 완전 해설 — 자미두수의 지혜·기획·변화를 상징하는 참모의 별""},{""level"":""h3"",""text"":""염정성(廉貞星) 완전 해설 — 자미두수의 원칙·집념·감정의 진폭을 상징하는 수성(囚星)""},{""level"":""h2"",""text"":""핵심 운세""},{""level"":""h2"",""text"":""타로 리딩""},{""level"":""h2"",""text"":""신탁 & 특화""},{""level"":""h2"",""text"":""추천 가이드""},{""level"":""h2"",""text"":""디지털 운세 서비스 환불 안내""},{""level"":""h2"",""text"":""면책 고지""},{""level"":""h2"",""text"":""사업자 정보""}]","4678","0","true","true","{""@type"":""Person"",""@id"":""https://code-destiny.com/#author"",""name"":""박병하"",""jobTitle"":""명리학자"",""description"":""10년 경력의 명리학자. Code Destiny 가 공개하는 사주·운세 콘텐츠의 최종 검수 책임자입니다."",""knowsAbout"":[""사주"",""명리학"",""만세력"",""자미두수"",""숙요점""],""url"":""https://code-destiny.com/about"",""worksFor"":{""@type"":""Organization"",""@id"":""https://code-destiny.com/#organization"",""name"":""CODE DESTINY""}}","2026-07-10T00:00:00.000Z","2026-07-10T00:00:00.000Z","ko","true","B","false","[""editorial-review-required""]","retain pending evidence review; no automatic deletion","미확인","미확인","미확인","미확인"
"https://code-destiny.com/insights/ziwei-decade-and-annual-flow-reading-guide/","200","200","true","https://code-destiny.com/insights/ziwei-decade-and-annual-flow-reading-guide/","자미두수 대한·유년 흐름 읽는 법","[{""level"":""h1"",""text"":""자미두수 대한(大限)·유년(流年) 흐름 완전 가이드 — 인생의 큰 운과 매년의 변화를 읽는 핵심 원리""},{""level"":""h2"",""text"":""1. 대한(大限)이란?""},{""level"":""h2"",""text"":""2. 유년(流年)이란?""},{""level"":""h2"",""text"":""3. 명반·대한·유년의 관계""},{""level"":""h2"",""text"":""4. 대한은 어떻게 해석하는가?""},{""level"":""h2"",""text"":""5. 유년은 어떻게 해석하는가?""},{""level"":""h2"",""text"":""6. 대한이 좋은 시기""},{""level"":""h2"",""text"":""7. 대한이 어려운 시기""},{""level"":""h2"",""text"":""8. 유년에서 자주 보는 분야""},{""level"":""h2"",""text"":""9. 대한과 유년이 함께 좋을 때""},{""level"":""h2"",""text"":""10. 대한은 좋고 유년은 약할 때""},{""level"":""h2"",""text"":""11. 대한은 어렵고 유년은 좋을 때""},{""level"":""h2"",""text"":""12. 사화와 대한·유년""},{""level"":""h2"",""text"":""13. 대한·유년에서 보는 12궁""},{""level"":""h2"",""text"":""14. 대한과 유년 해석 순서""},{""level"":""h2"",""text"":""15. 대한·유년 해석 시 흔한 오해""},{""level"":""h3"",""text"":""오해 ① \""대한이 좋으면 모든 일이 잘된다.\""""},{""level"":""h3"",""text"":""오해 ② \""유년이 나쁘면 한 해가 망한다.\""""},{""level"":""h3"",""text"":""오해 ③ \""운이 나쁘면 노력해도 소용없다.\""""},{""level"":""h2"",""text"":""16. 대한·유년을 활용하는 방법""},{""level"":""h2"",""text"":""17. 대한·유년 총평""},{""level"":""h2"",""text"":""여섯 체계를 교차 검증하는 초융합 심층 리딩""},{""level"":""h2"",""text"":""자미두수 사이트 — 무료 명반과 12궁 풀이""},{""level"":""h2"",""text"":""함께 보면 좋은 인사이트""},{""level"":""h3"",""text"":""탐랑성(貪狼星) 완전 해설 — 자미두수의 욕망·재능·도화를 상징하는 별""},{""level"":""h3"",""text"":""거문성(巨門星) 완전 해설 — 자미두수의 말·분석·시비를 상징하는 암성(暗星)""},{""level"":""h3"",""text"":""칠살성(七殺星) 완전 해설 — 자미두수의 결단·개척·고독을 상징하는 장성(將星)""},{""level"":""h3"",""text"":""파군성(破軍星) 완전 해설 — 자미두수의 변혁·재창조를 상징하는 모성(耗星)""},{""level"":""h3"",""text"":""천기성(天機星) 완전 해설 — 자미두수의 지혜·기획·변화를 상징하는 참모의 별""},{""level"":""h3"",""text"":""염정성(廉貞星) 완전 해설 — 자미두수의 원칙·집념·감정의 진폭을 상징하는 수성(囚星)""},{""level"":""h2"",""text"":""핵심 운세""},{""level"":""h2"",""text"":""타로 리딩""},{""level"":""h2"",""text"":""신탁 & 특화""},{""level"":""h2"",""text"":""추천 가이드""},{""level"":""h2"",""text"":""디지털 운세 서비스 환불 안내""},{""level"":""h2"",""text"":""면책 고지""},{""level"":""h2"",""text"":""사업자 정보""}]","4439","0","true","true","{""@type"":""Person"",""@id"":""https://code-destiny.com/#author"",""name"":""박병하"",""jobTitle"":""명리학자"",""description"":""10년 경력의 명리학자. Code Destiny 가 공개하는 사주·운세 콘텐츠의 최종 검수 책임자입니다."",""knowsAbout"":[""사주"",""명리학"",""만세력"",""자미두수"",""숙요점""],""url"":""https://code-destiny.com/about"",""worksFor"":{""@type"":""Organization"",""@id"":""https://code-destiny.com/#organization"",""name"":""CODE DESTINY""}}","2026-07-10T00:00:00.000Z","2026-07-10T00:00:00.000Z","ko","true","B","false","[""editorial-review-required""]","retain pending evidence review; no automatic deletion","미확인","미확인","미확인","미확인"
"https://code-destiny.com/insights/ziwei-four-transformations-lu-quan-ke-ji-guide/","200","200","true","https://code-destiny.com/insights/ziwei-four-transformations-lu-quan-ke-ji-guide/","사화(四化) 가이드 — 화록·화권·화과·화기","[{""level"":""h1"",""text"":""사화(四化) 완전 가이드 — 화록(化祿)·화권(化權)·화과(化科)·화기(化忌)의 모든 것""},{""level"":""h2"",""text"":""1. 사화(四化)란 무엇인가?""},{""level"":""h2"",""text"":""2. 왜 사화가 중요한가?""},{""level"":""h2"",""text"":""3. 화록(化祿)""},{""level"":""h2"",""text"":""4. 화권(化權)""},{""level"":""h2"",""text"":""5. 화과(化科)""},{""level"":""h2"",""text"":""6. 화기(化忌)""},{""level"":""h2"",""text"":""7. 화기는 반드시 나쁜가?""},{""level"":""h2"",""text"":""8. 사화의 비교""},{""level"":""h2"",""text"":""9. 사화를 궁(宮)에서 읽는 방법""},{""level"":""h2"",""text"":""10. 사화와 재물운""},{""level"":""h2"",""text"":""11. 사화와 직업운""},{""level"":""h2"",""text"":""12. 사화와 인간관계""},{""level"":""h2"",""text"":""13. 사화의 상호작용""},{""level"":""h2"",""text"":""14. 사화를 해석할 때의 핵심 원칙""},{""level"":""h2"",""text"":""15. 사화 해석 시 흔한 오해""},{""level"":""h3"",""text"":""오해 ① \""화록만 있으면 무조건 부자다.\""""},{""level"":""h3"",""text"":""오해 ② \""화권은 권력만 의미한다.\""""},{""level"":""h3"",""text"":""오해 ③ \""화과는 시험 합격만 의미한다.\""""},{""level"":""h3"",""text"":""오해 ④ \""화기는 흉하다.\""""},{""level"":""h2"",""text"":""16. 사화 총평""},{""level"":""h2"",""text"":""여섯 체계를 교차 검증하는 초융합 심층 리딩""},{""level"":""h2"",""text"":""자미두수 사이트 — 무료 명반과 12궁 풀이""},{""level"":""h2"",""text"":""함께 보면 좋은 인사이트""},{""level"":""h3"",""text"":""탐랑성(貪狼星) 완전 해설 — 자미두수의 욕망·재능·도화를 상징하는 별""},{""level"":""h3"",""text"":""거문성(巨門星) 완전 해설 — 자미두수의 말·분석·시비를 상징하는 암성(暗星)""},{""level"":""h3"",""text"":""칠살성(七殺星) 완전 해설 — 자미두수의 결단·개척·고독을 상징하는 장성(將星)""},{""level"":""h3"",""text"":""파군성(破軍星) 완전 해설 — 자미두수의 변혁·재창조를 상징하는 모성(耗星)""},{""level"":""h3"",""text"":""천기성(天機星) 완전 해설 — 자미두수의 지혜·기획·변화를 상징하는 참모의 별""},{""level"":""h3"",""text"":""염정성(廉貞星) 완전 해설 — 자미두수의 원칙·집념·감정의 진폭을 상징하는 수성(囚星)""},{""level"":""h2"",""text"":""핵심 운세""},{""level"":""h2"",""text"":""타로 리딩""},{""level"":""h2"",""text"":""신탁 & 특화""},{""level"":""h2"",""text"":""추천 가이드""},{""level"":""h2"",""text"":""디지털 운세 서비스 환불 안내""},{""level"":""h2"",""text"":""면책 고지""},{""level"":""h2"",""text"":""사업자 정보""}]","4493","0","true","true","{""@type"":""Person"",""@id"":""https://code-destiny.com/#author"",""name"":""박병하"",""jobTitle"":""명리학자"",""description"":""10년 경력의 명리학자. Code Destiny 가 공개하는 사주·운세 콘텐츠의 최종 검수 책임자입니다."",""knowsAbout"":[""사주"",""명리학"",""만세력"",""자미두수"",""숙요점""],""url"":""https://code-destiny.com/about"",""worksFor"":{""@type"":""Organization"",""@id"":""https://code-destiny.com/#organization"",""name"":""CODE DESTINY""}}","2026-07-10T00:00:00.000Z","2026-07-10T00:00:00.000Z","ko","true","B","false","[""editorial-review-required""]","retain pending evidence review; no automatic deletion","미확인","미확인","미확인","미확인"
"https://code-destiny.com/insights/ziwei-jumen-star-speech-and-doubt/","200","200","true","https://code-destiny.com/insights/ziwei-jumen-star-speech-and-doubt/","거문성(巨門星) 해설 — 말·분석의 암성","[{""level"":""h1"",""text"":""거문성(巨門星) 완전 해설 — 자미두수의 말·분석·시비를 상징하는 암성(暗星)""},{""level"":""h2"",""text"":""1. 거문성의 기본 의미""},{""level"":""h2"",""text"":""2. 거문성의 성격""},{""level"":""h3"",""text"":""① 분석적이다""},{""level"":""h3"",""text"":""② 말이 정확하다""},{""level"":""h3"",""text"":""③ 의심이 많다""},{""level"":""h3"",""text"":""④ 기억이 오래간다""},{""level"":""h3"",""text"":""⑤ 혼자 있는 시간이 필요하다""},{""level"":""h2"",""text"":""3. 거문성의 장점""},{""level"":""h2"",""text"":""4. 거문성의 단점""},{""level"":""h2"",""text"":""5. 거문성이 강할 때와 약할 때""},{""level"":""h2"",""text"":""6. 궁위별 해석""},{""level"":""h2"",""text"":""7. 다른 주성과의 조합""},{""level"":""h2"",""text"":""8. 직업운""},{""level"":""h2"",""text"":""9. 관계운""},{""level"":""h2"",""text"":""10. 실전 체크리스트""},{""level"":""h2"",""text"":""여섯 체계를 교차 검증하는 초융합 심층 리딩""},{""level"":""h2"",""text"":""자미두수 사이트 — 무료 명반과 12궁 풀이""},{""level"":""h2"",""text"":""함께 보면 좋은 인사이트""},{""level"":""h3"",""text"":""탐랑성(貪狼星) 완전 해설 — 자미두수의 욕망·재능·도화를 상징하는 별""},{""level"":""h3"",""text"":""칠살성(七殺星) 완전 해설 — 자미두수의 결단·개척·고독을 상징하는 장성(將星)""},{""level"":""h3"",""text"":""파군성(破軍星) 완전 해설 — 자미두수의 변혁·재창조를 상징하는 모성(耗星)""},{""level"":""h3"",""text"":""천기성(天機星) 완전 해설 — 자미두수의 지혜·기획·변화를 상징하는 참모의 별""},{""level"":""h3"",""text"":""염정성(廉貞星) 완전 해설 — 자미두수의 원칙·집념·감정의 진폭을 상징하는 수성(囚星)""},{""level"":""h3"",""text"":""천상성(天相星) 완전 해설 — 자미두수의 보좌·조정·신뢰를 상징하는 인성(印星)""},{""level"":""h2"",""text"":""핵심 운세""},{""level"":""h2"",""text"":""타로 리딩""},{""level"":""h2"",""text"":""신탁 & 특화""},{""level"":""h2"",""text"":""추천 가이드""},{""level"":""h2"",""text"":""디지털 운세 서비스 환불 안내""},{""level"":""h2"",""text"":""면책 고지""},{""level"":""h2"",""text"":""사업자 정보""}]","3133","0","true","true","{""@type"":""Person"",""@id"":""https://code-destiny.com/#author"",""name"":""박병하"",""jobTitle"":""명리학자"",""description"":""10년 경력의 명리학자. Code Destiny 가 공개하는 사주·운세 콘텐츠의 최종 검수 책임자입니다."",""knowsAbout"":[""사주"",""명리학"",""만세력"",""자미두수"",""숙요점""],""url"":""https://code-destiny.com/about"",""worksFor"":{""@type"":""Organization"",""@id"":""https://code-destiny.com/#organization"",""name"":""CODE DESTINY""}}","2026-08-24T00:00:00.000Z","2026-08-24T00:00:00.000Z","ko","true","B","false","[""editorial-review-required""]","retain pending evidence review; no automatic deletion","미확인","미확인","미확인","미확인"
"https://code-destiny.com/insights/ziwei-lianzhen-star-principle-and-passion/","200","200","true","https://code-destiny.com/insights/ziwei-lianzhen-star-principle-and-passion/","염정성(廉貞星) 해설 — 원칙·집념의 수성","[{""level"":""h1"",""text"":""염정성(廉貞星) 완전 해설 — 자미두수의 원칙·집념·감정의 진폭을 상징하는 수성(囚星)""},{""level"":""h2"",""text"":""1. 염정성의 기본 의미""},{""level"":""h2"",""text"":""2. 염정성의 성격""},{""level"":""h3"",""text"":""① 기준이 분명하다""},{""level"":""h3"",""text"":""② 몰입이 깊다""},{""level"":""h3"",""text"":""③ 개성이 강하다""},{""level"":""h3"",""text"":""④ 감정의 진폭이 크다""},{""level"":""h3"",""text"":""⑤ 자존심이 강하다""},{""level"":""h2"",""text"":""3. 염정성의 장점""},{""level"":""h2"",""text"":""4. 염정성의 단점""},{""level"":""h2"",""text"":""5. 염정성이 강할 때와 약할 때""},{""level"":""h2"",""text"":""6. 궁위별 해석""},{""level"":""h2"",""text"":""7. 다른 주성과의 조합""},{""level"":""h2"",""text"":""8. 직업운""},{""level"":""h2"",""text"":""9. 관계운""},{""level"":""h2"",""text"":""10. 실전 체크리스트""},{""level"":""h2"",""text"":""여섯 체계를 교차 검증하는 초융합 심층 리딩""},{""level"":""h2"",""text"":""자미두수 사이트 — 무료 명반과 12궁 풀이""},{""level"":""h2"",""text"":""함께 보면 좋은 인사이트""},{""level"":""h3"",""text"":""탐랑성(貪狼星) 완전 해설 — 자미두수의 욕망·재능·도화를 상징하는 별""},{""level"":""h3"",""text"":""거문성(巨門星) 완전 해설 — 자미두수의 말·분석·시비를 상징하는 암성(暗星)""},{""level"":""h3"",""text"":""칠살성(七殺星) 완전 해설 — 자미두수의 결단·개척·고독을 상징하는 장성(將星)""},{""level"":""h3"",""text"":""파군성(破軍星) 완전 해설 — 자미두수의 변혁·재창조를 상징하는 모성(耗星)""},{""level"":""h3"",""text"":""천기성(天機星) 완전 해설 — 자미두수의 지혜·기획·변화를 상징하는 참모의 별""},{""level"":""h3"",""text"":""천상성(天相星) 완전 해설 — 자미두수의 보좌·조정·신뢰를 상징하는 인성(印星)""},{""level"":""h2"",""text"":""핵심 운세""},{""level"":""h2"",""text"":""타로 리딩""},{""level"":""h2"",""text"":""신탁 & 특화""},{""level"":""h2"",""text"":""추천 가이드""},{""level"":""h2"",""text"":""디지털 운세 서비스 환불 안내""},{""level"":""h2"",""text"":""면책 고지""},{""level"":""h2"",""text"":""사업자 정보""}]","3036","0","true","true","{""@type"":""Person"",""@id"":""https://code-destiny.com/#author"",""name"":""박병하"",""jobTitle"":""명리학자"",""description"":""10년 경력의 명리학자. Code Destiny 가 공개하는 사주·운세 콘텐츠의 최종 검수 책임자입니다."",""knowsAbout"":[""사주"",""명리학"",""만세력"",""자미두수"",""숙요점""],""url"":""https://code-destiny.com/about"",""worksFor"":{""@type"":""Organization"",""@id"":""https://code-destiny.com/#organization"",""name"":""CODE DESTINY""}}","2026-08-24T00:00:00.000Z","2026-08-24T00:00:00.000Z","ko","true","B","false","[""editorial-review-required""]","retain pending evidence review; no automatic deletion","미확인","미확인","미확인","미확인"
"https://code-destiny.com/insights/ziwei-life-palaces/","200","200","true","https://code-destiny.com/insights/ziwei-life-palaces/","자미두수 12궁 전체 해석 — 명궁부터 부모궁","[{""level"":""h1"",""text"":""자미두수 12궁 전체 해석 — 명궁부터 부모궁까지 완벽하게 이해하기""},{""level"":""h2"",""text"":""자미두수의 12궁이란?""},{""level"":""h2"",""text"":""12궁의 기본 구조""},{""level"":""h3"",""text"":""① 명궁(命宮) — 인생의 중심""},{""level"":""h3"",""text"":""② 형제궁(兄弟宮)""},{""level"":""h3"",""text"":""③ 부부궁(夫妻宮)""},{""level"":""h3"",""text"":""④ 자녀궁(子女宮)""},{""level"":""h3"",""text"":""⑤ 재백궁(財帛宮)""},{""level"":""h3"",""text"":""⑥ 질액궁(疾厄宮)""},{""level"":""h3"",""text"":""⑦ 천이궁(遷移宮)""},{""level"":""h3"",""text"":""⑧ 노복궁(奴僕宮)""},{""level"":""h3"",""text"":""⑨ 관록궁(官祿宮)""},{""level"":""h3"",""text"":""⑩ 전택궁(田宅宮)""},{""level"":""h3"",""text"":""⑪ 복덕궁(福德宮)""},{""level"":""h3"",""text"":""⑫ 부모궁(父母宮)""},{""level"":""h2"",""text"":""12궁은 서로 연결되어 있다""},{""level"":""h2"",""text"":""12궁 해석의 핵심 원칙""},{""level"":""h2"",""text"":""결론""},{""level"":""h2"",""text"":""여섯 체계를 교차 검증하는 초융합 심층 리딩""},{""level"":""h2"",""text"":""자미두수 사이트 — 무료 명반과 12궁 풀이""},{""level"":""h2"",""text"":""함께 보면 좋은 인사이트""},{""level"":""h3"",""text"":""탐랑성(貪狼星) 완전 해설 — 자미두수의 욕망·재능·도화를 상징하는 별""},{""level"":""h3"",""text"":""거문성(巨門星) 완전 해설 — 자미두수의 말·분석·시비를 상징하는 암성(暗星)""},{""level"":""h3"",""text"":""칠살성(七殺星) 완전 해설 — 자미두수의 결단·개척·고독을 상징하는 장성(將星)""},{""level"":""h3"",""text"":""파군성(破軍星) 완전 해설 — 자미두수의 변혁·재창조를 상징하는 모성(耗星)""},{""level"":""h3"",""text"":""천기성(天機星) 완전 해설 — 자미두수의 지혜·기획·변화를 상징하는 참모의 별""},{""level"":""h3"",""text"":""염정성(廉貞星) 완전 해설 — 자미두수의 원칙·집념·감정의 진폭을 상징하는 수성(囚星)""},{""level"":""h2"",""text"":""핵심 운세""},{""level"":""h2"",""text"":""타로 리딩""},{""level"":""h2"",""text"":""신탁 & 특화""},{""level"":""h2"",""text"":""추천 가이드""},{""level"":""h2"",""text"":""디지털 운세 서비스 환불 안내""},{""level"":""h2"",""text"":""면책 고지""},{""level"":""h2"",""text"":""사업자 정보""}]","3948","0","true","true","{""@type"":""Person"",""@id"":""https://code-destiny.com/#author"",""name"":""박병하"",""jobTitle"":""명리학자"",""description"":""10년 경력의 명리학자. Code Destiny 가 공개하는 사주·운세 콘텐츠의 최종 검수 책임자입니다."",""knowsAbout"":[""사주"",""명리학"",""만세력"",""자미두수"",""숙요점""],""url"":""https://code-destiny.com/about"",""worksFor"":{""@type"":""Organization"",""@id"":""https://code-destiny.com/#organization"",""name"":""CODE DESTINY""}}","2026-07-04T00:00:00.000Z","2026-07-04T00:00:00.000Z","ko","true","B","false","[""editorial-review-required""]","retain pending evidence review; no automatic deletion","미확인","미확인","미확인","미확인"
"https://code-destiny.com/insights/ziwei-minggong/","200","200","true","https://code-destiny.com/insights/ziwei-minggong/","자미두수 명궁(命宮) 해석 — 명반의 중심","[{""level"":""h1"",""text"":""자미두수 명궁(命宮) 해석 통합 — 명반의 중심을 읽는 최고의 방법""},{""level"":""h2"",""text"":""명궁은 왜 가장 중요한가?""},{""level"":""h2"",""text"":""1단계: 명궁의 주성부터 이해한다""},{""level"":""h2"",""text"":""2단계: 명궁의 궁위와 환경을 본다""},{""level"":""h2"",""text"":""3단계: 보조성과 길흉성을 함께 읽는다""},{""level"":""h2"",""text"":""4단계: 명궁과 신궁을 함께 본다""},{""level"":""h2"",""text"":""5단계: 삼방사정(三方四正)으로 명궁을 확장한다""},{""level"":""h2"",""text"":""6단계: 사화(四化)의 작용을 확인한다""},{""level"":""h2"",""text"":""7단계: 대운과 세운으로 명궁의 변화 읽기""},{""level"":""h2"",""text"":""명궁 통합 해석의 핵심 원칙""},{""level"":""h2"",""text"":""결론""},{""level"":""h2"",""text"":""여섯 체계를 교차 검증하는 초융합 심층 리딩""},{""level"":""h2"",""text"":""자미두수 사이트 — 무료 명반과 12궁 풀이""},{""level"":""h2"",""text"":""함께 보면 좋은 인사이트""},{""level"":""h3"",""text"":""탐랑성(貪狼星) 완전 해설 — 자미두수의 욕망·재능·도화를 상징하는 별""},{""level"":""h3"",""text"":""거문성(巨門星) 완전 해설 — 자미두수의 말·분석·시비를 상징하는 암성(暗星)""},{""level"":""h3"",""text"":""칠살성(七殺星) 완전 해설 — 자미두수의 결단·개척·고독을 상징하는 장성(將星)""},{""level"":""h3"",""text"":""파군성(破軍星) 완전 해설 — 자미두수의 변혁·재창조를 상징하는 모성(耗星)""},{""level"":""h3"",""text"":""천기성(天機星) 완전 해설 — 자미두수의 지혜·기획·변화를 상징하는 참모의 별""},{""level"":""h3"",""text"":""염정성(廉貞星) 완전 해설 — 자미두수의 원칙·집념·감정의 진폭을 상징하는 수성(囚星)""},{""level"":""h2"",""text"":""핵심 운세""},{""level"":""h2"",""text"":""타로 리딩""},{""level"":""h2"",""text"":""신탁 & 특화""},{""level"":""h2"",""text"":""추천 가이드""},{""level"":""h2"",""text"":""디지털 운세 서비스 환불 안내""},{""level"":""h2"",""text"":""면책 고지""},{""level"":""h2"",""text"":""사업자 정보""}]","3982","0","true","true","{""@type"":""Person"",""@id"":""https://code-destiny.com/#author"",""name"":""박병하"",""jobTitle"":""명리학자"",""description"":""10년 경력의 명리학자. Code Destiny 가 공개하는 사주·운세 콘텐츠의 최종 검수 책임자입니다."",""knowsAbout"":[""사주"",""명리학"",""만세력"",""자미두수"",""숙요점""],""url"":""https://code-destiny.com/about"",""worksFor"":{""@type"":""Organization"",""@id"":""https://code-destiny.com/#organization"",""name"":""CODE DESTINY""}}","2026-07-04T00:00:00.000Z","2026-07-04T00:00:00.000Z","ko","true","B","false","[""editorial-review-required""]","retain pending evidence review; no automatic deletion","미확인","미확인","미확인","미확인"
"https://code-destiny.com/insights/ziwei-pojun-star-change-and-rebuild/","200","200","true","https://code-destiny.com/insights/ziwei-pojun-star-change-and-rebuild/","파군성(破軍星) 해설 — 변혁·재창조의 모성","[{""level"":""h1"",""text"":""파군성(破軍星) 완전 해설 — 자미두수의 변혁·재창조를 상징하는 모성(耗星)""},{""level"":""h2"",""text"":""1. 파군성의 기본 의미""},{""level"":""h2"",""text"":""2. 파군성의 성격""},{""level"":""h3"",""text"":""① 틀을 의심한다""},{""level"":""h3"",""text"":""② 새로운 것에 끌린다""},{""level"":""h3"",""text"":""③ 몰입이 강하다""},{""level"":""h3"",""text"":""④ 솔직하다""},{""level"":""h3"",""text"":""⑤ 회복이 빠르다""},{""level"":""h2"",""text"":""3. 파군성의 장점""},{""level"":""h2"",""text"":""4. 파군성의 단점""},{""level"":""h2"",""text"":""5. 파군성이 강할 때와 약할 때""},{""level"":""h2"",""text"":""6. 궁위별 해석""},{""level"":""h2"",""text"":""7. 살파랑(殺破狼) 구조""},{""level"":""h2"",""text"":""8. 직업운""},{""level"":""h2"",""text"":""9. 관계운""},{""level"":""h2"",""text"":""10. 실전 체크리스트""},{""level"":""h2"",""text"":""여섯 체계를 교차 검증하는 초융합 심층 리딩""},{""level"":""h2"",""text"":""자미두수 사이트 — 무료 명반과 12궁 풀이""},{""level"":""h2"",""text"":""함께 보면 좋은 인사이트""},{""level"":""h3"",""text"":""탐랑성(貪狼星) 완전 해설 — 자미두수의 욕망·재능·도화를 상징하는 별""},{""level"":""h3"",""text"":""거문성(巨門星) 완전 해설 — 자미두수의 말·분석·시비를 상징하는 암성(暗星)""},{""level"":""h3"",""text"":""칠살성(七殺星) 완전 해설 — 자미두수의 결단·개척·고독을 상징하는 장성(將星)""},{""level"":""h3"",""text"":""천기성(天機星) 완전 해설 — 자미두수의 지혜·기획·변화를 상징하는 참모의 별""},{""level"":""h3"",""text"":""염정성(廉貞星) 완전 해설 — 자미두수의 원칙·집념·감정의 진폭을 상징하는 수성(囚星)""},{""level"":""h3"",""text"":""천상성(天相星) 완전 해설 — 자미두수의 보좌·조정·신뢰를 상징하는 인성(印星)""},{""level"":""h2"",""text"":""핵심 운세""},{""level"":""h2"",""text"":""타로 리딩""},{""level"":""h2"",""text"":""신탁 & 특화""},{""level"":""h2"",""text"":""추천 가이드""},{""level"":""h2"",""text"":""디지털 운세 서비스 환불 안내""},{""level"":""h2"",""text"":""면책 고지""},{""level"":""h2"",""text"":""사업자 정보""}]","3160","0","true","true","{""@type"":""Person"",""@id"":""https://code-destiny.com/#author"",""name"":""박병하"",""jobTitle"":""명리학자"",""description"":""10년 경력의 명리학자. Code Destiny 가 공개하는 사주·운세 콘텐츠의 최종 검수 책임자입니다."",""knowsAbout"":[""사주"",""명리학"",""만세력"",""자미두수"",""숙요점""],""url"":""https://code-destiny.com/about"",""worksFor"":{""@type"":""Organization"",""@id"":""https://code-destiny.com/#organization"",""name"":""CODE DESTINY""}}","2026-08-24T00:00:00.000Z","2026-08-24T00:00:00.000Z","ko","true","B","false","[""editorial-review-required""]","retain pending evidence review; no automatic deletion","미확인","미확인","미확인","미확인"
"https://code-destiny.com/insights/ziwei-qisha-star-decision-and-frontier/","200","200","true","https://code-destiny.com/insights/ziwei-qisha-star-decision-and-frontier/","칠살성(七殺星) 해설 — 결단·개척의 장성","[{""level"":""h1"",""text"":""칠살성(七殺星) 완전 해설 — 자미두수의 결단·개척·고독을 상징하는 장성(將星)""},{""level"":""h2"",""text"":""1. 칠살성의 기본 의미""},{""level"":""h2"",""text"":""2. 칠살성의 성격""},{""level"":""h3"",""text"":""① 결단이 빠르다""},{""level"":""h3"",""text"":""② 독립적이다""},{""level"":""h3"",""text"":""③ 위기에 강하다""},{""level"":""h3"",""text"":""④ 감정 표현이 적다""},{""level"":""h3"",""text"":""⑤ 타협을 싫어한다""},{""level"":""h2"",""text"":""3. 칠살성의 장점""},{""level"":""h2"",""text"":""4. 칠살성의 단점""},{""level"":""h2"",""text"":""5. 칠살성이 강할 때와 약할 때""},{""level"":""h2"",""text"":""6. 궁위별 해석""},{""level"":""h2"",""text"":""7. 다른 주성과의 조합""},{""level"":""h2"",""text"":""8. 직업운""},{""level"":""h2"",""text"":""9. 관계운""},{""level"":""h2"",""text"":""10. 실전 체크리스트""},{""level"":""h2"",""text"":""여섯 체계를 교차 검증하는 초융합 심층 리딩""},{""level"":""h2"",""text"":""자미두수 사이트 — 무료 명반과 12궁 풀이""},{""level"":""h2"",""text"":""함께 보면 좋은 인사이트""},{""level"":""h3"",""text"":""탐랑성(貪狼星) 완전 해설 — 자미두수의 욕망·재능·도화를 상징하는 별""},{""level"":""h3"",""text"":""거문성(巨門星) 완전 해설 — 자미두수의 말·분석·시비를 상징하는 암성(暗星)""},{""level"":""h3"",""text"":""파군성(破軍星) 완전 해설 — 자미두수의 변혁·재창조를 상징하는 모성(耗星)""},{""level"":""h3"",""text"":""천기성(天機星) 완전 해설 — 자미두수의 지혜·기획·변화를 상징하는 참모의 별""},{""level"":""h3"",""text"":""염정성(廉貞星) 완전 해설 — 자미두수의 원칙·집념·감정의 진폭을 상징하는 수성(囚星)""},{""level"":""h3"",""text"":""천상성(天相星) 완전 해설 — 자미두수의 보좌·조정·신뢰를 상징하는 인성(印星)""},{""level"":""h2"",""text"":""핵심 운세""},{""level"":""h2"",""text"":""타로 리딩""},{""level"":""h2"",""text"":""신탁 & 특화""},{""level"":""h2"",""text"":""추천 가이드""},{""level"":""h2"",""text"":""디지털 운세 서비스 환불 안내""},{""level"":""h2"",""text"":""면책 고지""},{""level"":""h2"",""text"":""사업자 정보""}]","3136","0","true","true","{""@type"":""Person"",""@id"":""https://code-destiny.com/#author"",""name"":""박병하"",""jobTitle"":""명리학자"",""description"":""10년 경력의 명리학자. Code Destiny 가 공개하는 사주·운세 콘텐츠의 최종 검수 책임자입니다."",""knowsAbout"":[""사주"",""명리학"",""만세력"",""자미두수"",""숙요점""],""url"":""https://code-destiny.com/about"",""worksFor"":{""@type"":""Organization"",""@id"":""https://code-destiny.com/#organization"",""name"":""CODE DESTINY""}}","2026-08-24T00:00:00.000Z","2026-08-24T00:00:00.000Z","ko","true","B","false","[""editorial-review-required""]","retain pending evidence review; no automatic deletion","미확인","미확인","미확인","미확인"
"https://code-destiny.com/insights/ziwei-sihua/","301","200","true","https://code-destiny.com/insights/ziwei-four-transformations-lu-quan-ke-ji-guide/","사화(四化) 가이드 — 화록·화권·화과·화기","[{""level"":""h1"",""text"":""사화(四化) 완전 가이드 — 화록(化祿)·화권(化權)·화과(化科)·화기(化忌)의 모든 것""},{""level"":""h2"",""text"":""1. 사화(四化)란 무엇인가?""},{""level"":""h2"",""text"":""2. 왜 사화가 중요한가?""},{""level"":""h2"",""text"":""3. 화록(化祿)""},{""level"":""h2"",""text"":""4. 화권(化權)""},{""level"":""h2"",""text"":""5. 화과(化科)""},{""level"":""h2"",""text"":""6. 화기(化忌)""},{""level"":""h2"",""text"":""7. 화기는 반드시 나쁜가?""},{""level"":""h2"",""text"":""8. 사화의 비교""},{""level"":""h2"",""text"":""9. 사화를 궁(宮)에서 읽는 방법""},{""level"":""h2"",""text"":""10. 사화와 재물운""},{""level"":""h2"",""text"":""11. 사화와 직업운""},{""level"":""h2"",""text"":""12. 사화와 인간관계""},{""level"":""h2"",""text"":""13. 사화의 상호작용""},{""level"":""h2"",""text"":""14. 사화를 해석할 때의 핵심 원칙""},{""level"":""h2"",""text"":""15. 사화 해석 시 흔한 오해""},{""level"":""h3"",""text"":""오해 ① \""화록만 있으면 무조건 부자다.\""""},{""level"":""h3"",""text"":""오해 ② \""화권은 권력만 의미한다.\""""},{""level"":""h3"",""text"":""오해 ③ \""화과는 시험 합격만 의미한다.\""""},{""level"":""h3"",""text"":""오해 ④ \""화기는 흉하다.\""""},{""level"":""h2"",""text"":""16. 사화 총평""},{""level"":""h2"",""text"":""여섯 체계를 교차 검증하는 초융합 심층 리딩""},{""level"":""h2"",""text"":""자미두수 사이트 — 무료 명반과 12궁 풀이""},{""level"":""h2"",""text"":""함께 보면 좋은 인사이트""},{""level"":""h3"",""text"":""탐랑성(貪狼星) 완전 해설 — 자미두수의 욕망·재능·도화를 상징하는 별""},{""level"":""h3"",""text"":""거문성(巨門星) 완전 해설 — 자미두수의 말·분석·시비를 상징하는 암성(暗星)""},{""level"":""h3"",""text"":""칠살성(七殺星) 완전 해설 — 자미두수의 결단·개척·고독을 상징하는 장성(將星)""},{""level"":""h3"",""text"":""파군성(破軍星) 완전 해설 — 자미두수의 변혁·재창조를 상징하는 모성(耗星)""},{""level"":""h3"",""text"":""천기성(天機星) 완전 해설 — 자미두수의 지혜·기획·변화를 상징하는 참모의 별""},{""level"":""h3"",""text"":""염정성(廉貞星) 완전 해설 — 자미두수의 원칙·집념·감정의 진폭을 상징하는 수성(囚星)""},{""level"":""h2"",""text"":""핵심 운세""},{""level"":""h2"",""text"":""타로 리딩""},{""level"":""h2"",""text"":""신탁 & 특화""},{""level"":""h2"",""text"":""추천 가이드""},{""level"":""h2"",""text"":""디지털 운세 서비스 환불 안내""},{""level"":""h2"",""text"":""면책 고지""},{""level"":""h2"",""text"":""사업자 정보""}]","4493","0","true","true","{""@type"":""Person"",""@id"":""https://code-destiny.com/#author"",""name"":""박병하"",""jobTitle"":""명리학자"",""description"":""10년 경력의 명리학자. Code Destiny 가 공개하는 사주·운세 콘텐츠의 최종 검수 책임자입니다."",""knowsAbout"":[""사주"",""명리학"",""만세력"",""자미두수"",""숙요점""],""url"":""https://code-destiny.com/about"",""worksFor"":{""@type"":""Organization"",""@id"":""https://code-destiny.com/#organization"",""name"":""CODE DESTINY""}}","2026-07-10T00:00:00.000Z","2026-07-10T00:00:00.000Z","ko","false","D","true","[""editorial-review-required""]","verify existing disposition","미확인","미확인","미확인","미확인"
"https://code-destiny.com/insights/ziwei-star-brightness/","200","200","true","https://code-destiny.com/insights/ziwei-star-brightness/","별 밝기(廟旺利平陷) — 별의 힘 읽는 법","[{""level"":""h1"",""text"":""별 밝기(廟·旺·利·平·陷) 완전 가이드 — 자미두수에서 별의 힘을 읽는 핵심 원리""},{""level"":""h2"",""text"":""1. 별 밝기란 무엇인가?""},{""level"":""h2"",""text"":""2. 별 밝기의 다섯 단계""},{""level"":""h2"",""text"":""3. 묘(廟)""},{""level"":""h2"",""text"":""4. 왕(旺)""},{""level"":""h2"",""text"":""5. 리(利)""},{""level"":""h2"",""text"":""6. 평(平)""},{""level"":""h2"",""text"":""7. 함(陷)""},{""level"":""h2"",""text"":""8. 함지는 왜 나쁘다고만 볼 수 없는가?""},{""level"":""h2"",""text"":""9. 별 밝기와 성격""},{""level"":""h2"",""text"":""10. 별 밝기와 직업운""},{""level"":""h2"",""text"":""11. 별 밝기와 재물운""},{""level"":""h2"",""text"":""12. 별 밝기와 인간관계""},{""level"":""h2"",""text"":""13. 별 밝기와 사화의 관계""},{""level"":""h2"",""text"":""14. 별 밝기를 해석할 때 주의할 점""},{""level"":""h3"",""text"":""\""묘면 무조건 좋다.\""""},{""level"":""h3"",""text"":""\""함이면 무조건 나쁘다.\""""},{""level"":""h3"",""text"":""\""별 밝기만 보면 된다.\""""},{""level"":""h2"",""text"":""15. 별 밝기 해석 순서""},{""level"":""h2"",""text"":""16. 별 밝기와 실제 해석의 균형""},{""level"":""h2"",""text"":""17. 별 밝기 총평""},{""level"":""h2"",""text"":""여섯 체계를 교차 검증하는 초융합 심층 리딩""},{""level"":""h2"",""text"":""자미두수 사이트 — 무료 명반과 12궁 풀이""},{""level"":""h2"",""text"":""함께 보면 좋은 인사이트""},{""level"":""h3"",""text"":""탐랑성(貪狼星) 완전 해설 — 자미두수의 욕망·재능·도화를 상징하는 별""},{""level"":""h3"",""text"":""거문성(巨門星) 완전 해설 — 자미두수의 말·분석·시비를 상징하는 암성(暗星)""},{""level"":""h3"",""text"":""칠살성(七殺星) 완전 해설 — 자미두수의 결단·개척·고독을 상징하는 장성(將星)""},{""level"":""h3"",""text"":""파군성(破軍星) 완전 해설 — 자미두수의 변혁·재창조를 상징하는 모성(耗星)""},{""level"":""h3"",""text"":""천기성(天機星) 완전 해설 — 자미두수의 지혜·기획·변화를 상징하는 참모의 별""},{""level"":""h3"",""text"":""염정성(廉貞星) 완전 해설 — 자미두수의 원칙·집념·감정의 진폭을 상징하는 수성(囚星)""},{""level"":""h2"",""text"":""핵심 운세""},{""level"":""h2"",""text"":""타로 리딩""},{""level"":""h2"",""text"":""신탁 & 특화""},{""level"":""h2"",""text"":""추천 가이드""},{""level"":""h2"",""text"":""디지털 운세 서비스 환불 안내""},{""level"":""h2"",""text"":""면책 고지""},{""level"":""h2"",""text"":""사업자 정보""}]","4765","0","true","true","{""@type"":""Person"",""@id"":""https://code-destiny.com/#author"",""name"":""박병하"",""jobTitle"":""명리학자"",""description"":""10년 경력의 명리학자. Code Destiny 가 공개하는 사주·운세 콘텐츠의 최종 검수 책임자입니다."",""knowsAbout"":[""사주"",""명리학"",""만세력"",""자미두수"",""숙요점""],""url"":""https://code-destiny.com/about"",""worksFor"":{""@type"":""Organization"",""@id"":""https://code-destiny.com/#organization"",""name"":""CODE DESTINY""}}","2026-07-04T00:00:00.000Z","2026-07-04T00:00:00.000Z","ko","true","B","false","[""editorial-review-required""]","retain pending evidence review; no automatic deletion","미확인","미확인","미확인","미확인"
"https://code-destiny.com/insights/ziwei-star-combinations-for-beginners/","200","200","true","https://code-destiny.com/insights/ziwei-star-combinations-for-beginners/","자미두수 별 조합 입문 — 14주성 함께 읽기","[{""level"":""h1"",""text"":""자미두수 별 조합 입문 완전 가이드 — 14주성은 왜 함께 읽어야 하는가?""},{""level"":""h2"",""text"":""1. 별 조합이 중요한 이유""},{""level"":""h2"",""text"":""2. 별 조합의 기본 원리""},{""level"":""h2"",""text"":""3. 14주성의 역할 분류""},{""level"":""h3"",""text"":""① 리더형 — 자미·태양·천부""},{""level"":""h3"",""text"":""② 재물형 — 무곡·태음·천부""},{""level"":""h3"",""text"":""③ 행동형 — 칠살·파군·탐랑""},{""level"":""h3"",""text"":""④ 지혜형 — 천기·천량·천상""},{""level"":""h3"",""text"":""⑤ 감성형 — 천동·거문·염정""},{""level"":""h2"",""text"":""4. 같은 궁에 있는 별은 서로 영향을 준다""},{""level"":""h2"",""text"":""5. 서로 비슷한 별끼리 만나면""},{""level"":""h2"",""text"":""6. 서로 다른 성향이 만나면""},{""level"":""h2"",""text"":""7. 서로 충돌하는 조합도 있다""},{""level"":""h2"",""text"":""8. 별 조합은 직업도 바꾼다""},{""level"":""h2"",""text"":""9. 연애도 달라진다""},{""level"":""h2"",""text"":""10. 재물운도 조합으로 본다""},{""level"":""h2"",""text"":""11. 리더형 조합""},{""level"":""h2"",""text"":""12. 사업형 조합""},{""level"":""h2"",""text"":""13. 공부형 조합""},{""level"":""h2"",""text"":""14. 별 조합을 읽는 순서""},{""level"":""h2"",""text"":""15. 별 조합을 공부할 때 주의할 점""},{""level"":""h2"",""text"":""16. 별 조합 학습 로드맵""},{""level"":""h2"",""text"":""17. 대표적인 별 조합 예시""},{""level"":""h2"",""text"":""18. 별 조합 총평""},{""level"":""h2"",""text"":""여섯 체계를 교차 검증하는 초융합 심층 리딩""},{""level"":""h2"",""text"":""자미두수 사이트 — 무료 명반과 12궁 풀이""},{""level"":""h2"",""text"":""함께 보면 좋은 인사이트""},{""level"":""h3"",""text"":""탐랑성(貪狼星) 완전 해설 — 자미두수의 욕망·재능·도화를 상징하는 별""},{""level"":""h3"",""text"":""거문성(巨門星) 완전 해설 — 자미두수의 말·분석·시비를 상징하는 암성(暗星)""},{""level"":""h3"",""text"":""칠살성(七殺星) 완전 해설 — 자미두수의 결단·개척·고독을 상징하는 장성(將星)""},{""level"":""h3"",""text"":""파군성(破軍星) 완전 해설 — 자미두수의 변혁·재창조를 상징하는 모성(耗星)""},{""level"":""h3"",""text"":""천기성(天機星) 완전 해설 — 자미두수의 지혜·기획·변화를 상징하는 참모의 별""},{""level"":""h3"",""text"":""염정성(廉貞星) 완전 해설 — 자미두수의 원칙·집념·감정의 진폭을 상징하는 수성(囚星)""},{""level"":""h2"",""text"":""핵심 운세""},{""level"":""h2"",""text"":""타로 리딩""},{""level"":""h2"",""text"":""신탁 & 특화""},{""level"":""h2"",""text"":""추천 가이드""},{""level"":""h2"",""text"":""디지털 운세 서비스 환불 안내""},{""level"":""h2"",""text"":""면책 고지""},{""level"":""h2"",""text"":""사업자 정보""}]","4168","0","true","true","{""@type"":""Person"",""@id"":""https://code-destiny.com/#author"",""name"":""박병하"",""jobTitle"":""명리학자"",""description"":""10년 경력의 명리학자. Code Destiny 가 공개하는 사주·운세 콘텐츠의 최종 검수 책임자입니다."",""knowsAbout"":[""사주"",""명리학"",""만세력"",""자미두수"",""숙요점""],""url"":""https://code-destiny.com/about"",""worksFor"":{""@type"":""Organization"",""@id"":""https://code-destiny.com/#organization"",""name"":""CODE DESTINY""}}","2026-07-10T00:00:00.000Z","2026-07-10T00:00:00.000Z","ko","true","B","false","[""editorial-review-required""]","retain pending evidence review; no automatic deletion","미확인","미확인","미확인","미확인"
"https://code-destiny.com/insights/ziwei-sun-moon-balance/","200","200","true","https://code-destiny.com/insights/ziwei-sun-moon-balance/","태양·태음 균형 — 자미두수 음양 조화","[{""level"":""h1"",""text"":""태양(太陽)·태음(太陰) 균형 완전 가이드 — 자미두수에서 음양(陰陽)의 조화와 인생의 균형""},{""level"":""h2"",""text"":""1. 태양과 태음의 기본 상징""},{""level"":""h2"",""text"":""2. 태양의 역할""},{""level"":""h2"",""text"":""3. 태음의 역할""},{""level"":""h2"",""text"":""4. 왜 균형이 중요한가?""},{""level"":""h2"",""text"":""5. 태양이 지나치게 강할 때""},{""level"":""h2"",""text"":""6. 태음이 지나치게 강할 때""},{""level"":""h2"",""text"":""7. 태양과 태음의 이상적인 균형""},{""level"":""h2"",""text"":""8. 성격에서의 균형""},{""level"":""h2"",""text"":""9. 인간관계의 균형""},{""level"":""h2"",""text"":""10. 연애에서의 균형""},{""level"":""h2"",""text"":""11. 결혼에서의 균형""},{""level"":""h2"",""text"":""12. 재물운의 균형""},{""level"":""h2"",""text"":""13. 직업운의 균형""},{""level"":""h2"",""text"":""14. 건강의 균형""},{""level"":""h2"",""text"":""15. 정신적인 균형""},{""level"":""h2"",""text"":""16. 태양·태음과 다른 주성의 조화""},{""level"":""h2"",""text"":""17. 태양·태음 균형을 위한 실천법""},{""level"":""h3"",""text"":""태양 기운을 키우고 싶다면""},{""level"":""h3"",""text"":""태음 기운을 키우고 싶다면""},{""level"":""h2"",""text"":""18. 태양·태음의 시간적 상징""},{""level"":""h2"",""text"":""19. 태양·태음 균형을 해석할 때의 핵심""},{""level"":""h2"",""text"":""20. 태양·태음 균형 총평""},{""level"":""h2"",""text"":""여섯 체계를 교차 검증하는 초융합 심층 리딩""},{""level"":""h2"",""text"":""자미두수 사이트 — 무료 명반과 12궁 풀이""},{""level"":""h2"",""text"":""함께 보면 좋은 인사이트""},{""level"":""h3"",""text"":""탐랑성(貪狼星) 완전 해설 — 자미두수의 욕망·재능·도화를 상징하는 별""},{""level"":""h3"",""text"":""거문성(巨門星) 완전 해설 — 자미두수의 말·분석·시비를 상징하는 암성(暗星)""},{""level"":""h3"",""text"":""칠살성(七殺星) 완전 해설 — 자미두수의 결단·개척·고독을 상징하는 장성(將星)""},{""level"":""h3"",""text"":""파군성(破軍星) 완전 해설 — 자미두수의 변혁·재창조를 상징하는 모성(耗星)""},{""level"":""h3"",""text"":""천기성(天機星) 완전 해설 — 자미두수의 지혜·기획·변화를 상징하는 참모의 별""},{""level"":""h3"",""text"":""염정성(廉貞星) 완전 해설 — 자미두수의 원칙·집념·감정의 진폭을 상징하는 수성(囚星)""},{""level"":""h2"",""text"":""핵심 운세""},{""level"":""h2"",""text"":""타로 리딩""},{""level"":""h2"",""text"":""신탁 & 특화""},{""level"":""h2"",""text"":""추천 가이드""},{""level"":""h2"",""text"":""디지털 운세 서비스 환불 안내""},{""level"":""h2"",""text"":""면책 고지""},{""level"":""h2"",""text"":""사업자 정보""}]","4201","0","true","true","{""@type"":""Person"",""@id"":""https://code-destiny.com/#author"",""name"":""박병하"",""jobTitle"":""명리학자"",""description"":""10년 경력의 명리학자. Code Destiny 가 공개하는 사주·운세 콘텐츠의 최종 검수 책임자입니다."",""knowsAbout"":[""사주"",""명리학"",""만세력"",""자미두수"",""숙요점""],""url"":""https://code-destiny.com/about"",""worksFor"":{""@type"":""Organization"",""@id"":""https://code-destiny.com/#organization"",""name"":""CODE DESTINY""}}","2026-07-10T00:00:00.000Z","2026-07-10T00:00:00.000Z","ko","true","B","false","[""editorial-review-required""]","retain pending evidence review; no automatic deletion","미확인","미확인","미확인","미확인"
"https://code-destiny.com/insights/ziwei-tanlang-star-desire-and-talent/","200","200","true","https://code-destiny.com/insights/ziwei-tanlang-star-desire-and-talent/","탐랑성(貪狼星) 해설 — 욕망·재능·도화","[{""level"":""h1"",""text"":""탐랑성(貪狼星) 완전 해설 — 자미두수의 욕망·재능·도화를 상징하는 별""},{""level"":""h2"",""text"":""1. 탐랑성의 기본 의미""},{""level"":""h2"",""text"":""2. 탐랑성의 성격""},{""level"":""h3"",""text"":""① 매력적이다""},{""level"":""h3"",""text"":""② 호기심이 넓다""},{""level"":""h3"",""text"":""③ 눈치가 빠르다""},{""level"":""h3"",""text"":""④ 욕심을 숨기지 않는다""},{""level"":""h3"",""text"":""⑤ 즐거움을 중요하게 여긴다""},{""level"":""h2"",""text"":""3. 탐랑성의 장점""},{""level"":""h2"",""text"":""4. 탐랑성의 단점""},{""level"":""h2"",""text"":""5. 탐랑성이 강할 때와 약할 때""},{""level"":""h2"",""text"":""6. 궁위별 해석""},{""level"":""h2"",""text"":""7. 다른 주성과의 조합""},{""level"":""h2"",""text"":""8. 재물운과 직업운""},{""level"":""h2"",""text"":""9. 연애운과 결혼운""},{""level"":""h2"",""text"":""10. 실전 체크리스트""},{""level"":""h2"",""text"":""여섯 체계를 교차 검증하는 초융합 심층 리딩""},{""level"":""h2"",""text"":""자미두수 사이트 — 무료 명반과 12궁 풀이""},{""level"":""h2"",""text"":""함께 보면 좋은 인사이트""},{""level"":""h3"",""text"":""거문성(巨門星) 완전 해설 — 자미두수의 말·분석·시비를 상징하는 암성(暗星)""},{""level"":""h3"",""text"":""칠살성(七殺星) 완전 해설 — 자미두수의 결단·개척·고독을 상징하는 장성(將星)""},{""level"":""h3"",""text"":""파군성(破軍星) 완전 해설 — 자미두수의 변혁·재창조를 상징하는 모성(耗星)""},{""level"":""h3"",""text"":""천기성(天機星) 완전 해설 — 자미두수의 지혜·기획·변화를 상징하는 참모의 별""},{""level"":""h3"",""text"":""염정성(廉貞星) 완전 해설 — 자미두수의 원칙·집념·감정의 진폭을 상징하는 수성(囚星)""},{""level"":""h3"",""text"":""천상성(天相星) 완전 해설 — 자미두수의 보좌·조정·신뢰를 상징하는 인성(印星)""},{""level"":""h2"",""text"":""핵심 운세""},{""level"":""h2"",""text"":""타로 리딩""},{""level"":""h2"",""text"":""신탁 & 특화""},{""level"":""h2"",""text"":""추천 가이드""},{""level"":""h2"",""text"":""디지털 운세 서비스 환불 안내""},{""level"":""h2"",""text"":""면책 고지""},{""level"":""h2"",""text"":""사업자 정보""}]","3495","0","true","true","{""@type"":""Person"",""@id"":""https://code-destiny.com/#author"",""name"":""박병하"",""jobTitle"":""명리학자"",""description"":""10년 경력의 명리학자. Code Destiny 가 공개하는 사주·운세 콘텐츠의 최종 검수 책임자입니다."",""knowsAbout"":[""사주"",""명리학"",""만세력"",""자미두수"",""숙요점""],""url"":""https://code-destiny.com/about"",""worksFor"":{""@type"":""Organization"",""@id"":""https://code-destiny.com/#organization"",""name"":""CODE DESTINY""}}","2026-08-24T00:00:00.000Z","2026-08-24T00:00:00.000Z","ko","true","B","false","[""editorial-review-required""]","retain pending evidence review; no automatic deletion","미확인","미확인","미확인","미확인"
"https://code-destiny.com/insights/ziwei-tiandong-meaning-and-palaces/","200","200","true","https://code-destiny.com/insights/ziwei-tiandong-meaning-and-palaces/","천동성(天同星) 해설 — 복과 온화함의 별","[{""level"":""h1"",""text"":""천동성(天同星) 완전 해설 — 자미두수의 복(福)과 행복, 온화함을 상징하는 별""},{""level"":""h2"",""text"":""1. 천동성의 기본 의미""},{""level"":""h2"",""text"":""2. 천동성의 상징""},{""level"":""h2"",""text"":""3. 천동성의 성격""},{""level"":""h3"",""text"":""① 온화하다""},{""level"":""h3"",""text"":""② 낙천적이다""},{""level"":""h3"",""text"":""③ 공감 능력이 뛰어나다""},{""level"":""h3"",""text"":""④ 순수하다""},{""level"":""h3"",""text"":""⑤ 유연하다""},{""level"":""h2"",""text"":""4. 천동성의 장점""},{""level"":""h2"",""text"":""5. 천동성의 단점""},{""level"":""h2"",""text"":""6. 천동성이 강하면""},{""level"":""h2"",""text"":""7. 천동성이 약하면""},{""level"":""h2"",""text"":""8. 인간관계""},{""level"":""h2"",""text"":""9. 연애운""},{""level"":""h2"",""text"":""10. 결혼운""},{""level"":""h2"",""text"":""11. 재물운""},{""level"":""h2"",""text"":""12. 직업운""},{""level"":""h2"",""text"":""13. 사업운""},{""level"":""h2"",""text"":""14. 건강운""},{""level"":""h2"",""text"":""15. 부모운""},{""level"":""h2"",""text"":""16. 자녀운""},{""level"":""h2"",""text"":""17. 귀인운""},{""level"":""h2"",""text"":""18. 천동성과 다른 주성의 조합""},{""level"":""h2"",""text"":""19. 천동성이 위치한 궁의 의미""},{""level"":""h2"",""text"":""20. 천동성의 개운법""},{""level"":""h2"",""text"":""21. 천동성 총평""},{""level"":""h2"",""text"":""여섯 체계를 교차 검증하는 초융합 심층 리딩""},{""level"":""h2"",""text"":""자미두수 사이트 — 무료 명반과 12궁 풀이""},{""level"":""h2"",""text"":""함께 보면 좋은 인사이트""},{""level"":""h3"",""text"":""탐랑성(貪狼星) 완전 해설 — 자미두수의 욕망·재능·도화를 상징하는 별""},{""level"":""h3"",""text"":""거문성(巨門星) 완전 해설 — 자미두수의 말·분석·시비를 상징하는 암성(暗星)""},{""level"":""h3"",""text"":""칠살성(七殺星) 완전 해설 — 자미두수의 결단·개척·고독을 상징하는 장성(將星)""},{""level"":""h3"",""text"":""파군성(破軍星) 완전 해설 — 자미두수의 변혁·재창조를 상징하는 모성(耗星)""},{""level"":""h3"",""text"":""천기성(天機星) 완전 해설 — 자미두수의 지혜·기획·변화를 상징하는 참모의 별""},{""level"":""h3"",""text"":""염정성(廉貞星) 완전 해설 — 자미두수의 원칙·집념·감정의 진폭을 상징하는 수성(囚星)""},{""level"":""h2"",""text"":""핵심 운세""},{""level"":""h2"",""text"":""타로 리딩""},{""level"":""h2"",""text"":""신탁 & 특화""},{""level"":""h2"",""text"":""추천 가이드""},{""level"":""h2"",""text"":""디지털 운세 서비스 환불 안내""},{""level"":""h2"",""text"":""면책 고지""},{""level"":""h2"",""text"":""사업자 정보""}]","4306","0","true","true","{""@type"":""Person"",""@id"":""https://code-destiny.com/#author"",""name"":""박병하"",""jobTitle"":""명리학자"",""description"":""10년 경력의 명리학자. Code Destiny 가 공개하는 사주·운세 콘텐츠의 최종 검수 책임자입니다."",""knowsAbout"":[""사주"",""명리학"",""만세력"",""자미두수"",""숙요점""],""url"":""https://code-destiny.com/about"",""worksFor"":{""@type"":""Organization"",""@id"":""https://code-destiny.com/#organization"",""name"":""CODE DESTINY""}}","2026-07-10T00:00:00.000Z","2026-07-10T00:00:00.000Z","ko","true","B","false","[""editorial-review-required""]","retain pending evidence review; no automatic deletion","미확인","미확인","미확인","미확인"
"https://code-destiny.com/insights/ziwei-tianfu-star-wealth-and-stability/","200","200","true","https://code-destiny.com/insights/ziwei-tianfu-star-wealth-and-stability/","천부성(天府星) 해설 — 재물창고와 안정","[{""level"":""h1"",""text"":""천부성(天府星) 완전 해설 — 자미두수의 재물창고, 안정과 신뢰의 별""},{""level"":""h2"",""text"":""1. 천부성의 기본 의미""},{""level"":""h2"",""text"":""2. 천부성의 상징""},{""level"":""h2"",""text"":""3. 천부성의 성격""},{""level"":""h3"",""text"":""① 신중하다""},{""level"":""h3"",""text"":""② 책임감""},{""level"":""h3"",""text"":""③ 포용력""},{""level"":""h3"",""text"":""④ 현실적""},{""level"":""h3"",""text"":""⑤ 침착함""},{""level"":""h2"",""text"":""4. 천부성의 장점""},{""level"":""h2"",""text"":""5. 천부성의 단점""},{""level"":""h2"",""text"":""6. 천부성이 강하면""},{""level"":""h2"",""text"":""7. 천부성이 약하면""},{""level"":""h2"",""text"":""8. 인간관계""},{""level"":""h2"",""text"":""9. 연애운""},{""level"":""h2"",""text"":""10. 결혼운""},{""level"":""h2"",""text"":""11. 재물운""},{""level"":""h2"",""text"":""12. 직업운""},{""level"":""h2"",""text"":""13. 사업운""},{""level"":""h2"",""text"":""14. 건강운""},{""level"":""h2"",""text"":""15. 부모운""},{""level"":""h2"",""text"":""16. 자녀운""},{""level"":""h2"",""text"":""17. 귀인운""},{""level"":""h2"",""text"":""18. 천부성과 다른 주성의 조합""},{""level"":""h2"",""text"":""19. 천부성이 위치한 궁의 의미""},{""level"":""h2"",""text"":""20. 천부성의 개운법""},{""level"":""h2"",""text"":""21. 천부성 총평""},{""level"":""h2"",""text"":""여섯 체계를 교차 검증하는 초융합 심층 리딩""},{""level"":""h2"",""text"":""자미두수 사이트 — 무료 명반과 12궁 풀이""},{""level"":""h2"",""text"":""함께 보면 좋은 인사이트""},{""level"":""h3"",""text"":""탐랑성(貪狼星) 완전 해설 — 자미두수의 욕망·재능·도화를 상징하는 별""},{""level"":""h3"",""text"":""거문성(巨門星) 완전 해설 — 자미두수의 말·분석·시비를 상징하는 암성(暗星)""},{""level"":""h3"",""text"":""칠살성(七殺星) 완전 해설 — 자미두수의 결단·개척·고독을 상징하는 장성(將星)""},{""level"":""h3"",""text"":""파군성(破軍星) 완전 해설 — 자미두수의 변혁·재창조를 상징하는 모성(耗星)""},{""level"":""h3"",""text"":""천기성(天機星) 완전 해설 — 자미두수의 지혜·기획·변화를 상징하는 참모의 별""},{""level"":""h3"",""text"":""염정성(廉貞星) 완전 해설 — 자미두수의 원칙·집념·감정의 진폭을 상징하는 수성(囚星)""},{""level"":""h2"",""text"":""핵심 운세""},{""level"":""h2"",""text"":""타로 리딩""},{""level"":""h2"",""text"":""신탁 & 특화""},{""level"":""h2"",""text"":""추천 가이드""},{""level"":""h2"",""text"":""디지털 운세 서비스 환불 안내""},{""level"":""h2"",""text"":""면책 고지""},{""level"":""h2"",""text"":""사업자 정보""}]","3664","0","true","true","{""@type"":""Person"",""@id"":""https://code-destiny.com/#author"",""name"":""박병하"",""jobTitle"":""명리학자"",""description"":""10년 경력의 명리학자. Code Destiny 가 공개하는 사주·운세 콘텐츠의 최종 검수 책임자입니다."",""knowsAbout"":[""사주"",""명리학"",""만세력"",""자미두수"",""숙요점""],""url"":""https://code-destiny.com/about"",""worksFor"":{""@type"":""Organization"",""@id"":""https://code-destiny.com/#organization"",""name"":""CODE DESTINY""}}","2026-07-10T00:00:00.000Z","2026-07-10T00:00:00.000Z","ko","true","B","false","[""editorial-review-required""]","retain pending evidence review; no automatic deletion","미확인","미확인","미확인","미확인"
"https://code-destiny.com/insights/ziwei-tianji-star-strategy-and-change/","200","200","true","https://code-destiny.com/insights/ziwei-tianji-star-strategy-and-change/","천기성(天機星) 해설 — 지혜·기획의 참모별","[{""level"":""h1"",""text"":""천기성(天機星) 완전 해설 — 자미두수의 지혜·기획·변화를 상징하는 참모의 별""},{""level"":""h2"",""text"":""1. 천기성의 기본 의미""},{""level"":""h2"",""text"":""2. 천기성의 성격""},{""level"":""h3"",""text"":""① 머리가 빠르다""},{""level"":""h3"",""text"":""② 흐름을 먼저 읽는다""},{""level"":""h3"",""text"":""③ 계획을 세운다""},{""level"":""h3"",""text"":""④ 변화가 잦다""},{""level"":""h3"",""text"":""⑤ 생각이 많다""},{""level"":""h2"",""text"":""3. 천기성의 장점""},{""level"":""h2"",""text"":""4. 천기성의 단점""},{""level"":""h2"",""text"":""5. 천기성이 강할 때와 약할 때""},{""level"":""h2"",""text"":""6. 궁위별 해석""},{""level"":""h2"",""text"":""7. 다른 주성과의 조합""},{""level"":""h2"",""text"":""8. 직업운""},{""level"":""h2"",""text"":""9. 관계운""},{""level"":""h2"",""text"":""10. 실전 체크리스트""},{""level"":""h2"",""text"":""여섯 체계를 교차 검증하는 초융합 심층 리딩""},{""level"":""h2"",""text"":""자미두수 사이트 — 무료 명반과 12궁 풀이""},{""level"":""h2"",""text"":""함께 보면 좋은 인사이트""},{""level"":""h3"",""text"":""탐랑성(貪狼星) 완전 해설 — 자미두수의 욕망·재능·도화를 상징하는 별""},{""level"":""h3"",""text"":""거문성(巨門星) 완전 해설 — 자미두수의 말·분석·시비를 상징하는 암성(暗星)""},{""level"":""h3"",""text"":""칠살성(七殺星) 완전 해설 — 자미두수의 결단·개척·고독을 상징하는 장성(將星)""},{""level"":""h3"",""text"":""파군성(破軍星) 완전 해설 — 자미두수의 변혁·재창조를 상징하는 모성(耗星)""},{""level"":""h3"",""text"":""염정성(廉貞星) 완전 해설 — 자미두수의 원칙·집념·감정의 진폭을 상징하는 수성(囚星)""},{""level"":""h3"",""text"":""천상성(天相星) 완전 해설 — 자미두수의 보좌·조정·신뢰를 상징하는 인성(印星)""},{""level"":""h2"",""text"":""핵심 운세""},{""level"":""h2"",""text"":""타로 리딩""},{""level"":""h2"",""text"":""신탁 & 특화""},{""level"":""h2"",""text"":""추천 가이드""},{""level"":""h2"",""text"":""디지털 운세 서비스 환불 안내""},{""level"":""h2"",""text"":""면책 고지""},{""level"":""h2"",""text"":""사업자 정보""}]","3062","0","true","true","{""@type"":""Person"",""@id"":""https://code-destiny.com/#author"",""name"":""박병하"",""jobTitle"":""명리학자"",""description"":""10년 경력의 명리학자. Code Destiny 가 공개하는 사주·운세 콘텐츠의 최종 검수 책임자입니다."",""knowsAbout"":[""사주"",""명리학"",""만세력"",""자미두수"",""숙요점""],""url"":""https://code-destiny.com/about"",""worksFor"":{""@type"":""Organization"",""@id"":""https://code-destiny.com/#organization"",""name"":""CODE DESTINY""}}","2026-08-24T00:00:00.000Z","2026-08-24T00:00:00.000Z","ko","true","B","false","[""editorial-review-required""]","retain pending evidence review; no automatic deletion","미확인","미확인","미확인","미확인"
"https://code-destiny.com/insights/ziwei-tianliang-star-guardian-and-principle/","200","200","true","https://code-destiny.com/insights/ziwei-tianliang-star-guardian-and-principle/","천량성(天梁星) 해설 — 보호·원칙의 음성","[{""level"":""h1"",""text"":""천량성(天梁星) 완전 해설 — 자미두수의 보호·원칙·해액을 상징하는 음성(蔭星)""},{""level"":""h2"",""text"":""1. 천량성의 기본 의미""},{""level"":""h2"",""text"":""2. 천량성의 성격""},{""level"":""h3"",""text"":""① 원칙이 있다""},{""level"":""h3"",""text"":""② 책임을 진다""},{""level"":""h3"",""text"":""③ 조언을 잘한다""},{""level"":""h3"",""text"":""④ 느긋하다""},{""level"":""h3"",""text"":""⑤ 잔소리가 될 수 있다""},{""level"":""h2"",""text"":""3. 천량성의 장점""},{""level"":""h2"",""text"":""4. 천량성의 단점""},{""level"":""h2"",""text"":""5. 천량성이 강할 때와 약할 때""},{""level"":""h2"",""text"":""6. 궁위별 해석""},{""level"":""h2"",""text"":""7. 다른 주성과의 조합""},{""level"":""h2"",""text"":""8. 직업운""},{""level"":""h2"",""text"":""9. 관계운""},{""level"":""h2"",""text"":""10. 실전 체크리스트""},{""level"":""h2"",""text"":""여섯 체계를 교차 검증하는 초융합 심층 리딩""},{""level"":""h2"",""text"":""자미두수 사이트 — 무료 명반과 12궁 풀이""},{""level"":""h2"",""text"":""함께 보면 좋은 인사이트""},{""level"":""h3"",""text"":""탐랑성(貪狼星) 완전 해설 — 자미두수의 욕망·재능·도화를 상징하는 별""},{""level"":""h3"",""text"":""거문성(巨門星) 완전 해설 — 자미두수의 말·분석·시비를 상징하는 암성(暗星)""},{""level"":""h3"",""text"":""칠살성(七殺星) 완전 해설 — 자미두수의 결단·개척·고독을 상징하는 장성(將星)""},{""level"":""h3"",""text"":""파군성(破軍星) 완전 해설 — 자미두수의 변혁·재창조를 상징하는 모성(耗星)""},{""level"":""h3"",""text"":""천기성(天機星) 완전 해설 — 자미두수의 지혜·기획·변화를 상징하는 참모의 별""},{""level"":""h3"",""text"":""염정성(廉貞星) 완전 해설 — 자미두수의 원칙·집념·감정의 진폭을 상징하는 수성(囚星)""},{""level"":""h2"",""text"":""핵심 운세""},{""level"":""h2"",""text"":""타로 리딩""},{""level"":""h2"",""text"":""신탁 & 특화""},{""level"":""h2"",""text"":""추천 가이드""},{""level"":""h2"",""text"":""디지털 운세 서비스 환불 안내""},{""level"":""h2"",""text"":""면책 고지""},{""level"":""h2"",""text"":""사업자 정보""}]","2958","0","true","true","{""@type"":""Person"",""@id"":""https://code-destiny.com/#author"",""name"":""박병하"",""jobTitle"":""명리학자"",""description"":""10년 경력의 명리학자. Code Destiny 가 공개하는 사주·운세 콘텐츠의 최종 검수 책임자입니다."",""knowsAbout"":[""사주"",""명리학"",""만세력"",""자미두수"",""숙요점""],""url"":""https://code-destiny.com/about"",""worksFor"":{""@type"":""Organization"",""@id"":""https://code-destiny.com/#organization"",""name"":""CODE DESTINY""}}","2026-08-24T00:00:00.000Z","2026-08-24T00:00:00.000Z","ko","true","B","false","[""editorial-review-required""]","retain pending evidence review; no automatic deletion","미확인","미확인","미확인","미확인"
"https://code-destiny.com/insights/ziwei-tianxiang-star-coordination-and-trust/","200","200","true","https://code-destiny.com/insights/ziwei-tianxiang-star-coordination-and-trust/","천상성(天相星) 해설 — 보좌·조정의 인성","[{""level"":""h1"",""text"":""천상성(天相星) 완전 해설 — 자미두수의 보좌·조정·신뢰를 상징하는 인성(印星)""},{""level"":""h2"",""text"":""1. 천상성의 기본 의미""},{""level"":""h2"",""text"":""2. 천상성의 성격""},{""level"":""h3"",""text"":""① 균형을 중시한다""},{""level"":""h3"",""text"":""② 신뢰를 지킨다""},{""level"":""h3"",""text"":""③ 예의가 있다""},{""level"":""h3"",""text"":""④ 조율을 잘한다""},{""level"":""h3"",""text"":""⑤ 결단이 늦다""},{""level"":""h2"",""text"":""3. 천상성의 장점""},{""level"":""h2"",""text"":""4. 천상성의 단점""},{""level"":""h2"",""text"":""5. 천상성이 강할 때와 약할 때""},{""level"":""h2"",""text"":""6. 궁위별 해석""},{""level"":""h2"",""text"":""7. 다른 주성과의 조합""},{""level"":""h2"",""text"":""8. 직업운""},{""level"":""h2"",""text"":""9. 관계운""},{""level"":""h2"",""text"":""10. 실전 체크리스트""},{""level"":""h2"",""text"":""여섯 체계를 교차 검증하는 초융합 심층 리딩""},{""level"":""h2"",""text"":""자미두수 사이트 — 무료 명반과 12궁 풀이""},{""level"":""h2"",""text"":""함께 보면 좋은 인사이트""},{""level"":""h3"",""text"":""탐랑성(貪狼星) 완전 해설 — 자미두수의 욕망·재능·도화를 상징하는 별""},{""level"":""h3"",""text"":""거문성(巨門星) 완전 해설 — 자미두수의 말·분석·시비를 상징하는 암성(暗星)""},{""level"":""h3"",""text"":""칠살성(七殺星) 완전 해설 — 자미두수의 결단·개척·고독을 상징하는 장성(將星)""},{""level"":""h3"",""text"":""파군성(破軍星) 완전 해설 — 자미두수의 변혁·재창조를 상징하는 모성(耗星)""},{""level"":""h3"",""text"":""천기성(天機星) 완전 해설 — 자미두수의 지혜·기획·변화를 상징하는 참모의 별""},{""level"":""h3"",""text"":""염정성(廉貞星) 완전 해설 — 자미두수의 원칙·집념·감정의 진폭을 상징하는 수성(囚星)""},{""level"":""h2"",""text"":""핵심 운세""},{""level"":""h2"",""text"":""타로 리딩""},{""level"":""h2"",""text"":""신탁 & 특화""},{""level"":""h2"",""text"":""추천 가이드""},{""level"":""h2"",""text"":""디지털 운세 서비스 환불 안내""},{""level"":""h2"",""text"":""면책 고지""},{""level"":""h2"",""text"":""사업자 정보""}]","2990","0","true","true","{""@type"":""Person"",""@id"":""https://code-destiny.com/#author"",""name"":""박병하"",""jobTitle"":""명리학자"",""description"":""10년 경력의 명리학자. Code Destiny 가 공개하는 사주·운세 콘텐츠의 최종 검수 책임자입니다."",""knowsAbout"":[""사주"",""명리학"",""만세력"",""자미두수"",""숙요점""],""url"":""https://code-destiny.com/about"",""worksFor"":{""@type"":""Organization"",""@id"":""https://code-destiny.com/#organization"",""name"":""CODE DESTINY""}}","2026-08-24T00:00:00.000Z","2026-08-24T00:00:00.000Z","ko","true","B","false","[""editorial-review-required""]","retain pending evidence review; no automatic deletion","미확인","미확인","미확인","미확인"
"https://code-destiny.com/insights/ziwei-vs-saju/","200","200","true","https://code-destiny.com/insights/ziwei-vs-saju/","자미두수 vs 사주 — 무엇이 다르고 언제 함께 보나","[{""level"":""h1"",""text"":""자미두수 vs 사주(명리학) 완전 비교 가이드 — 무엇이 다르고, 무엇을 함께 보면 좋은가?""},{""level"":""h2"",""text"":""1. 자미두수란?""},{""level"":""h2"",""text"":""2. 사주(명리학)란?""},{""level"":""h2"",""text"":""3. 가장 큰 차이""},{""level"":""h2"",""text"":""4. 자미두수의 핵심""},{""level"":""h2"",""text"":""5. 사주의 핵심""},{""level"":""h2"",""text"":""6. 성격 분석 비교""},{""level"":""h2"",""text"":""7. 직업운 비교""},{""level"":""h2"",""text"":""8. 재물운 비교""},{""level"":""h2"",""text"":""9. 궁합 비교""},{""level"":""h2"",""text"":""10. 운의 흐름 비교""},{""level"":""h2"",""text"":""11. 장점 비교""},{""level"":""h2"",""text"":""12. 한계 비교""},{""level"":""h2"",""text"":""13. 함께 보면 좋은 이유""},{""level"":""h2"",""text"":""14. 어떤 사람이 자미두수에 잘 맞을까?""},{""level"":""h2"",""text"":""15. 어떤 사람이 사주에 잘 맞을까?""},{""level"":""h2"",""text"":""16. 흔한 오해""},{""level"":""h3"",""text"":""오해 ① \""자미두수가 더 정확하다.\""""},{""level"":""h3"",""text"":""오해 ② \""사주가 더 오래되었으니 더 우수하다.\""""},{""level"":""h3"",""text"":""오해 ③ \""결과가 다르면 하나는 틀렸다.\""""},{""level"":""h2"",""text"":""17. 자미두수와 사주의 핵심 비교""},{""level"":""h2"",""text"":""18. 총평""},{""level"":""h2"",""text"":""여섯 체계를 교차 검증하는 초융합 심층 리딩""},{""level"":""h2"",""text"":""자미두수 사이트 — 무료 명반과 12궁 풀이""},{""level"":""h2"",""text"":""함께 보면 좋은 인사이트""},{""level"":""h3"",""text"":""탐랑성(貪狼星) 완전 해설 — 자미두수의 욕망·재능·도화를 상징하는 별""},{""level"":""h3"",""text"":""거문성(巨門星) 완전 해설 — 자미두수의 말·분석·시비를 상징하는 암성(暗星)""},{""level"":""h3"",""text"":""칠살성(七殺星) 완전 해설 — 자미두수의 결단·개척·고독을 상징하는 장성(將星)""},{""level"":""h3"",""text"":""파군성(破軍星) 완전 해설 — 자미두수의 변혁·재창조를 상징하는 모성(耗星)""},{""level"":""h3"",""text"":""천기성(天機星) 완전 해설 — 자미두수의 지혜·기획·변화를 상징하는 참모의 별""},{""level"":""h3"",""text"":""염정성(廉貞星) 완전 해설 — 자미두수의 원칙·집념·감정의 진폭을 상징하는 수성(囚星)""},{""level"":""h2"",""text"":""핵심 운세""},{""level"":""h2"",""text"":""타로 리딩""},{""level"":""h2"",""text"":""신탁 & 특화""},{""level"":""h2"",""text"":""추천 가이드""},{""level"":""h2"",""text"":""디지털 운세 서비스 환불 안내""},{""level"":""h2"",""text"":""면책 고지""},{""level"":""h2"",""text"":""사업자 정보""}]","4203","0","true","true","{""@type"":""Person"",""@id"":""https://code-destiny.com/#author"",""name"":""박병하"",""jobTitle"":""명리학자"",""description"":""10년 경력의 명리학자. Code Destiny 가 공개하는 사주·운세 콘텐츠의 최종 검수 책임자입니다."",""knowsAbout"":[""사주"",""명리학"",""만세력"",""자미두수"",""숙요점""],""url"":""https://code-destiny.com/about"",""worksFor"":{""@type"":""Organization"",""@id"":""https://code-destiny.com/#organization"",""name"":""CODE DESTINY""}}","2026-07-04T00:00:00.000Z","2026-07-04T00:00:00.000Z","ko","true","B","false","[""editorial-review-required""]","retain pending evidence review; no automatic deletion","미확인","미확인","미확인","미확인"
"https://code-destiny.com/insights/ziwei-what-is/","200","200","true","https://code-destiny.com/insights/ziwei-what-is/","자미두수란? 사주와 다른 12궁 운명 분석법 | 운세 인사이트","[{""level"":""h1"",""text"":""자미두수란? 사주와 다른 12궁 운명 분석법""},{""level"":""h2"",""text"":""자미두수의 뿌리와 기본 원리""},{""level"":""h2"",""text"":""14주성: 명반의 주인공들""},{""level"":""h2"",""text"":""12궁: 삶의 영역을 나누는 열두 개의 방""},{""level"":""h2"",""text"":""삼방사정: 한 궁만 보지 않는 이유""},{""level"":""h2"",""text"":""사화와 별의 밝기: 해석의 정밀도를 높이는 장치""},{""level"":""h2"",""text"":""사주와는 무엇이 다른가""},{""level"":""h2"",""text"":""처음이라면 이 순서로 시작하세요""},{""level"":""h2"",""text"":""여섯 체계를 교차 검증하는 초융합 심층 리딩""},{""level"":""h2"",""text"":""자미두수 사이트 — 무료 명반과 12궁 풀이""},{""level"":""h2"",""text"":""함께 보면 좋은 인사이트""},{""level"":""h3"",""text"":""탐랑성(貪狼星) 완전 해설 — 자미두수의 욕망·재능·도화를 상징하는 별""},{""level"":""h3"",""text"":""거문성(巨門星) 완전 해설 — 자미두수의 말·분석·시비를 상징하는 암성(暗星)""},{""level"":""h3"",""text"":""칠살성(七殺星) 완전 해설 — 자미두수의 결단·개척·고독을 상징하는 장성(將星)""},{""level"":""h3"",""text"":""파군성(破軍星) 완전 해설 — 자미두수의 변혁·재창조를 상징하는 모성(耗星)""},{""level"":""h3"",""text"":""천기성(天機星) 완전 해설 — 자미두수의 지혜·기획·변화를 상징하는 참모의 별""},{""level"":""h3"",""text"":""염정성(廉貞星) 완전 해설 — 자미두수의 원칙·집념·감정의 진폭을 상징하는 수성(囚星)""},{""level"":""h2"",""text"":""핵심 운세""},{""level"":""h2"",""text"":""타로 리딩""},{""level"":""h2"",""text"":""신탁 & 특화""},{""level"":""h2"",""text"":""추천 가이드""},{""level"":""h2"",""text"":""디지털 운세 서비스 환불 안내""},{""level"":""h2"",""text"":""면책 고지""},{""level"":""h2"",""text"":""사업자 정보""}]","3134","0","true","true","{""@type"":""Person"",""@id"":""https://code-destiny.com/#author"",""name"":""박병하"",""jobTitle"":""명리학자"",""description"":""10년 경력의 명리학자. Code Destiny 가 공개하는 사주·운세 콘텐츠의 최종 검수 책임자입니다."",""knowsAbout"":[""사주"",""명리학"",""만세력"",""자미두수"",""숙요점""],""url"":""https://code-destiny.com/about"",""worksFor"":{""@type"":""Organization"",""@id"":""https://code-destiny.com/#organization"",""name"":""CODE DESTINY""}}","2026-07-04T00:00:00.000Z","2026-07-04T00:00:00.000Z","ko","true","B","false","[""editorial-review-required""]","retain pending evidence review; no automatic deletion","미확인","미확인","미확인","미확인"
"https://code-destiny.com/insights/ziwei-wugok-meaning-and-palaces/","200","200","true","https://code-destiny.com/insights/ziwei-wugok-meaning-and-palaces/","무곡성(武曲星) 해설 — 재물·결단의 재성","[{""level"":""h1"",""text"":""무곡성(武曲星) 완전 해설 — 자미두수의 재물·결단·실행력을 상징하는 재성(財星)""},{""level"":""h2"",""text"":""1. 무곡성의 기본 의미""},{""level"":""h2"",""text"":""2. 무곡성의 상징""},{""level"":""h2"",""text"":""3. 무곡성의 성격""},{""level"":""h3"",""text"":""① 현실적이다""},{""level"":""h3"",""text"":""② 결단력이 뛰어나다""},{""level"":""h3"",""text"":""③ 책임감이 강하다""},{""level"":""h3"",""text"":""④ 독립심이 강하다""},{""level"":""h3"",""text"":""⑤ 경쟁심이 있다""},{""level"":""h2"",""text"":""4. 무곡성의 장점""},{""level"":""h2"",""text"":""5. 무곡성의 단점""},{""level"":""h2"",""text"":""6. 무곡성이 강하면""},{""level"":""h2"",""text"":""7. 무곡성이 약하면""},{""level"":""h2"",""text"":""8. 인간관계""},{""level"":""h2"",""text"":""9. 연애운""},{""level"":""h2"",""text"":""10. 결혼운""},{""level"":""h2"",""text"":""11. 재물운""},{""level"":""h2"",""text"":""12. 직업운""},{""level"":""h2"",""text"":""13. 사업운""},{""level"":""h2"",""text"":""14. 건강운""},{""level"":""h2"",""text"":""15. 부모운""},{""level"":""h2"",""text"":""16. 자녀운""},{""level"":""h2"",""text"":""17. 귀인운""},{""level"":""h2"",""text"":""18. 무곡성과 다른 주성의 조합""},{""level"":""h2"",""text"":""19. 무곡성이 위치한 궁의 의미""},{""level"":""h2"",""text"":""20. 무곡성의 개운법""},{""level"":""h2"",""text"":""21. 무곡성 총평""},{""level"":""h2"",""text"":""여섯 체계를 교차 검증하는 초융합 심층 리딩""},{""level"":""h2"",""text"":""자미두수 사이트 — 무료 명반과 12궁 풀이""},{""level"":""h2"",""text"":""함께 보면 좋은 인사이트""},{""level"":""h3"",""text"":""탐랑성(貪狼星) 완전 해설 — 자미두수의 욕망·재능·도화를 상징하는 별""},{""level"":""h3"",""text"":""거문성(巨門星) 완전 해설 — 자미두수의 말·분석·시비를 상징하는 암성(暗星)""},{""level"":""h3"",""text"":""칠살성(七殺星) 완전 해설 — 자미두수의 결단·개척·고독을 상징하는 장성(將星)""},{""level"":""h3"",""text"":""파군성(破軍星) 완전 해설 — 자미두수의 변혁·재창조를 상징하는 모성(耗星)""},{""level"":""h3"",""text"":""천기성(天機星) 완전 해설 — 자미두수의 지혜·기획·변화를 상징하는 참모의 별""},{""level"":""h3"",""text"":""염정성(廉貞星) 완전 해설 — 자미두수의 원칙·집념·감정의 진폭을 상징하는 수성(囚星)""},{""level"":""h2"",""text"":""핵심 운세""},{""level"":""h2"",""text"":""타로 리딩""},{""level"":""h2"",""text"":""신탁 & 특화""},{""level"":""h2"",""text"":""추천 가이드""},{""level"":""h2"",""text"":""디지털 운세 서비스 환불 안내""},{""level"":""h2"",""text"":""면책 고지""},{""level"":""h2"",""text"":""사업자 정보""}]","4259","0","true","true","{""@type"":""Person"",""@id"":""https://code-destiny.com/#author"",""name"":""박병하"",""jobTitle"":""명리학자"",""description"":""10년 경력의 명리학자. Code Destiny 가 공개하는 사주·운세 콘텐츠의 최종 검수 책임자입니다."",""knowsAbout"":[""사주"",""명리학"",""만세력"",""자미두수"",""숙요점""],""url"":""https://code-destiny.com/about"",""worksFor"":{""@type"":""Organization"",""@id"":""https://code-destiny.com/#organization"",""name"":""CODE DESTINY""}}","2026-07-10T00:00:00.000Z","2026-07-10T00:00:00.000Z","ko","true","B","false","[""editorial-review-required""]","retain pending evidence review; no automatic deletion","미확인","미확인","미확인","미확인"
"https://code-destiny.com/insights/ziwei-ziwei-star-beginner-guide/","200","200","true","https://code-destiny.com/insights/ziwei-ziwei-star-beginner-guide/","자미성(紫微星) 해설 — 자미두수의 황제별","[{""level"":""h1"",""text"":""자미성(紫微星) 완전 해설 — 자미두수의 황제별, 제왕의 기운""},{""level"":""h2"",""text"":""1. 자미성의 기본 의미""},{""level"":""h2"",""text"":""2. 자미성의 성격""},{""level"":""h3"",""text"":""① 품격이 있다""},{""level"":""h3"",""text"":""② 리더십""},{""level"":""h3"",""text"":""③ 책임감""},{""level"":""h3"",""text"":""④ 자존심""},{""level"":""h3"",""text"":""⑤ 체면을 중요하게 생각""},{""level"":""h2"",""text"":""3. 자미성의 장점""},{""level"":""h2"",""text"":""4. 자미성의 단점""},{""level"":""h2"",""text"":""5. 자미성이 강하면""},{""level"":""h2"",""text"":""6. 자미성이 약하면""},{""level"":""h2"",""text"":""7. 자미성의 인간관계""},{""level"":""h2"",""text"":""8. 자미성의 연애""},{""level"":""h2"",""text"":""9. 자미성의 결혼""},{""level"":""h2"",""text"":""10. 자미성의 재물운""},{""level"":""h2"",""text"":""11. 자미성의 직업운""},{""level"":""h2"",""text"":""12. 자미성의 건강운""},{""level"":""h2"",""text"":""13. 자미성과 부모""},{""level"":""h2"",""text"":""14. 자미성과 자녀""},{""level"":""h2"",""text"":""15. 자미성과 귀인운""},{""level"":""h2"",""text"":""16. 자미성의 성공 방식""},{""level"":""h2"",""text"":""17. 자미성과 다른 주성과의 조합""},{""level"":""h2"",""text"":""18. 자미성이 위치한 궁의 의미""},{""level"":""h2"",""text"":""19. 자미성의 개운법""},{""level"":""h2"",""text"":""20. 자미성 총평""},{""level"":""h2"",""text"":""여섯 체계를 교차 검증하는 초융합 심층 리딩""},{""level"":""h2"",""text"":""자미두수 사이트 — 무료 명반과 12궁 풀이""},{""level"":""h2"",""text"":""함께 보면 좋은 인사이트""},{""level"":""h3"",""text"":""탐랑성(貪狼星) 완전 해설 — 자미두수의 욕망·재능·도화를 상징하는 별""},{""level"":""h3"",""text"":""거문성(巨門星) 완전 해설 — 자미두수의 말·분석·시비를 상징하는 암성(暗星)""},{""level"":""h3"",""text"":""칠살성(七殺星) 완전 해설 — 자미두수의 결단·개척·고독을 상징하는 장성(將星)""},{""level"":""h3"",""text"":""파군성(破軍星) 완전 해설 — 자미두수의 변혁·재창조를 상징하는 모성(耗星)""},{""level"":""h3"",""text"":""천기성(天機星) 완전 해설 — 자미두수의 지혜·기획·변화를 상징하는 참모의 별""},{""level"":""h3"",""text"":""염정성(廉貞星) 완전 해설 — 자미두수의 원칙·집념·감정의 진폭을 상징하는 수성(囚星)""},{""level"":""h2"",""text"":""핵심 운세""},{""level"":""h2"",""text"":""타로 리딩""},{""level"":""h2"",""text"":""신탁 & 특화""},{""level"":""h2"",""text"":""추천 가이드""},{""level"":""h2"",""text"":""디지털 운세 서비스 환불 안내""},{""level"":""h2"",""text"":""면책 고지""},{""level"":""h2"",""text"":""사업자 정보""}]","3908","0","true","true","{""@type"":""Person"",""@id"":""https://code-destiny.com/#author"",""name"":""박병하"",""jobTitle"":""명리학자"",""description"":""10년 경력의 명리학자. Code Destiny 가 공개하는 사주·운세 콘텐츠의 최종 검수 책임자입니다."",""knowsAbout"":[""사주"",""명리학"",""만세력"",""자미두수"",""숙요점""],""url"":""https://code-destiny.com/about"",""worksFor"":{""@type"":""Organization"",""@id"":""https://code-destiny.com/#organization"",""name"":""CODE DESTINY""}}","2026-07-10T00:00:00.000Z","2026-07-10T00:00:00.000Z","ko","true","B","false","[""editorial-review-required""]","retain pending evidence review; no automatic deletion","미확인","미확인","미확인","미확인"
"https://code-destiny.com/insights/ziwei/","200","200","true","https://code-destiny.com/insights/ziwei/","자미두수 인사이트 허브 · 명반·12궁 해석 | Code Destiny","[{""level"":""h1"",""text"":""자미두수 인사이트 허브""},{""level"":""h2"",""text"":""자미두수 인사이트를 읽는 법""},{""level"":""h2"",""text"":""해석의 근거 — 참고 원전""},{""level"":""h2"",""text"":""이 체계를 계산하는 방식""},{""level"":""h2"",""text"":""추천 글""},{""level"":""h3"",""text"":""천동성(天同星) 완전 해설 — 자미두수의 복(福)과 행복, 온화함을 상징하는 별""},{""level"":""h3"",""text"":""무곡성(武曲星) 완전 해설 — 자미두수의 재물·결단·실행력을 상징하는 재성(財星)""},{""level"":""h3"",""text"":""자미성(紫微星) 완전 해설 — 자미두수의 황제별, 제왕의 기운""},{""level"":""h3"",""text"":""천부성(天府星) 완전 해설 — 자미두수의 재물창고, 안정과 신뢰의 별""},{""level"":""h3"",""text"":""태양(太陽)·태음(太陰) 균형 완전 가이드 — 자미두수에서 음양(陰陽)의 조화와 인생의 균형""},{""level"":""h3"",""text"":""자미두수 별 조합 입문 완전 가이드 — 14주성은 왜 함께 읽어야 하는가?""},{""level"":""h3"",""text"":""자미두수 14주성(十四主星) 총론 — 명반을 움직이는 열네 개의 중심 별""},{""level"":""h3"",""text"":""자미두수 궁합(부처궁) 완전 가이드 — 부처궁(夫妻宮)으로 배우자 운과 궁합을 읽는 법""},{""level"":""h3"",""text"":""사화(四化) 완전 가이드 — 화록(化祿)·화권(化權)·화과(化科)·화기(化忌)의 모든 것""},{""level"":""h3"",""text"":""자미두수 대한(大限)·유년(流年) 흐름 완전 가이드 — 인생의 큰 운과 매년의 변화를 읽는 핵심 원리""},{""level"":""h3"",""text"":""아시아 점복 전통 완전 가이드: 주역·사주·자미두수의 세계""},{""level"":""h3"",""text"":""탐랑성(貪狼星) 완전 해설 — 자미두수의 욕망·재능·도화를 상징하는 별""},{""level"":""h2"",""text"":""최신 글""},{""level"":""h2"",""text"":""초보자 가이드""},{""level"":""h2"",""text"":""실전 해석 글""},{""level"":""h2"",""text"":""핵심 운세""},{""level"":""h2"",""text"":""타로 리딩""},{""level"":""h2"",""text"":""신탁 & 특화""},{""level"":""h2"",""text"":""추천 가이드""},{""level"":""h2"",""text"":""디지털 운세 서비스 환불 안내""},{""level"":""h2"",""text"":""면책 고지""},{""level"":""h2"",""text"":""사업자 정보""}]","3520","0","true","false","미확인","미확인","미확인","ko","true","B","false","[]","retain pending evidence review; no automatic deletion","미확인","미확인","미확인","미확인"
"https://code-destiny.com/ja/","200","200","true","https://code-destiny.com/ja/","無料 四柱推命・タロット・紫微斗数・相性占い | CODE DESTINY","[{""level"":""h2"",""text"":""🌸 運命の花アトリエ""},{""level"":""h3"",""text"":""蓮""},{""level"":""h2"",""text"":""自分の基準をもう一度信じるタロット""},{""level"":""h3"",""text"":""5カードスプレッド · 気遣いから自分の基準を取り戻す""},{""level"":""h2"",""text"":""自己基準回復リーディング""},{""level"":""h2"",""text"":""月光のように静かなクッキー案内""},{""level"":""h1"",""text"":""今日の運勢から 六つの視点を重ねる超融合運勢まで""},{""level"":""h2"",""text"":""無料でいますぐ始める""},{""level"":""h2"",""text"":""全サービス検索""},{""level"":""h2"",""text"":""必要なサービスを探す""},{""level"":""h2"",""text"":""今日の運勢""},{""level"":""h2"",""text"":""運気と日取りのダイアリー、 そして自分だけの運勢プランナー""},{""level"":""h2"",""text"":""いま一番気になっていることは何ですか？""},{""level"":""h2"",""text"":""今日のひとことから 六つの体系による深いリーディングまで""},{""level"":""h2"",""text"":""代表の運命相談""},{""level"":""h2"",""text"":""CODE DESTINY 専門家の特別な体験""},{""level"":""h2"",""text"":""Kakao共有イベント""},{""level"":""h3"",""text"":""5,000ウォンのリーディング2回で、9,900ウォンの利用券のほうがお得です""},{""level"":""h2"",""text"":""もっと楽しむ""},{""level"":""h2"",""text"":""利用者の口コミ""},{""level"":""h2"",""text"":""四柱推命・タロット・運勢の読み方""},{""level"":""h3"",""text"":""四柱推命・万年暦""},{""level"":""h3"",""text"":""タロットリーディング""},{""level"":""h3"",""text"":""紫微斗数""},{""level"":""h3"",""text"":""占星術（西洋・ヴェーダ）""},{""level"":""h3"",""text"":""宿曜占星術""},{""level"":""h3"",""text"":""相性""},{""level"":""h2"",""text"":""四柱推命で流れを読む""},{""level"":""h2"",""text"":""なぜ Code Destiny なのか""},{""level"":""h2"",""text"":""すべての占いの門がここに""},{""level"":""h2"",""text"":""あなたに合う占いを選んでください""},{""level"":""h2"",""text"":""サービスを一緒に育ててください。""},{""level"":""h3"",""text"":""動物・観相コレクション""},{""level"":""h2"",""text"":""瞑想コレクション""},{""level"":""h2"",""text"":""タロットリーディングコレクション""},{""level"":""h3"",""text"":""神託・占術コレクション""},{""level"":""h3"",""text"":""コズミック・星座コレクション""},{""level"":""h3"",""text"":""運命の花・夢占いコレクション""},{""level"":""h3"",""text"":""VVIP運命書庫""},{""level"":""h3"",""text"":""その他の占術コレクション""},{""level"":""h2"",""text"":""月明かりのパスで、幸運のルーチンがより穏やかに流れるようにしましょう""},{""level"":""h2"",""text"":""無意識の魔法の店: ドリームタロット""},{""level"":""h3"",""text"":""ドリームタロット""},{""level"":""h2"",""text"":""精神分析の夢レポート""},{""level"":""h2"",""text"":""トータス・オラクル - 天の兆し""},{""level"":""h3"",""text"":""運命カードが必要です""},{""level"":""h3"",""text"":""出生情報が必要です""},{""level"":""h3"",""text"":""西洋占星術 出生チャート""},{""level"":""h3"",""text"":""運命カードが必要です""},{""level"":""h2"",""text"":""私たちはお互いに何ですか?""},{""level"":""h3"",""text"":""カードを順番に開いて、関係の温度を感じてください。""},{""level"":""h2"",""text"":""私たちの間の温度とペース""},{""level"":""h2"",""text"":""再び到達する前に、何を守るべきですか?""},{""level"":""h3"",""text"":""灯台の梁を、温かさが残っている部分から、温かさを保つ境界まで順番に開きます。""},{""level"":""h2"",""text"":""人間関係回復の灯台の読書""},{""level"":""h2"",""text"":""一年の方向を開く12枚のカード""},{""level"":""h3"",""text"":""12 枚のマンスリー カードを開く""},{""level"":""h2"",""text"":""十二支天運タロット · 1年の方向書""},{""level"":""h3"",""text"":""1月の詳しい運勢""},{""level"":""h2"",""text"":""守護動物からのメッセージ""},{""level"":""h2"",""text"":""ケメットの神託""},{""level"":""h3"",""text"":""十二主神の黄金オラクル""},{""level"":""h2"",""text"":""ホーム画面にアプリとして追加""},{""level"":""h2"",""text"":""""},{""level"":""h3"",""text"":""白と黒の太極が命式の中心を照らします。""},{""level"":""h3"",""text"":""今日のコズミックライフガイド""},{""level"":""h3"",""text"":""四柱命式 FREE""},{""level"":""h3"",""text"":""""},{""level"":""h2"",""text"":""運命の大きな流れを読む深層解釈2種セット""},{""level"":""h3"",""text"":""大雲分析""},{""level"":""h3"",""text"":""サジュ全文読み""},{""level"":""h3"",""text"":""互換性分析""},{""level"":""h3"",""text"":""大運 — 抑扶・調候・従格の統合判断 PREMIUM""},{""level"":""h3"",""text"":""総合四柱推命解釈 PREMIUM""},{""level"":""h3"",""text"":""今日の運勢と今月の運勢""},{""level"":""h3"",""text"":""相性を見る（恋愛・事業・友人） PREMIUM""},{""level"":""h3"",""text"":""私のソウルツインはどの有名人ですか?""},{""level"":""h3"",""text"":""サジュ フォーカット: 運命フィルター""},{""level"":""h3"",""text"":""🧠 私はドーパミン中毒？""},{""level"":""h3"",""text"":""楽しいサジュコンテンツ""},{""level"":""h3"",""text"":""⚡ 量子命理戦略リポート — 専門v3判定""},{""level"":""h3"",""text"":""💀 要注意ヴィラン・ブラックリスト""},{""level"":""h3"",""text"":""🎮 四柱RPGキャラクター — 運命クラスシート""},{""level"":""h3"",""text"":""🧭 エネルギー遠征リポート — 四柱エネルギー座標""},{""level"":""h3"",""text"":""命理ヘルスリポート""},{""level"":""h3"",""text"":""🎱 量子ロトリポート — 数理エネルギー共鳴番号""},{""level"":""h3"",""text"":""𓂀 古代エジプトオラクル (Eye of Horus)""},{""level"":""h3"",""text"":""🧬 四柱で見るテト VS エゲンテスト""},{""level"":""h3"",""text"":""The Frozen Logic — 極Tテスト""},{""level"":""h2"",""text"":""人生の書の専門家相談""},{""level"":""h2"",""text"":""恋愛の秘策 専門家相談""},{""level"":""h2"",""text"":""新年運勢の専門家相談""},{""level"":""h2"",""text"":""シビュラシステム""},{""level"":""h2"",""text"":""⚡ デスティニースキャナー""},{""level"":""h3"",""text"":""💖 ヨニの手紙""},{""level"":""h3"",""text"":""📤 四柱結果を共有""},{""level"":""h2"",""text"":""ESFJと他のMBTI相性""}]","10468","10468","false","false","미확인","미확인","미확인","ja","true","B","false","[]","retain pending evidence review; no automatic deletion","0","13","{""from"":""2026-06-07"",""to"":""2026-09-06""}","미확인"
"https://code-destiny.com/ja/about/","200","200","true","https://code-destiny.com/ja/about/","CODE DESTINYについて｜占いの考え方と制作方針","[{""level"":""h1"",""text"":""CODE DESTINYについて""},{""level"":""h2"",""text"":""占術を混ぜず、それぞれの視点を大切に""},{""level"":""h2"",""text"":""星とカードが照らすもの""},{""level"":""h2"",""text"":""計算とAIの役割""},{""level"":""h2"",""text"":""制作と内容への責任""},{""level"":""h2"",""text"":""月明かりのように、選択に余白を""},{""level"":""h2"",""text"":""ご利用範囲と大切な限界""},{""level"":""h2"",""text"":""お問い合わせ""},{""level"":""h2"",""text"":""日本語のページ""},{""level"":""h2"",""text"":""主要な占い""},{""level"":""h2"",""text"":""タロットリーディング""},{""level"":""h2"",""text"":""神託・専門占い""},{""level"":""h2"",""text"":""おすすめガイド""},{""level"":""h2"",""text"":""デジタル占いサービスの返金案内""},{""level"":""h2"",""text"":""免責事項""},{""level"":""h2"",""text"":""事業者情報""}]","1031","0","true","false","미확인","미확인","미확인","ja","true","B","false","[]","retain pending evidence review; no automatic deletion","미확인","미확인","미확인","미확인"
"https://code-destiny.com/ja/astrology/","200","200","true","https://code-destiny.com/ja/astrology/","西洋占星術の出生図入門｜太陽・月・ハウスの読み方","[{""level"":""h1"",""text"":""西洋占星術で、いくつもの自分を知る""},{""level"":""h2"",""text"":""太陽星座だけではない出生図""},{""level"":""h2"",""text"":""ハウスとアスペクトをやさしく""},{""level"":""h2"",""text"":""出生日時と場所を確認する""},{""level"":""h2"",""text"":""配置を行動の選択肢にする""},{""level"":""h2"",""text"":""公開解説と個別鑑定のご利用範囲""},{""level"":""h2"",""text"":""よくある質問""},{""level"":""h3"",""text"":""結果が自分に当てはまらないときは？""},{""level"":""h2"",""text"":""日本語のページ""},{""level"":""h2"",""text"":""主要な占い""},{""level"":""h2"",""text"":""タロットリーディング""},{""level"":""h2"",""text"":""神託・専門占い""},{""level"":""h2"",""text"":""おすすめガイド""},{""level"":""h2"",""text"":""デジタル占いサービスの返金案内""},{""level"":""h2"",""text"":""免責事項""},{""level"":""h2"",""text"":""事業者情報""}]","1047","0","true","false","미확인","미확인","미확인","ja","true","B","false","[]","retain pending evidence review; no automatic deletion","미확인","미확인","미확인","미확인"
"https://code-destiny.com/ja/contact/","200","200","true","https://code-destiny.com/ja/contact/","お問い合わせ｜ご利用相談・内容の訂正 CODE DESTINY","[{""level"":""h1"",""text"":""お問い合わせ""},{""level"":""h2"",""text"":""ご連絡いただきたい内容""},{""level"":""h2"",""text"":""お支払い後に結果が表示されない場合""},{""level"":""h2"",""text"":""送らないでいただきたい情報""},{""level"":""h2"",""text"":""翻訳・解説へのご指摘""},{""level"":""h2"",""text"":""窓口の範囲""},{""level"":""h2"",""text"":""お問い合わせ""},{""level"":""h2"",""text"":""日本語のページ""},{""level"":""h2"",""text"":""主要な占い""},{""level"":""h2"",""text"":""タロットリーディング""},{""level"":""h2"",""text"":""神託・専門占い""},{""level"":""h2"",""text"":""おすすめガイド""},{""level"":""h2"",""text"":""デジタル占いサービスの返金案内""},{""level"":""h2"",""text"":""免責事項""},{""level"":""h2"",""text"":""事業者情報""}]","747","0","true","false","미확인","미확인","미확인","ja","true","B","false","[]","retain pending evidence review; no automatic deletion","미확인","미확인","미확인","미확인"
"https://code-destiny.com/ja/destiny-compass/","200","200","true","https://code-destiny.com/ja/destiny-compass/","運命の羅針盤ガイド｜四柱推命と紫微斗数で今日の方向を考える","[{""level"":""h1"",""text"":""運命の羅針盤で、次の一歩を見直す""},{""level"":""h2"",""text"":""二つの体系を混ぜずに読む""},{""level"":""h2"",""text"":""必要な入力""},{""level"":""h2"",""text"":""方向を行動へ翻訳する""},{""level"":""h2"",""text"":""参考にする範囲""},{""level"":""h2"",""text"":""公開解説と個別鑑定のご利用範囲""},{""level"":""h2"",""text"":""よくある質問""},{""level"":""h3"",""text"":""結果が自分に当てはまらないときは？""},{""level"":""h2"",""text"":""日本語のページ""},{""level"":""h2"",""text"":""主要な占い""},{""level"":""h2"",""text"":""タロットリーディング""},{""level"":""h2"",""text"":""神託・専門占い""},{""level"":""h2"",""text"":""おすすめガイド""},{""level"":""h2"",""text"":""デジタル占いサービスの返金案内""},{""level"":""h2"",""text"":""免責事項""},{""level"":""h2"",""text"":""事業者情報""}]","1007","0","true","false","미확인","미확인","미확인","ja","true","B","false","[]","retain pending evidence review; no automatic deletion","미확인","미확인","미확인","미확인"
"https://code-destiny.com/ja/disclaimer/","200","200","true","https://code-destiny.com/ja/disclaimer/","免責事項｜占い・AI相談をご利用になる前に CODE DESTINY","[{""level"":""h1"",""text"":""免責事項""},{""level"":""h2"",""text"":""解釈には限界があります""},{""level"":""h2"",""text"":""AIの文章を確定情報として扱わないでください""},{""level"":""h2"",""text"":""専門的な判断の代わりにはなりません""},{""level"":""h2"",""text"":""特定の成果を保証しません""},{""level"":""h2"",""text"":""不安が強くなったとき""},{""level"":""h2"",""text"":""関連する規約と連絡先""},{""level"":""h2"",""text"":""お問い合わせ""},{""level"":""h2"",""text"":""日本語のページ""},{""level"":""h2"",""text"":""主要な占い""},{""level"":""h2"",""text"":""タロットリーディング""},{""level"":""h2"",""text"":""神託・専門占い""},{""level"":""h2"",""text"":""おすすめガイド""},{""level"":""h2"",""text"":""デジタル占いサービスの返金案内""},{""level"":""h2"",""text"":""免責事項""},{""level"":""h2"",""text"":""事業者情報""}]","905","0","true","false","미확인","미확인","미확인","ja","true","B","false","[]","retain pending evidence review; no automatic deletion","미확인","미확인","미확인","미확인"
"https://code-destiny.com/ja/faq/","200","200","true","https://code-destiny.com/ja/faq/","よくある質問｜AI占い・鑑定の使い方 CODE DESTINY","[{""level"":""h1"",""text"":""よくある質問""},{""level"":""h2"",""text"":""CODE DESTINYはどんなサービスですか？""},{""level"":""h2"",""text"":""無料で読めるものはありますか？""},{""level"":""h2"",""text"":""AI占いはどのように作られますか？""},{""level"":""h2"",""text"":""四柱推命と紫微斗数は何が違いますか？""},{""level"":""h2"",""text"":""宿曜占星術の相性は何を見ますか？""},{""level"":""h2"",""text"":""出生時刻がわからなくても使えますか？""},{""level"":""h2"",""text"":""ヴェーダ占星術と西洋占星術は同じですか？""},{""level"":""h2"",""text"":""鑑定結果はいつも当たりますか？""},{""level"":""h2"",""text"":""有料機能では何が追加されますか？""},{""level"":""h2"",""text"":""個人情報はどう扱われますか？""},{""level"":""h2"",""text"":""返金を希望するときは？""},{""level"":""h2"",""text"":""不具合や翻訳の誤りはどこへ連絡できますか？""},{""level"":""h2"",""text"":""お問い合わせ""},{""level"":""h2"",""text"":""日本語のページ""},{""level"":""h2"",""text"":""主要な占い""},{""level"":""h2"",""text"":""タロットリーディング""},{""level"":""h2"",""text"":""神託・専門占い""},{""level"":""h2"",""text"":""おすすめガイド""},{""level"":""h2"",""text"":""デジタル占いサービスの返金案内""},{""level"":""h2"",""text"":""免責事項""},{""level"":""h2"",""text"":""事業者情報""}]","1527","0","true","false","미확인","미확인","미확인","ja","true","B","false","[]","retain pending evidence review; no automatic deletion","미확인","미확인","미확인","미확인"
"https://code-destiny.com/ja/fortune-tea-house/","200","200","true","https://code-destiny.com/ja/fortune-tea-house/","運命の茶屋ガイド｜問いと気持ちを静かに整える相談","[{""level"":""h1"",""text"":""運命の茶屋で、問いの温度を整える""},{""level"":""h2"",""text"":""四つの茶碗が扱うこと""},{""level"":""h2"",""text"":""入力と質問の準備""},{""level"":""h2"",""text"":""結果を会話へ戻す""},{""level"":""h2"",""text"":""参考にする範囲""},{""level"":""h2"",""text"":""公開解説と個別鑑定のご利用範囲""},{""level"":""h2"",""text"":""よくある質問""},{""level"":""h3"",""text"":""結果が自分に当てはまらないときは？""},{""level"":""h2"",""text"":""日本語のページ""},{""level"":""h2"",""text"":""主要な占い""},{""level"":""h2"",""text"":""タロットリーディング""},{""level"":""h2"",""text"":""神託・専門占い""},{""level"":""h2"",""text"":""おすすめガイド""},{""level"":""h2"",""text"":""デジタル占いサービスの返金案内""},{""level"":""h2"",""text"":""免責事項""},{""level"":""h2"",""text"":""事業者情報""}]","1053","0","true","false","미확인","미확인","미확인","ja","true","B","false","[]","retain pending evidence review; no automatic deletion","미확인","미확인","미확인","미확인"
"https://code-destiny.com/ja/insights/","200","200","true","https://code-destiny.com/ja/insights/","占いインサイト記事 | Code Destiny","[{""level"":""h1"",""text"":""占いインサイト記事""},{""level"":""h2"",""text"":""紫微斗数 入門ガイド: 命盤の読み順""},{""level"":""h2"",""text"":""宿曜の関係解釈: 衝突パターンの読み方""},{""level"":""h2"",""text"":""占いを読むための基礎知識""},{""level"":""h2"",""text"":""最初に選ぶ記事""},{""level"":""h2"",""text"":""解説を鑑定に持ち込むとき""},{""level"":""h2"",""text"":""内容への疑問や訂正""},{""level"":""h2"",""text"":""日本語のページ""},{""level"":""h2"",""text"":""主要な占い""},{""level"":""h2"",""text"":""タロットリーディング""},{""level"":""h2"",""text"":""神託・専門占い""},{""level"":""h2"",""text"":""おすすめガイド""},{""level"":""h2"",""text"":""デジタル占いサービスの返金案内""},{""level"":""h2"",""text"":""免責事項""},{""level"":""h2"",""text"":""事業者情報""}]","991","0","true","false","미확인","미확인","미확인","ja","true","B","false","[]","retain pending evidence review; no automatic deletion","미확인","미확인","미확인","미확인"
"https://code-destiny.com/ja/insights/sukuyo-basics-jp/","200","200","true","https://code-destiny.com/ja/insights/sukuyo-basics-jp/","宿曜の関係解釈: 衝突パターンの読み方","[{""level"":""h1"",""text"":""宿曜の基本: 関係衝突と回復タイミング""},{""level"":""h2"",""text"":""よくある質問""},{""level"":""h2"",""text"":""日本語のページ""},{""level"":""h2"",""text"":""主要な占い""},{""level"":""h2"",""text"":""タロットリーディング""},{""level"":""h2"",""text"":""神託・専門占い""},{""level"":""h2"",""text"":""おすすめガイド""},{""level"":""h2"",""text"":""デジタル占いサービスの返金案内""},{""level"":""h2"",""text"":""免責事項""},{""level"":""h2"",""text"":""事業者情報""}]","1147","0","true","true","미확인","미확인","미확인","ja","true","B","false","[""editorial-review-required""]","retain pending evidence review; no automatic deletion","미확인","미확인","미확인","미확인"
"https://code-destiny.com/ja/insights/ziwei-basics-jp/","200","200","true","https://code-destiny.com/ja/insights/ziwei-basics-jp/","紫微斗数 入門ガイド: 命盤の読み順","[{""level"":""h1"",""text"":""紫微斗数入門: 宮位から読む命盤解釈""},{""level"":""h2"",""text"":""よくある質問""},{""level"":""h2"",""text"":""日本語のページ""},{""level"":""h2"",""text"":""主要な占い""},{""level"":""h2"",""text"":""タロットリーディング""},{""level"":""h2"",""text"":""神託・専門占い""},{""level"":""h2"",""text"":""おすすめガイド""},{""level"":""h2"",""text"":""デジタル占いサービスの返金案内""},{""level"":""h2"",""text"":""免責事項""},{""level"":""h2"",""text"":""事業者情報""}]","1129","0","true","true","미확인","미확인","미확인","ja","true","B","false","[""editorial-review-required""]","retain pending evidence review; no automatic deletion","미확인","미확인","미확인","미확인"
"https://code-destiny.com/ja/privacy-policy/","200","200","true","https://code-destiny.com/ja/privacy-policy/","プライバシーポリシー | Code Destiny","[{""level"":""h1"",""text"":""プライバシーポリシー""},{""level"":""h2"",""text"":""1. 基本原則""},{""level"":""h2"",""text"":""2. 収集項目と利用目的""},{""level"":""h2"",""text"":""3. 自動的に処理される情報""},{""level"":""h2"",""text"":""4. Cookie、広告識別子、Google AdSenseに関する告知""},{""level"":""h2"",""text"":""5. 第三者提供と処理委託""},{""level"":""h2"",""text"":""6. 保管期間""},{""level"":""h2"",""text"":""7. 利用者の権利""},{""level"":""h2"",""text"":""8. 児童の個人情報""},{""level"":""h2"",""text"":""9. 機微な解釈と広告ターゲティング""},{""level"":""h2"",""text"":""10. セキュリティ対策""},{""level"":""h2"",""text"":""11. 方針の変更""},{""level"":""h2"",""text"":""12. 個人情報に関するお問い合わせ""},{""level"":""h2"",""text"":""日本語のページ""},{""level"":""h2"",""text"":""主要な占い""},{""level"":""h2"",""text"":""タロットリーディング""},{""level"":""h2"",""text"":""神託・専門占い""},{""level"":""h2"",""text"":""おすすめガイド""},{""level"":""h2"",""text"":""デジタル占いサービスの返金案内""},{""level"":""h2"",""text"":""免責事項""},{""level"":""h2"",""text"":""事業者情報""}]","3086","0","true","false","미확인","미확인","미확인","ja","true","B","false","[]","retain pending evidence review; no automatic deletion","미확인","미확인","미확인","미확인"
"https://code-destiny.com/ja/psychotest/","200","200","true","https://code-destiny.com/ja/psychotest/","心理テスト一覧の読み方｜性格・恋愛・仕事の傾向を考える","[{""level"":""h1"",""text"":""心理テストを、自己理解のきっかけにする""},{""level"":""h2"",""text"":""この一覧にあるもの""},{""level"":""h2"",""text"":""答えるときの注意""},{""level"":""h2"",""text"":""結果を安全に使う""},{""level"":""h2"",""text"":""参考にする範囲""},{""level"":""h2"",""text"":""公開解説と個別鑑定のご利用範囲""},{""level"":""h2"",""text"":""よくある質問""},{""level"":""h3"",""text"":""結果が自分に当てはまらないときは？""},{""level"":""h2"",""text"":""日本語のページ""},{""level"":""h2"",""text"":""主要な占い""},{""level"":""h2"",""text"":""タロットリーディング""},{""level"":""h2"",""text"":""神託・専門占い""},{""level"":""h2"",""text"":""おすすめガイド""},{""level"":""h2"",""text"":""デジタル占いサービスの返金案内""},{""level"":""h2"",""text"":""免責事項""},{""level"":""h2"",""text"":""事業者情報""}]","1012","0","true","false","미확인","미확인","미확인","ja","true","B","false","[]","retain pending evidence review; no automatic deletion","미확인","미확인","미확인","미확인"
"https://code-destiny.com/ja/refund-policy/","200","200","true","https://code-destiny.com/ja/refund-policy/","返金ポリシー | Code Destiny","[{""level"":""h1"",""text"":""返金ポリシー""},{""level"":""h2"",""text"":""返金ポリシー""},{""level"":""h2"",""text"":""このページの確認方法""},{""level"":""h2"",""text"":""参考：日本の読者の方へ""},{""level"":""h2"",""text"":""日本語のページ""},{""level"":""h2"",""text"":""主要な占い""},{""level"":""h2"",""text"":""タロットリーディング""},{""level"":""h2"",""text"":""神託・専門占い""},{""level"":""h2"",""text"":""おすすめガイド""},{""level"":""h2"",""text"":""デジタル占いサービスの返金案内""},{""level"":""h2"",""text"":""免責事項""},{""level"":""h2"",""text"":""事業者情報""}]","2128","0","true","false","미확인","미확인","미확인","ja","true","B","false","[]","retain pending evidence review; no automatic deletion","미확인","미확인","미확인","미확인"
"https://code-destiny.com/ja/saju/","200","200","true","https://code-destiny.com/ja/saju/","韓国式四柱推命の読み方｜五行と行動の傾向を知る","[{""level"":""h1"",""text"":""四柱推命で、自分の選び方を見つめる""},{""level"":""h2"",""text"":""四つの柱は何を表すのか""},{""level"":""h2"",""text"":""五行は多ければよいとは限りません""},{""level"":""h2"",""text"":""入力するときに確かめたいこと""},{""level"":""h2"",""text"":""十神と時期の流れを日常へ""},{""level"":""h2"",""text"":""公開解説と個別鑑定のご利用範囲""},{""level"":""h2"",""text"":""よくある質問""},{""level"":""h3"",""text"":""結果が自分に当てはまらないときは？""},{""level"":""h2"",""text"":""日本語のページ""},{""level"":""h2"",""text"":""主要な占い""},{""level"":""h2"",""text"":""タロットリーディング""},{""level"":""h2"",""text"":""神託・専門占い""},{""level"":""h2"",""text"":""おすすめガイド""},{""level"":""h2"",""text"":""デジタル占いサービスの返金案内""},{""level"":""h2"",""text"":""免責事項""},{""level"":""h2"",""text"":""事業者情報""}]","1056","0","true","false","미확인","미확인","미확인","ja","true","B","false","[]","retain pending evidence review; no automatic deletion","미확인","미확인","미확인","미확인"
"https://code-destiny.com/ja/sukuyo-compatibility-ai/","200","200","true","https://code-destiny.com/ja/sukuyo-compatibility-ai/","宿曜相性ガイド｜二十七宿で関係の会話リズムを考える","[{""level"":""h1"",""text"":""宿曜相性で、二人のリズムを言葉にする""},{""level"":""h2"",""text"":""二十七宿と関係の見方""},{""level"":""h2"",""text"":""必要な情報""},{""level"":""h2"",""text"":""相性を会話の準備にする""},{""level"":""h2"",""text"":""参考にする範囲""},{""level"":""h2"",""text"":""公開解説と個別鑑定のご利用範囲""},{""level"":""h2"",""text"":""よくある質問""},{""level"":""h3"",""text"":""結果が自分に当てはまらないときは？""},{""level"":""h2"",""text"":""日本語のページ""},{""level"":""h2"",""text"":""主要な占い""},{""level"":""h2"",""text"":""タロットリーディング""},{""level"":""h2"",""text"":""神託・専門占い""},{""level"":""h2"",""text"":""おすすめガイド""},{""level"":""h2"",""text"":""デジタル占いサービスの返金案内""},{""level"":""h2"",""text"":""免責事項""},{""level"":""h2"",""text"":""事業者情報""}]","1018","0","true","false","미확인","미확인","미확인","ja","true","B","false","[]","retain pending evidence review; no automatic deletion","미확인","미확인","미확인","미확인"
"https://code-destiny.com/ja/sukuyo/","200","200","true","https://code-destiny.com/ja/sukuyo/","宿曜占星術の相性占い｜27宿から考える二人の距離","[{""level"":""h1"",""text"":""宿曜占星術で読み解く相性と距離感""},{""level"":""h2"",""text"":""要点""},{""level"":""h2"",""text"":""おすすめサービス""},{""level"":""h2"",""text"":""関連リンク""},{""level"":""h2"",""text"":""よくある質問""},{""level"":""h2"",""text"":""宿曜占星術の相性は、距離を考える手がかり""},{""level"":""h2"",""text"":""入力と結果の見方""},{""level"":""h2"",""text"":""恋愛占いを対話に変える""},{""level"":""h2"",""text"":""ほかの占術と混ぜないために""},{""level"":""h2"",""text"":""日本語のページ""},{""level"":""h2"",""text"":""主要な占い""},{""level"":""h2"",""text"":""タロットリーディング""},{""level"":""h2"",""text"":""神託・専門占い""},{""level"":""h2"",""text"":""おすすめガイド""},{""level"":""h2"",""text"":""デジタル占いサービスの返金案内""},{""level"":""h2"",""text"":""免責事項""},{""level"":""h2"",""text"":""事業者情報""}]","1222","0","true","false","미확인","미확인","미확인","ja","true","B","false","[]","retain pending evidence review; no automatic deletion","미확인","미확인","미확인","미확인"
"https://code-destiny.com/ja/tarot/","200","200","true","https://code-destiny.com/ja/tarot/","タロット占いの読み方｜カードから気持ちと選択を整理","[{""level"":""h1"",""text"":""タロットで、問いの奥にある気持ちを読む""},{""level"":""h2"",""text"":""カードの意味を並べるだけではありません""},{""level"":""h2"",""text"":""質問を少し具体的にする""},{""level"":""h2"",""text"":""恋愛・復縁・相手の気持ち""},{""level"":""h2"",""text"":""読み終えた後の小さな行動""},{""level"":""h2"",""text"":""公開解説と個別鑑定のご利用範囲""},{""level"":""h2"",""text"":""よくある質問""},{""level"":""h3"",""text"":""結果が自分に当てはまらないときは？""},{""level"":""h2"",""text"":""日本語のページ""},{""level"":""h2"",""text"":""主要な占い""},{""level"":""h2"",""text"":""タロットリーディング""},{""level"":""h2"",""text"":""神託・専門占い""},{""level"":""h2"",""text"":""おすすめガイド""},{""level"":""h2"",""text"":""デジタル占いサービスの返金案内""},{""level"":""h2"",""text"":""免責事項""},{""level"":""h2"",""text"":""事業者情報""}]","1023","0","true","false","미확인","미확인","미확인","ja","true","B","false","[]","retain pending evidence review; no automatic deletion","미확인","미확인","미확인","미확인"
"https://code-destiny.com/ja/terms-of-service/","200","200","true","https://code-destiny.com/ja/terms-of-service/","利用規約 | Code Destiny","[{""level"":""h1"",""text"":""利用規約""},{""level"":""h2"",""text"":""1. 目的""},{""level"":""h2"",""text"":""2. 適用範囲および同意""},{""level"":""h2"",""text"":""3. サービス内容""},{""level"":""h2"",""text"":""4. Cookieおよび第三者広告""},{""level"":""h2"",""text"":""5. 利用資格および利用者の責任""},{""level"":""h2"",""text"":""6. 禁止行為""},{""level"":""h2"",""text"":""7. 公正利用および異常利用の制限""},{""level"":""h2"",""text"":""8. 知的財産権""},{""level"":""h2"",""text"":""9. サービスの性質および限界""},{""level"":""h2"",""text"":""10. 免責事項""},{""level"":""h2"",""text"":""11. 責任の制限""},{""level"":""h2"",""text"":""12. 返金および契約解除案内""},{""level"":""h2"",""text"":""13. 無料体験および有料パスの利用""},{""level"":""h2"",""text"":""14. 規約の変更""},{""level"":""h2"",""text"":""15. 準拠法および管轄""},{""level"":""h2"",""text"":""16. お問い合わせ""},{""level"":""h2"",""text"":""日本語のページ""},{""level"":""h2"",""text"":""主要な占い""},{""level"":""h2"",""text"":""タロットリーディング""},{""level"":""h2"",""text"":""神託・専門占い""},{""level"":""h2"",""text"":""おすすめガイド""},{""level"":""h2"",""text"":""デジタル占いサービスの返金案内""},{""level"":""h2"",""text"":""免責事項""},{""level"":""h2"",""text"":""事業者情報""}]","5154","0","true","false","미확인","미확인","미확인","ja","true","B","false","[]","retain pending evidence review; no automatic deletion","미확인","미확인","미확인","미확인"
"https://code-destiny.com/ja/today/","200","200","true","https://code-destiny.com/ja/today/","今日の運勢 無料リーディング | 感情・関係・タイミング","[{""level"":""h1"",""text"":""今日の運勢""},{""level"":""h2"",""text"":""要点""},{""level"":""h2"",""text"":""おすすめサービス""},{""level"":""h2"",""text"":""関連リンク""},{""level"":""h2"",""text"":""よくある質問""},{""level"":""h2"",""text"":""今日の運勢を、一日の問いとして""},{""level"":""h2"",""text"":""日付と対象を確かめる""},{""level"":""h2"",""text"":""恋愛・仕事・金運の読み替え方""},{""level"":""h2"",""text"":""読み直すときの注意""},{""level"":""h2"",""text"":""日本語のページ""},{""level"":""h2"",""text"":""主要な占い""},{""level"":""h2"",""text"":""タロットリーディング""},{""level"":""h2"",""text"":""神託・専門占い""},{""level"":""h2"",""text"":""おすすめガイド""},{""level"":""h2"",""text"":""デジタル占いサービスの返金案内""},{""level"":""h2"",""text"":""免責事項""},{""level"":""h2"",""text"":""事業者情報""}]","1181","0","true","false","미확인","미확인","미확인","ja","true","B","false","[]","retain pending evidence review; no automatic deletion","미확인","미확인","미확인","미확인"
"https://code-destiny.com/ja/tokushoho/","200","200","true","https://code-destiny.com/ja/tokushoho/","特定商取引法に基づく表記 | Code Destiny","[{""level"":""h1"",""text"":""特定商取引法に基づく表記""},{""level"":""h2"",""text"":""表示内容の確認方法""},{""level"":""h2"",""text"":""日本語のページ""},{""level"":""h2"",""text"":""主要な占い""},{""level"":""h2"",""text"":""タロットリーディング""},{""level"":""h2"",""text"":""神託・専門占い""},{""level"":""h2"",""text"":""おすすめガイド""},{""level"":""h2"",""text"":""デジタル占いサービスの返金案内""},{""level"":""h2"",""text"":""免責事項""},{""level"":""h2"",""text"":""事業者情報""}]","934","0","true","false","미확인","미확인","미확인","ja","true","B","false","[]","retain pending evidence review; no automatic deletion","미확인","미확인","미확인","미확인"
"https://code-destiny.com/ja/vedic/","200","200","true","https://code-destiny.com/ja/vedic/","インド占星術入門｜ラグナ・ナクシャトラの調べ方","[{""level"":""h1"",""text"":""ヴェーダ占星術で読み解く生まれた空""},{""level"":""h2"",""text"":""チャートを読む三つの入り口""},{""level"":""h2"",""text"":""出生時刻と場所の意味""},{""level"":""h2"",""text"":""西洋占星術との違い""},{""level"":""h2"",""text"":""時期の解釈をどう使うか""},{""level"":""h2"",""text"":""公開解説と個別鑑定のご利用範囲""},{""level"":""h2"",""text"":""よくある質問""},{""level"":""h3"",""text"":""結果が自分に当てはまらないときは？""},{""level"":""h2"",""text"":""日本語のページ""},{""level"":""h2"",""text"":""主要な占い""},{""level"":""h2"",""text"":""タロットリーディング""},{""level"":""h2"",""text"":""神託・専門占い""},{""level"":""h2"",""text"":""おすすめガイド""},{""level"":""h2"",""text"":""デジタル占いサービスの返金案内""},{""level"":""h2"",""text"":""免責事項""},{""level"":""h2"",""text"":""事業者情報""}]","1082","0","true","false","미확인","미확인","미확인","ja","true","B","false","[]","retain pending evidence review; no automatic deletion","미확인","미확인","미확인","미확인"
"https://code-destiny.com/ja/ziwei/","200","200","true","https://code-destiny.com/ja/ziwei/","紫微斗数の命盤と十二宮｜性格・仕事・関係を読む","[{""level"":""h1"",""text"":""紫微斗数の命盤鑑定""},{""level"":""h2"",""text"":""要点""},{""level"":""h2"",""text"":""おすすめサービス""},{""level"":""h2"",""text"":""関連リンク""},{""level"":""h2"",""text"":""よくある質問""},{""level"":""h2"",""text"":""紫微斗数を初めて読む方へ""},{""level"":""h2"",""text"":""出生情報と読み取れる範囲""},{""level"":""h2"",""text"":""仕事運や金運を現実につなげる""},{""level"":""h2"",""text"":""公開解説と詳細鑑定の違い""},{""level"":""h2"",""text"":""日本語のページ""},{""level"":""h2"",""text"":""主要な占い""},{""level"":""h2"",""text"":""タロットリーディング""},{""level"":""h2"",""text"":""神託・専門占い""},{""level"":""h2"",""text"":""おすすめガイド""},{""level"":""h2"",""text"":""デジタル占いサービスの返金案内""},{""level"":""h2"",""text"":""免責事項""},{""level"":""h2"",""text"":""事業者情報""}]","1247","0","true","false","미확인","미확인","미확인","ja","true","B","false","[]","retain pending evidence review; no automatic deletion","미확인","미확인","미확인","미확인"
"https://code-destiny.com/karma-destiny-ai/","200","200","true","https://code-destiny.com/karma-destiny-ai/","업보 운세 | 반복되는 인생 패턴 리딩 — 운명의 업","[{""level"":""h2"",""text"":""운명의 업 전문가 상담""},{""level"":""h1"",""text"":""업보 운세 — 반복되는 인생 패턴 리딩""},{""level"":""h2"",""text"":""이런 고민에 특히 도움이 됩니다""},{""level"":""h2"",""text"":""상담은 이렇게 진행됩니다""},{""level"":""h2"",""text"":""자주 묻는 질문""},{""level"":""h3"",""text"":""운명의 업 전문가 상담은 무엇을 봐주나요?""},{""level"":""h3"",""text"":""카르마 리딩은 전생을 알려주는 것인가요?""},{""level"":""h3"",""text"":""다섯 관점을 함께 본다는 것이 무슨 뜻인가요?""},{""level"":""h3"",""text"":""결론이 어떤 근거에서 나왔는지 확인할 수 있나요?""},{""level"":""h3"",""text"":""어떤 고민에 잘 맞나요?""},{""level"":""h3"",""text"":""결과가 불안하게 느껴지면 어떻게 하나요?""},{""level"":""h3"",""text"":""태어난 시간을 정확히 몰라도 볼 수 있나요?""},{""level"":""h3"",""text"":""결과를 다른 상담과 함께 참고해도 되나요?""},{""level"":""h2"",""text"":""이어서 볼 만한 운세""}]","2891","0","true","false","미확인","미확인","미확인","ko","true","B","false","[]","retain pending evidence review; no automatic deletion","미확인","미확인","미확인","미확인"
"https://code-destiny.com/kkul-kkul-unse/","200","200","true","https://code-destiny.com/kkul-kkul-unse/","꿀꿀 운세는 어떤 서비스인가요 | Code Destiny 브랜드 안내","[{""level"":""h1"",""text"":""꿀꿀 운세 — 무료 사주·타로·궁합 통합 플랫폼""},{""level"":""h2"",""text"":""꿀꿀 만세력에서 꿀꿀 운세로""},{""level"":""h2"",""text"":""꽃돼지로 기억하는 꿀꿀 운세""},{""level"":""h2"",""text"":""CODE DESTINY의 초융합 운세""},{""level"":""h2"",""text"":""꿀꿀 운세 자주 묻는 질문""},{""level"":""h3"",""text"":""꿀꿀 운세가 무엇인가요?""},{""level"":""h3"",""text"":""꿀꿀 만세력과 꿀꿀 운세의 차이는?""},{""level"":""h3"",""text"":""꿀꿀 운세에서 어떤 운세를 볼 수 있나요?""},{""level"":""h3"",""text"":""코드 데스티니와 꿀꿀 운세는 같은 곳인가요?""},{""level"":""h3"",""text"":""꽃돼지 운세 또는 꿀꿀만세력으로 찾은 서비스도 같은 곳인가요?""},{""level"":""h3"",""text"":""CodeDestiny와 CODE DESTINY는 어떤 관계인가요?""},{""level"":""h3"",""text"":""초융합 운세란 무엇인가요?""},{""level"":""h3"",""text"":""사주와 자미두수를 함께 보는 AI 운세는 어떻게 활용하나요?""},{""level"":""h3"",""text"":""초융합 운세에는 어떤 해석 체계가 연결되나요?""},{""level"":""h2"",""text"":""핵심 운세""},{""level"":""h2"",""text"":""타로 리딩""},{""level"":""h2"",""text"":""신탁 & 특화""},{""level"":""h2"",""text"":""추천 가이드""},{""level"":""h2"",""text"":""디지털 운세 서비스 환불 안내""},{""level"":""h2"",""text"":""면책 고지""},{""level"":""h2"",""text"":""사업자 정보""}]","2473","0","true","false","미확인","미확인","미확인","ko","true","B","false","[]","retain pending evidence review; no automatic deletion","미확인","미확인","미확인","미확인"
"https://code-destiny.com/life-book-ai/","200","200","true","https://code-destiny.com/life-book-ai/","인생 총운 | 사주로 보는 평생 운세 리포트 — 인생의 책","[{""level"":""h2"",""text"":""인생의 책 전문가 상담""},{""level"":""h1"",""text"":""인생 총운 — 사주로 보는 평생 운세 리포트""},{""level"":""h2"",""text"":""이어서 볼 만한 운세""},{""level"":""h2"",""text"":""인생의 책 전문가 상담""},{""level"":""h2"",""text"":""책을 열기 전 확인할 것""},{""level"":""h2"",""text"":""인생의 책을 열기 위한 정보""},{""level"":""h2"",""text"":""아직 쓰이지 않은 다음 장이 기다리고 있습니다""}]","2139","0","true","false","미확인","미확인","미확인","ko","true","B","false","[]","retain pending evidence review; no automatic deletion","미확인","미확인","미확인","미확인"
"https://code-destiny.com/login/","200","200","false","https://code-destiny.com/login/","로그인","[]","0","0","false","false","미확인","미확인","미확인","ko","false","C","true","[]","verify existing disposition","미확인","미확인","미확인","미확인"
"https://code-destiny.com/love-secret-ai/","200","200","true","https://code-destiny.com/love-secret-ai/","짝사랑 운세 | 재회·연애 마음 리딩 — 사랑의 비밀","[{""level"":""h1"",""text"":""짝사랑 운세 — 재회와 연애 마음 리딩""},{""level"":""h2"",""text"":""이런 순간에 특히 도움이 됩니다""},{""level"":""h2"",""text"":""상담은 이렇게 진행됩니다""},{""level"":""h2"",""text"":""명리학으로 연애를 읽는다는 것""},{""level"":""h2"",""text"":""상황별로 달라지는 읽는 법""},{""level"":""h2"",""text"":""이 상담이 답하지 않는 것""},{""level"":""h2"",""text"":""자주 묻는 질문""},{""level"":""h3"",""text"":""사랑의 비밀 전문가 상담은 무엇을 봐주나요?""},{""level"":""h3"",""text"":""상대방 정보가 없어도 볼 수 있나요?""},{""level"":""h3"",""text"":""재회 가능성도 알 수 있나요?""},{""level"":""h3"",""text"":""상담 내용은 저장되거나 공개되나요?""},{""level"":""h3"",""text"":""매일 다시 봐도 결과가 달라지나요?""},{""level"":""h3"",""text"":""짝사랑과 재회 중 하나만 골라 물어봐도 되나요?""},{""level"":""h2"",""text"":""이어서 볼 만한 운세""}]","2950","0","true","false","미확인","미확인","미확인","ko","true","B","false","[]","retain pending evidence review; no automatic deletion","미확인","미확인","미확인","미확인"
"https://code-destiny.com/love/","200","200","true","https://code-destiny.com/love/","무료 연애운 | 사주로 보는 지금의 관계 흐름과 시기","[{""level"":""h1"",""text"":""무료 연애운 — 지금의 관계 흐름""},{""level"":""h2"",""text"":""사용 방법""},{""level"":""h2"",""text"":""제공 결과""},{""level"":""h2"",""text"":""주의와 면책""},{""level"":""h2"",""text"":""관련 기능""},{""level"":""h2"",""text"":""자주 묻는 질문""},{""level"":""h2"",""text"":""핵심 운세""},{""level"":""h2"",""text"":""타로 리딩""},{""level"":""h2"",""text"":""신탁 & 특화""},{""level"":""h2"",""text"":""추천 가이드""},{""level"":""h2"",""text"":""디지털 운세 서비스 환불 안내""},{""level"":""h2"",""text"":""면책 고지""},{""level"":""h2"",""text"":""사업자 정보""}]","1399","0","true","false","미확인","미확인","미확인","ko","true","B","false","[]","retain pending evidence review; no automatic deletion","미확인","미확인","미확인","미확인"
"https://code-destiny.com/manse/","200","200","true","https://code-destiny.com/manse/","무료 만세력 사주 분석 | 오행·십성·대운 해석","[{""level"":""h1"",""text"":""무료 만세력 사주 분석""},{""level"":""h2"",""text"":""사용 방법""},{""level"":""h2"",""text"":""제공 결과""},{""level"":""h2"",""text"":""주의와 면책""},{""level"":""h2"",""text"":""관련 기능""},{""level"":""h2"",""text"":""자주 묻는 질문""},{""level"":""h2"",""text"":""핵심 운세""},{""level"":""h2"",""text"":""타로 리딩""},{""level"":""h2"",""text"":""신탁 & 특화""},{""level"":""h2"",""text"":""추천 가이드""},{""level"":""h2"",""text"":""디지털 운세 서비스 환불 안내""},{""level"":""h2"",""text"":""면책 고지""},{""level"":""h2"",""text"":""사업자 정보""}]","1559","0","true","false","미확인","미확인","미확인","ko","true","B","false","[]","protect observed traffic; improve before any indexing change","5","21","{""from"":""2026-06-07"",""to"":""2026-09-06""}","미확인"
"https://code-destiny.com/master-love-codex/","200","200","true","https://code-destiny.com/master-love-codex/","사주 연애 리포트 · 자미두수 융합 20장 | 마스터 인연의 서","[{""level"":""h2"",""text"":""마스터 인연의 서""},{""level"":""h1"",""text"":""사주 연애 리포트 — 자미두수와 함께 읽는 스무 장의 연애 전략서""},{""level"":""h2"",""text"":""왜 사주와 자미두수를 함께 보나요""},{""level"":""h2"",""text"":""스무 장의 구성""},{""level"":""h2"",""text"":""혼자 읽는 스무 장, 둘을 읽는 스무 장""},{""level"":""h3"",""text"":""궁합판 스무 장의 구성""},{""level"":""h2"",""text"":""이런 순간에 특히 도움이 됩니다""},{""level"":""h2"",""text"":""진행 방식""},{""level"":""h2"",""text"":""자주 묻는 질문""},{""level"":""h3"",""text"":""마스터 인연의 서는 기존 연애 비책 상담과 무엇이 다른가요?""},{""level"":""h3"",""text"":""어떤 정보가 필요한가요?""},{""level"":""h3"",""text"":""상대방의 생년월일도 필요한가요?""},{""level"":""h3"",""text"":""궁합판은 개인판과 어떻게 다른가요?""},{""level"":""h3"",""text"":""상대의 정보는 저장되나요?""},{""level"":""h3"",""text"":""결과는 다시 볼 수 있나요?""},{""level"":""h3"",""text"":""이용권으로 볼 수 있나요?""},{""level"":""h3"",""text"":""결과를 그대로 믿어도 되나요?""},{""level"":""h2"",""text"":""이어서 볼 만한 운세""}]","4754","0","true","false","미확인","미확인","미확인","ko","true","B","false","[]","retain pending evidence review; no automatic deletion","미확인","미확인","미확인","미확인"
"https://code-destiny.com/maya/","200","200","false","https://code-destiny.com/maya/","마야 달력 - 마야점 프롬프트 생성기","[{""level"":""h2"",""text"":""마야 달력과 오늘의 시간 문양""}]","1022","1022","false","false","미확인","미확인","미확인","ko","false","C","true","[]","verify existing disposition","미확인","미확인","미확인","미확인"
"https://code-destiny.com/mayan-calendar/guide/","200","200","true","https://code-destiny.com/mayan-calendar/guide/","마야 달력과 마야점 이해 | Code Destiny","[{""level"":""h1"",""text"":""마야 달력과 마야점 이해""},{""level"":""h2"",""text"":""마야 달력이 살피는 것""},{""level"":""h2"",""text"":""필요한 입력값""},{""level"":""h2"",""text"":""어떤 때 참고하면 좋은가""},{""level"":""h2"",""text"":""무료와 유료 범위""},{""level"":""h2"",""text"":""해석 흐름""},{""level"":""h2"",""text"":""결과에서 확인할 수 있는 항목""},{""level"":""h2"",""text"":""짧은 예시 리딩""},{""level"":""h2"",""text"":""해석 시 주의할 점""},{""level"":""h2"",""text"":""마야 달력은 사주나 점성술과 같은 방식인가요?""},{""level"":""h2"",""text"":""출생시간도 필요한가요?""},{""level"":""h2"",""text"":""흐름이 무겁게 나오면 나쁜 일이 생기나요?""},{""level"":""h2"",""text"":""내 마야 인장을 확인해 보세요""},{""level"":""h2"",""text"":""핵심 운세""},{""level"":""h2"",""text"":""타로 리딩""},{""level"":""h2"",""text"":""신탁 & 특화""},{""level"":""h2"",""text"":""추천 가이드""},{""level"":""h2"",""text"":""디지털 운세 서비스 환불 안내""},{""level"":""h2"",""text"":""면책 고지""},{""level"":""h2"",""text"":""사업자 정보""}]","1420","0","true","true","{""@type"":""Person"",""@id"":""https://code-destiny.com/#author"",""name"":""박병하"",""jobTitle"":""명리학자"",""description"":""10년 경력의 명리학자. Code Destiny 가 공개하는 사주·운세 콘텐츠의 최종 검수 책임자입니다."",""knowsAbout"":[""사주"",""명리학"",""만세력"",""자미두수"",""숙요점""],""url"":""https://code-destiny.com/about"",""worksFor"":{""@type"":""Organization"",""@id"":""https://code-destiny.com/#organization"",""name"":""CODE DESTINY""}}","2026-06-21","2026-09-06","ko","true","B","false","[""editorial-review-required""]","retain pending evidence review; no automatic deletion","미확인","미확인","미확인","미확인"
"https://code-destiny.com/methodology","308","200","true","https://code-destiny.com/methodology/","운세 콘텐츠 방법론과 면책 고지","[{""level"":""h1"",""text"":""운세 콘텐츠 방법론과 면책 고지""},{""level"":""h2"",""text"":""콘텐츠 작성 기준""},{""level"":""h2"",""text"":""검증과 업데이트""},{""level"":""h2"",""text"":""계산과 AI의 역할""},{""level"":""h2"",""text"":""체계별 계산 근거""},{""level"":""h2"",""text"":""무엇을 근거로 쓰지 않는가""},{""level"":""h2"",""text"":""한계와 반증 가능성""},{""level"":""h2"",""text"":""검수자와 검수 기준""},{""level"":""h2"",""text"":""면책 고지""},{""level"":""h2"",""text"":""사용자 보호 원칙""},{""level"":""h2"",""text"":""핵심 운세""},{""level"":""h2"",""text"":""타로 리딩""},{""level"":""h2"",""text"":""신탁 & 특화""},{""level"":""h2"",""text"":""추천 가이드""},{""level"":""h2"",""text"":""디지털 운세 서비스 환불 안내""},{""level"":""h2"",""text"":""면책 고지""},{""level"":""h2"",""text"":""사업자 정보""}]","1793","0","true","false","미확인","미확인","미확인","ko","false","D","true","[]","verify existing disposition","미확인","미확인","미확인","미확인"
"https://code-destiny.com/methodology/","200","200","true","https://code-destiny.com/methodology/","운세 콘텐츠 방법론과 면책 고지","[{""level"":""h1"",""text"":""운세 콘텐츠 방법론과 면책 고지""},{""level"":""h2"",""text"":""콘텐츠 작성 기준""},{""level"":""h2"",""text"":""검증과 업데이트""},{""level"":""h2"",""text"":""계산과 AI의 역할""},{""level"":""h2"",""text"":""체계별 계산 근거""},{""level"":""h2"",""text"":""무엇을 근거로 쓰지 않는가""},{""level"":""h2"",""text"":""한계와 반증 가능성""},{""level"":""h2"",""text"":""검수자와 검수 기준""},{""level"":""h2"",""text"":""면책 고지""},{""level"":""h2"",""text"":""사용자 보호 원칙""},{""level"":""h2"",""text"":""핵심 운세""},{""level"":""h2"",""text"":""타로 리딩""},{""level"":""h2"",""text"":""신탁 & 특화""},{""level"":""h2"",""text"":""추천 가이드""},{""level"":""h2"",""text"":""디지털 운세 서비스 환불 안내""},{""level"":""h2"",""text"":""면책 고지""},{""level"":""h2"",""text"":""사업자 정보""}]","1793","0","true","false","미확인","미확인","미확인","ko","true","B","false","[]","retain pending evidence review; no automatic deletion","미확인","미확인","미확인","미확인"
"https://code-destiny.com/music/","200","200","false","","Code Destiny Moon Library | Code Destiny","[]","16","16","false","false","미확인","미확인","미확인","ko","false","C","true","[]","verify existing disposition","미확인","미확인","미확인","미확인"
"https://code-destiny.com/music/guide/","200","200","true","https://code-destiny.com/music/guide/","운세·명상 음악 콘텐츠 소개 | Code Destiny","[{""level"":""h1"",""text"":""운세·명상 음악 콘텐츠 소개""},{""level"":""h2"",""text"":""음악 콘텐츠가 살피는 것""},{""level"":""h2"",""text"":""필요한 입력값""},{""level"":""h2"",""text"":""어떤 때 참고하면 좋은가""},{""level"":""h2"",""text"":""무료와 유료 범위""},{""level"":""h2"",""text"":""감상 흐름""},{""level"":""h2"",""text"":""페이지에서 확인할 수 있는 항목""},{""level"":""h2"",""text"":""Code Destiny의 감상 기준""},{""level"":""h2"",""text"":""상황별 감상 예시""},{""level"":""h2"",""text"":""운세를 보기 전""},{""level"":""h2"",""text"":""리딩을 읽은 뒤""},{""level"":""h2"",""text"":""하루를 마무리할 때""},{""level"":""h2"",""text"":""짧은 감상 예시""},{""level"":""h2"",""text"":""감상 시 주의할 점""},{""level"":""h2"",""text"":""FAQ""},{""level"":""h2"",""text"":""음악이 운세 결과를 바꾸나요?""},{""level"":""h2"",""text"":""명상 음악은 치료 효과가 있나요?""},{""level"":""h2"",""text"":""어떤 순서로 들으면 좋나요?""},{""level"":""h2"",""text"":""운세 테마 음악을 지금 틀어 보세요""}]","2241","0","true","true","{""@type"":""Person"",""@id"":""https://code-destiny.com/#author"",""name"":""박병하"",""jobTitle"":""명리학자"",""description"":""10년 경력의 명리학자. Code Destiny 가 공개하는 사주·운세 콘텐츠의 최종 검수 책임자입니다."",""knowsAbout"":[""사주"",""명리학"",""만세력"",""자미두수"",""숙요점""],""url"":""https://code-destiny.com/about"",""worksFor"":{""@type"":""Organization"",""@id"":""https://code-destiny.com/#organization"",""name"":""CODE DESTINY""}}","2026-06-21","2026-09-06","ko","true","B","false","[""editorial-review-required""]","retain pending evidence review; no automatic deletion","미확인","미확인","미확인","미확인"
"https://code-destiny.com/nakshatra/","200","200","true","https://code-destiny.com/nakshatra/","나크샤트라 무료 보는 곳 | 27수 × 27 나크샤트라 통합 별자리","[{""level"":""h1"",""text"":""나크샤트라 보는 곳 — 하나의 별, 두 개의 언어""},{""level"":""h2"",""text"":""생년월일로 내 별의 두 이름 보기""},{""level"":""h2"",""text"":""세 개의 관점을 한 화면에""},{""level"":""h3"",""text"":""동양 · 숙요점""},{""level"":""h3"",""text"":""India · Nakshatra""},{""level"":""h3"",""text"":""통합 해석""},{""level"":""h2"",""text"":""이렇게 진행돼요""},{""level"":""h2"",""text"":""자주 묻는 질문""},{""level"":""h2"",""text"":""이어서 볼 만한 별자리 리딩""},{""level"":""h2"",""text"":""27수 도감 — 별 하나하나의 두 이름""}]","2445","0","true","false","미확인","미확인","미확인","ko","true","B","false","[]","retain pending evidence review; no automatic deletion","미확인","미확인","미확인","미확인"
"https://code-destiny.com/nakshatra/calc/","200","200","false","","나크샤트라 계산","[{""level"":""h1"",""text"":""내 별의 두 이름을 확인하세요""},{""level"":""h2"",""text"":""생년월일로 내 별의 두 이름 보기""}]","264","0","true","false","미확인","미확인","미확인","ko","false","C","true","[]","verify existing disposition","미확인","미확인","미확인","미확인"
"https://code-destiny.com/nakshatra/codex/0/","200","200","true","https://code-destiny.com/nakshatra/codex/0/","각수(角) · 치트라 | 나크샤트라 결정판 27수 도감","[{""level"":""h1"",""text"":""각 수( 角 ) · 치트라""},{""level"":""h2"",""text"":""☯ 동양 — 숙요점 27수""},{""level"":""h2"",""text"":""🕉 인도 — 나크샤트라""},{""level"":""h2"",""text"":""⟡ 통합 해석""},{""level"":""h2"",""text"":""✦ 살아가는 법 — 강점과 균형""}]","2138","0","true","true","{""@type"":""Person"",""@id"":""https://code-destiny.com/#author"",""name"":""박병하"",""jobTitle"":""명리학자"",""description"":""10년 경력의 명리학자. Code Destiny 가 공개하는 사주·운세 콘텐츠의 최종 검수 책임자입니다."",""knowsAbout"":[""사주"",""명리학"",""만세력"",""자미두수"",""숙요점""],""url"":""https://code-destiny.com/about"",""worksFor"":{""@type"":""Organization"",""@id"":""https://code-destiny.com/#organization"",""name"":""CODE DESTINY""}}","2026-07-17","2026-09-06","ko","true","B","false","[""editorial-review-required""]","retain pending evidence review; no automatic deletion","미확인","미확인","미확인","미확인"
"https://code-destiny.com/nakshatra/codex/1/","200","200","true","https://code-destiny.com/nakshatra/codex/1/","항수(亢) · 스와티 | 나크샤트라 결정판 27수 도감","[{""level"":""h1"",""text"":""항 수( 亢 ) · 스와티""},{""level"":""h2"",""text"":""☯ 동양 — 숙요점 27수""},{""level"":""h2"",""text"":""🕉 인도 — 나크샤트라""},{""level"":""h2"",""text"":""⟡ 통합 해석""},{""level"":""h2"",""text"":""✦ 살아가는 법 — 강점과 균형""}]","1981","0","true","true","{""@type"":""Person"",""@id"":""https://code-destiny.com/#author"",""name"":""박병하"",""jobTitle"":""명리학자"",""description"":""10년 경력의 명리학자. Code Destiny 가 공개하는 사주·운세 콘텐츠의 최종 검수 책임자입니다."",""knowsAbout"":[""사주"",""명리학"",""만세력"",""자미두수"",""숙요점""],""url"":""https://code-destiny.com/about"",""worksFor"":{""@type"":""Organization"",""@id"":""https://code-destiny.com/#organization"",""name"":""CODE DESTINY""}}","2026-07-17","2026-09-06","ko","true","B","false","[""editorial-review-required""]","retain pending evidence review; no automatic deletion","미확인","미확인","미확인","미확인"
"https://code-destiny.com/nakshatra/codex/10/","200","200","true","https://code-destiny.com/nakshatra/codex/10/","위수(危) · 샤타비샤 | 나크샤트라 결정판 27수 도감","[{""level"":""h1"",""text"":""위 수( 危 ) · 샤타비샤""},{""level"":""h2"",""text"":""☯ 동양 — 숙요점 27수""},{""level"":""h2"",""text"":""🕉 인도 — 나크샤트라""},{""level"":""h2"",""text"":""⟡ 통합 해석""},{""level"":""h2"",""text"":""✦ 살아가는 법 — 강점과 균형""}]","2013","0","true","true","{""@type"":""Person"",""@id"":""https://code-destiny.com/#author"",""name"":""박병하"",""jobTitle"":""명리학자"",""description"":""10년 경력의 명리학자. Code Destiny 가 공개하는 사주·운세 콘텐츠의 최종 검수 책임자입니다."",""knowsAbout"":[""사주"",""명리학"",""만세력"",""자미두수"",""숙요점""],""url"":""https://code-destiny.com/about"",""worksFor"":{""@type"":""Organization"",""@id"":""https://code-destiny.com/#organization"",""name"":""CODE DESTINY""}}","2026-07-17","2026-09-06","ko","true","B","false","[""editorial-review-required""]","retain pending evidence review; no automatic deletion","미확인","미확인","미확인","미확인"
"https://code-destiny.com/nakshatra/codex/11/","200","200","true","https://code-destiny.com/nakshatra/codex/11/","실수(室) · 푸르바 바드라파다 | 나크샤트라 결정판 27수 도감","[{""level"":""h1"",""text"":""실 수( 室 ) · 푸르바 바드라파다""},{""level"":""h2"",""text"":""☯ 동양 — 숙요점 27수""},{""level"":""h2"",""text"":""🕉 인도 — 나크샤트라""},{""level"":""h2"",""text"":""⟡ 통합 해석""},{""level"":""h2"",""text"":""✦ 살아가는 법 — 강점과 균형""}]","2044","0","true","true","{""@type"":""Person"",""@id"":""https://code-destiny.com/#author"",""name"":""박병하"",""jobTitle"":""명리학자"",""description"":""10년 경력의 명리학자. Code Destiny 가 공개하는 사주·운세 콘텐츠의 최종 검수 책임자입니다."",""knowsAbout"":[""사주"",""명리학"",""만세력"",""자미두수"",""숙요점""],""url"":""https://code-destiny.com/about"",""worksFor"":{""@type"":""Organization"",""@id"":""https://code-destiny.com/#organization"",""name"":""CODE DESTINY""}}","2026-07-17","2026-09-06","ko","true","B","false","[""editorial-review-required""]","retain pending evidence review; no automatic deletion","미확인","미확인","미확인","미확인"
"https://code-destiny.com/nakshatra/codex/12/","200","200","true","https://code-destiny.com/nakshatra/codex/12/","벽수(壁) · 우타라 바드라파다 | 나크샤트라 결정판 27수 도감","[{""level"":""h1"",""text"":""벽 수( 壁 ) · 우타라 바드라파다""},{""level"":""h2"",""text"":""☯ 동양 — 숙요점 27수""},{""level"":""h2"",""text"":""🕉 인도 — 나크샤트라""},{""level"":""h2"",""text"":""⟡ 통합 해석""},{""level"":""h2"",""text"":""✦ 살아가는 법 — 강점과 균형""}]","2038","0","true","true","{""@type"":""Person"",""@id"":""https://code-destiny.com/#author"",""name"":""박병하"",""jobTitle"":""명리학자"",""description"":""10년 경력의 명리학자. Code Destiny 가 공개하는 사주·운세 콘텐츠의 최종 검수 책임자입니다."",""knowsAbout"":[""사주"",""명리학"",""만세력"",""자미두수"",""숙요점""],""url"":""https://code-destiny.com/about"",""worksFor"":{""@type"":""Organization"",""@id"":""https://code-destiny.com/#organization"",""name"":""CODE DESTINY""}}","2026-07-17","2026-09-06","ko","true","B","false","[""editorial-review-required""]","retain pending evidence review; no automatic deletion","미확인","미확인","미확인","미확인"
"https://code-destiny.com/nakshatra/codex/13/","200","200","true","https://code-destiny.com/nakshatra/codex/13/","규수(奎) · 레바티 | 나크샤트라 결정판 27수 도감","[{""level"":""h1"",""text"":""규 수( 奎 ) · 레바티""},{""level"":""h2"",""text"":""☯ 동양 — 숙요점 27수""},{""level"":""h2"",""text"":""🕉 인도 — 나크샤트라""},{""level"":""h2"",""text"":""⟡ 통합 해석""},{""level"":""h2"",""text"":""✦ 살아가는 법 — 강점과 균형""}]","1973","0","true","true","{""@type"":""Person"",""@id"":""https://code-destiny.com/#author"",""name"":""박병하"",""jobTitle"":""명리학자"",""description"":""10년 경력의 명리학자. Code Destiny 가 공개하는 사주·운세 콘텐츠의 최종 검수 책임자입니다."",""knowsAbout"":[""사주"",""명리학"",""만세력"",""자미두수"",""숙요점""],""url"":""https://code-destiny.com/about"",""worksFor"":{""@type"":""Organization"",""@id"":""https://code-destiny.com/#organization"",""name"":""CODE DESTINY""}}","2026-07-17","2026-09-06","ko","true","B","false","[""editorial-review-required""]","retain pending evidence review; no automatic deletion","미확인","미확인","미확인","미확인"
"https://code-destiny.com/nakshatra/codex/14/","200","200","true","https://code-destiny.com/nakshatra/codex/14/","루수(婁) · 아슈위니 | 나크샤트라 결정판 27수 도감","[{""level"":""h1"",""text"":""루 수( 婁 ) · 아슈위니""},{""level"":""h2"",""text"":""☯ 동양 — 숙요점 27수""},{""level"":""h2"",""text"":""🕉 인도 — 나크샤트라""},{""level"":""h2"",""text"":""⟡ 통합 해석""},{""level"":""h2"",""text"":""✦ 살아가는 법 — 강점과 균형""}]","2032","0","true","true","{""@type"":""Person"",""@id"":""https://code-destiny.com/#author"",""name"":""박병하"",""jobTitle"":""명리학자"",""description"":""10년 경력의 명리학자. Code Destiny 가 공개하는 사주·운세 콘텐츠의 최종 검수 책임자입니다."",""knowsAbout"":[""사주"",""명리학"",""만세력"",""자미두수"",""숙요점""],""url"":""https://code-destiny.com/about"",""worksFor"":{""@type"":""Organization"",""@id"":""https://code-destiny.com/#organization"",""name"":""CODE DESTINY""}}","2026-07-17","2026-09-06","ko","true","B","false","[""editorial-review-required""]","retain pending evidence review; no automatic deletion","미확인","미확인","미확인","미확인"
"https://code-destiny.com/nakshatra/codex/15/","200","200","true","https://code-destiny.com/nakshatra/codex/15/","위수(胃) · 바라니 | 나크샤트라 결정판 27수 도감","[{""level"":""h1"",""text"":""위 수( 胃 ) · 바라니""},{""level"":""h2"",""text"":""☯ 동양 — 숙요점 27수""},{""level"":""h2"",""text"":""🕉 인도 — 나크샤트라""},{""level"":""h2"",""text"":""⟡ 통합 해석""},{""level"":""h2"",""text"":""✦ 살아가는 법 — 강점과 균형""}]","1996","0","true","true","{""@type"":""Person"",""@id"":""https://code-destiny.com/#author"",""name"":""박병하"",""jobTitle"":""명리학자"",""description"":""10년 경력의 명리학자. Code Destiny 가 공개하는 사주·운세 콘텐츠의 최종 검수 책임자입니다."",""knowsAbout"":[""사주"",""명리학"",""만세력"",""자미두수"",""숙요점""],""url"":""https://code-destiny.com/about"",""worksFor"":{""@type"":""Organization"",""@id"":""https://code-destiny.com/#organization"",""name"":""CODE DESTINY""}}","2026-07-17","2026-09-06","ko","true","B","false","[""editorial-review-required""]","retain pending evidence review; no automatic deletion","미확인","미확인","미확인","미확인"
"https://code-destiny.com/nakshatra/codex/16/","200","200","true","https://code-destiny.com/nakshatra/codex/16/","묘수(昴) · 크리티카 | 나크샤트라 결정판 27수 도감","[{""level"":""h1"",""text"":""묘 수( 昴 ) · 크리티카""},{""level"":""h2"",""text"":""☯ 동양 — 숙요점 27수""},{""level"":""h2"",""text"":""🕉 인도 — 나크샤트라""},{""level"":""h2"",""text"":""⟡ 통합 해석""},{""level"":""h2"",""text"":""✦ 살아가는 법 — 강점과 균형""}]","2015","0","true","true","{""@type"":""Person"",""@id"":""https://code-destiny.com/#author"",""name"":""박병하"",""jobTitle"":""명리학자"",""description"":""10년 경력의 명리학자. Code Destiny 가 공개하는 사주·운세 콘텐츠의 최종 검수 책임자입니다."",""knowsAbout"":[""사주"",""명리학"",""만세력"",""자미두수"",""숙요점""],""url"":""https://code-destiny.com/about"",""worksFor"":{""@type"":""Organization"",""@id"":""https://code-destiny.com/#organization"",""name"":""CODE DESTINY""}}","2026-07-17","2026-09-06","ko","true","B","false","[""editorial-review-required""]","retain pending evidence review; no automatic deletion","미확인","미확인","미확인","미확인"
"https://code-destiny.com/nakshatra/codex/17/","200","200","true","https://code-destiny.com/nakshatra/codex/17/","필수(畢) · 로히니 | 나크샤트라 결정판 27수 도감","[{""level"":""h1"",""text"":""필 수( 畢 ) · 로히니""},{""level"":""h2"",""text"":""☯ 동양 — 숙요점 27수""},{""level"":""h2"",""text"":""🕉 인도 — 나크샤트라""},{""level"":""h2"",""text"":""⟡ 통합 해석""},{""level"":""h2"",""text"":""✦ 살아가는 법 — 강점과 균형""}]","2001","0","true","true","{""@type"":""Person"",""@id"":""https://code-destiny.com/#author"",""name"":""박병하"",""jobTitle"":""명리학자"",""description"":""10년 경력의 명리학자. Code Destiny 가 공개하는 사주·운세 콘텐츠의 최종 검수 책임자입니다."",""knowsAbout"":[""사주"",""명리학"",""만세력"",""자미두수"",""숙요점""],""url"":""https://code-destiny.com/about"",""worksFor"":{""@type"":""Organization"",""@id"":""https://code-destiny.com/#organization"",""name"":""CODE DESTINY""}}","2026-07-17","2026-09-06","ko","true","B","false","[""editorial-review-required""]","retain pending evidence review; no automatic deletion","미확인","미확인","미확인","미확인"
"https://code-destiny.com/nakshatra/codex/18/","200","200","true","https://code-destiny.com/nakshatra/codex/18/","자수(觜) · 므리가시라 | 나크샤트라 결정판 27수 도감","[{""level"":""h1"",""text"":""자 수( 觜 ) · 므리가시라""},{""level"":""h2"",""text"":""☯ 동양 — 숙요점 27수""},{""level"":""h2"",""text"":""🕉 인도 — 나크샤트라""},{""level"":""h2"",""text"":""⟡ 통합 해석""},{""level"":""h2"",""text"":""✦ 살아가는 법 — 강점과 균형""}]","1974","0","true","true","{""@type"":""Person"",""@id"":""https://code-destiny.com/#author"",""name"":""박병하"",""jobTitle"":""명리학자"",""description"":""10년 경력의 명리학자. Code Destiny 가 공개하는 사주·운세 콘텐츠의 최종 검수 책임자입니다."",""knowsAbout"":[""사주"",""명리학"",""만세력"",""자미두수"",""숙요점""],""url"":""https://code-destiny.com/about"",""worksFor"":{""@type"":""Organization"",""@id"":""https://code-destiny.com/#organization"",""name"":""CODE DESTINY""}}","2026-07-17","2026-09-06","ko","true","B","false","[""editorial-review-required""]","retain pending evidence review; no automatic deletion","미확인","미확인","미확인","미확인"
"https://code-destiny.com/nakshatra/codex/19/","200","200","true","https://code-destiny.com/nakshatra/codex/19/","삼수(參) · 아르드라 | 나크샤트라 결정판 27수 도감","[{""level"":""h1"",""text"":""삼 수( 參 ) · 아르드라""},{""level"":""h2"",""text"":""☯ 동양 — 숙요점 27수""},{""level"":""h2"",""text"":""🕉 인도 — 나크샤트라""},{""level"":""h2"",""text"":""⟡ 통합 해석""},{""level"":""h2"",""text"":""✦ 살아가는 법 — 강점과 균형""}]","1976","0","true","true","{""@type"":""Person"",""@id"":""https://code-destiny.com/#author"",""name"":""박병하"",""jobTitle"":""명리학자"",""description"":""10년 경력의 명리학자. Code Destiny 가 공개하는 사주·운세 콘텐츠의 최종 검수 책임자입니다."",""knowsAbout"":[""사주"",""명리학"",""만세력"",""자미두수"",""숙요점""],""url"":""https://code-destiny.com/about"",""worksFor"":{""@type"":""Organization"",""@id"":""https://code-destiny.com/#organization"",""name"":""CODE DESTINY""}}","2026-07-17","2026-09-06","ko","true","B","false","[""editorial-review-required""]","retain pending evidence review; no automatic deletion","미확인","미확인","미확인","미확인"
"https://code-destiny.com/nakshatra/codex/2/","200","200","true","https://code-destiny.com/nakshatra/codex/2/","저수(氐) · 비샤카 | 나크샤트라 결정판 27수 도감","[{""level"":""h1"",""text"":""저 수( 氐 ) · 비샤카""},{""level"":""h2"",""text"":""☯ 동양 — 숙요점 27수""},{""level"":""h2"",""text"":""🕉 인도 — 나크샤트라""},{""level"":""h2"",""text"":""⟡ 통합 해석""},{""level"":""h2"",""text"":""✦ 살아가는 법 — 강점과 균형""}]","2023","0","true","true","{""@type"":""Person"",""@id"":""https://code-destiny.com/#author"",""name"":""박병하"",""jobTitle"":""명리학자"",""description"":""10년 경력의 명리학자. Code Destiny 가 공개하는 사주·운세 콘텐츠의 최종 검수 책임자입니다."",""knowsAbout"":[""사주"",""명리학"",""만세력"",""자미두수"",""숙요점""],""url"":""https://code-destiny.com/about"",""worksFor"":{""@type"":""Organization"",""@id"":""https://code-destiny.com/#organization"",""name"":""CODE DESTINY""}}","2026-07-17","2026-09-06","ko","true","B","false","[""editorial-review-required""]","retain pending evidence review; no automatic deletion","미확인","미확인","미확인","미확인"
"https://code-destiny.com/nakshatra/codex/20/","200","200","true","https://code-destiny.com/nakshatra/codex/20/","정수(井) · 푸나르바수 | 나크샤트라 결정판 27수 도감","[{""level"":""h1"",""text"":""정 수( 井 ) · 푸나르바수""},{""level"":""h2"",""text"":""☯ 동양 — 숙요점 27수""},{""level"":""h2"",""text"":""🕉 인도 — 나크샤트라""},{""level"":""h2"",""text"":""⟡ 통합 해석""},{""level"":""h2"",""text"":""✦ 살아가는 법 — 강점과 균형""}]","1950","0","true","true","{""@type"":""Person"",""@id"":""https://code-destiny.com/#author"",""name"":""박병하"",""jobTitle"":""명리학자"",""description"":""10년 경력의 명리학자. Code Destiny 가 공개하는 사주·운세 콘텐츠의 최종 검수 책임자입니다."",""knowsAbout"":[""사주"",""명리학"",""만세력"",""자미두수"",""숙요점""],""url"":""https://code-destiny.com/about"",""worksFor"":{""@type"":""Organization"",""@id"":""https://code-destiny.com/#organization"",""name"":""CODE DESTINY""}}","2026-07-17","2026-09-06","ko","true","B","false","[""editorial-review-required""]","retain pending evidence review; no automatic deletion","미확인","미확인","미확인","미확인"
"https://code-destiny.com/nakshatra/codex/21/","200","200","true","https://code-destiny.com/nakshatra/codex/21/","귀수(鬼) · 푸시야 | 나크샤트라 결정판 27수 도감","[{""level"":""h1"",""text"":""귀 수( 鬼 ) · 푸시야""},{""level"":""h2"",""text"":""☯ 동양 — 숙요점 27수""},{""level"":""h2"",""text"":""🕉 인도 — 나크샤트라""},{""level"":""h2"",""text"":""⟡ 통합 해석""},{""level"":""h2"",""text"":""✦ 살아가는 법 — 강점과 균형""}]","1967","0","true","true","{""@type"":""Person"",""@id"":""https://code-destiny.com/#author"",""name"":""박병하"",""jobTitle"":""명리학자"",""description"":""10년 경력의 명리학자. Code Destiny 가 공개하는 사주·운세 콘텐츠의 최종 검수 책임자입니다."",""knowsAbout"":[""사주"",""명리학"",""만세력"",""자미두수"",""숙요점""],""url"":""https://code-destiny.com/about"",""worksFor"":{""@type"":""Organization"",""@id"":""https://code-destiny.com/#organization"",""name"":""CODE DESTINY""}}","2026-07-17","2026-09-06","ko","true","B","false","[""editorial-review-required""]","retain pending evidence review; no automatic deletion","미확인","미확인","미확인","미확인"
"https://code-destiny.com/nakshatra/codex/22/","200","200","true","https://code-destiny.com/nakshatra/codex/22/","류수(柳) · 아슐레샤 | 나크샤트라 결정판 27수 도감","[{""level"":""h1"",""text"":""류 수( 柳 ) · 아슐레샤""},{""level"":""h2"",""text"":""☯ 동양 — 숙요점 27수""},{""level"":""h2"",""text"":""🕉 인도 — 나크샤트라""},{""level"":""h2"",""text"":""⟡ 통합 해석""},{""level"":""h2"",""text"":""✦ 살아가는 법 — 강점과 균형""}]","1944","0","true","true","{""@type"":""Person"",""@id"":""https://code-destiny.com/#author"",""name"":""박병하"",""jobTitle"":""명리학자"",""description"":""10년 경력의 명리학자. Code Destiny 가 공개하는 사주·운세 콘텐츠의 최종 검수 책임자입니다."",""knowsAbout"":[""사주"",""명리학"",""만세력"",""자미두수"",""숙요점""],""url"":""https://code-destiny.com/about"",""worksFor"":{""@type"":""Organization"",""@id"":""https://code-destiny.com/#organization"",""name"":""CODE DESTINY""}}","2026-07-17","2026-09-06","ko","true","B","false","[""editorial-review-required""]","retain pending evidence review; no automatic deletion","미확인","미확인","미확인","미확인"
"https://code-destiny.com/nakshatra/codex/23/","200","200","true","https://code-destiny.com/nakshatra/codex/23/","성수(星) · 마가 | 나크샤트라 결정판 27수 도감","[{""level"":""h1"",""text"":""성 수( 星 ) · 마가""},{""level"":""h2"",""text"":""☯ 동양 — 숙요점 27수""},{""level"":""h2"",""text"":""🕉 인도 — 나크샤트라""},{""level"":""h2"",""text"":""⟡ 통합 해석""},{""level"":""h2"",""text"":""✦ 살아가는 법 — 강점과 균형""}]","1920","0","true","true","{""@type"":""Person"",""@id"":""https://code-destiny.com/#author"",""name"":""박병하"",""jobTitle"":""명리학자"",""description"":""10년 경력의 명리학자. Code Destiny 가 공개하는 사주·운세 콘텐츠의 최종 검수 책임자입니다."",""knowsAbout"":[""사주"",""명리학"",""만세력"",""자미두수"",""숙요점""],""url"":""https://code-destiny.com/about"",""worksFor"":{""@type"":""Organization"",""@id"":""https://code-destiny.com/#organization"",""name"":""CODE DESTINY""}}","2026-07-17","2026-09-06","ko","true","B","false","[""editorial-review-required""]","retain pending evidence review; no automatic deletion","미확인","미확인","미확인","미확인"
"https://code-destiny.com/nakshatra/codex/24/","200","200","true","https://code-destiny.com/nakshatra/codex/24/","장수(張) · 푸르바 팔구니 | 나크샤트라 결정판 27수 도감","[{""level"":""h1"",""text"":""장 수( 張 ) · 푸르바 팔구니""},{""level"":""h2"",""text"":""☯ 동양 — 숙요점 27수""},{""level"":""h2"",""text"":""🕉 인도 — 나크샤트라""},{""level"":""h2"",""text"":""⟡ 통합 해석""},{""level"":""h2"",""text"":""✦ 살아가는 법 — 강점과 균형""}]","1961","0","true","true","{""@type"":""Person"",""@id"":""https://code-destiny.com/#author"",""name"":""박병하"",""jobTitle"":""명리학자"",""description"":""10년 경력의 명리학자. Code Destiny 가 공개하는 사주·운세 콘텐츠의 최종 검수 책임자입니다."",""knowsAbout"":[""사주"",""명리학"",""만세력"",""자미두수"",""숙요점""],""url"":""https://code-destiny.com/about"",""worksFor"":{""@type"":""Organization"",""@id"":""https://code-destiny.com/#organization"",""name"":""CODE DESTINY""}}","2026-07-17","2026-09-06","ko","true","B","false","[""editorial-review-required""]","retain pending evidence review; no automatic deletion","미확인","미확인","미확인","미확인"
"https://code-destiny.com/nakshatra/codex/25/","200","200","true","https://code-destiny.com/nakshatra/codex/25/","익수(翼) · 우타라 팔구니 | 나크샤트라 결정판 27수 도감","[{""level"":""h1"",""text"":""익 수( 翼 ) · 우타라 팔구니""},{""level"":""h2"",""text"":""☯ 동양 — 숙요점 27수""},{""level"":""h2"",""text"":""🕉 인도 — 나크샤트라""},{""level"":""h2"",""text"":""⟡ 통합 해석""},{""level"":""h2"",""text"":""✦ 살아가는 법 — 강점과 균형""}]","1988","0","true","true","{""@type"":""Person"",""@id"":""https://code-destiny.com/#author"",""name"":""박병하"",""jobTitle"":""명리학자"",""description"":""10년 경력의 명리학자. Code Destiny 가 공개하는 사주·운세 콘텐츠의 최종 검수 책임자입니다."",""knowsAbout"":[""사주"",""명리학"",""만세력"",""자미두수"",""숙요점""],""url"":""https://code-destiny.com/about"",""worksFor"":{""@type"":""Organization"",""@id"":""https://code-destiny.com/#organization"",""name"":""CODE DESTINY""}}","2026-07-17","2026-09-06","ko","true","B","false","[""editorial-review-required""]","retain pending evidence review; no automatic deletion","미확인","미확인","미확인","미확인"
"https://code-destiny.com/nakshatra/codex/26/","200","200","true","https://code-destiny.com/nakshatra/codex/26/","진수(軫) · 하스타 | 나크샤트라 결정판 27수 도감","[{""level"":""h1"",""text"":""진 수( 軫 ) · 하스타""},{""level"":""h2"",""text"":""☯ 동양 — 숙요점 27수""},{""level"":""h2"",""text"":""🕉 인도 — 나크샤트라""},{""level"":""h2"",""text"":""⟡ 통합 해석""},{""level"":""h2"",""text"":""✦ 살아가는 법 — 강점과 균형""}]","1985","0","true","true","{""@type"":""Person"",""@id"":""https://code-destiny.com/#author"",""name"":""박병하"",""jobTitle"":""명리학자"",""description"":""10년 경력의 명리학자. Code Destiny 가 공개하는 사주·운세 콘텐츠의 최종 검수 책임자입니다."",""knowsAbout"":[""사주"",""명리학"",""만세력"",""자미두수"",""숙요점""],""url"":""https://code-destiny.com/about"",""worksFor"":{""@type"":""Organization"",""@id"":""https://code-destiny.com/#organization"",""name"":""CODE DESTINY""}}","2026-07-17","2026-09-06","ko","true","B","false","[""editorial-review-required""]","retain pending evidence review; no automatic deletion","미확인","미확인","미확인","미확인"
"https://code-destiny.com/nakshatra/codex/3/","200","200","true","https://code-destiny.com/nakshatra/codex/3/","방수(房) · 아누라다 | 나크샤트라 결정판 27수 도감","[{""level"":""h1"",""text"":""방 수( 房 ) · 아누라다""},{""level"":""h2"",""text"":""☯ 동양 — 숙요점 27수""},{""level"":""h2"",""text"":""🕉 인도 — 나크샤트라""},{""level"":""h2"",""text"":""⟡ 통합 해석""},{""level"":""h2"",""text"":""✦ 살아가는 법 — 강점과 균형""}]","1979","0","true","true","{""@type"":""Person"",""@id"":""https://code-destiny.com/#author"",""name"":""박병하"",""jobTitle"":""명리학자"",""description"":""10년 경력의 명리학자. Code Destiny 가 공개하는 사주·운세 콘텐츠의 최종 검수 책임자입니다."",""knowsAbout"":[""사주"",""명리학"",""만세력"",""자미두수"",""숙요점""],""url"":""https://code-destiny.com/about"",""worksFor"":{""@type"":""Organization"",""@id"":""https://code-destiny.com/#organization"",""name"":""CODE DESTINY""}}","2026-07-17","2026-09-06","ko","true","B","false","[""editorial-review-required""]","retain pending evidence review; no automatic deletion","미확인","미확인","미확인","미확인"
"https://code-destiny.com/nakshatra/codex/4/","200","200","true","https://code-destiny.com/nakshatra/codex/4/","심수(心) · 즈예슈타 | 나크샤트라 결정판 27수 도감","[{""level"":""h1"",""text"":""심 수( 心 ) · 즈예슈타""},{""level"":""h2"",""text"":""☯ 동양 — 숙요점 27수""},{""level"":""h2"",""text"":""🕉 인도 — 나크샤트라""},{""level"":""h2"",""text"":""⟡ 통합 해석""},{""level"":""h2"",""text"":""✦ 살아가는 법 — 강점과 균형""}]","2022","0","true","true","{""@type"":""Person"",""@id"":""https://code-destiny.com/#author"",""name"":""박병하"",""jobTitle"":""명리학자"",""description"":""10년 경력의 명리학자. Code Destiny 가 공개하는 사주·운세 콘텐츠의 최종 검수 책임자입니다."",""knowsAbout"":[""사주"",""명리학"",""만세력"",""자미두수"",""숙요점""],""url"":""https://code-destiny.com/about"",""worksFor"":{""@type"":""Organization"",""@id"":""https://code-destiny.com/#organization"",""name"":""CODE DESTINY""}}","2026-07-17","2026-09-06","ko","true","B","false","[""editorial-review-required""]","retain pending evidence review; no automatic deletion","미확인","미확인","미확인","미확인"
"https://code-destiny.com/nakshatra/codex/5/","200","200","true","https://code-destiny.com/nakshatra/codex/5/","미수(尾) · 물라 | 나크샤트라 결정판 27수 도감","[{""level"":""h1"",""text"":""미 수( 尾 ) · 물라""},{""level"":""h2"",""text"":""☯ 동양 — 숙요점 27수""},{""level"":""h2"",""text"":""🕉 인도 — 나크샤트라""},{""level"":""h2"",""text"":""⟡ 통합 해석""},{""level"":""h2"",""text"":""✦ 살아가는 법 — 강점과 균형""}]","1982","0","true","true","{""@type"":""Person"",""@id"":""https://code-destiny.com/#author"",""name"":""박병하"",""jobTitle"":""명리학자"",""description"":""10년 경력의 명리학자. Code Destiny 가 공개하는 사주·운세 콘텐츠의 최종 검수 책임자입니다."",""knowsAbout"":[""사주"",""명리학"",""만세력"",""자미두수"",""숙요점""],""url"":""https://code-destiny.com/about"",""worksFor"":{""@type"":""Organization"",""@id"":""https://code-destiny.com/#organization"",""name"":""CODE DESTINY""}}","2026-07-17","2026-09-06","ko","true","B","false","[""editorial-review-required""]","retain pending evidence review; no automatic deletion","미확인","미확인","미확인","미확인"
"https://code-destiny.com/nakshatra/codex/6/","200","200","true","https://code-destiny.com/nakshatra/codex/6/","기수(箕) · 푸르바 아샤다 | 나크샤트라 결정판 27수 도감","[{""level"":""h1"",""text"":""기 수( 箕 ) · 푸르바 아샤다""},{""level"":""h2"",""text"":""☯ 동양 — 숙요점 27수""},{""level"":""h2"",""text"":""🕉 인도 — 나크샤트라""},{""level"":""h2"",""text"":""⟡ 통합 해석""},{""level"":""h2"",""text"":""✦ 살아가는 법 — 강점과 균형""}]","1981","0","true","true","{""@type"":""Person"",""@id"":""https://code-destiny.com/#author"",""name"":""박병하"",""jobTitle"":""명리학자"",""description"":""10년 경력의 명리학자. Code Destiny 가 공개하는 사주·운세 콘텐츠의 최종 검수 책임자입니다."",""knowsAbout"":[""사주"",""명리학"",""만세력"",""자미두수"",""숙요점""],""url"":""https://code-destiny.com/about"",""worksFor"":{""@type"":""Organization"",""@id"":""https://code-destiny.com/#organization"",""name"":""CODE DESTINY""}}","2026-07-17","2026-09-06","ko","true","B","false","[""editorial-review-required""]","retain pending evidence review; no automatic deletion","미확인","미확인","미확인","미확인"
"https://code-destiny.com/nakshatra/codex/7/","200","200","true","https://code-destiny.com/nakshatra/codex/7/","두수(斗) · 우타라 아샤다 | 나크샤트라 결정판 27수 도감","[{""level"":""h1"",""text"":""두 수( 斗 ) · 우타라 아샤다""},{""level"":""h2"",""text"":""☯ 동양 — 숙요점 27수""},{""level"":""h2"",""text"":""🕉 인도 — 나크샤트라""},{""level"":""h2"",""text"":""⟡ 통합 해석""},{""level"":""h2"",""text"":""✦ 살아가는 법 — 강점과 균형""}]","2041","0","true","true","{""@type"":""Person"",""@id"":""https://code-destiny.com/#author"",""name"":""박병하"",""jobTitle"":""명리학자"",""description"":""10년 경력의 명리학자. Code Destiny 가 공개하는 사주·운세 콘텐츠의 최종 검수 책임자입니다."",""knowsAbout"":[""사주"",""명리학"",""만세력"",""자미두수"",""숙요점""],""url"":""https://code-destiny.com/about"",""worksFor"":{""@type"":""Organization"",""@id"":""https://code-destiny.com/#organization"",""name"":""CODE DESTINY""}}","2026-07-17","2026-09-06","ko","true","B","false","[""editorial-review-required""]","retain pending evidence review; no automatic deletion","미확인","미확인","미확인","미확인"
"https://code-destiny.com/nakshatra/codex/8/","200","200","true","https://code-destiny.com/nakshatra/codex/8/","여수(女) · 슈라바나 | 나크샤트라 결정판 27수 도감","[{""level"":""h1"",""text"":""여 수( 女 ) · 슈라바나""},{""level"":""h2"",""text"":""☯ 동양 — 숙요점 27수""},{""level"":""h2"",""text"":""🕉 인도 — 나크샤트라""},{""level"":""h2"",""text"":""⟡ 통합 해석""},{""level"":""h2"",""text"":""✦ 살아가는 법 — 강점과 균형""}]","1958","0","true","true","{""@type"":""Person"",""@id"":""https://code-destiny.com/#author"",""name"":""박병하"",""jobTitle"":""명리학자"",""description"":""10년 경력의 명리학자. Code Destiny 가 공개하는 사주·운세 콘텐츠의 최종 검수 책임자입니다."",""knowsAbout"":[""사주"",""명리학"",""만세력"",""자미두수"",""숙요점""],""url"":""https://code-destiny.com/about"",""worksFor"":{""@type"":""Organization"",""@id"":""https://code-destiny.com/#organization"",""name"":""CODE DESTINY""}}","2026-07-17","2026-09-06","ko","true","B","false","[""editorial-review-required""]","retain pending evidence review; no automatic deletion","미확인","미확인","미확인","미확인"
"https://code-destiny.com/nakshatra/codex/9/","200","200","true","https://code-destiny.com/nakshatra/codex/9/","허수(虛) · 다니슈타 | 나크샤트라 결정판 27수 도감","[{""level"":""h1"",""text"":""허 수( 虛 ) · 다니슈타""},{""level"":""h2"",""text"":""☯ 동양 — 숙요점 27수""},{""level"":""h2"",""text"":""🕉 인도 — 나크샤트라""},{""level"":""h2"",""text"":""⟡ 통합 해석""},{""level"":""h2"",""text"":""✦ 살아가는 법 — 강점과 균형""}]","1980","0","true","true","{""@type"":""Person"",""@id"":""https://code-destiny.com/#author"",""name"":""박병하"",""jobTitle"":""명리학자"",""description"":""10년 경력의 명리학자. Code Destiny 가 공개하는 사주·운세 콘텐츠의 최종 검수 책임자입니다."",""knowsAbout"":[""사주"",""명리학"",""만세력"",""자미두수"",""숙요점""],""url"":""https://code-destiny.com/about"",""worksFor"":{""@type"":""Organization"",""@id"":""https://code-destiny.com/#organization"",""name"":""CODE DESTINY""}}","2026-07-17","2026-09-06","ko","true","B","false","[""editorial-review-required""]","retain pending evidence review; no automatic deletion","미확인","미확인","미확인","미확인"
"https://code-destiny.com/naming-ai/","200","200","true","https://code-destiny.com/naming-ai/","무료 작명 사이트 · 사주 용신 이름 추천 | 훈민정음 작명소","[{""level"":""h1"",""text"":""작명 사이트 — 사주 용신으로 보는 이름 추천 (훈민정음 작명소)""},{""level"":""h2"",""text"":""이런 상황에 도움이 됩니다""},{""level"":""h2"",""text"":""이용 순서""},{""level"":""h2"",""text"":""작명이 보는 네 가지 층""},{""level"":""h2"",""text"":""어떤 이름을 짓느냐에 따라 보는 곳이 다릅니다""},{""level"":""h2"",""text"":""이름을 고를 때 자주 놓치는 것""},{""level"":""h2"",""text"":""자주 묻는 질문""},{""level"":""h3"",""text"":""훈민정음 작명소는 어떤 방식으로 이름을 지어주나요?""},{""level"":""h3"",""text"":""이미 생각해둔 이름이 있어도 이용할 수 있나요?""},{""level"":""h3"",""text"":""무료로 볼 수 있는 부분이 있나요?""},{""level"":""h3"",""text"":""한자 이름을 원하지 않아도 되나요?""},{""level"":""h3"",""text"":""결제 후 결과를 다시 볼 수 있나요?""},{""level"":""h3"",""text"":""출생시간을 모르면 이용할 수 없나요?""},{""level"":""h2"",""text"":""이어서 볼 만한 운세""}]","3060","0","true","false","미확인","미확인","미확인","ko","true","B","false","[]","retain pending evidence review; no automatic deletion","미확인","미확인","미확인","미확인"
"https://code-destiny.com/neo-operation-room/","200","200","true","https://code-destiny.com/neo-operation-room/","네오의 팩폭 작전실 | Code Destiny","[{""level"":""h1"",""text"":""네오의 팩폭 작전실""},{""level"":""h2"",""text"":""네오의 팩폭 작전실 — 위로 대신 진단으로 여는 상담""},{""level"":""h3"",""text"":""네 가지 방식과 각각이 계산하는 것""},{""level"":""h3"",""text"":""계산과 해석의 역할이 나뉘어 있습니다""},{""level"":""h3"",""text"":""상담이 진행되는 순서""},{""level"":""h3"",""text"":""미리 알아 두면 좋은 것""},{""level"":""h3"",""text"":""어떤 사람에게 맞는가""},{""level"":""h2"",""text"":""이어서 볼 만한 운세""}]","1822","0","true","false","미확인","미확인","미확인","ko","true","B","false","[]","retain pending evidence review; no automatic deletion","미확인","미확인","미확인","미확인"
"https://code-destiny.com/new-year-ai-consultation/","200","200","true","https://code-destiny.com/new-year-ai-consultation/","신년운세 보는 곳 | 새해 월별 운세·재물운·연애운 풀이","[{""level"":""h1"",""text"":""신년운세 보는 곳 — 새해 흐름과 월별 운세 풀이""},{""level"":""h2"",""text"":""이런 분께 추천합니다""},{""level"":""h2"",""text"":""상담은 이렇게 진행됩니다""},{""level"":""h2"",""text"":""자주 묻는 질문""},{""level"":""h3"",""text"":""신년운세 전문가 상담은 무엇을 알려주나요?""},{""level"":""h3"",""text"":""토정비결과는 무엇이 다른가요?""},{""level"":""h3"",""text"":""연말이 아니어도 볼 수 있나요?""},{""level"":""h3"",""text"":""결과는 다시 볼 수 있나요?""},{""level"":""h3"",""text"":""가족 여러 명의 신년운세를 각각 볼 수 있나요?""},{""level"":""h3"",""text"":""이직이나 이사 시기를 정할 때도 참고할 수 있나요?""},{""level"":""h3"",""text"":""지난해 신년운세와 비교해서 봐도 되나요?""},{""level"":""h3"",""text"":""월별 체크포인트는 구체적으로 어떤 식으로 나오나요?""},{""level"":""h2"",""text"":""이어서 볼 만한 운세""}]","1966","0","true","false","미확인","미확인","미확인","ko","true","B","false","[]","retain pending evidence review; no automatic deletion","미확인","미확인","미확인","미확인"
"https://code-destiny.com/oracle/hwatu-life/","200","200","true","https://code-destiny.com/oracle/hwatu-life/","화투 인생 패 테스트","[{""level"":""h1"",""text"":""화투 인생 패 테스트""},{""level"":""h2"",""text"":""핵심 포인트""},{""level"":""h2"",""text"":""화투 심리테스트를 재미있고 정확하게 즐기는 6포인트""},{""level"":""h3"",""text"":""1. 이 테스트는 성격 단정보다 선택 습관을 관찰합니다""},{""level"":""h3"",""text"":""2. 돈·사랑·위기 문항을 분리해서 보면 해석이 선명해집니다""},{""level"":""h3"",""text"":""3. 아키타입은 우열이 아니라 장단점의 묶음입니다""},{""level"":""h3"",""text"":""4. 궁합 활용은 상대 평가보다 협업 규칙 설정이 핵심입니다""},{""level"":""h3"",""text"":""5. 결과를 일상 실험으로 연결하면 체감 가치가 올라갑니다""},{""level"":""h3"",""text"":""6. 반복 측정으로 현재 상태 변화를 읽어보세요""},{""level"":""h2"",""text"":""핵심 운세""},{""level"":""h2"",""text"":""타로 리딩""},{""level"":""h2"",""text"":""신탁 & 특화""},{""level"":""h2"",""text"":""추천 가이드""},{""level"":""h2"",""text"":""디지털 운세 서비스 환불 안내""},{""level"":""h2"",""text"":""면책 고지""},{""level"":""h2"",""text"":""사업자 정보""}]","1434","0","true","false","미확인","미확인","미확인","ko","true","B","false","[]","retain pending evidence review; no automatic deletion","미확인","미확인","미확인","미확인"
"https://code-destiny.com/oracle/hwatu/","200","200","false","https://code-destiny.com/oracle/hwatu/","무료 화투점 — 열두 달 패로 보는 오늘의 승부","[{""level"":""h2"",""text"":""🌸 운명의 꽃 아틀리에""},{""level"":""h3"",""text"":""연꽃""},{""level"":""h2"",""text"":""다시 내 편에 서는 타로""},{""level"":""h3"",""text"":""5카드 스프레드 · 흔들린 마음에서 나의 기준으로""},{""level"":""h2"",""text"":""✨ 다시 세워지는 나의 기준""},{""level"":""h2"",""text"":""달빛처럼 조용한 쿠키 안내""},{""level"":""h1"",""text"":""오늘의 운세부터 여섯 체계를 함께 읽는 초융합운세까지""},{""level"":""h2"",""text"":""무료로 바로 시작하기""},{""level"":""h2"",""text"":""전체 서비스 검색""},{""level"":""h2"",""text"":""필요한 서비스를 찾아보세요""},{""level"":""h2"",""text"":""오늘의 운세""},{""level"":""h2"",""text"":""운기·기일 다이어리와 나의 운세 플래너""},{""level"":""h2"",""text"":""지금 가장 궁금한 건 무엇인가요?""},{""level"":""h2"",""text"":""오늘의 한마디부터 여섯 체계의 깊은 리딩까지""},{""level"":""h2"",""text"":""대표 운명 상담""},{""level"":""h2"",""text"":""CODE DESTINY 전문가의 특별한 경험""},{""level"":""h2"",""text"":""카카오 공유 이벤트""},{""level"":""h3"",""text"":""5,000원 리딩 두 번이면, 9,900원 이용권이 더 쌉니다""},{""level"":""h2"",""text"":""더 둘러보기""},{""level"":""h2"",""text"":""이용자 후기""},{""level"":""h2"",""text"":""무료 사주 풀이부터 자미두수·숙요점·베다점까지, 이렇게 읽습니다""},{""level"":""h3"",""text"":""사주팔자·만세력""},{""level"":""h3"",""text"":""타로 리딩""},{""level"":""h3"",""text"":""자미두수""},{""level"":""h3"",""text"":""점성술 (서양·베다점)""},{""level"":""h3"",""text"":""숙요점""},{""level"":""h3"",""text"":""궁합""},{""level"":""h2"",""text"":""종합 운세의 꽃문 열기""},{""level"":""h2"",""text"":""왜 Code Destiny인가""},{""level"":""h2"",""text"":""더 많은 운세가 궁금하다면""},{""level"":""h2"",""text"":""당신에게 맞는 운세를 선택하세요""},{""level"":""h2"",""text"":""서비스를 함께 만들어 주세요.""},{""level"":""h3"",""text"":""관상 & 심볼 컬렉션""},{""level"":""h2"",""text"":""명상 컬렉션""},{""level"":""h2"",""text"":""타로 리딩 컬렉션""},{""level"":""h3"",""text"":""신탁 & 점술 컬렉션""},{""level"":""h3"",""text"":""코즈믹 & 별자리 컬렉션""},{""level"":""h3"",""text"":""운명의 꽃 & 해몽 컬렉션""},{""level"":""h3"",""text"":""VVIP 운명 서고""},{""level"":""h3"",""text"":""기타 점술 컬렉션""},{""level"":""h2"",""text"":""자주 찾는 운세는 문라이트 패스로 더 편안하게 이어가요""},{""level"":""h2"",""text"":""무의식의 마법 상점: 드림 타로""},{""level"":""h3"",""text"":""드림 타로""},{""level"":""h2"",""text"":""정신분석 해몽 보고서""},{""level"":""h2"",""text"":""거북점 — 천기(天機) 신탁""},{""level"":""h3"",""text"":""나의 운명 카드 필요""},{""level"":""h3"",""text"":""출생 정보 필요""},{""level"":""h3"",""text"":""✨ 서양 점성술 기본 출생차트""},{""level"":""h3"",""text"":""나의 운명 카드 필요""},{""level"":""h2"",""text"":""우리는 무슨 사이?""},{""level"":""h3"",""text"":""카드를 순서대로 열어 관계의 온도를 확인하세요""},{""level"":""h2"",""text"":""🌙 우리 사이의 온도와 속도""},{""level"":""h2"",""text"":""다시 닿기 전, 무엇을 지켜야 할까?""},{""level"":""h3"",""text"":""남은 온기에서 지켜야 할 기준까지, 등대의 빛을 순서대로 열어보세요""},{""level"":""h2"",""text"":""🌌 관계 회복 등대 리딩""},{""level"":""h2"",""text"":""한 해의 결을 여는 12장의 카드""},{""level"":""h3"",""text"":""열두 달의 카드를 여는 중입니다""},{""level"":""h2"",""text"":""십이지신 천운 타로 · 1년의 방향서""},{""level"":""h3"",""text"":""1月 상세 운세""},{""level"":""h2"",""text"":""✨ 수호 동물의 메시지""},{""level"":""h2"",""text"":""THE ORACLE OF KEMET""},{""level"":""h3"",""text"":""𓂀 십이 주신 황금 오라클""},{""level"":""h2"",""text"":""홈 화면에 앱으로 담아 두세요""},{""level"":""h2"",""text"":""""},{""level"":""h3"",""text"":""흰빛과 검은빛의 태극이 명식의 중심을 비춥니다""},{""level"":""h3"",""text"":""오늘의 코스믹 라이프 가이드""},{""level"":""h3"",""text"":""🌸 사주 명식 (四柱命式) FREE""},{""level"":""h3"",""text"":""""},{""level"":""h2"",""text"":""운명의 큰 흐름을 읽는 심층 해석 2종 세트""},{""level"":""h3"",""text"":""대운 (大運) 분석""},{""level"":""h3"",""text"":""종합 사주 풀이""},{""level"":""h3"",""text"":""궁합 분석""},{""level"":""h3"",""text"":""🔮 대운 (大運) — 억부+조후+종격 통합 판단 PREMIUM""},{""level"":""h3"",""text"":""📖 종합 사주 풀이 PREMIUM""},{""level"":""h3"",""text"":""🔆 오늘의 운세 & 이달의 운세""},{""level"":""h3"",""text"":""💞 궁합 보기 (연애 · 사업 · 친구) PREMIUM""},{""level"":""h3"",""text"":""✨ 나와 영혼의 쌍둥이 연예인은?""},{""level"":""h3"",""text"":""📸 사주네컷 운명 필터 ON""},{""level"":""h3"",""text"":""🧠 나는 도파민 중독일까?""},{""level"":""h3"",""text"":""✦ 재미있는 사주 콘텐츠""},{""level"":""h3"",""text"":""⚡ 퀀텀 명리 전략 리포트 — 전문 v3 판정""},{""level"":""h3"",""text"":""💀 요주의 빌런 블랙리스트""},{""level"":""h3"",""text"":""🎮 사주 RPG 캐릭터 — 運命 클래스 시트""},{""level"":""h3"",""text"":""🧭 에너지 원정 리포트 — 사주 맞춤 에너지 좌표""},{""level"":""h3"",""text"":""명리 헬스 리포트""},{""level"":""h3"",""text"":""🎱 퀀텀 로또 리포트 — 수리 에너지 공명 번호""},{""level"":""h3"",""text"":""𓂀 고대 이집트 오라클 (Eye of Horus)""},{""level"":""h3"",""text"":""🧬 사주로 보는 테토 VS 에겐 테스트""},{""level"":""h3"",""text"":""The Frozen Logic — 극T 테스트""},{""level"":""h2"",""text"":""인생의 책 전문가 상담""},{""level"":""h2"",""text"":""연애 비책 전문가 상담""},{""level"":""h2"",""text"":""신년운세 전문가 상담""},{""level"":""h2"",""text"":""⚡ 시빌라 시스템""},{""level"":""h2"",""text"":""⚡ DESTINY SCANNER""},{""level"":""h3"",""text"":""💖 연이의 편지""},{""level"":""h3"",""text"":""📤 사주 결과 공유하기""},{""level"":""h2"",""text"":""ESFJ와 다른 MBTI 궁합""}]","10976","10976","false","false","미확인","미확인","미확인","ko","false","C","true","[]","verify existing disposition","미확인","미확인","미확인","미확인"
"https://code-destiny.com/oracle/ifa/","200","200","true","https://code-destiny.com/oracle/ifa/","IFA 오라클 - 요루바 256 오두 신탁","[{""level"":""h1"",""text"":""IFÀ 오라클 — 요루바 256 오두 신탁""},{""level"":""h2"",""text"":""핵심 포인트""},{""level"":""h2"",""text"":""이파점을 이해하는 일곱 가지""},{""level"":""h3"",""text"":""이파점은 서아프리카 요루바의 신탁 체계입니다""},{""level"":""h3"",""text"":""오펠레 사슬은 한 번에 여덟 면을 던집니다""},{""level"":""h3"",""text"":""열여섯이 두 번 겹쳐 256이 됩니다""},{""level"":""h3"",""text"":""두 다리가 같으면 '메지'가 됩니다""},{""level"":""h3"",""text"":""질문은 네 갈래 중 하나로 엽니다""},{""level"":""h3"",""text"":""결과에는 지킬 것과 피할 것이 함께 옵니다""},{""level"":""h3"",""text"":""이렇게 읽는 편이 도움이 됩니다""},{""level"":""h2"",""text"":""핵심 운세""},{""level"":""h2"",""text"":""타로 리딩""},{""level"":""h2"",""text"":""신탁 & 특화""},{""level"":""h2"",""text"":""추천 가이드""},{""level"":""h2"",""text"":""디지털 운세 서비스 환불 안내""},{""level"":""h2"",""text"":""면책 고지""},{""level"":""h2"",""text"":""사업자 정보""}]","1624","0","true","false","미확인","미확인","미확인","ko","true","B","false","[]","retain pending evidence review; no automatic deletion","미확인","미확인","미확인","미확인"
"https://code-destiny.com/oracle/juyuk/","200","200","false","https://code-destiny.com/oracle/juyuk/","무료 주역 거북점 — 64괘로 보는 선택의 때","[{""level"":""h2"",""text"":""🌸 운명의 꽃 아틀리에""},{""level"":""h3"",""text"":""연꽃""},{""level"":""h2"",""text"":""다시 내 편에 서는 타로""},{""level"":""h3"",""text"":""5카드 스프레드 · 흔들린 마음에서 나의 기준으로""},{""level"":""h2"",""text"":""✨ 다시 세워지는 나의 기준""},{""level"":""h2"",""text"":""달빛처럼 조용한 쿠키 안내""},{""level"":""h1"",""text"":""오늘의 운세부터 여섯 체계를 함께 읽는 초융합운세까지""},{""level"":""h2"",""text"":""무료로 바로 시작하기""},{""level"":""h2"",""text"":""전체 서비스 검색""},{""level"":""h2"",""text"":""필요한 서비스를 찾아보세요""},{""level"":""h2"",""text"":""오늘의 운세""},{""level"":""h2"",""text"":""운기·기일 다이어리와 나의 운세 플래너""},{""level"":""h2"",""text"":""지금 가장 궁금한 건 무엇인가요?""},{""level"":""h2"",""text"":""오늘의 한마디부터 여섯 체계의 깊은 리딩까지""},{""level"":""h2"",""text"":""대표 운명 상담""},{""level"":""h2"",""text"":""CODE DESTINY 전문가의 특별한 경험""},{""level"":""h2"",""text"":""카카오 공유 이벤트""},{""level"":""h3"",""text"":""5,000원 리딩 두 번이면, 9,900원 이용권이 더 쌉니다""},{""level"":""h2"",""text"":""더 둘러보기""},{""level"":""h2"",""text"":""이용자 후기""},{""level"":""h2"",""text"":""무료 사주 풀이부터 자미두수·숙요점·베다점까지, 이렇게 읽습니다""},{""level"":""h3"",""text"":""사주팔자·만세력""},{""level"":""h3"",""text"":""타로 리딩""},{""level"":""h3"",""text"":""자미두수""},{""level"":""h3"",""text"":""점성술 (서양·베다점)""},{""level"":""h3"",""text"":""숙요점""},{""level"":""h3"",""text"":""궁합""},{""level"":""h2"",""text"":""종합 운세의 꽃문 열기""},{""level"":""h2"",""text"":""왜 Code Destiny인가""},{""level"":""h2"",""text"":""더 많은 운세가 궁금하다면""},{""level"":""h2"",""text"":""당신에게 맞는 운세를 선택하세요""},{""level"":""h2"",""text"":""서비스를 함께 만들어 주세요.""},{""level"":""h3"",""text"":""관상 & 심볼 컬렉션""},{""level"":""h2"",""text"":""명상 컬렉션""},{""level"":""h2"",""text"":""타로 리딩 컬렉션""},{""level"":""h3"",""text"":""신탁 & 점술 컬렉션""},{""level"":""h3"",""text"":""코즈믹 & 별자리 컬렉션""},{""level"":""h3"",""text"":""운명의 꽃 & 해몽 컬렉션""},{""level"":""h3"",""text"":""VVIP 운명 서고""},{""level"":""h3"",""text"":""기타 점술 컬렉션""},{""level"":""h2"",""text"":""자주 찾는 운세는 문라이트 패스로 더 편안하게 이어가요""},{""level"":""h2"",""text"":""무의식의 마법 상점: 드림 타로""},{""level"":""h3"",""text"":""드림 타로""},{""level"":""h2"",""text"":""정신분석 해몽 보고서""},{""level"":""h2"",""text"":""거북점 — 천기(天機) 신탁""},{""level"":""h3"",""text"":""나의 운명 카드 필요""},{""level"":""h3"",""text"":""출생 정보 필요""},{""level"":""h3"",""text"":""✨ 서양 점성술 기본 출생차트""},{""level"":""h3"",""text"":""나의 운명 카드 필요""},{""level"":""h2"",""text"":""우리는 무슨 사이?""},{""level"":""h3"",""text"":""카드를 순서대로 열어 관계의 온도를 확인하세요""},{""level"":""h2"",""text"":""🌙 우리 사이의 온도와 속도""},{""level"":""h2"",""text"":""다시 닿기 전, 무엇을 지켜야 할까?""},{""level"":""h3"",""text"":""남은 온기에서 지켜야 할 기준까지, 등대의 빛을 순서대로 열어보세요""},{""level"":""h2"",""text"":""🌌 관계 회복 등대 리딩""},{""level"":""h2"",""text"":""한 해의 결을 여는 12장의 카드""},{""level"":""h3"",""text"":""열두 달의 카드를 여는 중입니다""},{""level"":""h2"",""text"":""십이지신 천운 타로 · 1년의 방향서""},{""level"":""h3"",""text"":""1月 상세 운세""},{""level"":""h2"",""text"":""✨ 수호 동물의 메시지""},{""level"":""h2"",""text"":""THE ORACLE OF KEMET""},{""level"":""h3"",""text"":""𓂀 십이 주신 황금 오라클""},{""level"":""h2"",""text"":""홈 화면에 앱으로 담아 두세요""},{""level"":""h2"",""text"":""""},{""level"":""h3"",""text"":""흰빛과 검은빛의 태극이 명식의 중심을 비춥니다""},{""level"":""h3"",""text"":""오늘의 코스믹 라이프 가이드""},{""level"":""h3"",""text"":""🌸 사주 명식 (四柱命式) FREE""},{""level"":""h3"",""text"":""""},{""level"":""h2"",""text"":""운명의 큰 흐름을 읽는 심층 해석 2종 세트""},{""level"":""h3"",""text"":""대운 (大運) 분석""},{""level"":""h3"",""text"":""종합 사주 풀이""},{""level"":""h3"",""text"":""궁합 분석""},{""level"":""h3"",""text"":""🔮 대운 (大運) — 억부+조후+종격 통합 판단 PREMIUM""},{""level"":""h3"",""text"":""📖 종합 사주 풀이 PREMIUM""},{""level"":""h3"",""text"":""🔆 오늘의 운세 & 이달의 운세""},{""level"":""h3"",""text"":""💞 궁합 보기 (연애 · 사업 · 친구) PREMIUM""},{""level"":""h3"",""text"":""✨ 나와 영혼의 쌍둥이 연예인은?""},{""level"":""h3"",""text"":""📸 사주네컷 운명 필터 ON""},{""level"":""h3"",""text"":""🧠 나는 도파민 중독일까?""},{""level"":""h3"",""text"":""✦ 재미있는 사주 콘텐츠""},{""level"":""h3"",""text"":""⚡ 퀀텀 명리 전략 리포트 — 전문 v3 판정""},{""level"":""h3"",""text"":""💀 요주의 빌런 블랙리스트""},{""level"":""h3"",""text"":""🎮 사주 RPG 캐릭터 — 運命 클래스 시트""},{""level"":""h3"",""text"":""🧭 에너지 원정 리포트 — 사주 맞춤 에너지 좌표""},{""level"":""h3"",""text"":""명리 헬스 리포트""},{""level"":""h3"",""text"":""🎱 퀀텀 로또 리포트 — 수리 에너지 공명 번호""},{""level"":""h3"",""text"":""𓂀 고대 이집트 오라클 (Eye of Horus)""},{""level"":""h3"",""text"":""🧬 사주로 보는 테토 VS 에겐 테스트""},{""level"":""h3"",""text"":""The Frozen Logic — 극T 테스트""},{""level"":""h2"",""text"":""인생의 책 전문가 상담""},{""level"":""h2"",""text"":""연애 비책 전문가 상담""},{""level"":""h2"",""text"":""신년운세 전문가 상담""},{""level"":""h2"",""text"":""⚡ 시빌라 시스템""},{""level"":""h2"",""text"":""⚡ DESTINY SCANNER""},{""level"":""h3"",""text"":""💖 연이의 편지""},{""level"":""h3"",""text"":""📤 사주 결과 공유하기""},{""level"":""h2"",""text"":""ESFJ와 다른 MBTI 궁합""}]","10976","10976","false","false","미확인","미확인","미확인","ko","false","C","true","[]","verify existing disposition","미확인","미확인","미확인","미확인"
"https://code-destiny.com/oracle/royal-tea/","200","200","false","https://code-destiny.com/oracle/royal-tea/","타세오그래피 찻잎 점 - 런던 로열 컵 문양 리딩","[{""level"":""h1"",""text"":""타세오그래피 찻잎 점""},{""level"":""h2"",""text"":""핵심 포인트""},{""level"":""h2"",""text"":""핵심 운세""},{""level"":""h2"",""text"":""타로 리딩""},{""level"":""h2"",""text"":""신탁 & 특화""},{""level"":""h2"",""text"":""추천 가이드""},{""level"":""h2"",""text"":""디지털 운세 서비스 환불 안내""},{""level"":""h2"",""text"":""면책 고지""},{""level"":""h2"",""text"":""사업자 정보""}]","360","0","true","false","미확인","미확인","미확인","ko","false","C","true","[]","verify existing disposition","미확인","미확인","미확인","미확인"
"https://code-destiny.com/oracle/rune/","200","200","true","https://code-destiny.com/oracle/rune/","무료 룬 점 보기 | 엘더 푸타르크 24룬 오라클 — 꿀꿀 운세","[{""level"":""h1"",""text"":""무료 룬 점 — 엘더 푸타르크 24룬 오라클""},{""level"":""h2"",""text"":""이런 순간에 특히 도움이 됩니다""},{""level"":""h2"",""text"":""이용은 이렇게 진행됩니다""},{""level"":""h2"",""text"":""자주 묻는 질문""},{""level"":""h3"",""text"":""룬 점은 어떤 점술인가요?""},{""level"":""h3"",""text"":""룬 점은 무료인가요?""},{""level"":""h3"",""text"":""질문은 어떻게 정하는 것이 좋나요?""},{""level"":""h3"",""text"":""역방향(리버스) 룬도 해석하나요?""},{""level"":""h3"",""text"":""여러 개의 룬을 한 번에 뽑을 수도 있나요?""},{""level"":""h3"",""text"":""룬 점과 타로 중 무엇을 먼저 해보면 좋을까요?""},{""level"":""h3"",""text"":""룬의 유래는 어디에서 왔나요?""},{""level"":""h2"",""text"":""Whispers of Stonehenge""},{""level"":""h2"",""text"":""이어서 볼 만한 운세""}]","2125","0","true","false","미확인","미확인","미확인","ko","true","B","false","[]","retain pending evidence review; no automatic deletion","미확인","미확인","미확인","미확인"
"https://code-destiny.com/oracle/sikojen-povailu/","200","200","false","https://code-destiny.com/oracle/sikojen-povailu/","핀란드 주석점 Sikojen Povailu","[{""level"":""h1"",""text"":""핀란드 주석점 Sikojen Povailu""}]","23","23","false","false","미확인","미확인","미확인","ko","false","C","true","[]","verify existing disposition","미확인","미확인","미확인","미확인"
"https://code-destiny.com/oracle/sukuyo/","200","200","true","https://code-destiny.com/oracle/sukuyo/","숙요 인연 레이더 | Code Destiny","[{""level"":""h1"",""text"":""숙요 인연 레이더""},{""level"":""h2"",""text"":""핵심 포인트""},{""level"":""h2"",""text"":""숙요점을 실전에 적용하는 6단계""},{""level"":""h3"",""text"":""1. 숙요점의 핵심은 달의 리듬 읽기입니다""},{""level"":""h3"",""text"":""2. 27수는 등급표가 아니라 작동 방식 분류입니다""},{""level"":""h3"",""text"":""3. 숙요 궁합은 점수보다 템포 조율이 핵심입니다""},{""level"":""h3"",""text"":""4. 월간·주간 루틴에 붙이면 활용도가 높아집니다""},{""level"":""h3"",""text"":""5. 표현은 단정보다 행동 제안 중심이 안전합니다""},{""level"":""h3"",""text"":""6. 반복 관찰로 나만의 리듬 아카이브를 만드세요""},{""level"":""h2"",""text"":""핵심 운세""},{""level"":""h2"",""text"":""타로 리딩""},{""level"":""h2"",""text"":""신탁 & 특화""},{""level"":""h2"",""text"":""추천 가이드""},{""level"":""h2"",""text"":""디지털 운세 서비스 환불 안내""},{""level"":""h2"",""text"":""면책 고지""},{""level"":""h2"",""text"":""사업자 정보""}]","1320","0","true","false","미확인","미확인","미확인","ko","true","B","false","[]","retain pending evidence review; no automatic deletion","미확인","미확인","미확인","미확인"
"https://code-destiny.com/palm-reading/","200","200","false","https://code-destiny.com/palm-reading/","손금 지도 - Palm Destiny | Code Destiny","[{""level"":""h1"",""text"":""손금 지도""},{""level"":""h2"",""text"":""손바닥 촬영/업로드""},{""level"":""h3"",""text"":""양손 비교 업로드(선택)""},{""level"":""h2"",""text"":""왼손 이미지 업로드""},{""level"":""h2"",""text"":""오른손 이미지 업로드""},{""level"":""h2"",""text"":""선천 · 후천 설명""},{""level"":""h2"",""text"":""촬영 가이드""}]","1195","0","true","false","미확인","미확인","미확인","ko","false","C","true","[]","verify existing disposition","미확인","미확인","미확인","미확인"
"https://code-destiny.com/physiognomy/","200","200","true","https://code-destiny.com/physiognomy/","무료 관상 보는 곳 | 오관·삼정으로 읽는 얼굴 인상 해석","[{""level"":""h1"",""text"":""관상 보는 곳 — 무료 얼굴 인상 해석""},{""level"":""h2"",""text"":""사용 방법""},{""level"":""h2"",""text"":""제공 결과""},{""level"":""h2"",""text"":""주의와 면책""},{""level"":""h2"",""text"":""관련 기능""},{""level"":""h2"",""text"":""자주 묻는 질문""},{""level"":""h2"",""text"":""핵심 운세""},{""level"":""h2"",""text"":""타로 리딩""},{""level"":""h2"",""text"":""신탁 & 특화""},{""level"":""h2"",""text"":""추천 가이드""},{""level"":""h2"",""text"":""디지털 운세 서비스 환불 안내""},{""level"":""h2"",""text"":""면책 고지""},{""level"":""h2"",""text"":""사업자 정보""}]","1330","0","true","false","미확인","미확인","미확인","ko","true","B","false","[]","retain pending evidence review; no automatic deletion","미확인","미확인","미확인","미확인"
"https://code-destiny.com/points/","200","200","false","https://code-destiny.com/points/","이용권 상점","[{""level"":""h1"",""text"":""연이의 달빛 이용권 상점""},{""level"":""h2"",""text"":""핵심 운세""},{""level"":""h2"",""text"":""타로 리딩""},{""level"":""h2"",""text"":""신탁 & 특화""},{""level"":""h2"",""text"":""추천 가이드""},{""level"":""h2"",""text"":""디지털 운세 서비스 환불 안내""},{""level"":""h2"",""text"":""면책 고지""},{""level"":""h2"",""text"":""사업자 정보""}]","17","0","true","false","미확인","미확인","미확인","ko","false","C","true","[]","verify existing disposition","미확인","미확인","미확인","미확인"
"https://code-destiny.com/premium-unlock/","200","200","false","https://code-destiny.com/premium-unlock/","인생 총운 전문가 상담 | Code Destiny","[{""level"":""h1"",""text"":""사주 명리가 비추는 삶의 큰 흐름""},{""level"":""h2"",""text"":""삶의 강은 타고난 명식을 따라 천천히 방향을 드러냅니다.""}]","596","21","true","false","미확인","미확인","미확인","ko","false","C","true","[]","verify existing disposition","미확인","미확인","미확인","미확인"
"https://code-destiny.com/premium/","200","200","false","https://code-destiny.com/premium/","프리미엄 운세 리포트 | 사주·자미두수·점성술 심층 해석","[{""level"":""h1"",""text"":""프리미엄 운세 리포트""},{""level"":""h2"",""text"":""사용 방법""},{""level"":""h2"",""text"":""제공 결과""},{""level"":""h2"",""text"":""주의와 면책""},{""level"":""h2"",""text"":""관련 기능""},{""level"":""h2"",""text"":""자주 묻는 질문""},{""level"":""h2"",""text"":""핵심 운세""},{""level"":""h2"",""text"":""타로 리딩""},{""level"":""h2"",""text"":""신탁 & 특화""},{""level"":""h2"",""text"":""추천 가이드""},{""level"":""h2"",""text"":""디지털 운세 서비스 환불 안내""},{""level"":""h2"",""text"":""면책 고지""},{""level"":""h2"",""text"":""사업자 정보""}]","772","0","true","false","미확인","미확인","미확인","ko","false","C","true","[]","verify existing disposition","미확인","미확인","미확인","미확인"
"https://code-destiny.com/privacy","308","200","true","https://code-destiny.com/privacy/","Privacy Policy | 개인정보처리방침 — Code Destiny","[{""level"":""h1"",""text"":""개인정보처리방침""},{""level"":""h2"",""text"":""1. 기본 원칙""},{""level"":""h2"",""text"":""2. 수집 항목과 이용 목적""},{""level"":""h2"",""text"":""3. 자동으로 처리되는 정보""},{""level"":""h2"",""text"":""4. 쿠키, 광고 식별자, Google AdSense 고지""},{""level"":""h2"",""text"":""5. 제3자 제공과 처리 위탁""},{""level"":""h2"",""text"":""6. 보관 기간""},{""level"":""h2"",""text"":""7. 이용자 권리""},{""level"":""h2"",""text"":""8. 아동 개인정보""},{""level"":""h2"",""text"":""9. 민감한 해석과 광고 타겟팅""},{""level"":""h2"",""text"":""10. 보안 조치""},{""level"":""h2"",""text"":""11. 방침 변경""},{""level"":""h2"",""text"":""12. 개인정보 문의""}]","3989","3989","false","false","미확인","미확인","미확인","ko","false","D","true","[]","verify existing disposition","미확인","미확인","미확인","미확인"
"https://code-destiny.com/privacy-policy/","200","200","true","https://code-destiny.com/privacy/","Privacy Policy | 개인정보처리방침 — Code Destiny","[{""level"":""h1"",""text"":""개인정보처리방침""},{""level"":""h2"",""text"":""1. 기본 원칙""},{""level"":""h2"",""text"":""2. 수집 항목과 이용 목적""},{""level"":""h2"",""text"":""3. 자동으로 처리되는 정보""},{""level"":""h2"",""text"":""4. 쿠키, 광고 식별자, Google AdSense 고지""},{""level"":""h2"",""text"":""5. 제3자 제공과 처리 위탁""},{""level"":""h2"",""text"":""6. 보관 기간""},{""level"":""h2"",""text"":""7. 이용자 권리""},{""level"":""h2"",""text"":""8. 아동 개인정보""},{""level"":""h2"",""text"":""9. 민감한 해석과 광고 타겟팅""},{""level"":""h2"",""text"":""10. 보안 조치""},{""level"":""h2"",""text"":""11. 방침 변경""},{""level"":""h2"",""text"":""12. 개인정보 문의""}]","3989","3989","false","false","미확인","미확인","미확인","ko","false","B","false","[]","retain pending evidence review; no automatic deletion","미확인","미확인","미확인","미확인"
"https://code-destiny.com/privacy/","200","200","true","https://code-destiny.com/privacy/","Privacy Policy | 개인정보처리방침 — Code Destiny","[{""level"":""h1"",""text"":""개인정보처리방침""},{""level"":""h2"",""text"":""1. 기본 원칙""},{""level"":""h2"",""text"":""2. 수집 항목과 이용 목적""},{""level"":""h2"",""text"":""3. 자동으로 처리되는 정보""},{""level"":""h2"",""text"":""4. 쿠키, 광고 식별자, Google AdSense 고지""},{""level"":""h2"",""text"":""5. 제3자 제공과 처리 위탁""},{""level"":""h2"",""text"":""6. 보관 기간""},{""level"":""h2"",""text"":""7. 이용자 권리""},{""level"":""h2"",""text"":""8. 아동 개인정보""},{""level"":""h2"",""text"":""9. 민감한 해석과 광고 타겟팅""},{""level"":""h2"",""text"":""10. 보안 조치""},{""level"":""h2"",""text"":""11. 방침 변경""},{""level"":""h2"",""text"":""12. 개인정보 문의""}]","3989","3989","false","false","미확인","미확인","미확인","ko","true","B","false","[]","retain pending evidence review; no automatic deletion","미확인","미확인","미확인","미확인"
"https://code-destiny.com/psychotest/","200","200","true","https://code-destiny.com/psychotest/","무료 심리테스트 14종 | 성격·연애·직장 테스트 모음","[{""level"":""h1"",""text"":""심리테스트 모음 14종""},{""level"":""h2"",""text"":""이 목록을 고른 기준""},{""level"":""h2"",""text"":""결과를 읽을 때""},{""level"":""h2"",""text"":""상세 페이지가 어떻게 만들어졌는지""},{""level"":""h2"",""text"":""사이코패스 성향 테스트""},{""level"":""h2"",""text"":""나르시시스트 테스트""},{""level"":""h2"",""text"":""분노의 치와와 테스트""},{""level"":""h2"",""text"":""아우라 컬러 테스트""},{""level"":""h2"",""text"":""T 성향 검증 테스트""},{""level"":""h2"",""text"":""페르소나 지수 테스트""},{""level"":""h2"",""text"":""스릴러 몰입 캐릭터 테스트""},{""level"":""h2"",""text"":""K-직장인 생존 테스트""},{""level"":""h2"",""text"":""연애 매력 지수 테스트""},{""level"":""h2"",""text"":""HSP 예민도 테스트""},{""level"":""h2"",""text"":""TCI 기질 계획 테스트""},{""level"":""h2"",""text"":""공감 능력 테스트""},{""level"":""h2"",""text"":""정신연령 테스트""},{""level"":""h2"",""text"":""연애 추구미 테스트""},{""level"":""h2"",""text"":""심리테스트 다음, 최애운명 포토카드 스테이지""},{""level"":""h2"",""text"":""핵심 운세""},{""level"":""h2"",""text"":""타로 리딩""},{""level"":""h2"",""text"":""신탁 & 특화""},{""level"":""h2"",""text"":""추천 가이드""},{""level"":""h2"",""text"":""디지털 운세 서비스 환불 안내""},{""level"":""h2"",""text"":""면책 고지""},{""level"":""h2"",""text"":""사업자 정보""}]","2420","0","true","false","미확인","미확인","미확인","ko","true","B","false","[]","retain pending evidence review; no automatic deletion","미확인","미확인","미확인","미확인"
"https://code-destiny.com/psychotest/aura/","200","200","false","https://code-destiny.com/psychotest/aura/","아우라 컬러 테스트 | 힐링 무료 심리테스트","[{""level"":""h1"",""text"":""아우라 컬러 테스트""},{""level"":""h2"",""text"":""이 테스트에서 보는 핵심 포인트""},{""level"":""h2"",""text"":""연관 심리테스트""},{""level"":""h2"",""text"":""심리테스트 다음, 최애운명 포토카드 스테이지""},{""level"":""h2"",""text"":""핵심 운세""},{""level"":""h2"",""text"":""타로 리딩""},{""level"":""h2"",""text"":""신탁 & 특화""},{""level"":""h2"",""text"":""추천 가이드""},{""level"":""h2"",""text"":""디지털 운세 서비스 환불 안내""},{""level"":""h2"",""text"":""면책 고지""},{""level"":""h2"",""text"":""사업자 정보""}]","296","0","true","false","미확인","미확인","미확인","ko","false","C","true","[]","verify existing disposition","미확인","미확인","미확인","미확인"
"https://code-destiny.com/psychotest/chihuahua/","200","200","false","https://code-destiny.com/psychotest/chihuahua/","분노의 치와와 테스트 | 재미 무료 심리테스트","[{""level"":""h1"",""text"":""분노의 치와와 테스트""},{""level"":""h2"",""text"":""이 테스트에서 보는 핵심 포인트""},{""level"":""h2"",""text"":""연관 심리테스트""},{""level"":""h2"",""text"":""심리테스트 다음, 최애운명 포토카드 스테이지""},{""level"":""h2"",""text"":""핵심 운세""},{""level"":""h2"",""text"":""타로 리딩""},{""level"":""h2"",""text"":""신탁 & 특화""},{""level"":""h2"",""text"":""추천 가이드""},{""level"":""h2"",""text"":""디지털 운세 서비스 환불 안내""},{""level"":""h2"",""text"":""면책 고지""},{""level"":""h2"",""text"":""사업자 정보""}]","296","0","true","false","미확인","미확인","미확인","ko","false","C","true","[]","verify existing disposition","미확인","미확인","미확인","미확인"
"https://code-destiny.com/psychotest/empathy/","200","200","false","https://code-destiny.com/psychotest/empathy/","공감 능력 테스트 | 공감 무료 심리테스트","[{""level"":""h1"",""text"":""공감 능력 테스트""},{""level"":""h2"",""text"":""이 테스트에서 보는 핵심 포인트""},{""level"":""h2"",""text"":""연관 심리테스트""},{""level"":""h2"",""text"":""심리테스트 다음, 최애운명 포토카드 스테이지""},{""level"":""h2"",""text"":""핵심 운세""},{""level"":""h2"",""text"":""타로 리딩""},{""level"":""h2"",""text"":""신탁 & 특화""},{""level"":""h2"",""text"":""추천 가이드""},{""level"":""h2"",""text"":""디지털 운세 서비스 환불 안내""},{""level"":""h2"",""text"":""면책 고지""},{""level"":""h2"",""text"":""사업자 정보""}]","293","0","true","false","미확인","미확인","미확인","ko","false","C","true","[]","verify existing disposition","미확인","미확인","미확인","미확인"
"https://code-destiny.com/psychotest/hsp/","200","200","false","https://code-destiny.com/psychotest/hsp/","HSP 예민도 테스트 | 힐링 무료 심리테스트","[{""level"":""h1"",""text"":""HSP 예민도 테스트""},{""level"":""h2"",""text"":""이 테스트에서 보는 핵심 포인트""},{""level"":""h2"",""text"":""연관 심리테스트""},{""level"":""h2"",""text"":""심리테스트 다음, 최애운명 포토카드 스테이지""},{""level"":""h2"",""text"":""핵심 운세""},{""level"":""h2"",""text"":""타로 리딩""},{""level"":""h2"",""text"":""신탁 & 특화""},{""level"":""h2"",""text"":""추천 가이드""},{""level"":""h2"",""text"":""디지털 운세 서비스 환불 안내""},{""level"":""h2"",""text"":""면책 고지""},{""level"":""h2"",""text"":""사업자 정보""}]","298","0","true","false","미확인","미확인","미확인","ko","false","C","true","[]","verify existing disposition","미확인","미확인","미확인","미확인"
"https://code-destiny.com/psychotest/mental/","200","200","false","https://code-destiny.com/psychotest/mental/","정신연령 테스트 | 연령 무료 심리테스트","[{""level"":""h1"",""text"":""정신연령 테스트""},{""level"":""h2"",""text"":""이 테스트에서 보는 핵심 포인트""},{""level"":""h2"",""text"":""연관 심리테스트""},{""level"":""h2"",""text"":""심리테스트 다음, 최애운명 포토카드 스테이지""},{""level"":""h2"",""text"":""핵심 운세""},{""level"":""h2"",""text"":""타로 리딩""},{""level"":""h2"",""text"":""신탁 & 특화""},{""level"":""h2"",""text"":""추천 가이드""},{""level"":""h2"",""text"":""디지털 운세 서비스 환불 안내""},{""level"":""h2"",""text"":""면책 고지""},{""level"":""h2"",""text"":""사업자 정보""}]","293","0","true","false","미확인","미확인","미확인","ko","false","C","true","[]","verify existing disposition","미확인","미확인","미확인","미확인"
"https://code-destiny.com/psychotest/narcissist/","200","200","false","https://code-destiny.com/psychotest/narcissist/","나르시시스트 테스트 | 성격 무료 심리테스트","[{""level"":""h1"",""text"":""나르시시스트 테스트""},{""level"":""h2"",""text"":""이 테스트에서 보는 핵심 포인트""},{""level"":""h2"",""text"":""연관 심리테스트""},{""level"":""h2"",""text"":""심리테스트 다음, 최애운명 포토카드 스테이지""},{""level"":""h2"",""text"":""핵심 운세""},{""level"":""h2"",""text"":""타로 리딩""},{""level"":""h2"",""text"":""신탁 & 특화""},{""level"":""h2"",""text"":""추천 가이드""},{""level"":""h2"",""text"":""디지털 운세 서비스 환불 안내""},{""level"":""h2"",""text"":""면책 고지""},{""level"":""h2"",""text"":""사업자 정보""}]","302","0","true","false","미확인","미확인","미확인","ko","false","C","true","[]","verify existing disposition","미확인","미확인","미확인","미확인"
"https://code-destiny.com/psychotest/office/","200","200","false","https://code-destiny.com/psychotest/office/","K-직장인 생존 테스트 | 직장 무료 심리테스트","[{""level"":""h1"",""text"":""K-직장인 생존 테스트""},{""level"":""h2"",""text"":""이 테스트에서 보는 핵심 포인트""},{""level"":""h2"",""text"":""연관 심리테스트""},{""level"":""h2"",""text"":""심리테스트 다음, 최애운명 포토카드 스테이지""},{""level"":""h2"",""text"":""핵심 운세""},{""level"":""h2"",""text"":""타로 리딩""},{""level"":""h2"",""text"":""신탁 & 특화""},{""level"":""h2"",""text"":""추천 가이드""},{""level"":""h2"",""text"":""디지털 운세 서비스 환불 안내""},{""level"":""h2"",""text"":""면책 고지""},{""level"":""h2"",""text"":""사업자 정보""}]","302","0","true","false","미확인","미확인","미확인","ko","false","C","true","[]","verify existing disposition","미확인","미확인","미확인","미확인"
"https://code-destiny.com/psychotest/persona/","200","200","false","https://code-destiny.com/psychotest/persona/","페르소나 지수 테스트 | 성격 무료 심리테스트","[{""level"":""h1"",""text"":""페르소나 지수 테스트""},{""level"":""h2"",""text"":""이 테스트에서 보는 핵심 포인트""},{""level"":""h2"",""text"":""연관 심리테스트""},{""level"":""h2"",""text"":""심리테스트 다음, 최애운명 포토카드 스테이지""},{""level"":""h2"",""text"":""핵심 운세""},{""level"":""h2"",""text"":""타로 리딩""},{""level"":""h2"",""text"":""신탁 & 특화""},{""level"":""h2"",""text"":""추천 가이드""},{""level"":""h2"",""text"":""디지털 운세 서비스 환불 안내""},{""level"":""h2"",""text"":""면책 고지""},{""level"":""h2"",""text"":""사업자 정보""}]","296","0","true","false","미확인","미확인","미확인","ko","false","C","true","[]","verify existing disposition","미확인","미확인","미확인","미확인"
"https://code-destiny.com/psychotest/psycho/","200","200","false","https://code-destiny.com/psychotest/psycho/","사이코패스 성향 테스트 | 성격 무료 심리테스트","[{""level"":""h1"",""text"":""사이코패스 성향 테스트""},{""level"":""h2"",""text"":""이 테스트에서 보는 핵심 포인트""},{""level"":""h2"",""text"":""연관 심리테스트""},{""level"":""h2"",""text"":""심리테스트 다음, 최애운명 포토카드 스테이지""},{""level"":""h2"",""text"":""핵심 운세""},{""level"":""h2"",""text"":""타로 리딩""},{""level"":""h2"",""text"":""신탁 & 특화""},{""level"":""h2"",""text"":""추천 가이드""},{""level"":""h2"",""text"":""디지털 운세 서비스 환불 안내""},{""level"":""h2"",""text"":""면책 고지""},{""level"":""h2"",""text"":""사업자 정보""}]","307","0","true","false","미확인","미확인","미확인","ko","false","C","true","[]","verify existing disposition","미확인","미확인","미확인","미확인"
"https://code-destiny.com/psychotest/romance/","200","200","false","https://code-destiny.com/psychotest/romance/","연애 추구미 테스트 | 미학 무료 심리테스트","[{""level"":""h1"",""text"":""연애 추구미 테스트""},{""level"":""h2"",""text"":""이 테스트에서 보는 핵심 포인트""},{""level"":""h2"",""text"":""연관 심리테스트""},{""level"":""h2"",""text"":""심리테스트 다음, 최애운명 포토카드 스테이지""},{""level"":""h2"",""text"":""핵심 운세""},{""level"":""h2"",""text"":""타로 리딩""},{""level"":""h2"",""text"":""신탁 & 특화""},{""level"":""h2"",""text"":""추천 가이드""},{""level"":""h2"",""text"":""디지털 운세 서비스 환불 안내""},{""level"":""h2"",""text"":""면책 고지""},{""level"":""h2"",""text"":""사업자 정보""}]","294","0","true","false","미확인","미확인","미확인","ko","false","C","true","[]","verify existing disposition","미확인","미확인","미확인","미확인"
"https://code-destiny.com/psychotest/seven/","200","200","false","https://code-destiny.com/psychotest/seven/","연애 매력 지수 테스트 | 연애 무료 심리테스트","[{""level"":""h1"",""text"":""연애 매력 지수 테스트""},{""level"":""h2"",""text"":""이 테스트에서 보는 핵심 포인트""},{""level"":""h2"",""text"":""연관 심리테스트""},{""level"":""h2"",""text"":""심리테스트 다음, 최애운명 포토카드 스테이지""},{""level"":""h2"",""text"":""핵심 운세""},{""level"":""h2"",""text"":""타로 리딩""},{""level"":""h2"",""text"":""신탁 & 특화""},{""level"":""h2"",""text"":""추천 가이드""},{""level"":""h2"",""text"":""디지털 운세 서비스 환불 안내""},{""level"":""h2"",""text"":""면책 고지""},{""level"":""h2"",""text"":""사업자 정보""}]","298","0","true","false","미확인","미확인","미확인","ko","false","C","true","[]","verify existing disposition","미확인","미확인","미확인","미확인"
"https://code-destiny.com/psychotest/tci/","200","200","false","https://code-destiny.com/psychotest/tci/","TCI 기질 계획 테스트 | 성격 무료 심리테스트","[{""level"":""h1"",""text"":""TCI 기질 계획 테스트""},{""level"":""h2"",""text"":""이 테스트에서 보는 핵심 포인트""},{""level"":""h2"",""text"":""연관 심리테스트""},{""level"":""h2"",""text"":""심리테스트 다음, 최애운명 포토카드 스테이지""},{""level"":""h2"",""text"":""핵심 운세""},{""level"":""h2"",""text"":""타로 리딩""},{""level"":""h2"",""text"":""신탁 & 특화""},{""level"":""h2"",""text"":""추천 가이드""},{""level"":""h2"",""text"":""디지털 운세 서비스 환불 안내""},{""level"":""h2"",""text"":""면책 고지""},{""level"":""h2"",""text"":""사업자 정보""}]","299","0","true","false","미확인","미확인","미확인","ko","false","C","true","[]","verify existing disposition","미확인","미확인","미확인","미확인"
"https://code-destiny.com/psychotest/thriller/","200","200","false","https://code-destiny.com/psychotest/thriller/","스릴러 몰입 캐릭터 테스트 | 재미 무료 심리테스트","[{""level"":""h1"",""text"":""스릴러 몰입 캐릭터 테스트""},{""level"":""h2"",""text"":""이 테스트에서 보는 핵심 포인트""},{""level"":""h2"",""text"":""연관 심리테스트""},{""level"":""h2"",""text"":""심리테스트 다음, 최애운명 포토카드 스테이지""},{""level"":""h2"",""text"":""핵심 운세""},{""level"":""h2"",""text"":""타로 리딩""},{""level"":""h2"",""text"":""신탁 & 특화""},{""level"":""h2"",""text"":""추천 가이드""},{""level"":""h2"",""text"":""디지털 운세 서비스 환불 안내""},{""level"":""h2"",""text"":""면책 고지""},{""level"":""h2"",""text"":""사업자 정보""}]","299","0","true","false","미확인","미확인","미확인","ko","false","C","true","[]","verify existing disposition","미확인","미확인","미확인","미확인"
"https://code-destiny.com/psychotest/ttest/","200","200","false","https://code-destiny.com/psychotest/ttest/","T 성향 검증 테스트 | 재미 무료 심리테스트","[{""level"":""h1"",""text"":""T 성향 검증 테스트""},{""level"":""h2"",""text"":""이 테스트에서 보는 핵심 포인트""},{""level"":""h2"",""text"":""연관 심리테스트""},{""level"":""h2"",""text"":""심리테스트 다음, 최애운명 포토카드 스테이지""},{""level"":""h2"",""text"":""핵심 운세""},{""level"":""h2"",""text"":""타로 리딩""},{""level"":""h2"",""text"":""신탁 & 특화""},{""level"":""h2"",""text"":""추천 가이드""},{""level"":""h2"",""text"":""디지털 운세 서비스 환불 안내""},{""level"":""h2"",""text"":""면책 고지""},{""level"":""h2"",""text"":""사업자 정보""}]","306","0","true","false","미확인","미확인","미확인","ko","false","C","true","[]","verify existing disposition","미확인","미확인","미확인","미확인"
"https://code-destiny.com/refund-policy","308","200","true","https://code-destiny.com/refund-policy/","환불 및 청약철회 정책 | Refund Policy — Code Destiny","[{""level"":""h1"",""text"":""환불 및 청약철회 정책""},{""level"":""h2"",""text"":""12. 환불 및 청약철회 안내 / Refund and Withdrawal Guide""}]","1784","1784","false","false","미확인","미확인","미확인","ko","false","D","true","[]","verify existing disposition","미확인","미확인","미확인","미확인"
"https://code-destiny.com/refund-policy/","200","200","true","https://code-destiny.com/refund-policy/","환불 및 청약철회 정책 | Refund Policy — Code Destiny","[{""level"":""h1"",""text"":""환불 및 청약철회 정책""},{""level"":""h2"",""text"":""12. 환불 및 청약철회 안내 / Refund and Withdrawal Guide""}]","1784","1784","false","false","미확인","미확인","미확인","ko","true","B","false","[]","retain pending evidence review; no automatic deletion","미확인","미확인","미확인","미확인"
"https://code-destiny.com/reviews/","200","200","false","https://code-destiny.com/reviews/","실시간 사용자 리뷰 | 구매 인증 후기 모음 — Code Destiny","[{""level"":""h2"",""text"":""실시간 사용자 리뷰""},{""level"":""h1"",""text"":""실시간 사용자 리뷰 — 구매 인증 후기 모음""},{""level"":""h2"",""text"":""후기 작성 자격은 이렇게 확인합니다""},{""level"":""h2"",""text"":""후기가 공개되기까지""},{""level"":""h2"",""text"":""평점을 읽는 법""},{""level"":""h2"",""text"":""자주 묻는 질문""},{""level"":""h3"",""text"":""리뷰는 누구나 쓸 수 있나요?""},{""level"":""h3"",""text"":""'구매 인증' 배지는 무슨 뜻인가요?""},{""level"":""h3"",""text"":""리뷰를 쓰면 바로 올라가나요?""},{""level"":""h3"",""text"":""평균 평점은 어떻게 계산되나요?""},{""level"":""h3"",""text"":""한 상품에 후기를 여러 번 쓸 수 있나요?""},{""level"":""h3"",""text"":""작성한 후기를 삭제할 수 있나요?""},{""level"":""h2"",""text"":""이어서 볼 만한 운세""}]","2290","0","true","false","미확인","미확인","미확인","ko","false","C","true","[]","verify existing disposition","미확인","미확인","미확인","미확인"
"https://code-destiny.com/robots.txt","미확인","200","미확인","미확인","미확인","미확인","미확인","미확인","미확인","미확인","미확인","미확인","미확인","미확인","미확인","미확인","미확인","미확인","미확인","미확인","미확인","미확인","미확인"
"https://code-destiny.com/saju-fpti/","200","200","true","https://code-destiny.com/saju-fpti/","사주 FPTI 테스트 | 코드 데스티니","[{""level"":""h1"",""text"":""사주 FPTI 테스트""},{""level"":""h2"",""text"":""사주 FPTI — 오행과 십성으로 읽는 네 개의 성향 축""},{""level"":""h3"",""text"":""네 개의 축이 각각 무엇을 보는가""},{""level"":""h3"",""text"":""결과를 읽는 법""},{""level"":""h3"",""text"":""계산에 실제로 쓰이는 것""},{""level"":""h3"",""text"":""자주 묻는 것""},{""level"":""h2"",""text"":""이어서 볼 만한 운세""}]","1991","0","true","false","미확인","미확인","미확인","ko","true","B","false","[]","retain pending evidence review; no automatic deletion","미확인","미확인","미확인","미확인"
"https://code-destiny.com/saju-guardian/","200","200","true","https://code-destiny.com/saju-guardian/","Saju Guardian — 사주 가디언 소환진 | 꿀꿀 운세","[{""level"":""h1"",""text"":""사주 가디언 소환진""},{""level"":""h2"",""text"":""사주 가디언 소환진 — 일주·월지·시지로 여는 수호 인장""},{""level"":""h3"",""text"":""세 좌표가 각각 맡는 자리""},{""level"":""h3"",""text"":""오행 다섯 가지가 수호로 번역되는 방식""},{""level"":""h3"",""text"":""열두 월지가 인장에 실어 주는 배경""},{""level"":""h3"",""text"":""리딩이 닫히는 자리""},{""level"":""h2"",""text"":""이어서 볼 만한 운세""}]","2119","0","true","false","미확인","미확인","미확인","ko","true","B","false","[]","retain pending evidence review; no automatic deletion","미확인","미확인","미확인","미확인"
"https://code-destiny.com/saju/","200","200","true","https://code-destiny.com/saju/","무료 사주 풀이 | 사주팔자 오행·십성·대운 보는 곳","[{""level"":""h1"",""text"":""무료 사주 풀이 — 사주팔자 오행·십성·대운""},{""level"":""h2"",""text"":""사용 방법""},{""level"":""h2"",""text"":""제공 결과""},{""level"":""h2"",""text"":""명식을 세우는 기준 — 절기와 시간""},{""level"":""h2"",""text"":""오행의 균형과 신강·신약 — 용신을 잡는 순서""},{""level"":""h2"",""text"":""십성으로 주제를 나누는 법 — 재물·관계·일""},{""level"":""h2"",""text"":""주의와 면책""},{""level"":""h2"",""text"":""관련 기능""},{""level"":""h2"",""text"":""자주 묻는 질문""},{""level"":""h2"",""text"":""핵심 운세""},{""level"":""h2"",""text"":""타로 리딩""},{""level"":""h2"",""text"":""신탁 & 특화""},{""level"":""h2"",""text"":""추천 가이드""},{""level"":""h2"",""text"":""디지털 운세 서비스 환불 안내""},{""level"":""h2"",""text"":""면책 고지""},{""level"":""h2"",""text"":""사업자 정보""}]","2758","0","true","false","미확인","미확인","미확인","ko","true","B","false","[]","retain pending evidence review; no automatic deletion","미확인","미확인","미확인","미확인"
"https://code-destiny.com/saju/animal-destiny/","200","200","true","https://code-destiny.com/saju/animal-destiny/","십이운성 동물점 무료 | 내 운명의 동물 보는 곳 — 동물 도감","[{""level"":""h1"",""text"":""운명의 동물 도감""},{""level"":""h2"",""text"":""Saju Animal Oracle""},{""level"":""h2"",""text"":""나의 십이운성 동물은?""},{""level"":""h2"",""text"":""운성 탐색 정보 입력""}]","1853","0","true","false","미확인","미확인","미확인","ko","true","B","false","[]","retain pending evidence review; no automatic deletion","미확인","미확인","미확인","미확인"
"https://code-destiny.com/saju/basic/","200","200","true","https://code-destiny.com/saju/basic/","사주 만세력 기본 해석 | 오행·십성·명식 분석","[{""level"":""h1"",""text"":""사주 만세력 기본 해석""},{""level"":""h2"",""text"":""핵심 포인트""},{""level"":""h2"",""text"":""사주 기본 해석을 읽는 순서""},{""level"":""h3"",""text"":""1. 명식의 네 기둥을 먼저 확인합니다""},{""level"":""h3"",""text"":""2. 오행 균형을 단순한 많고 적음으로 보지 않습니다""},{""level"":""h3"",""text"":""3. 십성은 성격표가 아니라 역할 언어입니다""},{""level"":""h3"",""text"":""4. 명식은 여덟 글자로 이루어집니다""},{""level"":""h3"",""text"":""5. 열 가지 십성이 각각 다루는 영역""},{""level"":""h3"",""text"":""6. 오행 다섯 가지를 읽는 기준""},{""level"":""h3"",""text"":""7. 기본 해석을 어디까지 믿을 것인가""},{""level"":""h2"",""text"":""핵심 운세""},{""level"":""h2"",""text"":""타로 리딩""},{""level"":""h2"",""text"":""신탁 & 특화""},{""level"":""h2"",""text"":""추천 가이드""},{""level"":""h2"",""text"":""디지털 운세 서비스 환불 안내""},{""level"":""h2"",""text"":""면책 고지""},{""level"":""h2"",""text"":""사업자 정보""}]","1347","0","true","false","미확인","미확인","미확인","ko","true","B","false","[]","retain pending evidence review; no automatic deletion","미확인","미확인","미확인","미확인"
"https://code-destiny.com/saju/basic/play/","200","200","false","","사주 만세력 기본 해석 - 오행·십성·명식 분석 | Code Destiny","[]","0","0","false","false","미확인","미확인","미확인","ko","false","C","true","[]","verify existing disposition","미확인","미확인","미확인","미확인"
"https://code-destiny.com/saju/compatibility/","200","200","true","https://code-destiny.com/saju/compatibility/","사주 궁합 무료 | 일간·오행·십성으로 보는 생년월일 궁합","[{""level"":""h1"",""text"":""사주 궁합 — 일간·오행·십성으로""},{""level"":""h2"",""text"":""사용 방법""},{""level"":""h2"",""text"":""제공 결과""},{""level"":""h2"",""text"":""주의와 면책""},{""level"":""h2"",""text"":""관련 기능""},{""level"":""h2"",""text"":""자주 묻는 질문""},{""level"":""h2"",""text"":""핵심 운세""},{""level"":""h2"",""text"":""타로 리딩""},{""level"":""h2"",""text"":""신탁 & 특화""},{""level"":""h2"",""text"":""추천 가이드""},{""level"":""h2"",""text"":""디지털 운세 서비스 환불 안내""},{""level"":""h2"",""text"":""면책 고지""},{""level"":""h2"",""text"":""사업자 정보""}]","1559","0","true","false","미확인","미확인","미확인","ko","true","B","false","[]","retain pending evidence review; no automatic deletion","미확인","미확인","미확인","미확인"
"https://code-destiny.com/saju/destiny-bias/","200","200","true","https://code-destiny.com/saju/destiny-bias/","최애운명 - 사주 기반 덕질 운명 분석 | Code Destiny","[{""level"":""h1"",""text"":""최애운명 라이브 스테이지""},{""level"":""h2"",""text"":""최애 사진 한 장이면, 소장용 포토카드가 됩니다""},{""level"":""h2"",""text"":""최애운명 — 나와 최애의 기운을 네 축으로 갈라 보는 분석""},{""level"":""h3"",""text"":""네 개의 축과 종합 점수의 비중""},{""level"":""h3"",""text"":""에너지 타입과 연결 키워드가 나오는 방식""},{""level"":""h3"",""text"":""점수를 읽는 법""},{""level"":""h3"",""text"":""자주 묻는 질문""},{""level"":""h2"",""text"":""이어서 볼 만한 운세""}]","1875","0","true","false","미확인","미확인","미확인","ko","true","B","false","[]","retain pending evidence review; no automatic deletion","미확인","미확인","미확인","미확인"
"https://code-destiny.com/saju/destiny-meeting-place/","200","200","true","https://code-destiny.com/saju/destiny-meeting-place/","사주로 보는 인연의 장소 | Code Destiny","[{""level"":""h1"",""text"":""사주로 보는 인연의 장소""},{""level"":""h2"",""text"":""사주로 보는 인연의 장소""},{""level"":""h2"",""text"":""운명의 만남이 시작될 좌표를 별빛 지도처럼 찾아드립니다""},{""level"":""h2"",""text"":""이어서 볼 만한 운세""}]","2076","0","true","false","미확인","미확인","미확인","ko","true","B","false","[]","retain pending evidence review; no automatic deletion","미확인","미확인","미확인","미확인"
"https://code-destiny.com/saju/five-elements/","200","200","true","https://code-destiny.com/saju/five-elements/","오행과 균형 가이드 | Code Destiny","[{""level"":""h1"",""text"":""오행과 균형 가이드""},{""level"":""h2"",""text"":""오행이 살피는 것""},{""level"":""h2"",""text"":""필요한 입력값""},{""level"":""h2"",""text"":""어떤 때 참고하면 좋은가""},{""level"":""h2"",""text"":""무료와 유료 범위""},{""level"":""h2"",""text"":""해석 흐름""},{""level"":""h2"",""text"":""결과에서 확인할 수 있는 항목""},{""level"":""h2"",""text"":""짧은 예시 리딩""},{""level"":""h2"",""text"":""해석 시 주의할 점""},{""level"":""h2"",""text"":""부족한 오행이 있으면 반드시 보충해야 하나요?""},{""level"":""h2"",""text"":""오행으로 건강 상태를 알 수 있나요?""},{""level"":""h2"",""text"":""강한 오행은 항상 장점인가요?""},{""level"":""h2"",""text"":""내 오행은 어느 쪽으로 기울어 있을까요""},{""level"":""h2"",""text"":""핵심 운세""},{""level"":""h2"",""text"":""타로 리딩""},{""level"":""h2"",""text"":""신탁 & 특화""},{""level"":""h2"",""text"":""추천 가이드""},{""level"":""h2"",""text"":""디지털 운세 서비스 환불 안내""},{""level"":""h2"",""text"":""면책 고지""},{""level"":""h2"",""text"":""사업자 정보""}]","1399","0","true","false","미확인","미확인","미확인","ko","true","B","false","[]","retain pending evidence review; no automatic deletion","미확인","미확인","미확인","미확인"
"https://code-destiny.com/saju/guide/","200","200","true","https://code-destiny.com/saju/guide/","사주 명리학 기본 가이드 | Code Destiny","[{""level"":""h1"",""text"":""사주 명리학 기본 가이드""},{""level"":""h2"",""text"":""사주가 살피는 것""},{""level"":""h2"",""text"":""필요한 입력값""},{""level"":""h2"",""text"":""어떤 때 참고하면 좋은가""},{""level"":""h2"",""text"":""무료와 유료 범위""},{""level"":""h2"",""text"":""해석 흐름""},{""level"":""h2"",""text"":""결과에서 확인할 수 있는 항목""},{""level"":""h2"",""text"":""짧은 예시 리딩""},{""level"":""h2"",""text"":""해석 시 주의할 점""},{""level"":""h2"",""text"":""FAQ""},{""level"":""h2"",""text"":""출생시간을 모르면 사주를 볼 수 없나요?""},{""level"":""h2"",""text"":""오행이 부족하면 반드시 나쁜가요?""},{""level"":""h2"",""text"":""사주 결과를 중요한 결정의 기준으로 삼아도 되나요?""},{""level"":""h2"",""text"":""읽었다면, 내 명식으로 확인해 보세요""},{""level"":""h2"",""text"":""핵심 운세""},{""level"":""h2"",""text"":""타로 리딩""},{""level"":""h2"",""text"":""신탁 & 특화""},{""level"":""h2"",""text"":""추천 가이드""},{""level"":""h2"",""text"":""디지털 운세 서비스 환불 안내""},{""level"":""h2"",""text"":""면책 고지""},{""level"":""h2"",""text"":""사업자 정보""}]","1524","0","true","true","{""@type"":""Person"",""@id"":""https://code-destiny.com/#author"",""name"":""박병하"",""jobTitle"":""명리학자"",""description"":""10년 경력의 명리학자. Code Destiny 가 공개하는 사주·운세 콘텐츠의 최종 검수 책임자입니다."",""knowsAbout"":[""사주"",""명리학"",""만세력"",""자미두수"",""숙요점""],""url"":""https://code-destiny.com/about"",""worksFor"":{""@type"":""Organization"",""@id"":""https://code-destiny.com/#organization"",""name"":""CODE DESTINY""}}","2026-06-21","2026-09-06","ko","true","B","false","[""editorial-review-required""]","retain pending evidence review; no automatic deletion","미확인","미확인","미확인","미확인"
"https://code-destiny.com/saju/love-simulation/","200","200","true","https://code-destiny.com/saju/love-simulation/","LOVE CODE - 사주 연애 시뮬레이션 | Code Destiny","[{""level"":""h1"",""text"":""LOVE CODE — 사주 일간으로 만든 인물과 걸어 보는 연애 시뮬레이션""},{""level"":""h2"",""text"":""선택이 움직이는 다섯 가지 수치""},{""level"":""h2"",""text"":""열여섯 명의 인물과 그 일간""},{""level"":""h2"",""text"":""걷게 되는 열한 개의 장면""},{""level"":""h2"",""text"":""이 시뮬레이션을 읽는 법""},{""level"":""h2"",""text"":""이어서 볼 만한 운세""}]","1963","0","true","false","미확인","미확인","미확인","ko","true","B","false","[]","retain pending evidence review; no automatic deletion","미확인","미확인","미확인","미확인"
"https://code-destiny.com/saju/sibyl/","200","200","true","https://code-destiny.com/saju/sibyl/","시빌라 시스템 — 사주 진로 적성·운명 위험 계수","[{""level"":""h1"",""text"":""⚡ 시빌라 시스템 — 사주팔자 진로 적성 분석""},{""level"":""h2"",""text"":""핵심 포인트""},{""level"":""h2"",""text"":""시빌라 시스템이 계산하는 것""},{""level"":""h3"",""text"":""십성에서 적성 섹터를 배정합니다""},{""level"":""h3"",""text"":""여섯 개의 적성 섹터""},{""level"":""h3"",""text"":""데스티니 휴 — 오행을 색으로 환산합니다""},{""level"":""h3"",""text"":""위험 계수는 경고가 아니라 편중 지표입니다""},{""level"":""h3"",""text"":""결과가 매번 같은 이유""},{""level"":""h3"",""text"":""어떻게 읽는 것이 도움이 되나""},{""level"":""h3"",""text"":""기본 진단은 무료, 도미네이터 심층 리포트는 10,000원""},{""level"":""h2"",""text"":""핵심 운세""},{""level"":""h2"",""text"":""타로 리딩""},{""level"":""h2"",""text"":""신탁 & 특화""},{""level"":""h2"",""text"":""추천 가이드""},{""level"":""h2"",""text"":""디지털 운세 서비스 환불 안내""},{""level"":""h2"",""text"":""면책 고지""},{""level"":""h2"",""text"":""사업자 정보""}]","1390","0","true","false","미확인","미확인","미확인","ko","true","B","false","[]","retain pending evidence review; no automatic deletion","미확인","미확인","미확인","미확인"
"https://code-destiny.com/saju/ten-gods/","200","200","true","https://code-destiny.com/saju/ten-gods/","십성 해석 가이드 | Code Destiny","[{""level"":""h1"",""text"":""십성 해석 가이드""},{""level"":""h2"",""text"":""십성이 살피는 것""},{""level"":""h2"",""text"":""필요한 입력값""},{""level"":""h2"",""text"":""어떤 때 참고하면 좋은가""},{""level"":""h2"",""text"":""무료와 유료 범위""},{""level"":""h2"",""text"":""해석 흐름""},{""level"":""h2"",""text"":""결과에서 확인할 수 있는 항목""},{""level"":""h2"",""text"":""짧은 예시 리딩""},{""level"":""h2"",""text"":""해석 시 주의할 점""},{""level"":""h2"",""text"":""십성이 많으면 늘 좋은가요?""},{""level"":""h2"",""text"":""재성이 강하면 돈을 많이 버나요?""},{""level"":""h2"",""text"":""관성이 약하면 직업운이 나쁜가요?""},{""level"":""h2"",""text"":""내 사주에서 십신이 어떻게 놓였는지 보세요""},{""level"":""h2"",""text"":""핵심 운세""},{""level"":""h2"",""text"":""타로 리딩""},{""level"":""h2"",""text"":""신탁 & 특화""},{""level"":""h2"",""text"":""추천 가이드""},{""level"":""h2"",""text"":""디지털 운세 서비스 환불 안내""},{""level"":""h2"",""text"":""면책 고지""},{""level"":""h2"",""text"":""사업자 정보""}]","1411","0","true","false","미확인","미확인","미확인","ko","true","B","false","[]","retain pending evidence review; no automatic deletion","미확인","미확인","미확인","미확인"
"https://code-destiny.com/signup/","200","200","false","https://code-destiny.com/signup/","회원가입","[]","0","0","false","false","미확인","미확인","미확인","ko","false","C","true","[]","verify existing disposition","미확인","미확인","미확인","미확인"
"https://code-destiny.com/static/","200","200","false","","무료 사주·타로·궁합·자미두수 운세 | 꿀꿀운세 CODE DESTINY","[{""level"":""h2"",""text"":""🌸 운명의 꽃 아틀리에""},{""level"":""h3"",""text"":""연꽃""},{""level"":""h2"",""text"":""다시 내 편에 서는 타로""},{""level"":""h3"",""text"":""5카드 스프레드 · 흔들린 마음에서 나의 기준으로""},{""level"":""h2"",""text"":""✨ 다시 세워지는 나의 기준""},{""level"":""h2"",""text"":""달빛처럼 조용한 쿠키 안내""},{""level"":""h1"",""text"":""오늘의 운세부터 여섯 체계를 함께 읽는 초융합운세까지""},{""level"":""h2"",""text"":""무료로 바로 시작하기""},{""level"":""h2"",""text"":""전체 서비스 검색""},{""level"":""h2"",""text"":""필요한 서비스를 찾아보세요""},{""level"":""h2"",""text"":""오늘의 운세""},{""level"":""h2"",""text"":""운기·기일 다이어리와 나의 운세 플래너""},{""level"":""h2"",""text"":""지금 가장 궁금한 건 무엇인가요?""},{""level"":""h2"",""text"":""오늘의 한마디부터 여섯 체계의 깊은 리딩까지""},{""level"":""h2"",""text"":""대표 운명 상담""},{""level"":""h2"",""text"":""CODE DESTINY 전문가의 특별한 경험""},{""level"":""h2"",""text"":""카카오 공유 이벤트""},{""level"":""h3"",""text"":""5,000원 리딩 두 번이면, 9,900원 이용권이 더 쌉니다""},{""level"":""h2"",""text"":""더 둘러보기""},{""level"":""h2"",""text"":""이용자 후기""},{""level"":""h2"",""text"":""무료 사주 풀이부터 자미두수·숙요점·베다점까지, 이렇게 읽습니다""},{""level"":""h3"",""text"":""사주팔자·만세력""},{""level"":""h3"",""text"":""타로 리딩""},{""level"":""h3"",""text"":""자미두수""},{""level"":""h3"",""text"":""점성술 (서양·베다점)""},{""level"":""h3"",""text"":""숙요점""},{""level"":""h3"",""text"":""궁합""},{""level"":""h2"",""text"":""종합 운세의 꽃문 열기""},{""level"":""h2"",""text"":""왜 Code Destiny인가""},{""level"":""h2"",""text"":""더 많은 운세가 궁금하다면""},{""level"":""h2"",""text"":""당신에게 맞는 운세를 선택하세요""},{""level"":""h2"",""text"":""서비스를 함께 만들어 주세요.""},{""level"":""h3"",""text"":""관상 & 심볼 컬렉션""},{""level"":""h2"",""text"":""명상 컬렉션""},{""level"":""h2"",""text"":""타로 리딩 컬렉션""},{""level"":""h3"",""text"":""신탁 & 점술 컬렉션""},{""level"":""h3"",""text"":""코즈믹 & 별자리 컬렉션""},{""level"":""h3"",""text"":""운명의 꽃 & 해몽 컬렉션""},{""level"":""h3"",""text"":""VVIP 운명 서고""},{""level"":""h3"",""text"":""기타 점술 컬렉션""},{""level"":""h2"",""text"":""자주 찾는 운세는 문라이트 패스로 더 편안하게 이어가요""},{""level"":""h2"",""text"":""무의식의 마법 상점: 드림 타로""},{""level"":""h3"",""text"":""드림 타로""},{""level"":""h2"",""text"":""정신분석 해몽 보고서""},{""level"":""h2"",""text"":""거북점 — 천기(天機) 신탁""},{""level"":""h3"",""text"":""나의 운명 카드 필요""},{""level"":""h3"",""text"":""출생 정보 필요""},{""level"":""h3"",""text"":""✨ 서양 점성술 기본 출생차트""},{""level"":""h3"",""text"":""나의 운명 카드 필요""},{""level"":""h2"",""text"":""우리는 무슨 사이?""},{""level"":""h3"",""text"":""카드를 순서대로 열어 관계의 온도를 확인하세요""},{""level"":""h2"",""text"":""🌙 우리 사이의 온도와 속도""},{""level"":""h2"",""text"":""다시 닿기 전, 무엇을 지켜야 할까?""},{""level"":""h3"",""text"":""남은 온기에서 지켜야 할 기준까지, 등대의 빛을 순서대로 열어보세요""},{""level"":""h2"",""text"":""🌌 관계 회복 등대 리딩""},{""level"":""h2"",""text"":""한 해의 결을 여는 12장의 카드""},{""level"":""h3"",""text"":""열두 달의 카드를 여는 중입니다""},{""level"":""h2"",""text"":""십이지신 천운 타로 · 1년의 방향서""},{""level"":""h3"",""text"":""1月 상세 운세""},{""level"":""h2"",""text"":""✨ 수호 동물의 메시지""},{""level"":""h2"",""text"":""THE ORACLE OF KEMET""},{""level"":""h3"",""text"":""𓂀 십이 주신 황금 오라클""},{""level"":""h2"",""text"":""홈 화면에 앱으로 담아 두세요""},{""level"":""h2"",""text"":""""},{""level"":""h3"",""text"":""흰빛과 검은빛의 태극이 명식의 중심을 비춥니다""},{""level"":""h3"",""text"":""오늘의 코스믹 라이프 가이드""},{""level"":""h3"",""text"":""🌸 사주 명식 (四柱命式) FREE""},{""level"":""h3"",""text"":""""},{""level"":""h2"",""text"":""운명의 큰 흐름을 읽는 심층 해석 2종 세트""},{""level"":""h3"",""text"":""대운 (大運) 분석""},{""level"":""h3"",""text"":""종합 사주 풀이""},{""level"":""h3"",""text"":""궁합 분석""},{""level"":""h3"",""text"":""🔮 대운 (大運) — 억부+조후+종격 통합 판단 PREMIUM""},{""level"":""h3"",""text"":""📖 종합 사주 풀이 PREMIUM""},{""level"":""h3"",""text"":""🔆 오늘의 운세 & 이달의 운세""},{""level"":""h3"",""text"":""💞 궁합 보기 (연애 · 사업 · 친구) PREMIUM""},{""level"":""h3"",""text"":""✨ 나와 영혼의 쌍둥이 연예인은?""},{""level"":""h3"",""text"":""📸 사주네컷 운명 필터 ON""},{""level"":""h3"",""text"":""🧠 나는 도파민 중독일까?""},{""level"":""h3"",""text"":""✦ 재미있는 사주 콘텐츠""},{""level"":""h3"",""text"":""⚡ 퀀텀 명리 전략 리포트 — 전문 v3 판정""},{""level"":""h3"",""text"":""💀 요주의 빌런 블랙리스트""},{""level"":""h3"",""text"":""🎮 사주 RPG 캐릭터 — 運命 클래스 시트""},{""level"":""h3"",""text"":""🧭 에너지 원정 리포트 — 사주 맞춤 에너지 좌표""},{""level"":""h3"",""text"":""명리 헬스 리포트""},{""level"":""h3"",""text"":""🎱 퀀텀 로또 리포트 — 수리 에너지 공명 번호""},{""level"":""h3"",""text"":""𓂀 고대 이집트 오라클 (Eye of Horus)""},{""level"":""h3"",""text"":""🧬 사주로 보는 테토 VS 에겐 테스트""},{""level"":""h3"",""text"":""The Frozen Logic — 극T 테스트""},{""level"":""h2"",""text"":""인생의 책 전문가 상담""},{""level"":""h2"",""text"":""연애 비책 전문가 상담""},{""level"":""h2"",""text"":""신년운세 전문가 상담""},{""level"":""h2"",""text"":""⚡ 시빌라 시스템""},{""level"":""h2"",""text"":""⚡ DESTINY SCANNER""},{""level"":""h3"",""text"":""💖 연이의 편지""},{""level"":""h3"",""text"":""📤 사주 결과 공유하기""},{""level"":""h2"",""text"":""ESFJ와 다른 MBTI 궁합""}]","10976","10976","false","false","미확인","미확인","미확인","ko","false","C","true","[]","verify existing disposition","미확인","미확인","미확인","미확인"
"https://code-destiny.com/stories/","200","200","true","https://code-destiny.com/stories/","연이의 운명 노벨 — 사주로 걷는 44화 판타지 | Code Destiny","[{""level"":""h1"",""text"":""연이의 운명 노벨""},{""level"":""h2"",""text"":""세계관 — 명식이 지도가 되는 곳""},{""level"":""h2"",""text"":""등장인물""},{""level"":""h2"",""text"":""7부 구성""},{""level"":""h3"",""text"":""1부 · 비겁의 섬""},{""level"":""h3"",""text"":""2부 · 식상의 섬""},{""level"":""h3"",""text"":""3부 · 재성의 섬""},{""level"":""h3"",""text"":""4부 · 인성의 도서관""},{""level"":""h3"",""text"":""5부 · 계약의 끝과 귀환""},{""level"":""h3"",""text"":""6부 · 자미두수, 별들의 궁""},{""level"":""h3"",""text"":""7부 · 숙요, 붉은 실 · 결말""},{""level"":""h2"",""text"":""전체 목차 — 44 화""},{""level"":""h2"",""text"":""창작·집필 안내""},{""level"":""h2"",""text"":""핵심 운세""},{""level"":""h2"",""text"":""타로 리딩""},{""level"":""h2"",""text"":""신탁 & 특화""},{""level"":""h2"",""text"":""추천 가이드""},{""level"":""h2"",""text"":""디지털 운세 서비스 환불 안내""},{""level"":""h2"",""text"":""면책 고지""},{""level"":""h2"",""text"":""사업자 정보""}]","4847","0","true","false","미확인","미확인","미확인","ko","true","B","false","[]","retain pending evidence review; no automatic deletion","미확인","미확인","미확인","미확인"
"https://code-destiny.com/stories/ep-01/","200","200","true","https://code-destiny.com/stories/ep-01/","EP.01 꽃돼지가 되었다 — 연이의 운명 노벨","[{""level"":""h1"",""text"":""꽃돼지가 되었다""},{""level"":""h2"",""text"":""창작·집필 안내""},{""level"":""h2"",""text"":""핵심 운세""},{""level"":""h2"",""text"":""타로 리딩""},{""level"":""h2"",""text"":""신탁 & 특화""},{""level"":""h2"",""text"":""추천 가이드""},{""level"":""h2"",""text"":""디지털 운세 서비스 환불 안내""},{""level"":""h2"",""text"":""면책 고지""},{""level"":""h2"",""text"":""사업자 정보""}]","5650","0","true","false","미확인","미확인","미확인","ko","true","B","false","[]","retain pending evidence review; no automatic deletion","미확인","미확인","미확인","미확인"
"https://code-destiny.com/stories/ep-02/","200","200","true","https://code-destiny.com/stories/ep-02/","EP.02 갈기 있는 고양이? 네오 — 연이의 운명 노벨","[{""level"":""h1"",""text"":""갈기 있는 고양이? 네오""},{""level"":""h2"",""text"":""창작·집필 안내""},{""level"":""h2"",""text"":""핵심 운세""},{""level"":""h2"",""text"":""타로 리딩""},{""level"":""h2"",""text"":""신탁 & 특화""},{""level"":""h2"",""text"":""추천 가이드""},{""level"":""h2"",""text"":""디지털 운세 서비스 환불 안내""},{""level"":""h2"",""text"":""면책 고지""},{""level"":""h2"",""text"":""사업자 정보""}]","7193","0","true","false","미확인","미확인","미확인","ko","true","B","false","[]","retain pending evidence review; no automatic deletion","미확인","미확인","미확인","미확인"
"https://code-destiny.com/stories/ep-03/","200","200","true","https://code-destiny.com/stories/ep-03/","EP.03 본체 인증 실패 — 연이의 운명 노벨","[{""level"":""h1"",""text"":""본체 인증 실패""},{""level"":""h2"",""text"":""창작·집필 안내""},{""level"":""h2"",""text"":""핵심 운세""},{""level"":""h2"",""text"":""타로 리딩""},{""level"":""h2"",""text"":""신탁 & 특화""},{""level"":""h2"",""text"":""추천 가이드""},{""level"":""h2"",""text"":""디지털 운세 서비스 환불 안내""},{""level"":""h2"",""text"":""면책 고지""},{""level"":""h2"",""text"":""사업자 정보""}]","8516","0","true","false","미확인","미확인","미확인","ko","true","B","false","[]","retain pending evidence review; no automatic deletion","미확인","미확인","미확인","미확인"
"https://code-destiny.com/stories/ep-04/","200","200","true","https://code-destiny.com/stories/ep-04/","EP.04 해수의 심연 — 연이의 운명 노벨","[{""level"":""h1"",""text"":""해수의 심연""},{""level"":""h2"",""text"":""창작·집필 안내""},{""level"":""h2"",""text"":""핵심 운세""},{""level"":""h2"",""text"":""타로 리딩""},{""level"":""h2"",""text"":""신탁 & 특화""},{""level"":""h2"",""text"":""추천 가이드""},{""level"":""h2"",""text"":""디지털 운세 서비스 환불 안내""},{""level"":""h2"",""text"":""면책 고지""},{""level"":""h2"",""text"":""사업자 정보""}]","7674","0","true","false","미확인","미확인","미확인","ko","true","B","false","[]","retain pending evidence review; no automatic deletion","미확인","미확인","미확인","미확인"
"https://code-destiny.com/stories/ep-05/","200","200","true","https://code-destiny.com/stories/ep-05/","EP.05 같은 나의 편 — 연이의 운명 노벨","[{""level"":""h1"",""text"":""같은 나의 편""},{""level"":""h2"",""text"":""창작·집필 안내""},{""level"":""h2"",""text"":""핵심 운세""},{""level"":""h2"",""text"":""타로 리딩""},{""level"":""h2"",""text"":""신탁 & 특화""},{""level"":""h2"",""text"":""추천 가이드""},{""level"":""h2"",""text"":""디지털 운세 서비스 환불 안내""},{""level"":""h2"",""text"":""면책 고지""},{""level"":""h2"",""text"":""사업자 정보""}]","7347","0","true","false","미확인","미확인","미확인","ko","true","B","false","[]","retain pending evidence review; no automatic deletion","미확인","미확인","미확인","미확인"
"https://code-destiny.com/stories/ep-06/","200","200","true","https://code-destiny.com/stories/ep-06/","EP.06 거울 너머, 나를 안다 — 연이의 운명 노벨","[{""level"":""h1"",""text"":""거울 너머, 나를 안다""},{""level"":""h2"",""text"":""창작·집필 안내""},{""level"":""h2"",""text"":""핵심 운세""},{""level"":""h2"",""text"":""타로 리딩""},{""level"":""h2"",""text"":""신탁 & 특화""},{""level"":""h2"",""text"":""추천 가이드""},{""level"":""h2"",""text"":""디지털 운세 서비스 환불 안내""},{""level"":""h2"",""text"":""면책 고지""},{""level"":""h2"",""text"":""사업자 정보""}]","6658","0","true","false","미확인","미확인","미확인","ko","true","B","false","[]","retain pending evidence review; no automatic deletion","미확인","미확인","미확인","미확인"
"https://code-destiny.com/stories/ep-07/","200","200","true","https://code-destiny.com/stories/ep-07/","EP.07 먹고 노는 섬, 식상 — 연이의 운명 노벨","[{""level"":""h1"",""text"":""먹고 노는 섬, 식상""},{""level"":""h2"",""text"":""창작·집필 안내""},{""level"":""h2"",""text"":""핵심 운세""},{""level"":""h2"",""text"":""타로 리딩""},{""level"":""h2"",""text"":""신탁 & 특화""},{""level"":""h2"",""text"":""추천 가이드""},{""level"":""h2"",""text"":""디지털 운세 서비스 환불 안내""},{""level"":""h2"",""text"":""면책 고지""},{""level"":""h2"",""text"":""사업자 정보""}]","5567","0","true","false","미확인","미확인","미확인","ko","true","B","false","[]","retain pending evidence review; no automatic deletion","미확인","미확인","미확인","미확인"
"https://code-destiny.com/stories/ep-08/","200","200","true","https://code-destiny.com/stories/ep-08/","EP.08 노바 전야제 — 연이의 운명 노벨","[{""level"":""h1"",""text"":""노바 전야제""},{""level"":""h2"",""text"":""창작·집필 안내""},{""level"":""h2"",""text"":""핵심 운세""},{""level"":""h2"",""text"":""타로 리딩""},{""level"":""h2"",""text"":""신탁 & 특화""},{""level"":""h2"",""text"":""추천 가이드""},{""level"":""h2"",""text"":""디지털 운세 서비스 환불 안내""},{""level"":""h2"",""text"":""면책 고지""},{""level"":""h2"",""text"":""사업자 정보""}]","9217","0","true","false","미확인","미확인","미확인","ko","true","B","false","[]","retain pending evidence review; no automatic deletion","미확인","미확인","미확인","미확인"
"https://code-destiny.com/stories/ep-09/","200","200","true","https://code-destiny.com/stories/ep-09/","EP.09 검은 깃털 — 연이의 운명 노벨","[{""level"":""h1"",""text"":""검은 깃털""},{""level"":""h2"",""text"":""창작·집필 안내""},{""level"":""h2"",""text"":""핵심 운세""},{""level"":""h2"",""text"":""타로 리딩""},{""level"":""h2"",""text"":""신탁 & 특화""},{""level"":""h2"",""text"":""추천 가이드""},{""level"":""h2"",""text"":""디지털 운세 서비스 환불 안내""},{""level"":""h2"",""text"":""면책 고지""},{""level"":""h2"",""text"":""사업자 정보""}]","7249","0","true","false","미확인","미확인","미확인","ko","true","B","false","[]","retain pending evidence review; no automatic deletion","미확인","미확인","미확인","미확인"
"https://code-destiny.com/stories/ep-10/","200","200","true","https://code-destiny.com/stories/ep-10/","EP.10 데뷔전 — 연이의 운명 노벨","[{""level"":""h1"",""text"":""데뷔전""},{""level"":""h2"",""text"":""창작·집필 안내""},{""level"":""h2"",""text"":""핵심 운세""},{""level"":""h2"",""text"":""타로 리딩""},{""level"":""h2"",""text"":""신탁 & 특화""},{""level"":""h2"",""text"":""추천 가이드""},{""level"":""h2"",""text"":""디지털 운세 서비스 환불 안내""},{""level"":""h2"",""text"":""면책 고지""},{""level"":""h2"",""text"":""사업자 정보""}]","8940","0","true","false","미확인","미확인","미확인","ko","true","B","false","[]","retain pending evidence review; no automatic deletion","미확인","미확인","미확인","미확인"
"https://code-destiny.com/stories/ep-11/","200","200","true","https://code-destiny.com/stories/ep-11/","EP.11 재능을 먹는 그림자 — 연이의 운명 노벨","[{""level"":""h1"",""text"":""재능을 먹는 그림자""},{""level"":""h2"",""text"":""창작·집필 안내""},{""level"":""h2"",""text"":""핵심 운세""},{""level"":""h2"",""text"":""타로 리딩""},{""level"":""h2"",""text"":""신탁 & 특화""},{""level"":""h2"",""text"":""추천 가이드""},{""level"":""h2"",""text"":""디지털 운세 서비스 환불 안내""},{""level"":""h2"",""text"":""면책 고지""},{""level"":""h2"",""text"":""사업자 정보""}]","8634","0","true","false","미확인","미확인","미확인","ko","true","B","false","[]","retain pending evidence review; no automatic deletion","미확인","미확인","미확인","미확인"
"https://code-destiny.com/stories/ep-12/","200","200","true","https://code-destiny.com/stories/ep-12/","EP.12 첫 줄의 무대 — 연이의 운명 노벨","[{""level"":""h1"",""text"":""첫 줄의 무대""},{""level"":""h2"",""text"":""창작·집필 안내""},{""level"":""h2"",""text"":""핵심 운세""},{""level"":""h2"",""text"":""타로 리딩""},{""level"":""h2"",""text"":""신탁 & 특화""},{""level"":""h2"",""text"":""추천 가이드""},{""level"":""h2"",""text"":""디지털 운세 서비스 환불 안내""},{""level"":""h2"",""text"":""면책 고지""},{""level"":""h2"",""text"":""사업자 정보""}]","10408","0","true","false","미확인","미확인","미확인","ko","true","B","false","[]","retain pending evidence review; no automatic deletion","미확인","미확인","미확인","미확인"
"https://code-destiny.com/stories/ep-13/","200","200","true","https://code-destiny.com/stories/ep-13/","EP.13 맛있는 작별 — 연이의 운명 노벨","[{""level"":""h1"",""text"":""맛있는 작별""},{""level"":""h2"",""text"":""창작·집필 안내""},{""level"":""h2"",""text"":""핵심 운세""},{""level"":""h2"",""text"":""타로 리딩""},{""level"":""h2"",""text"":""신탁 & 특화""},{""level"":""h2"",""text"":""추천 가이드""},{""level"":""h2"",""text"":""디지털 운세 서비스 환불 안내""},{""level"":""h2"",""text"":""면책 고지""},{""level"":""h2"",""text"":""사업자 정보""}]","9057","0","true","false","미확인","미확인","미확인","ko","true","B","false","[]","retain pending evidence review; no automatic deletion","미확인","미확인","미확인","미확인"
"https://code-destiny.com/stories/ep-14/","200","200","true","https://code-destiny.com/stories/ep-14/","EP.14 숨을 세는 법 — 연이의 운명 노벨","[{""level"":""h1"",""text"":""숨을 세는 법""},{""level"":""h2"",""text"":""창작·집필 안내""},{""level"":""h2"",""text"":""핵심 운세""},{""level"":""h2"",""text"":""타로 리딩""},{""level"":""h2"",""text"":""신탁 & 특화""},{""level"":""h2"",""text"":""추천 가이드""},{""level"":""h2"",""text"":""디지털 운세 서비스 환불 안내""},{""level"":""h2"",""text"":""면책 고지""},{""level"":""h2"",""text"":""사업자 정보""}]","11239","0","true","false","미확인","미확인","미확인","ko","true","B","false","[]","retain pending evidence review; no automatic deletion","미확인","미확인","미확인","미확인"
"https://code-destiny.com/stories/ep-15/","200","200","true","https://code-destiny.com/stories/ep-15/","EP.15 강 건너 황금 냄새 — 연이의 운명 노벨","[{""level"":""h1"",""text"":""강 건너 황금 냄새""},{""level"":""h2"",""text"":""창작·집필 안내""},{""level"":""h2"",""text"":""핵심 운세""},{""level"":""h2"",""text"":""타로 리딩""},{""level"":""h2"",""text"":""신탁 & 특화""},{""level"":""h2"",""text"":""추천 가이드""},{""level"":""h2"",""text"":""디지털 운세 서비스 환불 안내""},{""level"":""h2"",""text"":""면책 고지""},{""level"":""h2"",""text"":""사업자 정보""}]","10439","0","true","false","미확인","미확인","미확인","ko","true","B","false","[]","retain pending evidence review; no automatic deletion","미확인","미확인","미확인","미확인"
"https://code-destiny.com/stories/ep-16/","200","200","true","https://code-destiny.com/stories/ep-16/","EP.16 탄 빵의 냄새 — 연이의 운명 노벨","[{""level"":""h1"",""text"":""탄 빵의 냄새""},{""level"":""h2"",""text"":""창작·집필 안내""},{""level"":""h2"",""text"":""핵심 운세""},{""level"":""h2"",""text"":""타로 리딩""},{""level"":""h2"",""text"":""신탁 & 특화""},{""level"":""h2"",""text"":""추천 가이드""},{""level"":""h2"",""text"":""디지털 운세 서비스 환불 안내""},{""level"":""h2"",""text"":""면책 고지""},{""level"":""h2"",""text"":""사업자 정보""}]","14576","0","true","false","미확인","미확인","미확인","ko","true","B","false","[]","retain pending evidence review; no automatic deletion","미확인","미확인","미확인","미확인"
"https://code-destiny.com/stories/ep-17/","200","200","true","https://code-destiny.com/stories/ep-17/","EP.17 청토끼 금융그룹 — 연이의 운명 노벨","[{""level"":""h1"",""text"":""청토끼 금융그룹""},{""level"":""h2"",""text"":""창작·집필 안내""},{""level"":""h2"",""text"":""핵심 운세""},{""level"":""h2"",""text"":""타로 리딩""},{""level"":""h2"",""text"":""신탁 & 특화""},{""level"":""h2"",""text"":""추천 가이드""},{""level"":""h2"",""text"":""디지털 운세 서비스 환불 안내""},{""level"":""h2"",""text"":""면책 고지""},{""level"":""h2"",""text"":""사업자 정보""}]","14819","0","true","false","미확인","미확인","미확인","ko","true","B","false","[]","retain pending evidence review; no automatic deletion","미확인","미확인","미확인","미확인"
"https://code-destiny.com/stories/ep-18/","200","200","true","https://code-destiny.com/stories/ep-18/","EP.18 회중시계가 열릴 때 — 연이의 운명 노벨","[{""level"":""h1"",""text"":""회중시계가 열릴 때""},{""level"":""h2"",""text"":""창작·집필 안내""},{""level"":""h2"",""text"":""핵심 운세""},{""level"":""h2"",""text"":""타로 리딩""},{""level"":""h2"",""text"":""신탁 & 특화""},{""level"":""h2"",""text"":""추천 가이드""},{""level"":""h2"",""text"":""디지털 운세 서비스 환불 안내""},{""level"":""h2"",""text"":""면책 고지""},{""level"":""h2"",""text"":""사업자 정보""}]","15135","0","true","false","미확인","미확인","미확인","ko","true","B","false","[]","retain pending evidence review; no automatic deletion","미확인","미확인","미확인","미확인"
"https://code-destiny.com/stories/ep-19/","200","200","true","https://code-destiny.com/stories/ep-19/","EP.19 책들이 숨 쉬는 곳 — 연이의 운명 노벨","[{""level"":""h1"",""text"":""책들이 숨 쉬는 곳""},{""level"":""h2"",""text"":""창작·집필 안내""},{""level"":""h2"",""text"":""핵심 운세""},{""level"":""h2"",""text"":""타로 리딩""},{""level"":""h2"",""text"":""신탁 & 특화""},{""level"":""h2"",""text"":""추천 가이드""},{""level"":""h2"",""text"":""디지털 운세 서비스 환불 안내""},{""level"":""h2"",""text"":""면책 고지""},{""level"":""h2"",""text"":""사업자 정보""}]","16396","0","true","false","미확인","미확인","미확인","ko","true","B","false","[]","retain pending evidence review; no automatic deletion","미확인","미확인","미확인","미확인"
"https://code-destiny.com/stories/ep-20/","200","200","true","https://code-destiny.com/stories/ep-20/","EP.20 본뜻의 서가 — 연이의 운명 노벨","[{""level"":""h1"",""text"":""본뜻의 서가""},{""level"":""h2"",""text"":""창작·집필 안내""},{""level"":""h2"",""text"":""핵심 운세""},{""level"":""h2"",""text"":""타로 리딩""},{""level"":""h2"",""text"":""신탁 & 특화""},{""level"":""h2"",""text"":""추천 가이드""},{""level"":""h2"",""text"":""디지털 운세 서비스 환불 안내""},{""level"":""h2"",""text"":""면책 고지""},{""level"":""h2"",""text"":""사업자 정보""}]","17790","0","true","false","미확인","미확인","미확인","ko","true","B","false","[]","retain pending evidence review; no automatic deletion","미확인","미확인","미확인","미확인"
"https://code-destiny.com/stories/ep-21/","200","200","true","https://code-destiny.com/stories/ep-21/","EP.21 기억의 열람실 — 연이의 운명 노벨","[{""level"":""h1"",""text"":""기억의 열람실""},{""level"":""h2"",""text"":""창작·집필 안내""},{""level"":""h2"",""text"":""핵심 운세""},{""level"":""h2"",""text"":""타로 리딩""},{""level"":""h2"",""text"":""신탁 & 특화""},{""level"":""h2"",""text"":""추천 가이드""},{""level"":""h2"",""text"":""디지털 운세 서비스 환불 안내""},{""level"":""h2"",""text"":""면책 고지""},{""level"":""h2"",""text"":""사업자 정보""}]","18485","0","true","false","미확인","미확인","미확인","ko","true","B","false","[]","retain pending evidence review; no automatic deletion","미확인","미확인","미확인","미확인"
"https://code-destiny.com/stories/ep-22/","200","200","true","https://code-destiny.com/stories/ep-22/","EP.22 네 번째 기둥 — 연이의 운명 노벨","[{""level"":""h1"",""text"":""네 번째 기둥""},{""level"":""h2"",""text"":""창작·집필 안내""},{""level"":""h2"",""text"":""핵심 운세""},{""level"":""h2"",""text"":""타로 리딩""},{""level"":""h2"",""text"":""신탁 & 특화""},{""level"":""h2"",""text"":""추천 가이드""},{""level"":""h2"",""text"":""디지털 운세 서비스 환불 안내""},{""level"":""h2"",""text"":""면책 고지""},{""level"":""h2"",""text"":""사업자 정보""}]","17969","0","true","false","미확인","미확인","미확인","ko","true","B","false","[]","retain pending evidence review; no automatic deletion","미확인","미확인","미확인","미확인"
"https://code-destiny.com/stories/ep-23/","200","200","true","https://code-destiny.com/stories/ep-23/","EP.23 안 도망가는 물고기 — 연이의 운명 노벨","[{""level"":""h1"",""text"":""안 도망가는 물고기""},{""level"":""h2"",""text"":""창작·집필 안내""},{""level"":""h2"",""text"":""핵심 운세""},{""level"":""h2"",""text"":""타로 리딩""},{""level"":""h2"",""text"":""신탁 & 특화""},{""level"":""h2"",""text"":""추천 가이드""},{""level"":""h2"",""text"":""디지털 운세 서비스 환불 안내""},{""level"":""h2"",""text"":""면책 고지""},{""level"":""h2"",""text"":""사업자 정보""}]","16571","0","true","false","미확인","미확인","미확인","ko","true","B","false","[]","retain pending evidence review; no automatic deletion","미확인","미확인","미확인","미확인"
"https://code-destiny.com/stories/ep-24/","200","200","true","https://code-destiny.com/stories/ep-24/","EP.24 원본 계약서 — 연이의 운명 노벨","[{""level"":""h1"",""text"":""원본 계약서""},{""level"":""h2"",""text"":""창작·집필 안내""},{""level"":""h2"",""text"":""핵심 운세""},{""level"":""h2"",""text"":""타로 리딩""},{""level"":""h2"",""text"":""신탁 & 특화""},{""level"":""h2"",""text"":""추천 가이드""},{""level"":""h2"",""text"":""디지털 운세 서비스 환불 안내""},{""level"":""h2"",""text"":""면책 고지""},{""level"":""h2"",""text"":""사업자 정보""}]","18209","0","true","false","미확인","미확인","미확인","ko","true","B","false","[]","retain pending evidence review; no automatic deletion","미확인","미확인","미확인","미확인"
"https://code-destiny.com/stories/ep-25/","200","200","true","https://code-destiny.com/stories/ep-25/","EP.25 재성의 발톱 — 연이의 운명 노벨","[{""level"":""h1"",""text"":""재성의 발톱""},{""level"":""h2"",""text"":""창작·집필 안내""},{""level"":""h2"",""text"":""핵심 운세""},{""level"":""h2"",""text"":""타로 리딩""},{""level"":""h2"",""text"":""신탁 & 특화""},{""level"":""h2"",""text"":""추천 가이드""},{""level"":""h2"",""text"":""디지털 운세 서비스 환불 안내""},{""level"":""h2"",""text"":""면책 고지""},{""level"":""h2"",""text"":""사업자 정보""}]","16916","0","true","false","미확인","미확인","미확인","ko","true","B","false","[]","retain pending evidence review; no automatic deletion","미확인","미확인","미확인","미확인"
"https://code-destiny.com/stories/ep-26/","200","200","true","https://code-destiny.com/stories/ep-26/","EP.26 모든 기둥이 제자리에 — 연이의 운명 노벨","[{""level"":""h1"",""text"":""모든 기둥이 제자리에""},{""level"":""h2"",""text"":""창작·집필 안내""},{""level"":""h2"",""text"":""핵심 운세""},{""level"":""h2"",""text"":""타로 리딩""},{""level"":""h2"",""text"":""신탁 & 특화""},{""level"":""h2"",""text"":""추천 가이드""},{""level"":""h2"",""text"":""디지털 운세 서비스 환불 안내""},{""level"":""h2"",""text"":""면책 고지""},{""level"":""h2"",""text"":""사업자 정보""}]","18898","0","true","false","미확인","미확인","미확인","ko","true","B","false","[]","retain pending evidence review; no automatic deletion","미확인","미확인","미확인","미확인"
"https://code-destiny.com/stories/ep-27/","200","200","true","https://code-destiny.com/stories/ep-27/","EP.27 갓 구운 아침 — 연이의 운명 노벨","[{""level"":""h1"",""text"":""갓 구운 아침""},{""level"":""h2"",""text"":""창작·집필 안내""},{""level"":""h2"",""text"":""핵심 운세""},{""level"":""h2"",""text"":""타로 리딩""},{""level"":""h2"",""text"":""신탁 & 특화""},{""level"":""h2"",""text"":""추천 가이드""},{""level"":""h2"",""text"":""디지털 운세 서비스 환불 안내""},{""level"":""h2"",""text"":""면책 고지""},{""level"":""h2"",""text"":""사업자 정보""}]","20373","0","true","false","미확인","미확인","미확인","ko","true","B","false","[]","retain pending evidence review; no automatic deletion","미확인","미확인","미확인","미확인"
"https://code-destiny.com/stories/ep-28/","200","200","true","https://code-destiny.com/stories/ep-28/","EP.28 돌아가는 문 — 연이의 운명 노벨","[{""level"":""h1"",""text"":""돌아가는 문""},{""level"":""h2"",""text"":""창작·집필 안내""},{""level"":""h2"",""text"":""핵심 운세""},{""level"":""h2"",""text"":""타로 리딩""},{""level"":""h2"",""text"":""신탁 & 특화""},{""level"":""h2"",""text"":""추천 가이드""},{""level"":""h2"",""text"":""디지털 운세 서비스 환불 안내""},{""level"":""h2"",""text"":""면책 고지""},{""level"":""h2"",""text"":""사업자 정보""}]","20903","0","true","false","미확인","미확인","미확인","ko","true","B","false","[]","retain pending evidence review; no automatic deletion","미확인","미확인","미확인","미확인"
"https://code-destiny.com/stories/ep-29/","200","200","true","https://code-destiny.com/stories/ep-29/","EP.29 달라진 계절 — 연이의 운명 노벨","[{""level"":""h1"",""text"":""달라진 계절""},{""level"":""h2"",""text"":""창작·집필 안내""},{""level"":""h2"",""text"":""핵심 운세""},{""level"":""h2"",""text"":""타로 리딩""},{""level"":""h2"",""text"":""신탁 & 특화""},{""level"":""h2"",""text"":""추천 가이드""},{""level"":""h2"",""text"":""디지털 운세 서비스 환불 안내""},{""level"":""h2"",""text"":""면책 고지""},{""level"":""h2"",""text"":""사업자 정보""}]","20766","0","true","false","미확인","미확인","미확인","ko","true","B","false","[]","retain pending evidence review; no automatic deletion","미확인","미확인","미확인","미확인"
"https://code-destiny.com/stories/ep-30/","200","200","true","https://code-destiny.com/stories/ep-30/","EP.30 앱이 다시 울린 밤 — 연이의 운명 노벨","[{""level"":""h1"",""text"":""앱이 다시 울린 밤""},{""level"":""h2"",""text"":""창작·집필 안내""},{""level"":""h2"",""text"":""핵심 운세""},{""level"":""h2"",""text"":""타로 리딩""},{""level"":""h2"",""text"":""신탁 & 특화""},{""level"":""h2"",""text"":""추천 가이드""},{""level"":""h2"",""text"":""디지털 운세 서비스 환불 안내""},{""level"":""h2"",""text"":""면책 고지""},{""level"":""h2"",""text"":""사업자 정보""}]","21055","0","true","false","미확인","미확인","미확인","ko","true","B","false","[]","retain pending evidence review; no automatic deletion","미확인","미확인","미확인","미확인"
"https://code-destiny.com/stories/ep-31/","200","200","true","https://code-destiny.com/stories/ep-31/","EP.31 별들의 궁 — 연이의 운명 노벨","[{""level"":""h1"",""text"":""별들의 궁""},{""level"":""h2"",""text"":""창작·집필 안내""},{""level"":""h2"",""text"":""핵심 운세""},{""level"":""h2"",""text"":""타로 리딩""},{""level"":""h2"",""text"":""신탁 & 특화""},{""level"":""h2"",""text"":""추천 가이드""},{""level"":""h2"",""text"":""디지털 운세 서비스 환불 안내""},{""level"":""h2"",""text"":""면책 고지""},{""level"":""h2"",""text"":""사업자 정보""}]","22028","0","true","false","미확인","미확인","미확인","ko","true","B","false","[]","retain pending evidence review; no automatic deletion","미확인","미확인","미확인","미확인"
"https://code-destiny.com/stories/ep-32/","200","200","true","https://code-destiny.com/stories/ep-32/","EP.32 검은 깃털의 주인 — 연이의 운명 노벨","[{""level"":""h1"",""text"":""검은 깃털의 주인""},{""level"":""h2"",""text"":""창작·집필 안내""},{""level"":""h2"",""text"":""핵심 운세""},{""level"":""h2"",""text"":""타로 리딩""},{""level"":""h2"",""text"":""신탁 & 특화""},{""level"":""h2"",""text"":""추천 가이드""},{""level"":""h2"",""text"":""디지털 운세 서비스 환불 안내""},{""level"":""h2"",""text"":""면책 고지""},{""level"":""h2"",""text"":""사업자 정보""}]","20519","0","true","false","미확인","미확인","미확인","ko","true","B","false","[]","retain pending evidence review; no automatic deletion","미확인","미확인","미확인","미확인"
"https://code-destiny.com/stories/ep-33/","200","200","true","https://code-destiny.com/stories/ep-33/","EP.33 그릇 — 연이의 운명 노벨","[{""level"":""h1"",""text"":""그릇""},{""level"":""h2"",""text"":""창작·집필 안내""},{""level"":""h2"",""text"":""핵심 운세""},{""level"":""h2"",""text"":""타로 리딩""},{""level"":""h2"",""text"":""신탁 & 특화""},{""level"":""h2"",""text"":""추천 가이드""},{""level"":""h2"",""text"":""디지털 운세 서비스 환불 안내""},{""level"":""h2"",""text"":""면책 고지""},{""level"":""h2"",""text"":""사업자 정보""}]","24739","0","true","false","미확인","미확인","미확인","ko","true","B","false","[]","retain pending evidence review; no automatic deletion","미확인","미확인","미확인","미확인"
"https://code-destiny.com/stories/ep-34/","200","200","true","https://code-destiny.com/stories/ep-34/","EP.34 이름을 돌려주다 — 연이의 운명 노벨","[{""level"":""h1"",""text"":""이름을 돌려주다""},{""level"":""h2"",""text"":""창작·집필 안내""},{""level"":""h2"",""text"":""핵심 운세""},{""level"":""h2"",""text"":""타로 리딩""},{""level"":""h2"",""text"":""신탁 & 특화""},{""level"":""h2"",""text"":""추천 가이드""},{""level"":""h2"",""text"":""디지털 운세 서비스 환불 안내""},{""level"":""h2"",""text"":""면책 고지""},{""level"":""h2"",""text"":""사업자 정보""}]","24014","0","true","false","미확인","미확인","미확인","ko","true","B","false","[]","retain pending evidence review; no automatic deletion","미확인","미확인","미확인","미확인"
"https://code-destiny.com/stories/ep-35/","200","200","true","https://code-destiny.com/stories/ep-35/","EP.35 붉은 실의 세계 — 연이의 운명 노벨","[{""level"":""h1"",""text"":""붉은 실의 세계""},{""level"":""h2"",""text"":""창작·집필 안내""},{""level"":""h2"",""text"":""핵심 운세""},{""level"":""h2"",""text"":""타로 리딩""},{""level"":""h2"",""text"":""신탁 & 특화""},{""level"":""h2"",""text"":""추천 가이드""},{""level"":""h2"",""text"":""디지털 운세 서비스 환불 안내""},{""level"":""h2"",""text"":""면책 고지""},{""level"":""h2"",""text"":""사업자 정보""}]","22562","0","true","false","미확인","미확인","미확인","ko","true","B","false","[]","retain pending evidence review; no automatic deletion","미확인","미확인","미확인","미확인"
"https://code-destiny.com/stories/ep-36/","200","200","true","https://code-destiny.com/stories/ep-36/","EP.36 서한비 — 연이의 운명 노벨","[{""level"":""h1"",""text"":""서한비""},{""level"":""h2"",""text"":""창작·집필 안내""},{""level"":""h2"",""text"":""핵심 운세""},{""level"":""h2"",""text"":""타로 리딩""},{""level"":""h2"",""text"":""신탁 & 특화""},{""level"":""h2"",""text"":""추천 가이드""},{""level"":""h2"",""text"":""디지털 운세 서비스 환불 안내""},{""level"":""h2"",""text"":""면책 고지""},{""level"":""h2"",""text"":""사업자 정보""}]","22640","0","true","false","미확인","미확인","미확인","ko","true","B","false","[]","retain pending evidence review; no automatic deletion","미확인","미확인","미확인","미확인"
"https://code-destiny.com/stories/ep-37/","200","200","true","https://code-destiny.com/stories/ep-37/","EP.37 박병하 — 연이의 운명 노벨","[{""level"":""h1"",""text"":""박병하""},{""level"":""h2"",""text"":""창작·집필 안내""},{""level"":""h2"",""text"":""핵심 운세""},{""level"":""h2"",""text"":""타로 리딩""},{""level"":""h2"",""text"":""신탁 & 특화""},{""level"":""h2"",""text"":""추천 가이드""},{""level"":""h2"",""text"":""디지털 운세 서비스 환불 안내""},{""level"":""h2"",""text"":""면책 고지""},{""level"":""h2"",""text"":""사업자 정보""}]","23123","0","true","false","미확인","미확인","미확인","ko","true","B","false","[]","retain pending evidence review; no automatic deletion","미확인","미확인","미확인","미확인"
"https://code-destiny.com/stories/ep-38/","200","200","true","https://code-destiny.com/stories/ep-38/","EP.38 끊을 수 없는 실 — 연이의 운명 노벨","[{""level"":""h1"",""text"":""끊을 수 없는 실""},{""level"":""h2"",""text"":""창작·집필 안내""},{""level"":""h2"",""text"":""핵심 운세""},{""level"":""h2"",""text"":""타로 리딩""},{""level"":""h2"",""text"":""신탁 & 특화""},{""level"":""h2"",""text"":""추천 가이드""},{""level"":""h2"",""text"":""디지털 운세 서비스 환불 안내""},{""level"":""h2"",""text"":""면책 고지""},{""level"":""h2"",""text"":""사업자 정보""}]","20678","0","true","false","미확인","미확인","미확인","ko","true","B","false","[]","retain pending evidence review; no automatic deletion","미확인","미확인","미확인","미확인"
"https://code-destiny.com/stories/ep-39/","200","200","true","https://code-destiny.com/stories/ep-39/","EP.39 붙잡힌 파수꾼 — 연이의 운명 노벨","[{""level"":""h1"",""text"":""붙잡힌 파수꾼""},{""level"":""h2"",""text"":""창작·집필 안내""},{""level"":""h2"",""text"":""핵심 운세""},{""level"":""h2"",""text"":""타로 리딩""},{""level"":""h2"",""text"":""신탁 & 특화""},{""level"":""h2"",""text"":""추천 가이드""},{""level"":""h2"",""text"":""디지털 운세 서비스 환불 안내""},{""level"":""h2"",""text"":""면책 고지""},{""level"":""h2"",""text"":""사업자 정보""}]","22079","0","true","false","미확인","미확인","미확인","ko","true","B","false","[]","retain pending evidence review; no automatic deletion","미확인","미확인","미확인","미확인"
"https://code-destiny.com/stories/ep-40/","200","200","true","https://code-destiny.com/stories/ep-40/","EP.40 운명의 신 — 연이의 운명 노벨","[{""level"":""h1"",""text"":""운명의 신""},{""level"":""h2"",""text"":""창작·집필 안내""},{""level"":""h2"",""text"":""핵심 운세""},{""level"":""h2"",""text"":""타로 리딩""},{""level"":""h2"",""text"":""신탁 & 특화""},{""level"":""h2"",""text"":""추천 가이드""},{""level"":""h2"",""text"":""디지털 운세 서비스 환불 안내""},{""level"":""h2"",""text"":""면책 고지""},{""level"":""h2"",""text"":""사업자 정보""}]","25782","0","true","false","미확인","미확인","미확인","ko","true","B","false","[]","retain pending evidence review; no automatic deletion","미확인","미확인","미확인","미확인"
"https://code-destiny.com/stories/ep-41/","200","200","true","https://code-destiny.com/stories/ep-41/","EP.41 사랑의 힘 — 연이의 운명 노벨","[{""level"":""h1"",""text"":""사랑의 힘""},{""level"":""h2"",""text"":""창작·집필 안내""},{""level"":""h2"",""text"":""핵심 운세""},{""level"":""h2"",""text"":""타로 리딩""},{""level"":""h2"",""text"":""신탁 & 특화""},{""level"":""h2"",""text"":""추천 가이드""},{""level"":""h2"",""text"":""디지털 운세 서비스 환불 안내""},{""level"":""h2"",""text"":""면책 고지""},{""level"":""h2"",""text"":""사업자 정보""}]","24701","0","true","false","미확인","미확인","미확인","ko","true","B","false","[]","retain pending evidence review; no automatic deletion","미확인","미확인","미확인","미확인"
"https://code-destiny.com/stories/ep-42/","200","200","true","https://code-destiny.com/stories/ep-42/","EP.42 읽는 이름, 쓰는 운명 — 연이의 운명 노벨","[{""level"":""h1"",""text"":""읽는 이름, 쓰는 운명""},{""level"":""h2"",""text"":""창작·집필 안내""},{""level"":""h2"",""text"":""핵심 운세""},{""level"":""h2"",""text"":""타로 리딩""},{""level"":""h2"",""text"":""신탁 & 특화""},{""level"":""h2"",""text"":""추천 가이드""},{""level"":""h2"",""text"":""디지털 운세 서비스 환불 안내""},{""level"":""h2"",""text"":""면책 고지""},{""level"":""h2"",""text"":""사업자 정보""}]","19149","0","true","false","미확인","미확인","미확인","ko","true","B","false","[]","retain pending evidence review; no automatic deletion","미확인","미확인","미확인","미확인"
"https://code-destiny.com/stories/ep-43/","200","200","true","https://code-destiny.com/stories/ep-43/","EP.43 벚꽃 강가의 약속 — 연이의 운명 노벨","[{""level"":""h1"",""text"":""벚꽃 강가의 약속""},{""level"":""h2"",""text"":""창작·집필 안내""},{""level"":""h2"",""text"":""핵심 운세""},{""level"":""h2"",""text"":""타로 리딩""},{""level"":""h2"",""text"":""신탁 & 특화""},{""level"":""h2"",""text"":""추천 가이드""},{""level"":""h2"",""text"":""디지털 운세 서비스 환불 안내""},{""level"":""h2"",""text"":""면책 고지""},{""level"":""h2"",""text"":""사업자 정보""}]","5799","0","true","false","미확인","미확인","미확인","ko","true","B","false","[]","retain pending evidence review; no automatic deletion","미확인","미확인","미확인","미확인"
"https://code-destiny.com/stories/prologue/","200","200","true","https://code-destiny.com/stories/prologue/","PROLOGUE 이상한 앱이 깔렸다 — 연이의 운명 노벨","[{""level"":""h1"",""text"":""이상한 앱이 깔렸다""},{""level"":""h2"",""text"":""창작·집필 안내""},{""level"":""h2"",""text"":""핵심 운세""},{""level"":""h2"",""text"":""타로 리딩""},{""level"":""h2"",""text"":""신탁 & 특화""},{""level"":""h2"",""text"":""추천 가이드""},{""level"":""h2"",""text"":""디지털 운세 서비스 환불 안내""},{""level"":""h2"",""text"":""면책 고지""},{""level"":""h2"",""text"":""사업자 정보""}]","3431","0","true","false","미확인","미확인","미확인","ko","true","B","false","[]","retain pending evidence review; no automatic deletion","미확인","미확인","미확인","미확인"
"https://code-destiny.com/sukuyo-compatibility-ai/","200","200","true","https://code-destiny.com/sukuyo-compatibility-ai/","숙요 궁합 상담 | 27수 관계 유형 1:1 해석 — Code Destiny","[{""level"":""h2"",""text"":""우리의 인연은 어떤 달빛 아래에서 이어지고 있을까요?""},{""level"":""h1"",""text"":""숙요 궁합 상담 — 27숙 관계 유형으로 읽는 두 사람""},{""level"":""h2"",""text"":""두 사람의 관계를 이렇게 읽습니다""},{""level"":""h2"",""text"":""이런 순간에 궁금해집니다""},{""level"":""h2"",""text"":""상담은 이렇게 진행됩니다""},{""level"":""h2"",""text"":""자주 묻는 질문""},{""level"":""h3"",""text"":""숙요점 궁합 전문가 상담은 무엇을 봐주나요?""},{""level"":""h3"",""text"":""27숙 궁합은 사주 궁합과 무엇이 다른가요?""},{""level"":""h3"",""text"":""이미 사귀는 사이인데도 의미가 있나요?""},{""level"":""h3"",""text"":""상대의 정확한 생년월일을 몰라도 볼 수 있나요?""},{""level"":""h3"",""text"":""결과가 좋지 않게 나오면 관계를 정리해야 하나요?""},{""level"":""h3"",""text"":""가족이나 친구 사이의 궁합도 볼 수 있나요?""},{""level"":""h3"",""text"":""결과는 다시 확인할 수 있나요?""},{""level"":""h2"",""text"":""이어서 볼 만한 운세""}]","2502","0","true","false","미확인","미확인","미확인","ko","true","B","false","[]","retain pending evidence review; no automatic deletion","미확인","미확인","미확인","미확인"
"https://code-destiny.com/sukuyo/","200","200","true","https://code-destiny.com/sukuyo/","숙요점 사이트 | 무료 27수 본명숙·숙요 궁합 보기","[{""level"":""h1"",""text"":""숙요점 사이트 — 생년월일로 내 본명숙 찾기""},{""level"":""h2"",""text"":""사용 방법""},{""level"":""h2"",""text"":""제공 결과""},{""level"":""h2"",""text"":""본명숙을 찾는 법 — 음력 날짜와 27수의 대응""},{""level"":""h2"",""text"":""인연의 거리 — 스물일곱 자리 안의 여섯 가지 결""},{""level"":""h2"",""text"":""숙요를 일상에 쓰는 법 — 날의 수와 관계의 간격""},{""level"":""h2"",""text"":""주의와 면책""},{""level"":""h2"",""text"":""관련 기능""},{""level"":""h2"",""text"":""자주 묻는 질문""},{""level"":""h2"",""text"":""핵심 운세""},{""level"":""h2"",""text"":""타로 리딩""},{""level"":""h2"",""text"":""신탁 & 특화""},{""level"":""h2"",""text"":""추천 가이드""},{""level"":""h2"",""text"":""디지털 운세 서비스 환불 안내""},{""level"":""h2"",""text"":""면책 고지""},{""level"":""h2"",""text"":""사업자 정보""}]","2583","0","true","false","미확인","미확인","미확인","ko","true","B","false","[]","protect observed traffic; improve before any indexing change","1","8","{""from"":""2026-06-07"",""to"":""2026-09-06""}","미확인"
"https://code-destiny.com/sukuyo/calendar/","200","200","true","https://code-destiny.com/sukuyo/calendar/","27숙 달력 | Code Destiny","[{""level"":""h1"",""text"":""27숙 달력 — 날짜마다 바뀌는 달의 자리를 읽는 법""},{""level"":""h2"",""text"":""이 달력은 날짜에서 숙을 어떻게 뽑나""},{""level"":""h2"",""text"":""하루 해설이 담는 여섯 갈래""},{""level"":""h2"",""text"":""로그인하면 열리는 나만의 길흉""},{""level"":""h2"",""text"":""달력을 읽는 순서""},{""level"":""h2"",""text"":""함께 보면 좋은 글""},{""level"":""h2"",""text"":""핵심 운세""},{""level"":""h2"",""text"":""타로 리딩""},{""level"":""h2"",""text"":""신탁 & 특화""},{""level"":""h2"",""text"":""추천 가이드""},{""level"":""h2"",""text"":""디지털 운세 서비스 환불 안내""},{""level"":""h2"",""text"":""면책 고지""},{""level"":""h2"",""text"":""사업자 정보""}]","1993","0","true","false","미확인","미확인","미확인","ko","true","B","false","[]","retain pending evidence review; no automatic deletion","미확인","미확인","미확인","미확인"
"https://code-destiny.com/sukuyo/compatibility/","200","200","true","https://code-destiny.com/sukuyo/compatibility/","27수 궁합 계산 | 무료 본명숙 궁합·영친·업태·안괴 보는 곳","[{""level"":""h1"",""text"":""27수 궁합 계산 — 본명숙 거리로 보는 관계 패턴""},{""level"":""h2"",""text"":""사용 방법""},{""level"":""h2"",""text"":""제공 결과""},{""level"":""h2"",""text"":""본명숙을 찾는 법 — 음력 날짜와 27수의 대응""},{""level"":""h2"",""text"":""인연의 거리 — 스물일곱 자리 안의 여섯 가지 결""},{""level"":""h2"",""text"":""숙요를 일상에 쓰는 법 — 날의 수와 관계의 간격""},{""level"":""h2"",""text"":""주의와 면책""},{""level"":""h2"",""text"":""관련 기능""},{""level"":""h2"",""text"":""자주 묻는 질문""},{""level"":""h2"",""text"":""핵심 운세""},{""level"":""h2"",""text"":""타로 리딩""},{""level"":""h2"",""text"":""신탁 & 특화""},{""level"":""h2"",""text"":""추천 가이드""},{""level"":""h2"",""text"":""디지털 운세 서비스 환불 안내""},{""level"":""h2"",""text"":""면책 고지""},{""level"":""h2"",""text"":""사업자 정보""}]","2587","0","true","false","미확인","미확인","미확인","ko","true","B","false","[]","retain pending evidence review; no automatic deletion","미확인","미확인","미확인","미확인"
"https://code-destiny.com/sukuyo/guide/","200","200","true","https://code-destiny.com/sukuyo/guide/","숙요 27숙과 궁합 구조 | Code Destiny","[{""level"":""h1"",""text"":""숙요 27숙과 궁합 구조""},{""level"":""h2"",""text"":""숙요점이 살피는 것""},{""level"":""h2"",""text"":""필요한 입력값""},{""level"":""h2"",""text"":""언제 참고하면 좋은가""},{""level"":""h2"",""text"":""무료와 유료 범위""},{""level"":""h2"",""text"":""해석 흐름""},{""level"":""h2"",""text"":""결과에서 확인할 수 있는 항목""},{""level"":""h2"",""text"":""짧은 예시 리딩""},{""level"":""h2"",""text"":""해석 시 주의할 점""},{""level"":""h2"",""text"":""숙요 궁합이 나쁘면 관계를 끝내야 하나요?""},{""level"":""h2"",""text"":""생년월일만으로 충분한가요?""},{""level"":""h2"",""text"":""상대의 동의 없이 궁합을 봐도 되나요?""},{""level"":""h2"",""text"":""내 본명숙부터 확인해 보세요""},{""level"":""h2"",""text"":""핵심 운세""},{""level"":""h2"",""text"":""타로 리딩""},{""level"":""h2"",""text"":""신탁 & 특화""},{""level"":""h2"",""text"":""추천 가이드""},{""level"":""h2"",""text"":""디지털 운세 서비스 환불 안내""},{""level"":""h2"",""text"":""면책 고지""},{""level"":""h2"",""text"":""사업자 정보""}]","1417","0","true","true","{""@type"":""Person"",""@id"":""https://code-destiny.com/#author"",""name"":""박병하"",""jobTitle"":""명리학자"",""description"":""10년 경력의 명리학자. Code Destiny 가 공개하는 사주·운세 콘텐츠의 최종 검수 책임자입니다."",""knowsAbout"":[""사주"",""명리학"",""만세력"",""자미두수"",""숙요점""],""url"":""https://code-destiny.com/about"",""worksFor"":{""@type"":""Organization"",""@id"":""https://code-destiny.com/#organization"",""name"":""CODE DESTINY""}}","2026-06-21","2026-09-06","ko","true","B","false","[""editorial-review-required""]","retain pending evidence review; no automatic deletion","미확인","미확인","미확인","미확인"
"https://code-destiny.com/tarot/","200","200","true","https://code-destiny.com/tarot/","무료 타로 카드 리딩 | 연애·재회·마음 해석","[{""level"":""h1"",""text"":""무료 타로 카드 리딩""},{""level"":""h2"",""text"":""사용 방법""},{""level"":""h2"",""text"":""제공 결과""},{""level"":""h2"",""text"":""78장의 구조 — 메이저 아르카나와 마이너 아르카나""},{""level"":""h2"",""text"":""스프레드 고르기 — 한 장에서 열 장까지""},{""level"":""h2"",""text"":""정방향과 역방향 — 상징을 읽는 세 가지 층""},{""level"":""h2"",""text"":""주의와 면책""},{""level"":""h2"",""text"":""관련 기능""},{""level"":""h2"",""text"":""자주 묻는 질문""},{""level"":""h2"",""text"":""핵심 운세""},{""level"":""h2"",""text"":""타로 리딩""},{""level"":""h2"",""text"":""신탁 & 특화""},{""level"":""h2"",""text"":""추천 가이드""},{""level"":""h2"",""text"":""디지털 운세 서비스 환불 안내""},{""level"":""h2"",""text"":""면책 고지""},{""level"":""h2"",""text"":""사업자 정보""}]","2714","0","true","false","미확인","미확인","미확인","ko","true","B","false","[]","retain pending evidence review; no automatic deletion","미확인","미확인","미확인","미확인"
"https://code-destiny.com/tarot/crystal-soul/","200","200","false","","원석 소울 타로","[{""level"":""h1"",""text"":""원석 소울 타로""}]","276","0","true","false","미확인","미확인","미확인","ko","false","C","true","[]","verify existing disposition","미확인","미확인","미확인","미확인"
"https://code-destiny.com/tarot/guide/","200","200","true","https://code-destiny.com/tarot/guide/","타로 카드 리딩 입문 | Code Destiny","[{""level"":""h1"",""text"":""타로 카드 리딩 입문""},{""level"":""h2"",""text"":""타로가 살피는 것""},{""level"":""h2"",""text"":""좋은 질문을 세우는 법""},{""level"":""h2"",""text"":""필요한 입력값""},{""level"":""h2"",""text"":""무료와 유료 리딩의 범위""},{""level"":""h2"",""text"":""해석 흐름""},{""level"":""h2"",""text"":""결과에서 확인할 수 있는 항목""},{""level"":""h2"",""text"":""짧은 예시 리딩""},{""level"":""h2"",""text"":""해석 시 주의할 점""},{""level"":""h2"",""text"":""같은 질문을 여러 번 해도 되나요?""},{""level"":""h2"",""text"":""나쁜 카드가 나오면 나쁜 일이 생기나요?""},{""level"":""h2"",""text"":""타로가 결정을 대신해 줄 수 있나요?""},{""level"":""h2"",""text"":""질문을 세웠다면, 카드를 뽑아 보세요""},{""level"":""h2"",""text"":""핵심 운세""},{""level"":""h2"",""text"":""타로 리딩""},{""level"":""h2"",""text"":""신탁 & 특화""},{""level"":""h2"",""text"":""추천 가이드""},{""level"":""h2"",""text"":""디지털 운세 서비스 환불 안내""},{""level"":""h2"",""text"":""면책 고지""},{""level"":""h2"",""text"":""사업자 정보""}]","1411","0","true","true","{""@type"":""Person"",""@id"":""https://code-destiny.com/#author"",""name"":""박병하"",""jobTitle"":""명리학자"",""description"":""10년 경력의 명리학자. Code Destiny 가 공개하는 사주·운세 콘텐츠의 최종 검수 책임자입니다."",""knowsAbout"":[""사주"",""명리학"",""만세력"",""자미두수"",""숙요점""],""url"":""https://code-destiny.com/about"",""worksFor"":{""@type"":""Organization"",""@id"":""https://code-destiny.com/#organization"",""name"":""CODE DESTINY""}}","2026-06-21","2026-09-06","ko","true","B","false","[""editorial-review-required""]","retain pending evidence review; no automatic deletion","미확인","미확인","미확인","미확인"
"https://code-destiny.com/tarot/healing/","200","200","true","https://code-destiny.com/tarot/healing/","무료 힐링 타로 4카드 — 오늘의 회복 에너지 리딩","[{""level"":""h2"",""text"":""힐링 라이징 타로 — 네 자리로 나눠 읽는 회복 리딩""},{""level"":""h3"",""text"":""네 장이 각각 맡는 자리""},{""level"":""h3"",""text"":""이런 순간에 특히 도움이 됩니다""},{""level"":""h3"",""text"":""결과를 읽는 법""},{""level"":""h1"",""text"":""무료 힐링 타로 4카드 리딩""},{""level"":""h2"",""text"":""마음의 자리 고르기""},{""level"":""h2"",""text"":""네 장의 카드 확인""},{""level"":""h2"",""text"":""작은 회복 행동 정하기""},{""level"":""h2"",""text"":""힐링 타로에서 확인하는 것""},{""level"":""h3"",""text"":""과거의 상처""},{""level"":""h3"",""text"":""현재의 온도""},{""level"":""h3"",""text"":""회복 방향""},{""level"":""h3"",""text"":""오늘의 선물""},{""level"":""h2"",""text"":""주의와 면책""},{""level"":""h2"",""text"":""자주 묻는 질문""},{""level"":""h3"",""text"":""힐링 타로는 어떤 상황에 좋나요?""},{""level"":""h3"",""text"":""무거운 카드가 나오면 어떻게 해야 하나요?""},{""level"":""h3"",""text"":""같은 질문을 여러 번 봐도 되나요?""},{""level"":""h3"",""text"":""무료로 사용할 수 있나요?""}]","1951","1013","true","false","미확인","미확인","미확인","ko","true","B","false","[]","retain pending evidence review; no automatic deletion","미확인","미확인","미확인","미확인"
"https://code-destiny.com/tarot/love/","200","200","true","https://code-destiny.com/tarot/love/","우리는 무슨 사이? - 6카드 연애 관계 타로","[{""level"":""h1"",""text"":""💕 우리는 무슨 사이?""},{""level"":""h2"",""text"":""핵심 포인트""},{""level"":""h2"",""text"":""6장이 각각 무엇을 맡는가""},{""level"":""h3"",""text"":""① 내가 바라보는 상대""},{""level"":""h3"",""text"":""② 상대가 관계 전체를 보는 시각""},{""level"":""h3"",""text"":""③ 상대가 나를 바라보는 마음""},{""level"":""h3"",""text"":""④ 상대의 연애 의지와 열망""},{""level"":""h3"",""text"":""⑤ 관계를 가로막는 핵심 요인""},{""level"":""h3"",""text"":""⑥ 가까운 흐름과 선택 기준""},{""level"":""h3"",""text"":""여섯 자리의 무게가 같지 않습니다""},{""level"":""h3"",""text"":""결과를 읽는 법""},{""level"":""h3"",""text"":""리딩은 이렇게 만들어집니다""},{""level"":""h2"",""text"":""핵심 운세""},{""level"":""h2"",""text"":""타로 리딩""},{""level"":""h2"",""text"":""신탁 & 특화""},{""level"":""h2"",""text"":""추천 가이드""},{""level"":""h2"",""text"":""디지털 운세 서비스 환불 안내""},{""level"":""h2"",""text"":""면책 고지""},{""level"":""h2"",""text"":""사업자 정보""}]","1417","0","true","false","미확인","미확인","미확인","ko","true","B","false","[]","retain pending evidence review; no automatic deletion","미확인","미확인","미확인","미확인"
"https://code-destiny.com/tarot/mindscan/","200","200","true","https://code-destiny.com/tarot/mindscan/","상대 마음 타로 무료 | 마음 흐름과 관계 신호 읽기","[{""level"":""h2"",""text"":""상대 마음 타로를 해석하는 가장 현실적인 기준""},{""level"":""h2"",""text"":""이 리딩이 특히 도움이 되는 상황""},{""level"":""h2"",""text"":""리딩에서 확인하는 핵심 포인트""},{""level"":""h2"",""text"":""리딩에서 정리되는 내용""},{""level"":""h2"",""text"":""질문을 이렇게 잡으면 더 선명해집니다""},{""level"":""h2"",""text"":""상대 마음 타로를 읽는 순서""},{""level"":""h2"",""text"":""읽을 때 꼭 기억할 점""},{""level"":""h3"",""text"":""겉으로 드러난 말과 실제 감정""},{""level"":""h3"",""text"":""행동이 말보다 늦어지는 이유""},{""level"":""h3"",""text"":""침묵과 관계의 간격""},{""level"":""h3"",""text"":""지금 다가가도 되는 속도""},{""level"":""h3"",""text"":""카드 결과를 현실에 적용하는 기준""},{""level"":""h3"",""text"":""차분한 상담을 위한 안내""},{""level"":""h2"",""text"":""자주 묻는 질문""},{""level"":""h1"",""text"":""상대 마음 타로, 말과 행동 사이의 온도 관계 간격 리딩""}]","4556","0","true","false","미확인","미확인","미확인","ko","true","B","false","[]","retain pending evidence review; no automatic deletion","미확인","미확인","미확인","미확인"
"https://code-destiny.com/tarot/mingri/","200","200","true","https://code-destiny.com/tarot/mingri/","🔮 명리학 타로 - 카드와 십성이 비추는 선택 리딩","[{""level"":""h1"",""text"":""🔮 명리학 타로""},{""level"":""h2"",""text"":""핵심 포인트""},{""level"":""h2"",""text"":""명리학 타로를 제대로 쓰는 6가지""},{""level"":""h3"",""text"":""1. 질문의 결이 리딩의 결을 엽니다""},{""level"":""h3"",""text"":""2. 한 장은 방향, 세 장은 맥락을 보여줍니다""},{""level"":""h3"",""text"":""3. 같은 카드도 맥락에 따라 전혀 다르게 읽힙니다""},{""level"":""h3"",""text"":""4. 불안한 카드가 나와도 결론은 행동 항목으로 마무리하세요""},{""level"":""h3"",""text"":""5. 연애·재회 리딩은 상대 규정보다 내 패턴 점검이 우선입니다""},{""level"":""h3"",""text"":""6. 기록을 남기면 카드의 반복 신호가 보입니다""},{""level"":""h2"",""text"":""핵심 운세""},{""level"":""h2"",""text"":""타로 리딩""},{""level"":""h2"",""text"":""신탁 & 특화""},{""level"":""h2"",""text"":""추천 가이드""},{""level"":""h2"",""text"":""디지털 운세 서비스 환불 안내""},{""level"":""h2"",""text"":""면책 고지""},{""level"":""h2"",""text"":""사업자 정보""}]","1405","0","true","false","미확인","미확인","미확인","ko","true","B","false","[]","retain pending evidence review; no automatic deletion","미확인","미확인","미확인","미확인"
"https://code-destiny.com/tarot/numerology/","200","200","true","https://code-destiny.com/tarot/numerology/","무료 수비학 타로 | 생명수·오늘수로 보는 5카드 리딩","[{""level"":""h2"",""text"":""숫자와 카드가 함께 비추는 오늘의 흐름""},{""level"":""h3"",""text"":""무엇을 살피나요""},{""level"":""h3"",""text"":""언제 참고하면 좋나요""},{""level"":""h3"",""text"":""입력값이 필요한 이유""},{""level"":""h3"",""text"":""해석은 이렇게 이어집니다""},{""level"":""h3"",""text"":""예시 리딩""},{""level"":""h3"",""text"":""생명수·오늘수·질문수는 이렇게 계산합니다""},{""level"":""h3"",""text"":""무료와 유료 범위는 어떻게 다른가요?""},{""level"":""h3"",""text"":""결과를 중요한 결정의 근거로 삼아도 되나요?""},{""level"":""h3"",""text"":""좋지 않은 카드가 나오면 운이 나쁜 건가요?""},{""level"":""h1"",""text"":""수비학 타로 상담""},{""level"":""h2"",""text"":""지금 가장 궁금한 이야기를 골라 주세요""}]","2198","0","true","false","미확인","미확인","미확인","ko","true","B","false","[]","retain pending evidence review; no automatic deletion","미확인","미확인","미확인","미확인"
"https://code-destiny.com/tarot/prompt-maker/","200","200","true","https://code-destiny.com/tarot/prompt-maker/","타로 오라클 상담 | Code Destiny","[{""level"":""h2"",""text"":""이어서 볼 만한 운세""},{""level"":""h1"",""text"":""질문을 올리고 → 카드를 열어 → AI 프롬프트로""},{""level"":""h2"",""text"":""마음 속 질문을 들려주세요""},{""level"":""h2"",""text"":""무엇을 정리하나요""},{""level"":""h2"",""text"":""어떻게 읽으면 좋나요""},{""level"":""h2"",""text"":""주의할 점""},{""level"":""h2"",""text"":""좋은 질문을 만드는 법""}]","1771","17","true","false","미확인","미확인","미확인","ko","true","B","false","[]","retain pending evidence review; no automatic deletion","미확인","미확인","미확인","미확인"
"https://code-destiny.com/tarot/reunion/","200","200","true","https://code-destiny.com/tarot/reunion/","재회 타로 리딩 | 다시 이어질 가능성과 거리","[{""level"":""h1"",""text"":""재회 타로 리딩""},{""level"":""h2"",""text"":""사용 방법""},{""level"":""h2"",""text"":""제공 결과""},{""level"":""h2"",""text"":""주의와 면책""},{""level"":""h2"",""text"":""관련 기능""},{""level"":""h2"",""text"":""자주 묻는 질문""},{""level"":""h2"",""text"":""핵심 운세""},{""level"":""h2"",""text"":""타로 리딩""},{""level"":""h2"",""text"":""신탁 & 특화""},{""level"":""h2"",""text"":""추천 가이드""},{""level"":""h2"",""text"":""디지털 운세 서비스 환불 안내""},{""level"":""h2"",""text"":""면책 고지""},{""level"":""h2"",""text"":""사업자 정보""}]","1144","0","true","false","미확인","미확인","미확인","ko","true","B","false","[]","retain pending evidence review; no automatic deletion","미확인","미확인","미확인","미확인"
"https://code-destiny.com/tarot/self-esteem/","200","200","true","https://code-destiny.com/tarot/self-esteem/","자기 기준 회복 타로 - 다시 내 편에 서는 5카드 리딩","[{""level"":""h2"",""text"":""자기 기준 회복 타로 — 다시 내 편에 서는 5카드 리딩""},{""level"":""h3"",""text"":""다섯 장이 각각 맡는 자리""},{""level"":""h3"",""text"":""이런 순간에 특히 도움이 됩니다""},{""level"":""h3"",""text"":""결과를 읽는 법""},{""level"":""h3"",""text"":""자주 묻는 질문""},{""level"":""h2"",""text"":""핵심 운세""},{""level"":""h2"",""text"":""타로 리딩""},{""level"":""h2"",""text"":""신탁 & 특화""},{""level"":""h2"",""text"":""추천 가이드""},{""level"":""h2"",""text"":""디지털 운세 서비스 환불 안내""},{""level"":""h2"",""text"":""면책 고지""},{""level"":""h2"",""text"":""사업자 정보""},{""level"":""h1"",""text"":""자기 기준 회복 타로""},{""level"":""h2"",""text"":""카드가 비추는 것""},{""level"":""h2"",""text"":""5단계 리딩 흐름""},{""level"":""h3"",""text"":""흔들림의 시작""},{""level"":""h3"",""text"":""거절 앞의 마음""},{""level"":""h3"",""text"":""소모되는 지점""},{""level"":""h3"",""text"":""나를 지키는 말""},{""level"":""h3"",""text"":""오늘의 기준""},{""level"":""h2"",""text"":""이런 분께 추천합니다""}]","2152","0","true","false","미확인","미확인","미확인","ko","true","B","false","[]","retain pending evidence review; no automatic deletion","미확인","미확인","미확인","미확인"
"https://code-destiny.com/tarot/year/","200","200","true","https://code-destiny.com/tarot/year/","십이지신 천운 타로 - 1년의 방향과 전환점","[{""level"":""h1"",""text"":""십이지신 천운 타로""},{""level"":""h2"",""text"":""핵심 포인트""},{""level"":""h2"",""text"":""1만원 상담에 담긴 내용""},{""level"":""h3"",""text"":""한 해 전체를 하나의 흐름으로""},{""level"":""h3"",""text"":""12개월과 8개 분야의 구체적인 리딩""},{""level"":""h3"",""text"":""저장하고 다시 꺼내 보는 결과""},{""level"":""h3"",""text"":""1월 · 문을 여는 달""},{""level"":""h3"",""text"":""2월 · 기반을 고르는 달""},{""level"":""h3"",""text"":""3월 · 첫 번째 상승의 달""},{""level"":""h3"",""text"":""4월 · 관계를 조율하는 달""},{""level"":""h3"",""text"":""5월 · 속도를 조절하는 달""},{""level"":""h3"",""text"":""6월 · 중간 전환의 달""},{""level"":""h3"",""text"":""7월 · 무대가 넓어지는 달""},{""level"":""h3"",""text"":""8월 · 내실을 다지는 달""},{""level"":""h3"",""text"":""9월 · 결과를 가려내는 달""},{""level"":""h3"",""text"":""10월 · 현실의 문을 여는 달""},{""level"":""h3"",""text"":""11월 · 마지막 조율의 달""},{""level"":""h3"",""text"":""12월 · 결실을 봉인하는 달""},{""level"":""h2"",""text"":""핵심 운세""},{""level"":""h2"",""text"":""타로 리딩""},{""level"":""h2"",""text"":""신탁 & 특화""},{""level"":""h2"",""text"":""추천 가이드""},{""level"":""h2"",""text"":""디지털 운세 서비스 환불 안내""},{""level"":""h2"",""text"":""면책 고지""},{""level"":""h2"",""text"":""사업자 정보""}]","1878","0","true","false","미확인","미확인","미확인","ko","true","B","false","[]","retain pending evidence review; no automatic deletion","미확인","미확인","미확인","미확인"
"https://code-destiny.com/terms","308","200","true","https://code-destiny.com/terms/","Terms of Service | 이용약관 — Code Destiny","[{""level"":""h1"",""text"":""이용약관""},{""level"":""h2"",""text"":""1. 약관의 목적 / Purpose""},{""level"":""h2"",""text"":""2. 적용 대상 및 동의 / Scope and Acceptance""},{""level"":""h2"",""text"":""3. 서비스 내용 / Service Description""},{""level"":""h2"",""text"":""4. 쿠키 및 제3자 광고 / Cookies and Third-Party Ads""},{""level"":""h2"",""text"":""5. 이용자 자격 및 책임 / Eligibility and User Responsibility""},{""level"":""h2"",""text"":""6. 금지행위 / Prohibited Conduct""},{""level"":""h2"",""text"":""7. 공정이용 및 비정상 이용 제한 / Fair Use and Restriction of Abnormal Use""},{""level"":""h2"",""text"":""8. 지식재산권 / Intellectual Property""},{""level"":""h2"",""text"":""9. 서비스 성격 및 한계 / Nature and Limitations""},{""level"":""h2"",""text"":""10. 면책 / Disclaimer""},{""level"":""h2"",""text"":""11. 책임 제한 / Limitation of Liability""},{""level"":""h2"",""text"":""12. 환불 및 청약철회 안내 / Refund and Withdrawal Guide""},{""level"":""h2"",""text"":""13. 무료 체험 및 유료 이용권 이용 / Free Trial and Paid Pass Use""},{""level"":""h2"",""text"":""14. 약관 변경 / Changes to Terms""},{""level"":""h2"",""text"":""15. 준거법 및 관할 / Governing Law and Jurisdiction""},{""level"":""h2"",""text"":""16. 문의 / Contact""}]","10113","10113","false","false","미확인","미확인","미확인","ko","false","D","true","[]","verify existing disposition","미확인","미확인","미확인","미확인"
"https://code-destiny.com/terms-of-service/","200","200","true","https://code-destiny.com/terms/","Terms of Service | 이용약관 — Code Destiny","[{""level"":""h1"",""text"":""이용약관""},{""level"":""h2"",""text"":""1. 약관의 목적 / Purpose""},{""level"":""h2"",""text"":""2. 적용 대상 및 동의 / Scope and Acceptance""},{""level"":""h2"",""text"":""3. 서비스 내용 / Service Description""},{""level"":""h2"",""text"":""4. 쿠키 및 제3자 광고 / Cookies and Third-Party Ads""},{""level"":""h2"",""text"":""5. 이용자 자격 및 책임 / Eligibility and User Responsibility""},{""level"":""h2"",""text"":""6. 금지행위 / Prohibited Conduct""},{""level"":""h2"",""text"":""7. 공정이용 및 비정상 이용 제한 / Fair Use and Restriction of Abnormal Use""},{""level"":""h2"",""text"":""8. 지식재산권 / Intellectual Property""},{""level"":""h2"",""text"":""9. 서비스 성격 및 한계 / Nature and Limitations""},{""level"":""h2"",""text"":""10. 면책 / Disclaimer""},{""level"":""h2"",""text"":""11. 책임 제한 / Limitation of Liability""},{""level"":""h2"",""text"":""12. 환불 및 청약철회 안내 / Refund and Withdrawal Guide""},{""level"":""h2"",""text"":""13. 무료 체험 및 유료 이용권 이용 / Free Trial and Paid Pass Use""},{""level"":""h2"",""text"":""14. 약관 변경 / Changes to Terms""},{""level"":""h2"",""text"":""15. 준거법 및 관할 / Governing Law and Jurisdiction""},{""level"":""h2"",""text"":""16. 문의 / Contact""}]","10113","10113","false","false","미확인","미확인","미확인","ko","false","B","false","[]","retain pending evidence review; no automatic deletion","미확인","미확인","미확인","미확인"
"https://code-destiny.com/terms/","200","200","true","https://code-destiny.com/terms/","Terms of Service | 이용약관 — Code Destiny","[{""level"":""h1"",""text"":""이용약관""},{""level"":""h2"",""text"":""1. 약관의 목적 / Purpose""},{""level"":""h2"",""text"":""2. 적용 대상 및 동의 / Scope and Acceptance""},{""level"":""h2"",""text"":""3. 서비스 내용 / Service Description""},{""level"":""h2"",""text"":""4. 쿠키 및 제3자 광고 / Cookies and Third-Party Ads""},{""level"":""h2"",""text"":""5. 이용자 자격 및 책임 / Eligibility and User Responsibility""},{""level"":""h2"",""text"":""6. 금지행위 / Prohibited Conduct""},{""level"":""h2"",""text"":""7. 공정이용 및 비정상 이용 제한 / Fair Use and Restriction of Abnormal Use""},{""level"":""h2"",""text"":""8. 지식재산권 / Intellectual Property""},{""level"":""h2"",""text"":""9. 서비스 성격 및 한계 / Nature and Limitations""},{""level"":""h2"",""text"":""10. 면책 / Disclaimer""},{""level"":""h2"",""text"":""11. 책임 제한 / Limitation of Liability""},{""level"":""h2"",""text"":""12. 환불 및 청약철회 안내 / Refund and Withdrawal Guide""},{""level"":""h2"",""text"":""13. 무료 체험 및 유료 이용권 이용 / Free Trial and Paid Pass Use""},{""level"":""h2"",""text"":""14. 약관 변경 / Changes to Terms""},{""level"":""h2"",""text"":""15. 준거법 및 관할 / Governing Law and Jurisdiction""},{""level"":""h2"",""text"":""16. 문의 / Contact""}]","10113","10113","false","false","미확인","미확인","미확인","ko","true","B","false","[]","retain pending evidence review; no automatic deletion","미확인","미확인","미확인","미확인"
"https://code-destiny.com/today/","200","200","true","https://code-destiny.com/today/","오늘의 운세 | 생년월일 운세로 보는 오늘 재물운·연애운","[{""level"":""h1"",""text"":""오늘의 운세""},{""level"":""h2"",""text"":""세 체계는 오늘을 어떻게 읽는가""},{""level"":""h3"",""text"":""사주 — 오늘의 일진이 내 일간에 만드는 결""},{""level"":""h3"",""text"":""숙요점 — 달이 머무는 27수와 내 본명수의 거리""},{""level"":""h3"",""text"":""베다점 — 실제 달의 위치로 세우는 판창가""},{""level"":""h2"",""text"":""오늘의 운세는 무엇을 읽는 것인가""},{""level"":""h3"",""text"":""이렇게 읽으면 도움이 됩니다""},{""level"":""h3"",""text"":""확인할 수 있는 것""},{""level"":""h2"",""text"":""별자리·띠로 보는 기간별 운세""},{""level"":""h3"",""text"":""별자리 12종 오늘의 운세""},{""level"":""h3"",""text"":""띠 12종 오늘의 운세""},{""level"":""h2"",""text"":""자주 묻는 질문""},{""level"":""h2"",""text"":""더 깊게 보기""},{""level"":""h2"",""text"":""여섯 체계를 교차 검증하는 초융합 심층 리딩""}]","4440","0","true","false","미확인","미확인","미확인","ko","true","B","false","[]","retain pending evidence review; no automatic deletion","미확인","미확인","미확인","미확인"
"https://code-destiny.com/vedic-ai/","200","200","true","https://code-destiny.com/vedic-ai/","베다 점성술 상담 · 나크샤트라·다샤 해석 | Code Destiny","[{""level"":""h2"",""text"":""베다점 전문가 상담""},{""level"":""h1"",""text"":""베다 점성술 전문가 상담 — 나크샤트라와 다샤의 흐름""},{""level"":""h2"",""text"":""이런 순간에 특히 도움이 됩니다""},{""level"":""h2"",""text"":""상담은 이렇게 진행됩니다""},{""level"":""h2"",""text"":""자주 묻는 질문""},{""level"":""h3"",""text"":""베다 점성술은 서양 점성술과 무엇이 다른가요?""},{""level"":""h3"",""text"":""나크샤트라는 무엇인가요?""},{""level"":""h3"",""text"":""다샤는 어떻게 활용되나요?""},{""level"":""h3"",""text"":""태어난 시간을 모르면 볼 수 없나요?""},{""level"":""h3"",""text"":""궁합을 볼 때도 나크샤트라를 쓰나요?""},{""level"":""h3"",""text"":""서양 점성술과 결과가 다르게 나오면 어떻게 받아들이면 되나요?""},{""level"":""h3"",""text"":""가족이나 자녀의 차트도 함께 볼 수 있나요?""},{""level"":""h2"",""text"":""이어서 볼 만한 운세""}]","2339","0","true","false","미확인","미확인","미확인","ko","true","B","false","[]","retain pending evidence review; no automatic deletion","미확인","미확인","미확인","미확인"
"https://code-destiny.com/vedic/","200","200","true","https://code-destiny.com/vedic/","베다점 사이트 | 무료 인도 점성술 라그나·나크샤트라·다샤","[{""level"":""h1"",""text"":""베다점 사이트 — 인도 베다 점성술(조티쉬) 무료 차트""},{""level"":""h2"",""text"":""사용 방법""},{""level"":""h2"",""text"":""제공 결과""},{""level"":""h2"",""text"":""사이더리얼 황도대와 아야남샤 — 별자리가 달라지는 이유""},{""level"":""h2"",""text"":""달의 나크샤트라 — 스물일곱 자리와 네 파다""},{""level"":""h2"",""text"":""빔쇼타리 다샤 — 120년 주기와 안타르다샤""},{""level"":""h2"",""text"":""27 나크샤트라 도감 — 자리별 해설""},{""level"":""h2"",""text"":""주의와 면책""},{""level"":""h2"",""text"":""관련 기능""},{""level"":""h2"",""text"":""자주 묻는 질문""},{""level"":""h2"",""text"":""핵심 운세""},{""level"":""h2"",""text"":""타로 리딩""},{""level"":""h2"",""text"":""신탁 & 특화""},{""level"":""h2"",""text"":""추천 가이드""},{""level"":""h2"",""text"":""디지털 운세 서비스 환불 안내""},{""level"":""h2"",""text"":""면책 고지""},{""level"":""h2"",""text"":""사업자 정보""}]","3234","0","true","false","미확인","미확인","미확인","ko","true","B","false","[]","retain pending evidence review; no automatic deletion","미확인","미확인","미확인","미확인"
"https://code-destiny.com/vedic/guide/","200","200","true","https://code-destiny.com/vedic/guide/","베다 점성술 기본 구조 | Code Destiny","[{""level"":""h1"",""text"":""베다 점성술 기본 구조""},{""level"":""h2"",""text"":""베다 점성술이 살피는 것""},{""level"":""h2"",""text"":""필요한 입력값""},{""level"":""h2"",""text"":""어떤 때 참고하면 좋은가""},{""level"":""h2"",""text"":""무료와 유료 범위""},{""level"":""h2"",""text"":""해석 흐름""},{""level"":""h2"",""text"":""결과에서 확인할 수 있는 항목""},{""level"":""h2"",""text"":""짧은 예시 리딩""},{""level"":""h2"",""text"":""해석 시 주의할 점""},{""level"":""h2"",""text"":""베다 점성술은 서양 점성술과 무엇이 다른가요?""},{""level"":""h2"",""text"":""출생시간이 왜 중요한가요?""},{""level"":""h2"",""text"":""다샤가 힘들게 나오면 조심해야 하나요?""},{""level"":""h2"",""text"":""내 나크샤트라부터 짚어 보세요""},{""level"":""h2"",""text"":""핵심 운세""},{""level"":""h2"",""text"":""타로 리딩""},{""level"":""h2"",""text"":""신탁 & 특화""},{""level"":""h2"",""text"":""추천 가이드""},{""level"":""h2"",""text"":""디지털 운세 서비스 환불 안내""},{""level"":""h2"",""text"":""면책 고지""},{""level"":""h2"",""text"":""사업자 정보""}]","1492","0","true","true","{""@type"":""Person"",""@id"":""https://code-destiny.com/#author"",""name"":""박병하"",""jobTitle"":""명리학자"",""description"":""10년 경력의 명리학자. Code Destiny 가 공개하는 사주·운세 콘텐츠의 최종 검수 책임자입니다."",""knowsAbout"":[""사주"",""명리학"",""만세력"",""자미두수"",""숙요점""],""url"":""https://code-destiny.com/about"",""worksFor"":{""@type"":""Organization"",""@id"":""https://code-destiny.com/#organization"",""name"":""CODE DESTINY""}}","2026-06-21","2026-09-06","ko","true","B","false","[""editorial-review-required""]","retain pending evidence review; no automatic deletion","미확인","미확인","미확인","미확인"
"https://code-destiny.com/vedic/jyotish/","200","200","true","https://code-destiny.com/vedic/jyotish/","조티쉬 차트 보는 곳 | 무료 라그나·라시·다샤 계산","[{""level"":""h1"",""text"":""조티쉬 차트 (Jyotish) — 라그나·라시·다샤""},{""level"":""h2"",""text"":""핵심 포인트""},{""level"":""h2"",""text"":""베다점 핵심 개념 6가지""},{""level"":""h3"",""text"":""1. 라그나, Lagna는 삶이 시작되는 문입니다""},{""level"":""h3"",""text"":""2. 라시, Rashi는 그라하가 놓인 별자리의 무대입니다""},{""level"":""h3"",""text"":""3. 그라하, Graha는 삶의 힘을 움직이는 행성 신호입니다""},{""level"":""h3"",""text"":""4. 바바, Bhava는 삶을 12개 영역으로 나누어 봅니다""},{""level"":""h3"",""text"":""5. 나크샤트라, Nakshatra는 달의 길을 세밀하게 비춥니다""},{""level"":""h3"",""text"":""6. 다샤, Dasha는 행성의 시기를 읽는 흐름입니다""},{""level"":""h2"",""text"":""핵심 운세""},{""level"":""h2"",""text"":""타로 리딩""},{""level"":""h2"",""text"":""신탁 & 특화""},{""level"":""h2"",""text"":""추천 가이드""},{""level"":""h2"",""text"":""디지털 운세 서비스 환불 안내""},{""level"":""h2"",""text"":""면책 고지""},{""level"":""h2"",""text"":""사업자 정보""}]","1483","0","true","false","미확인","미확인","미확인","ko","true","B","false","[]","retain pending evidence review; no automatic deletion","미확인","미확인","미확인","미확인"
"https://code-destiny.com/world/","200","200","true","https://code-destiny.com/world/","연이와 네오 — 꿀꿀 운세 캐릭터·세계관 소개","[{""level"":""h1"",""text"":""캐릭터와 세계관""},{""level"":""h2"",""text"":""한 장의 운명 카드에서 시작된 세계""},{""level"":""h2"",""text"":""인물""},{""level"":""h3"",""text"":""연이""},{""level"":""h3"",""text"":""네오""},{""level"":""h3"",""text"":""서한비""},{""level"":""h2"",""text"":""장소""},{""level"":""h2"",""text"":""세계관이 닿는 곳""},{""level"":""h2"",""text"":""핵심 운세""},{""level"":""h2"",""text"":""타로 리딩""},{""level"":""h2"",""text"":""신탁 & 특화""},{""level"":""h2"",""text"":""추천 가이드""},{""level"":""h2"",""text"":""디지털 운세 서비스 환불 안내""},{""level"":""h2"",""text"":""면책 고지""},{""level"":""h2"",""text"":""사업자 정보""}]","1642","0","true","false","미확인","미확인","미확인","ko","true","B","false","[]","retain pending evidence review; no automatic deletion","미확인","미확인","미확인","미확인"
"https://code-destiny.com/yeon-star-hug/","200","200","true","https://code-destiny.com/yeon-star-hug/","연이 별빛 상담 | Code Destiny","[{""level"":""h1"",""text"":""연이의 마음 별자리""},{""level"":""h2"",""text"":""이어서 볼 만한 운세""}]","1818","0","true","false","미확인","미확인","미확인","ko","true","B","false","[]","retain pending evidence review; no automatic deletion","미확인","미확인","미확인","미확인"
"https://code-destiny.com/zh-tw/","200","200","true","https://code-destiny.com/zh-tw/","CODE DESTINY | 免費四柱八字·塔羅·紫微斗數·合婚 — 運勢","[{""level"":""h2"",""text"":""🌸 命運之花工坊""},{""level"":""h3"",""text"":""蓮花""},{""level"":""h2"",""text"":""重新相信自己標準的塔羅""},{""level"":""h3"",""text"":""5張牌牌陣 · 從看人臉色到恢復自己的標準""},{""level"":""h2"",""text"":""自我標準恢復解讀""},{""level"":""h2"",""text"":""如月光般寧靜的 Cookie 提示""},{""level"":""h1"",""text"":""從今日運勢開始 用六種視角探索融合運勢""},{""level"":""h2"",""text"":""免費立即開始""},{""level"":""h2"",""text"":""搜尋全部服務""},{""level"":""h2"",""text"":""找到你需要的服務""},{""level"":""h2"",""text"":""今日運勢""},{""level"":""h2"",""text"":""運氣與日子的日記， 以及我的運勢規劃表""},{""level"":""h2"",""text"":""現在你最想知道的是什麼？""},{""level"":""h2"",""text"":""從今日的一句話 到六大體系的深度解讀""},{""level"":""h2"",""text"":""精選運命諮詢""},{""level"":""h2"",""text"":""CODE DESTINY 專家的獨特體驗""},{""level"":""h2"",""text"":""Kakao分享活動""},{""level"":""h3"",""text"":""兩次5,000韓元的解讀,已經比9,900韓元的使用權更貴""},{""level"":""h2"",""text"":""繼續探索""},{""level"":""h2"",""text"":""使用者評價""},{""level"":""h2"",""text"":""四柱八字·塔羅·運勢的解讀方法""},{""level"":""h3"",""text"":""四柱八字·萬年曆""},{""level"":""h3"",""text"":""塔羅解讀""},{""level"":""h3"",""text"":""紫微斗數""},{""level"":""h3"",""text"":""占星術（西洋·吠陀）""},{""level"":""h3"",""text"":""宿曜占星""},{""level"":""h3"",""text"":""合盤""},{""level"":""h2"",""text"":""用八字讀懂此刻的流向""},{""level"":""h2"",""text"":""為什麼選擇 Code Destiny""},{""level"":""h2"",""text"":""所有占卜之門都在這裡""},{""level"":""h2"",""text"":""選擇适合你的占卜""},{""level"":""h2"",""text"":""邀你一起打造這項服務。""},{""level"":""h3"",""text"":""動物與面相合集""},{""level"":""h2"",""text"":""冥想合集""},{""level"":""h2"",""text"":""塔羅解讀合集""},{""level"":""h3"",""text"":""神諭與佔術合集""},{""level"":""h3"",""text"":""宇宙與星座合集""},{""level"":""h3"",""text"":""命運之花與夢境合集""},{""level"":""h3"",""text"":""VVIP命運書庫""},{""level"":""h3"",""text"":""其他佔術合集""},{""level"":""h2"",""text"":""让你的运程在月光下更加温柔地流动""},{""level"":""h2"",""text"":""無意識的魔法商店：夢境塔羅""},{""level"":""h3"",""text"":""夢境塔羅""},{""level"":""h2"",""text"":""精神分析夢報告""},{""level"":""h2"",""text"":""玳瑁 - 天象""},{""level"":""h3"",""text"":""需要命運卡""},{""level"":""h3"",""text"":""需要出生資訊""},{""level"":""h3"",""text"":""西洋占星出生星盤""},{""level"":""h3"",""text"":""需要命運卡""},{""level"":""h2"",""text"":""我們對彼此來說是什麼？""},{""level"":""h3"",""text"":""依序開啟卡片，感受感情的溫度。""},{""level"":""h2"",""text"":""我們之間的溫度與步伐""},{""level"":""h2"",""text"":""在再次到達之前，應該保護什麼？""},{""level"":""h3"",""text"":""依序開啟燈塔梁，從餘溫到要守的邊界。""},{""level"":""h2"",""text"":""關係恢復燈塔閱讀""},{""level"":""h2"",""text"":""用十二張牌開啟一年的方向""},{""level"":""h3"",""text"":""開啟十二張月卡""},{""level"":""h2"",""text"":""十二生肖天運塔羅 · 一年的方向書""},{""level"":""h3"",""text"":""一月詳細運勢""},{""level"":""h2"",""text"":""守護動物的訊息""},{""level"":""h2"",""text"":""基美的神諭""},{""level"":""h3"",""text"":""十二主神黃金神諭""},{""level"":""h2"",""text"":""將應用程式加入主畫面""},{""level"":""h2"",""text"":""""},{""level"":""h3"",""text"":""白光與黑光的太極照亮命盤中心。""},{""level"":""h3"",""text"":""今日宇宙生活指南""},{""level"":""h3"",""text"":""四柱命盤 FREE""},{""level"":""h3"",""text"":""""},{""level"":""h2"",""text"":""解讀命運大流的深度解析2種組合""},{""level"":""h3"",""text"":""大文分析""},{""level"":""h3"",""text"":""完整的 saju 閱讀""},{""level"":""h3"",""text"":""相容性分析""},{""level"":""h3"",""text"":""大運 — 抑扶、調候、從格綜合判斷 PREMIUM""},{""level"":""h3"",""text"":""綜合四柱解讀 PREMIUM""},{""level"":""h3"",""text"":""今日運勢與本月運勢""},{""level"":""h3"",""text"":""查看合盤（戀愛 · 事業 · 朋友） PREMIUM""},{""level"":""h3"",""text"":""哪位名人是我的靈魂雙胞胎？""},{""level"":""h3"",""text"":""Saju 四切：命運過濾器""},{""level"":""h3"",""text"":""🧠 我是多巴胺成癮者嗎？""},{""level"":""h3"",""text"":""有趣的沙劇內容""},{""level"":""h3"",""text"":""⚡ 量子命理策略報告 — 專業 v3 判定""},{""level"":""h3"",""text"":""💀 重點警惕反派黑名單""},{""level"":""h3"",""text"":""🎮 四柱 RPG 角色 — 命運職業表""},{""level"":""h3"",""text"":""🧭 能量遠征報告 — 四柱能量座標""},{""level"":""h3"",""text"":""命理健康報告""},{""level"":""h3"",""text"":""🎱 量子樂透報告 — 數理能量共鳴號碼""},{""level"":""h3"",""text"":""𓂀 古埃及神諭 (Eye of Horus)""},{""level"":""h3"",""text"":""🧬 用四柱看 Teto VS Egen 測試""},{""level"":""h3"",""text"":""The Frozen Logic — 極T測試""},{""level"":""h2"",""text"":""人生之書專家諮詢""},{""level"":""h2"",""text"":""戀愛祕策專家諮詢""},{""level"":""h2"",""text"":""新年運勢專家諮詢""},{""level"":""h2"",""text"":""Sibyl 系統""},{""level"":""h2"",""text"":""⚡ 命運掃描儀""},{""level"":""h3"",""text"":""💖 妍伊的信""},{""level"":""h3"",""text"":""📤 分享四柱结果""},{""level"":""h2"",""text"":""ESFJ 與其他 MBTI 配對""}]","8490","8490","false","false","미확인","미확인","미확인","zh-TW","true","B","false","[]","retain pending evidence review; no automatic deletion","미확인","미확인","미확인","미확인"
"https://code-destiny.com/zh-tw/insights/","200","200","true","https://code-destiny.com/zh-tw/insights/","命理探索文章 | Code Destiny","[{""level"":""h1"",""text"":""命理探索文章""},{""level"":""h2"",""text"":""紫微斗數入門指南：命盤閱讀順序""},{""level"":""h2"",""text"":""宿曜關係解讀：衝突模式怎麼看""},{""level"":""h2"",""text"":""繁體中文頁面""},{""level"":""h2"",""text"":""核心運勢""},{""level"":""h2"",""text"":""塔羅解讀""},{""level"":""h2"",""text"":""神諭與特色占卜""},{""level"":""h2"",""text"":""推薦指南""},{""level"":""h2"",""text"":""數位運勢服務退款說明""},{""level"":""h2"",""text"":""免責聲明""},{""level"":""h2"",""text"":""營業人資訊""}]","285","0","true","false","미확인","미확인","미확인","zh-TW","true","B","false","[]","retain pending evidence review; no automatic deletion","미확인","미확인","미확인","미확인"
"https://code-destiny.com/zh-tw/insights/sukuyo-basics-tw/","200","200","true","https://code-destiny.com/zh-tw/insights/sukuyo-basics-tw/","宿曜關係解讀：衝突模式怎麼看","[{""level"":""h1"",""text"":""宿曜基礎：關係衝突與修復節奏""},{""level"":""h2"",""text"":""常見問題""},{""level"":""h2"",""text"":""繁體中文頁面""},{""level"":""h2"",""text"":""核心運勢""},{""level"":""h2"",""text"":""塔羅解讀""},{""level"":""h2"",""text"":""神諭與特色占卜""},{""level"":""h2"",""text"":""推薦指南""},{""level"":""h2"",""text"":""數位運勢服務退款說明""},{""level"":""h2"",""text"":""免責聲明""},{""level"":""h2"",""text"":""營業人資訊""}]","867","0","true","true","미확인","미확인","미확인","zh-TW","true","B","false","[""editorial-review-required""]","retain pending evidence review; no automatic deletion","미확인","미확인","미확인","미확인"
"https://code-destiny.com/zh-tw/insights/ziwei-basics-tw/","200","200","true","https://code-destiny.com/zh-tw/insights/ziwei-basics-tw/","紫微斗數入門指南：命盤閱讀順序","[{""level"":""h1"",""text"":""紫微斗數入門：從宮位開始讀命盤""},{""level"":""h2"",""text"":""常見問題""},{""level"":""h2"",""text"":""繁體中文頁面""},{""level"":""h2"",""text"":""核心運勢""},{""level"":""h2"",""text"":""塔羅解讀""},{""level"":""h2"",""text"":""神諭與特色占卜""},{""level"":""h2"",""text"":""推薦指南""},{""level"":""h2"",""text"":""數位運勢服務退款說明""},{""level"":""h2"",""text"":""免責聲明""},{""level"":""h2"",""text"":""營業人資訊""}]","875","0","true","true","미확인","미확인","미확인","zh-TW","true","B","false","[""editorial-review-required""]","retain pending evidence review; no automatic deletion","미확인","미확인","미확인","미확인"
"https://code-destiny.com/zh-tw/privacy-policy/","200","200","true","https://code-destiny.com/zh-tw/privacy-policy/","隱私權政策 | Code Destiny","[{""level"":""h1"",""text"":""隱私權政策""},{""level"":""h2"",""text"":""1. 基本原則""},{""level"":""h2"",""text"":""2. 蒐集項目與使用目的""},{""level"":""h2"",""text"":""3. 自動處理之資訊""},{""level"":""h2"",""text"":""4. Cookie、廣告識別碼及 Google AdSense 告知""},{""level"":""h2"",""text"":""5. 第三方提供與處理委託""},{""level"":""h2"",""text"":""6. 保存期限""},{""level"":""h2"",""text"":""7. 使用者權利""},{""level"":""h2"",""text"":""8. 兒童個人資料""},{""level"":""h2"",""text"":""9. 敏感解讀與廣告定向""},{""level"":""h2"",""text"":""10. 安全措施""},{""level"":""h2"",""text"":""11. 政策變更""},{""level"":""h2"",""text"":""12. 個人資料相關詢問""},{""level"":""h2"",""text"":""繁體中文頁面""},{""level"":""h2"",""text"":""核心運勢""},{""level"":""h2"",""text"":""塔羅解讀""},{""level"":""h2"",""text"":""神諭與特色占卜""},{""level"":""h2"",""text"":""推薦指南""},{""level"":""h2"",""text"":""數位運勢服務退款說明""},{""level"":""h2"",""text"":""免責聲明""},{""level"":""h2"",""text"":""營業人資訊""}]","2422","0","true","false","미확인","미확인","미확인","zh-TW","true","B","false","[]","retain pending evidence review; no automatic deletion","미확인","미확인","미확인","미확인"
"https://code-destiny.com/zh-tw/refund-policy/","200","200","true","https://code-destiny.com/zh-tw/refund-policy/","退款與撤回政策 | Code Destiny","[{""level"":""h1"",""text"":""退款與撤回政策""},{""level"":""h2"",""text"":""退款與撤回政策""},{""level"":""h2"",""text"":""如何閱讀本頁""},{""level"":""h2"",""text"":""參考：給台灣讀者的說明""},{""level"":""h2"",""text"":""繁體中文頁面""},{""level"":""h2"",""text"":""核心運勢""},{""level"":""h2"",""text"":""塔羅解讀""},{""level"":""h2"",""text"":""神諭與特色占卜""},{""level"":""h2"",""text"":""推薦指南""},{""level"":""h2"",""text"":""數位運勢服務退款說明""},{""level"":""h2"",""text"":""免責聲明""},{""level"":""h2"",""text"":""營業人資訊""}]","1510","0","true","false","미확인","미확인","미확인","zh-TW","true","B","false","[]","retain pending evidence review; no automatic deletion","미확인","미확인","미확인","미확인"
"https://code-destiny.com/zh-tw/sukuyo/","200","200","true","https://code-destiny.com/zh-tw/sukuyo/","宿曜關係解讀 | 27宿相性流向","[{""level"":""h1"",""text"":""宿曜相性與關係解讀""},{""level"":""h2"",""text"":""核心要點""},{""level"":""h2"",""text"":""推薦服務""},{""level"":""h2"",""text"":""相關連結""},{""level"":""h2"",""text"":""常見問題""},{""level"":""h2"",""text"":""繁體中文頁面""},{""level"":""h2"",""text"":""核心運勢""},{""level"":""h2"",""text"":""塔羅解讀""},{""level"":""h2"",""text"":""神諭與特色占卜""},{""level"":""h2"",""text"":""推薦指南""},{""level"":""h2"",""text"":""數位運勢服務退款說明""},{""level"":""h2"",""text"":""免責聲明""},{""level"":""h2"",""text"":""營業人資訊""}]","616","0","true","false","미확인","미확인","미확인","zh-TW","true","B","false","[]","retain pending evidence review; no automatic deletion","미확인","미확인","미확인","미확인"
"https://code-destiny.com/zh-tw/terms-of-service/","200","200","true","https://code-destiny.com/zh-tw/terms-of-service/","服務條款 | Code Destiny","[{""level"":""h1"",""text"":""服務條款""},{""level"":""h2"",""text"":""1. 條款目的""},{""level"":""h2"",""text"":""2. 適用範圍與同意""},{""level"":""h2"",""text"":""3. 服務內容""},{""level"":""h2"",""text"":""4. Cookie 與第三方廣告""},{""level"":""h2"",""text"":""5. 使用資格與使用者責任""},{""level"":""h2"",""text"":""6. 禁止行為""},{""level"":""h2"",""text"":""7. 公平使用與異常使用限制""},{""level"":""h2"",""text"":""8. 智慧財產權""},{""level"":""h2"",""text"":""9. 服務性質與限制""},{""level"":""h2"",""text"":""10. 免責聲明""},{""level"":""h2"",""text"":""11. 責任限制""},{""level"":""h2"",""text"":""12. 退款與撤回指引""},{""level"":""h2"",""text"":""13. 免費試用與付費通行證之使用""},{""level"":""h2"",""text"":""14. 條款變更""},{""level"":""h2"",""text"":""15. 準據法與管轄""},{""level"":""h2"",""text"":""16. 聯絡方式""},{""level"":""h2"",""text"":""繁體中文頁面""},{""level"":""h2"",""text"":""核心運勢""},{""level"":""h2"",""text"":""塔羅解讀""},{""level"":""h2"",""text"":""神諭與特色占卜""},{""level"":""h2"",""text"":""推薦指南""},{""level"":""h2"",""text"":""數位運勢服務退款說明""},{""level"":""h2"",""text"":""免責聲明""},{""level"":""h2"",""text"":""營業人資訊""}]","3718","0","true","false","미확인","미확인","미확인","zh-TW","true","B","false","[]","retain pending evidence review; no automatic deletion","미확인","미확인","미확인","미확인"
"https://code-destiny.com/zh-tw/today/","200","200","true","https://code-destiny.com/zh-tw/today/","今日運勢免費查看 | 情緒、關係與時機","[{""level"":""h1"",""text"":""今日運勢""},{""level"":""h2"",""text"":""核心要點""},{""level"":""h2"",""text"":""推薦服務""},{""level"":""h2"",""text"":""相關連結""},{""level"":""h2"",""text"":""常見問題""},{""level"":""h2"",""text"":""繁體中文頁面""},{""level"":""h2"",""text"":""核心運勢""},{""level"":""h2"",""text"":""塔羅解讀""},{""level"":""h2"",""text"":""神諭與特色占卜""},{""level"":""h2"",""text"":""推薦指南""},{""level"":""h2"",""text"":""數位運勢服務退款說明""},{""level"":""h2"",""text"":""免責聲明""},{""level"":""h2"",""text"":""營業人資訊""}]","592","0","true","false","미확인","미확인","미확인","zh-TW","true","B","false","[]","retain pending evidence review; no automatic deletion","미확인","미확인","미확인","미확인"
"https://code-destiny.com/zh-tw/ziwei/","200","200","true","https://code-destiny.com/zh-tw/ziwei/","紫微斗數免費解讀 | 命盤與十二宮流向","[{""level"":""h1"",""text"":""紫微斗數命盤解讀""},{""level"":""h2"",""text"":""核心要點""},{""level"":""h2"",""text"":""推薦服務""},{""level"":""h2"",""text"":""相關連結""},{""level"":""h2"",""text"":""常見問題""},{""level"":""h2"",""text"":""繁體中文頁面""},{""level"":""h2"",""text"":""核心運勢""},{""level"":""h2"",""text"":""塔羅解讀""},{""level"":""h2"",""text"":""神諭與特色占卜""},{""level"":""h2"",""text"":""推薦指南""},{""level"":""h2"",""text"":""數位運勢服務退款說明""},{""level"":""h2"",""text"":""免責聲明""},{""level"":""h2"",""text"":""營業人資訊""}]","621","0","true","false","미확인","미확인","미확인","zh-TW","true","B","false","[]","retain pending evidence review; no automatic deletion","미확인","미확인","미확인","미확인"
"https://code-destiny.com/zh/","200","200","true","https://code-destiny.com/zh/","CODE DESTINY | 免费四柱八字·塔罗·紫微斗数·合婚 — 每日运势","[{""level"":""h2"",""text"":""🌸 命运之花工坊""},{""level"":""h3"",""text"":""莲花""},{""level"":""h2"",""text"":""重新相信自己标准的塔罗""},{""level"":""h3"",""text"":""5张牌牌阵 · 从看人脸色到恢复自己的标准""},{""level"":""h2"",""text"":""自我标准恢复解读""},{""level"":""h2"",""text"":""如月光般静谧的 Cookie 通知""},{""level"":""h1"",""text"":""从今日运势开始 用六种视角探索融合运势""},{""level"":""h2"",""text"":""免费立即开始""},{""level"":""h2"",""text"":""搜索全部服务""},{""level"":""h2"",""text"":""找到你需要的服务""},{""level"":""h2"",""text"":""今日运势""},{""level"":""h2"",""text"":""运气与日子的日记， 以及我的运势规划表""},{""level"":""h2"",""text"":""现在你最想知道的是什么？""},{""level"":""h2"",""text"":""从今日的一句话 到六大体系的深度解读""},{""level"":""h2"",""text"":""精选运命咨询""},{""level"":""h2"",""text"":""CODE DESTINY 专家的独特体验""},{""level"":""h2"",""text"":""Kakao分享活动""},{""level"":""h3"",""text"":""两次5,000韩元的解读,已经比9,900韩元的使用权更贵""},{""level"":""h2"",""text"":""继续探索""},{""level"":""h2"",""text"":""用户评价""},{""level"":""h2"",""text"":""四柱八字·塔罗·运势的解读方法""},{""level"":""h3"",""text"":""四柱八字·万年历""},{""level"":""h3"",""text"":""塔罗解读""},{""level"":""h3"",""text"":""紫微斗数""},{""level"":""h3"",""text"":""占星术（西洋·吠陀）""},{""level"":""h3"",""text"":""宿曜占星""},{""level"":""h3"",""text"":""合盘""},{""level"":""h2"",""text"":""用八字读懂此刻的流向""},{""level"":""h2"",""text"":""为什么选择 Code Destiny""},{""level"":""h2"",""text"":""所有占卜之门都在这里""},{""level"":""h2"",""text"":""选择适合你的占卜""},{""level"":""h2"",""text"":""邀你一起打造这项服务。""},{""level"":""h3"",""text"":""动物与面相合集""},{""level"":""h2"",""text"":""冥想合集""},{""level"":""h2"",""text"":""塔罗解读合集""},{""level"":""h3"",""text"":""神谕与占术合集""},{""level"":""h3"",""text"":""宇宙与星座合集""},{""level"":""h3"",""text"":""命运之花与梦境合集""},{""level"":""h3"",""text"":""VVIP命运书库""},{""level"":""h3"",""text"":""其他占术合集""},{""level"":""h2"",""text"":""让你的运程在月光下更加温柔地流动""},{""level"":""h2"",""text"":""无意识的魔法商店：梦境塔罗""},{""level"":""h3"",""text"":""梦境塔罗""},{""level"":""h2"",""text"":""精神分析梦报告""},{""level"":""h2"",""text"":""龟甲 - 天象""},{""level"":""h3"",""text"":""需要命运卡""},{""level"":""h3"",""text"":""需要出生信息""},{""level"":""h3"",""text"":""西洋占星出生星盘""},{""level"":""h3"",""text"":""需要命运卡""},{""level"":""h2"",""text"":""我们对彼此来说是什么？""},{""level"":""h3"",""text"":""按顺序打开卡片，感受感情的温度。""},{""level"":""h2"",""text"":""我们之间的温度和步伐""},{""level"":""h2"",""text"":""在再次到达之前，应该保护什么？""},{""level"":""h3"",""text"":""按顺序打开灯塔梁，从余温到要守的边界。""},{""level"":""h2"",""text"":""关系恢复灯塔阅读""},{""level"":""h2"",""text"":""用十二张牌打开一年的方向""},{""level"":""h3"",""text"":""打开十二张月卡""},{""level"":""h2"",""text"":""十二生肖天运塔罗 · 一年的方向书""},{""level"":""h3"",""text"":""一月详细运势""},{""level"":""h2"",""text"":""守护动物的讯息""},{""level"":""h2"",""text"":""基美的神谕""},{""level"":""h3"",""text"":""十二主神黄金神谕""},{""level"":""h2"",""text"":""把应用添加到主屏幕""},{""level"":""h2"",""text"":""""},{""level"":""h3"",""text"":""白光与黑光的太极照亮命盘中心。""},{""level"":""h3"",""text"":""今日宇宙生活指南""},{""level"":""h3"",""text"":""四柱命盘 FREE""},{""level"":""h3"",""text"":""""},{""level"":""h2"",""text"":""解读命运大流的深度解析2种组合""},{""level"":""h3"",""text"":""大文分析""},{""level"":""h3"",""text"":""完整的 saju 阅读""},{""level"":""h3"",""text"":""兼容性分析""},{""level"":""h3"",""text"":""大运 — 抑扶、调候、从格综合判断 PREMIUM""},{""level"":""h3"",""text"":""综合四柱解读 PREMIUM""},{""level"":""h3"",""text"":""今日运势与本月运势""},{""level"":""h3"",""text"":""查看合盘（恋爱 · 事业 · 朋友） PREMIUM""},{""level"":""h3"",""text"":""哪位名人是我的灵魂双胞胎？""},{""level"":""h3"",""text"":""Saju 四切：命运过滤器""},{""level"":""h3"",""text"":""🧠 我是多巴胺成瘾者吗？""},{""level"":""h3"",""text"":""有趣的沙剧内容""},{""level"":""h3"",""text"":""⚡ 量子命理策略报告 — 专业 v3 判定""},{""level"":""h3"",""text"":""💀 重点警惕反派黑名单""},{""level"":""h3"",""text"":""🎮 四柱 RPG 角色 — 命运职业表""},{""level"":""h3"",""text"":""🧭 能量远征报告 — 四柱能量坐标""},{""level"":""h3"",""text"":""命理健康报告""},{""level"":""h3"",""text"":""🎱 量子乐透报告 — 数理能量共鸣号码""},{""level"":""h3"",""text"":""𓂀 古埃及神谕 (Eye of Horus)""},{""level"":""h3"",""text"":""🧬 用四柱看 Teto VS Egen 测试""},{""level"":""h3"",""text"":""The Frozen Logic — 极T测试""},{""level"":""h2"",""text"":""人生之书专家咨询""},{""level"":""h2"",""text"":""恋爱秘策专家咨询""},{""level"":""h2"",""text"":""新年运势专家咨询""},{""level"":""h2"",""text"":""Sibyl 系统""},{""level"":""h2"",""text"":""⚡ 命运扫描仪""},{""level"":""h3"",""text"":""💖 妍伊的信""},{""level"":""h3"",""text"":""📤 分享四柱结果""},{""level"":""h2"",""text"":""ESFJ 与其他 MBTI 配对""}]","8486","8486","false","false","미확인","미확인","미확인","zh-CN","true","B","false","[]","retain pending evidence review; no automatic deletion","미확인","미확인","미확인","미확인"
"https://code-destiny.com/zh/about/","200","200","true","https://code-destiny.com/zh/about/","关于 CODE DESTINY｜命理解读、AI咨询与内容制作原则","[{""level"":""h1"",""text"":""关于 CODE DESTINY""},{""level"":""h2"",""text"":""尊重不同体系的前提""},{""level"":""h2"",""text"":""占星与塔罗各自的视角""},{""level"":""h2"",""text"":""计算与AI分别做什么""},{""level"":""h2"",""text"":""谁对内容负责""},{""level"":""h2"",""text"":""让世界观服务于理解""},{""level"":""h2"",""text"":""如何使用这些内容""},{""level"":""h2"",""text"":""联系我们""},{""level"":""h2"",""text"":""简体中文页面""},{""level"":""h2"",""text"":""核心运势""},{""level"":""h2"",""text"":""塔罗解读""},{""level"":""h2"",""text"":""神谕与特色占卜""},{""level"":""h2"",""text"":""推荐指南""},{""level"":""h2"",""text"":""数字运势服务退款说明""},{""level"":""h2"",""text"":""免责声明""},{""level"":""h2"",""text"":""企业信息""}]","798","0","true","false","미확인","미확인","미확인","zh-CN","true","B","false","[]","retain pending evidence review; no automatic deletion","미확인","미확인","미확인","미확인"
"https://code-destiny.com/zh/astrology/","200","200","true","https://code-destiny.com/zh/astrology/","西洋占星术出生图入门｜太阳、月亮、宫位与相位","[{""level"":""h1"",""text"":""用西洋出生图认识不同情境中的自己""},{""level"":""h2"",""text"":""出生图不只有太阳星座""},{""level"":""h2"",""text"":""宫位与相位的通俗理解""},{""level"":""h2"",""text"":""确认时间与地点""},{""level"":""h2"",""text"":""让配置增加选择而不是限制选择""},{""level"":""h2"",""text"":""公开说明与个人解读的使用范围""},{""level"":""h2"",""text"":""常见问题""},{""level"":""h3"",""text"":""结果与自己的经历不符怎么办？""},{""level"":""h2"",""text"":""简体中文页面""},{""level"":""h2"",""text"":""核心运势""},{""level"":""h2"",""text"":""塔罗解读""},{""level"":""h2"",""text"":""神谕与特色占卜""},{""level"":""h2"",""text"":""推荐指南""},{""level"":""h2"",""text"":""数字运势服务退款说明""},{""level"":""h2"",""text"":""免责声明""},{""level"":""h2"",""text"":""企业信息""}]","905","0","true","false","미확인","미확인","미확인","zh-CN","true","B","false","[]","retain pending evidence review; no automatic deletion","미확인","미확인","미확인","미확인"
"https://code-destiny.com/zh/contact/","200","200","true","https://code-destiny.com/zh/contact/","联系 CODE DESTINY｜使用咨询、故障反馈与内容更正","[{""level"":""h1"",""text"":""联系我们""},{""level"":""h2"",""text"":""建议提供哪些信息""},{""level"":""h2"",""text"":""支付后没有显示结果""},{""level"":""h2"",""text"":""不要通过邮件发送敏感信息""},{""level"":""h2"",""text"":""反馈翻译与知识性问题""},{""level"":""h2"",""text"":""发送前的最后检查""},{""level"":""h2"",""text"":""联系渠道的用途""},{""level"":""h2"",""text"":""联系我们""},{""level"":""h2"",""text"":""简体中文页面""},{""level"":""h2"",""text"":""核心运势""},{""level"":""h2"",""text"":""塔罗解读""},{""level"":""h2"",""text"":""神谕与特色占卜""},{""level"":""h2"",""text"":""推荐指南""},{""level"":""h2"",""text"":""数字运势服务退款说明""},{""level"":""h2"",""text"":""免责声明""},{""level"":""h2"",""text"":""企业信息""}]","674","0","true","false","미확인","미확인","미확인","zh-CN","true","B","false","[]","retain pending evidence review; no automatic deletion","미확인","미확인","미확인","미확인"
"https://code-destiny.com/zh/destiny-compass/","200","200","true","https://code-destiny.com/zh/destiny-compass/","命运罗盘指南｜结合四柱与紫微斗数整理今天的方向","[{""level"":""h1"",""text"":""用命运罗盘重新查看下一步""},{""level"":""h2"",""text"":""区分两个体系的作用""},{""level"":""h2"",""text"":""填写自己真正知道的资料""},{""level"":""h2"",""text"":""把方向变成可观察的行动""},{""level"":""h2"",""text"":""作为参考的范围""},{""level"":""h2"",""text"":""公开说明与个人解读的使用范围""},{""level"":""h2"",""text"":""常见问题""},{""level"":""h3"",""text"":""结果与自己的经历不符怎么办？""},{""level"":""h2"",""text"":""简体中文页面""},{""level"":""h2"",""text"":""核心运势""},{""level"":""h2"",""text"":""塔罗解读""},{""level"":""h2"",""text"":""神谕与特色占卜""},{""level"":""h2"",""text"":""推荐指南""},{""level"":""h2"",""text"":""数字运势服务退款说明""},{""level"":""h2"",""text"":""免责声明""},{""level"":""h2"",""text"":""企业信息""}]","905","0","true","false","미확인","미확인","미확인","zh-CN","true","B","false","[]","retain pending evidence review; no automatic deletion","미확인","미확인","미확인","미확인"
"https://code-destiny.com/zh/disclaimer/","200","200","true","https://code-destiny.com/zh/disclaimer/","CODE DESTINY 免责声明｜运势与AI咨询的使用边界","[{""level"":""h1"",""text"":""免责声明""},{""level"":""h2"",""text"":""象征解读存在局限""},{""level"":""h2"",""text"":""AI文字不等于核实后的事实""},{""level"":""h2"",""text"":""不能替代专业判断""},{""level"":""h2"",""text"":""不保证特定结果""},{""level"":""h2"",""text"":""焦虑增加时请先暂停""},{""level"":""h2"",""text"":""相关政策和更正渠道""},{""level"":""h2"",""text"":""联系我们""},{""level"":""h2"",""text"":""简体中文页面""},{""level"":""h2"",""text"":""核心运势""},{""level"":""h2"",""text"":""塔罗解读""},{""level"":""h2"",""text"":""神谕与特色占卜""},{""level"":""h2"",""text"":""推荐指南""},{""level"":""h2"",""text"":""数字运势服务退款说明""},{""level"":""h2"",""text"":""免责声明""},{""level"":""h2"",""text"":""企业信息""}]","693","0","true","false","미확인","미확인","미확인","zh-CN","true","B","false","[]","retain pending evidence review; no automatic deletion","미확인","미확인","미확인","미확인"
"https://code-destiny.com/zh/faq/","200","200","true","https://code-destiny.com/zh/faq/","CODE DESTINY 常见问题｜AI运势、使用范围与服务说明","[{""level"":""h1"",""text"":""常见问题""},{""level"":""h2"",""text"":""CODE DESTINY 是什么服务？""},{""level"":""h2"",""text"":""有不付费就能阅读的内容吗？""},{""level"":""h2"",""text"":""AI运势如何生成？""},{""level"":""h2"",""text"":""四柱命理和紫微斗数有什么区别？""},{""level"":""h2"",""text"":""宿曜关系依据什么判断？""},{""level"":""h2"",""text"":""不知道出生时间可以使用吗？""},{""level"":""h2"",""text"":""吠陀占星术与西洋占星术相同吗？""},{""level"":""h2"",""text"":""结果总是准确吗？""},{""level"":""h2"",""text"":""付费功能增加哪些内容？""},{""level"":""h2"",""text"":""个人信息如何处理？""},{""level"":""h2"",""text"":""如何咨询退款？""},{""level"":""h2"",""text"":""在哪里反馈故障或翻译错误？""},{""level"":""h2"",""text"":""联系我们""},{""level"":""h2"",""text"":""简体中文页面""},{""level"":""h2"",""text"":""核心运势""},{""level"":""h2"",""text"":""塔罗解读""},{""level"":""h2"",""text"":""神谕与特色占卜""},{""level"":""h2"",""text"":""推荐指南""},{""level"":""h2"",""text"":""数字运势服务退款说明""},{""level"":""h2"",""text"":""免责声明""},{""level"":""h2"",""text"":""企业信息""}]","1164","0","true","false","미확인","미확인","미확인","zh-CN","true","B","false","[]","retain pending evidence review; no automatic deletion","미확인","미확인","미확인","미확인"
"https://code-destiny.com/zh/fortune-tea-house/","200","200","true","https://code-destiny.com/zh/fortune-tea-house/","命运茶馆使用指南｜用不同占术整理眼前的心事","[{""level"":""h1"",""text"":""在命运茶馆里，为问题留一点空间""},{""level"":""h2"",""text"":""四只茶杯对应什么""},{""level"":""h2"",""text"":""先准备问题与资料""},{""level"":""h2"",""text"":""把结果带回生活""},{""level"":""h2"",""text"":""作为参考的范围""},{""level"":""h2"",""text"":""公开说明与个人解读的使用范围""},{""level"":""h2"",""text"":""常见问题""},{""level"":""h3"",""text"":""结果与自己的经历不符怎么办？""},{""level"":""h2"",""text"":""简体中文页面""},{""level"":""h2"",""text"":""核心运势""},{""level"":""h2"",""text"":""塔罗解读""},{""level"":""h2"",""text"":""神谕与特色占卜""},{""level"":""h2"",""text"":""推荐指南""},{""level"":""h2"",""text"":""数字运势服务退款说明""},{""level"":""h2"",""text"":""免责声明""},{""level"":""h2"",""text"":""企业信息""}]","913","0","true","false","미확인","미확인","미확인","zh-CN","true","B","false","[]","retain pending evidence review; no automatic deletion","미확인","미확인","미확인","미확인"
"https://code-destiny.com/zh/insights/","200","200","true","https://code-destiny.com/zh/insights/","占卜洞察文章 | Code Destiny","[{""level"":""h1"",""text"":""占卜洞察文章""},{""level"":""h2"",""text"":""紫微斗数入门指南：命盘阅读顺序""},{""level"":""h2"",""text"":""宿曜关系解读：冲突模式怎么看""},{""level"":""h2"",""text"":""理解运势解读中的语言""},{""level"":""h2"",""text"":""从适合自己的入口开始""},{""level"":""h2"",""text"":""不同概念不必强行合并""},{""level"":""h2"",""text"":""把概念带回现实问题""},{""level"":""h2"",""text"":""更正渠道与内容边界""},{""level"":""h2"",""text"":""简体中文页面""},{""level"":""h2"",""text"":""核心运势""},{""level"":""h2"",""text"":""塔罗解读""},{""level"":""h2"",""text"":""神谕与特色占卜""},{""level"":""h2"",""text"":""推荐指南""},{""level"":""h2"",""text"":""数字运势服务退款说明""},{""level"":""h2"",""text"":""免责声明""},{""level"":""h2"",""text"":""企业信息""}]","971","0","true","false","미확인","미확인","미확인","zh-CN","true","B","false","[]","retain pending evidence review; no automatic deletion","미확인","미확인","미확인","미확인"
"https://code-destiny.com/zh/insights/sukuyo-basics-zh/","200","200","true","https://code-destiny.com/zh/insights/sukuyo-basics-zh/","宿曜关系解读：冲突模式怎么看","[{""level"":""h1"",""text"":""宿曜基础：关系冲突与修复节奏""},{""level"":""h2"",""text"":""常见问题""},{""level"":""h2"",""text"":""简体中文页面""},{""level"":""h2"",""text"":""核心运势""},{""level"":""h2"",""text"":""塔罗解读""},{""level"":""h2"",""text"":""神谕与特色占卜""},{""level"":""h2"",""text"":""推荐指南""},{""level"":""h2"",""text"":""数字运势服务退款说明""},{""level"":""h2"",""text"":""免责声明""},{""level"":""h2"",""text"":""企业信息""}]","865","0","true","true","미확인","미확인","미확인","zh-CN","true","B","false","[""editorial-review-required""]","retain pending evidence review; no automatic deletion","미확인","미확인","미확인","미확인"
"https://code-destiny.com/zh/insights/ziwei-basics-zh/","200","200","true","https://code-destiny.com/zh/insights/ziwei-basics-zh/","紫微斗数入门指南：命盘阅读顺序","[{""level"":""h1"",""text"":""紫微斗数入门：从宫位开始读命盘""},{""level"":""h2"",""text"":""常见问题""},{""level"":""h2"",""text"":""简体中文页面""},{""level"":""h2"",""text"":""核心运势""},{""level"":""h2"",""text"":""塔罗解读""},{""level"":""h2"",""text"":""神谕与特色占卜""},{""level"":""h2"",""text"":""推荐指南""},{""level"":""h2"",""text"":""数字运势服务退款说明""},{""level"":""h2"",""text"":""免责声明""},{""level"":""h2"",""text"":""企业信息""}]","867","0","true","true","미확인","미확인","미확인","zh-CN","true","B","false","[""editorial-review-required""]","retain pending evidence review; no automatic deletion","미확인","미확인","미확인","미확인"
"https://code-destiny.com/zh/privacy-policy/","200","200","true","https://code-destiny.com/zh/privacy-policy/","隐私政策 | Code Destiny","[{""level"":""h1"",""text"":""隐私政策""},{""level"":""h2"",""text"":""1. 基本原则""},{""level"":""h2"",""text"":""2. 收集项目与使用目的""},{""level"":""h2"",""text"":""3. 自动处理的信息""},{""level"":""h2"",""text"":""4. Cookie、广告识别符及 Google AdSense 告知""},{""level"":""h2"",""text"":""5. 第三方提供与处理委托""},{""level"":""h2"",""text"":""6. 保存期限""},{""level"":""h2"",""text"":""7. 用户权利""},{""level"":""h2"",""text"":""8. 儿童个人信息""},{""level"":""h2"",""text"":""9. 敏感解读与广告定向""},{""level"":""h2"",""text"":""10. 安全措施""},{""level"":""h2"",""text"":""11. 方针变更""},{""level"":""h2"",""text"":""12. 个人信息咨询""},{""level"":""h2"",""text"":""简体中文页面""},{""level"":""h2"",""text"":""核心运势""},{""level"":""h2"",""text"":""塔罗解读""},{""level"":""h2"",""text"":""神谕与特色占卜""},{""level"":""h2"",""text"":""推荐指南""},{""level"":""h2"",""text"":""数字运势服务退款说明""},{""level"":""h2"",""text"":""免责声明""},{""level"":""h2"",""text"":""企业信息""}]","2395","0","true","false","미확인","미확인","미확인","zh-CN","true","B","false","[]","retain pending evidence review; no automatic deletion","미확인","미확인","미확인","미확인"
"https://code-destiny.com/zh/psychotest/","200","200","true","https://code-destiny.com/zh/psychotest/","心理测试使用指南｜把性格、恋爱与职场题目当作自我观察","[{""level"":""h1"",""text"":""把心理测试当作认识自己的一个提示""},{""level"":""h2"",""text"":""这里收录的内容""},{""level"":""h2"",""text"":""从真实场景作答""},{""level"":""h2"",""text"":""安全地使用结果""},{""level"":""h2"",""text"":""作为参考的范围""},{""level"":""h2"",""text"":""公开说明与个人解读的使用范围""},{""level"":""h2"",""text"":""常见问题""},{""level"":""h3"",""text"":""结果与自己的经历不符怎么办？""},{""level"":""h2"",""text"":""简体中文页面""},{""level"":""h2"",""text"":""核心运势""},{""level"":""h2"",""text"":""塔罗解读""},{""level"":""h2"",""text"":""神谕与特色占卜""},{""level"":""h2"",""text"":""推荐指南""},{""level"":""h2"",""text"":""数字运势服务退款说明""},{""level"":""h2"",""text"":""免责声明""},{""level"":""h2"",""text"":""企业信息""}]","908","0","true","false","미확인","미확인","미확인","zh-CN","true","B","false","[]","retain pending evidence review; no automatic deletion","미확인","미확인","미확인","미확인"
"https://code-destiny.com/zh/refund-policy/","200","200","true","https://code-destiny.com/zh/refund-policy/","退款政策 | Code Destiny","[{""level"":""h1"",""text"":""退款政策""},{""level"":""h2"",""text"":""退款政策""},{""level"":""h2"",""text"":""如何阅读本页面""},{""level"":""h2"",""text"":""简体中文页面""},{""level"":""h2"",""text"":""核心运势""},{""level"":""h2"",""text"":""塔罗解读""},{""level"":""h2"",""text"":""神谕与特色占卜""},{""level"":""h2"",""text"":""推荐指南""},{""level"":""h2"",""text"":""数字运势服务退款说明""},{""level"":""h2"",""text"":""免责声明""},{""level"":""h2"",""text"":""企业信息""}]","1325","0","true","false","미확인","미확인","미확인","zh-CN","true","B","false","[]","retain pending evidence review; no automatic deletion","미확인","미확인","미확인","미확인"
"https://code-destiny.com/zh/saju/","200","200","true","https://code-destiny.com/zh/saju/","韩式四柱命理入门｜理解五行、十神与行为倾向","[{""level"":""h1"",""text"":""用四柱命理观察自己的选择习惯""},{""level"":""h2"",""text"":""四个柱位表达什么""},{""level"":""h2"",""text"":""五行并不是越多越好""},{""level"":""h2"",""text"":""先核对输入的前提""},{""level"":""h2"",""text"":""把十神与时期解读带回日常""},{""level"":""h2"",""text"":""公开说明与个人解读的使用范围""},{""level"":""h2"",""text"":""常见问题""},{""level"":""h3"",""text"":""结果与自己的经历不符怎么办？""},{""level"":""h2"",""text"":""简体中文页面""},{""level"":""h2"",""text"":""核心运势""},{""level"":""h2"",""text"":""塔罗解读""},{""level"":""h2"",""text"":""神谕与特色占卜""},{""level"":""h2"",""text"":""推荐指南""},{""level"":""h2"",""text"":""数字运势服务退款说明""},{""level"":""h2"",""text"":""免责声明""},{""level"":""h2"",""text"":""企业信息""}]","925","0","true","false","미확인","미확인","미확인","zh-CN","true","B","false","[]","retain pending evidence review; no automatic deletion","미확인","미확인","미확인","미확인"
"https://code-destiny.com/zh/sukuyo-compatibility-ai/","200","200","true","https://code-destiny.com/zh/sukuyo-compatibility-ai/","宿曜合盘指南｜用二十七宿理解关系的沟通节奏","[{""level"":""h1"",""text"":""用宿曜为两人的节奏找到语言""},{""level"":""h2"",""text"":""二十七宿在看什么""},{""level"":""h2"",""text"":""计算需要的资料""},{""level"":""h2"",""text"":""把合盘变成沟通准备""},{""level"":""h2"",""text"":""作为参考的范围""},{""level"":""h2"",""text"":""公开说明与个人解读的使用范围""},{""level"":""h2"",""text"":""常见问题""},{""level"":""h3"",""text"":""结果与自己的经历不符怎么办？""},{""level"":""h2"",""text"":""简体中文页面""},{""level"":""h2"",""text"":""核心运势""},{""level"":""h2"",""text"":""塔罗解读""},{""level"":""h2"",""text"":""神谕与特色占卜""},{""level"":""h2"",""text"":""推荐指南""},{""level"":""h2"",""text"":""数字运势服务退款说明""},{""level"":""h2"",""text"":""免责声明""},{""level"":""h2"",""text"":""企业信息""}]","899","0","true","false","미확인","미확인","미확인","zh-CN","true","B","false","[]","retain pending evidence review; no automatic deletion","미확인","미확인","미확인","미확인"
"https://code-destiny.com/zh/sukuyo/","200","200","true","https://code-destiny.com/zh/sukuyo/","宿曜关系解读 | 27宿相性流向","[{""level"":""h1"",""text"":""宿曜相性与关系解读""},{""level"":""h2"",""text"":""核心要点""},{""level"":""h2"",""text"":""推荐服务""},{""level"":""h2"",""text"":""相关链接""},{""level"":""h2"",""text"":""常见问题""},{""level"":""h2"",""text"":""用宿曜关系思考人与人的距离""},{""level"":""h2"",""text"":""输入与结果如何对应""},{""level"":""h2"",""text"":""把恋爱解读带回对话""},{""level"":""h2"",""text"":""不要混用不同占术""},{""level"":""h2"",""text"":""使用范围与注意事项""},{""level"":""h2"",""text"":""简体中文页面""},{""level"":""h2"",""text"":""核心运势""},{""level"":""h2"",""text"":""塔罗解读""},{""level"":""h2"",""text"":""神谕与特色占卜""},{""level"":""h2"",""text"":""推荐指南""},{""level"":""h2"",""text"":""数字运势服务退款说明""},{""level"":""h2"",""text"":""免责声明""},{""level"":""h2"",""text"":""企业信息""}]","1142","0","true","false","미확인","미확인","미확인","zh-CN","true","B","false","[]","retain pending evidence review; no automatic deletion","미확인","미확인","미확인","미확인"
"https://code-destiny.com/zh/tarot/","200","200","true","https://code-destiny.com/zh/tarot/","塔罗占卜阅读指南｜从问题、牌位与象征整理选择","[{""level"":""h1"",""text"":""用塔罗看见问题背后的感受""},{""level"":""h2"",""text"":""不只是罗列牌义""},{""level"":""h2"",""text"":""把问题问得更具体""},{""level"":""h2"",""text"":""恋爱、复合与他人的心意""},{""level"":""h2"",""text"":""读完之后选择一个小行动""},{""level"":""h2"",""text"":""公开说明与个人解读的使用范围""},{""level"":""h2"",""text"":""常见问题""},{""level"":""h3"",""text"":""结果与自己的经历不符怎么办？""},{""level"":""h2"",""text"":""简体中文页面""},{""level"":""h2"",""text"":""核心运势""},{""level"":""h2"",""text"":""塔罗解读""},{""level"":""h2"",""text"":""神谕与特色占卜""},{""level"":""h2"",""text"":""推荐指南""},{""level"":""h2"",""text"":""数字运势服务退款说明""},{""level"":""h2"",""text"":""免责声明""},{""level"":""h2"",""text"":""企业信息""}]","911","0","true","false","미확인","미확인","미확인","zh-CN","true","B","false","[]","retain pending evidence review; no automatic deletion","미확인","미확인","미확인","미확인"
"https://code-destiny.com/zh/terms-of-service/","200","200","true","https://code-destiny.com/zh/terms-of-service/","服务条款 | Code Destiny","[{""level"":""h1"",""text"":""服务条款""},{""level"":""h2"",""text"":""1. 条款目的""},{""level"":""h2"",""text"":""2. 适用范围与同意""},{""level"":""h2"",""text"":""3. 服务内容""},{""level"":""h2"",""text"":""4. Cookie 与第三方广告""},{""level"":""h2"",""text"":""5. 使用资格与用户责任""},{""level"":""h2"",""text"":""6. 禁止行为""},{""level"":""h2"",""text"":""7. 公平使用与异常使用限制""},{""level"":""h2"",""text"":""8. 知识产权""},{""level"":""h2"",""text"":""9. 服务性质与限制""},{""level"":""h2"",""text"":""10. 免责声明""},{""level"":""h2"",""text"":""11. 责任限制""},{""level"":""h2"",""text"":""12. 退款与撤回指引""},{""level"":""h2"",""text"":""13. 免费试用与付费通行证的使用""},{""level"":""h2"",""text"":""14. 条款变更""},{""level"":""h2"",""text"":""15. 准据法与管辖""},{""level"":""h2"",""text"":""16. 联系方式""},{""level"":""h2"",""text"":""简体中文页面""},{""level"":""h2"",""text"":""核心运势""},{""level"":""h2"",""text"":""塔罗解读""},{""level"":""h2"",""text"":""神谕与特色占卜""},{""level"":""h2"",""text"":""推荐指南""},{""level"":""h2"",""text"":""数字运势服务退款说明""},{""level"":""h2"",""text"":""免责声明""},{""level"":""h2"",""text"":""企业信息""}]","3698","0","true","false","미확인","미확인","미확인","zh-CN","true","B","false","[]","retain pending evidence review; no automatic deletion","미확인","미확인","미확인","미확인"
"https://code-destiny.com/zh/today/","200","200","true","https://code-destiny.com/zh/today/","今日运势免费查看 | 情绪、关系与时机","[{""level"":""h1"",""text"":""今日运势""},{""level"":""h2"",""text"":""核心要点""},{""level"":""h2"",""text"":""推荐服务""},{""level"":""h2"",""text"":""相关链接""},{""level"":""h2"",""text"":""常见问题""},{""level"":""h2"",""text"":""把今日运势当作一天的提问""},{""level"":""h2"",""text"":""确认日期与内容类型""},{""level"":""h2"",""text"":""恋爱、工作与金钱的行动""},{""level"":""h2"",""text"":""再次查看时留意感受""},{""level"":""h2"",""text"":""公开页面与个人咨询""},{""level"":""h2"",""text"":""简体中文页面""},{""level"":""h2"",""text"":""核心运势""},{""level"":""h2"",""text"":""塔罗解读""},{""level"":""h2"",""text"":""神谕与特色占卜""},{""level"":""h2"",""text"":""推荐指南""},{""level"":""h2"",""text"":""数字运势服务退款说明""},{""level"":""h2"",""text"":""免责声明""},{""level"":""h2"",""text"":""企业信息""}]","1120","0","true","false","미확인","미확인","미확인","zh-CN","true","B","false","[]","retain pending evidence review; no automatic deletion","미확인","미확인","미확인","미확인"
"https://code-destiny.com/zh/vedic/","200","200","true","https://code-destiny.com/zh/vedic/","吠陀占星术入门｜认识上升宫、星座与纳克沙特拉","[{""level"":""h1"",""text"":""读懂吠陀出生图的基本语言""},{""level"":""h2"",""text"":""三个理解入口""},{""level"":""h2"",""text"":""出生信息为何重要""},{""level"":""h2"",""text"":""与西洋占星术分别理解""},{""level"":""h2"",""text"":""如何使用时期信息""},{""level"":""h2"",""text"":""公开说明与个人解读的使用范围""},{""level"":""h2"",""text"":""常见问题""},{""level"":""h3"",""text"":""结果与自己的经历不符怎么办？""},{""level"":""h2"",""text"":""简体中文页面""},{""level"":""h2"",""text"":""核心运势""},{""level"":""h2"",""text"":""塔罗解读""},{""level"":""h2"",""text"":""神谕与特色占卜""},{""level"":""h2"",""text"":""推荐指南""},{""level"":""h2"",""text"":""数字运势服务退款说明""},{""level"":""h2"",""text"":""免责声明""},{""level"":""h2"",""text"":""企业信息""}]","901","0","true","false","미확인","미확인","미확인","zh-CN","true","B","false","[]","retain pending evidence review; no automatic deletion","미확인","미확인","미확인","미확인"
"https://code-destiny.com/zh/ziwei/","200","200","true","https://code-destiny.com/zh/ziwei/","紫微斗数免费解读 | 命盘与十二宫流向","[{""level"":""h1"",""text"":""紫微斗数命盘解读""},{""level"":""h2"",""text"":""核心要点""},{""level"":""h2"",""text"":""推荐服务""},{""level"":""h2"",""text"":""相关链接""},{""level"":""h2"",""text"":""常见问题""},{""level"":""h2"",""text"":""从十二宫开始理解紫微斗数""},{""level"":""h2"",""text"":""出生信息与结果的范围""},{""level"":""h2"",""text"":""把工作运与财运转化为问题""},{""level"":""h2"",""text"":""关系中的解释与事实""},{""level"":""h2"",""text"":""公开介绍与详细鉴定""},{""level"":""h2"",""text"":""简体中文页面""},{""level"":""h2"",""text"":""核心运势""},{""level"":""h2"",""text"":""塔罗解读""},{""level"":""h2"",""text"":""神谕与特色占卜""},{""level"":""h2"",""text"":""推荐指南""},{""level"":""h2"",""text"":""数字运势服务退款说明""},{""level"":""h2"",""text"":""免责声明""},{""level"":""h2"",""text"":""企业信息""}]","1171","0","true","false","미확인","미확인","미확인","zh-CN","true","B","false","[]","retain pending evidence review; no automatic deletion","미확인","미확인","미확인","미확인"
"https://code-destiny.com/ziwei-ai/","200","200","true","https://code-destiny.com/ziwei-ai/","자미두수 전문가 상담 | 명궁·사화·대운 풀이 — Code Destiny","[{""level"":""h2"",""text"":""자미두수 전문가 상담""},{""level"":""h1"",""text"":""자미두수 전문가 상담 — 명궁·사화·대운 풀이""},{""level"":""h2"",""text"":""이런 순간에 특히 도움이 됩니다""},{""level"":""h2"",""text"":""상담은 이렇게 진행됩니다""},{""level"":""h2"",""text"":""자주 묻는 질문""},{""level"":""h3"",""text"":""자미두수 전문가 상담은 사주와 무엇이 다른가요?""},{""level"":""h3"",""text"":""사화(四化)는 무엇인가요?""},{""level"":""h3"",""text"":""대운·유년 흐름도 봐주나요?""},{""level"":""h3"",""text"":""명반을 몰라도 상담할 수 있나요?""},{""level"":""h3"",""text"":""어떤 궁부터 확인하는 게 좋나요?""},{""level"":""h3"",""text"":""결과는 다시 확인할 수 있나요?""},{""level"":""h3"",""text"":""사주 상담과 함께 봐도 되나요?""},{""level"":""h2"",""text"":""이어서 볼 만한 운세""}]","2248","0","true","false","미확인","미확인","미확인","ko","true","B","false","[]","retain pending evidence review; no automatic deletion","미확인","미확인","미확인","미확인"
"https://code-destiny.com/ziwei/","200","200","true","https://code-destiny.com/ziwei/","자미두수 사이트 | 무료 명반 12궁·명궁·사화 바로 보기","[{""level"":""h1"",""text"":""자미두수 사이트 — 무료 명반과 12궁 풀이""},{""level"":""h2"",""text"":""사용 방법""},{""level"":""h2"",""text"":""제공 결과""},{""level"":""h2"",""text"":""명반을 세우는 순서 — 명궁·신궁과 오행국""},{""level"":""h2"",""text"":""십사주성과 보좌성 — 별의 밝기와 조합""},{""level"":""h2"",""text"":""사화와 대한·유년 — 시기를 겹쳐 읽는 두 층""},{""level"":""h2"",""text"":""주의와 면책""},{""level"":""h2"",""text"":""관련 기능""},{""level"":""h2"",""text"":""자주 묻는 질문""},{""level"":""h2"",""text"":""핵심 운세""},{""level"":""h2"",""text"":""타로 리딩""},{""level"":""h2"",""text"":""신탁 & 특화""},{""level"":""h2"",""text"":""추천 가이드""},{""level"":""h2"",""text"":""디지털 운세 서비스 환불 안내""},{""level"":""h2"",""text"":""면책 고지""},{""level"":""h2"",""text"":""사업자 정보""}]","2697","0","true","false","미확인","미확인","미확인","ko","true","B","false","[]","retain pending evidence review; no automatic deletion","미확인","미확인","미확인","미확인"
"https://code-destiny.com/ziwei/chart/","200","200","true","https://code-destiny.com/ziwei/chart/","심화 자미두수 상담 · 12궁·사화·대한 해석","[{""level"":""h1"",""text"":""심화 자미두수 상담으로 보는 내 인생의 12궁""},{""level"":""h2"",""text"":""명반에 놓이는 열두 궁""},{""level"":""h2"",""text"":""이어서 볼 만한 운세""}]","2719","0","true","false","미확인","미확인","미확인","ko","true","B","false","[]","retain pending evidence review; no automatic deletion","미확인","미확인","미확인","미확인"
"https://code-destiny.com/ziwei/guide/","200","200","true","https://code-destiny.com/ziwei/guide/","자미두수 명반 읽는 법 | Code Destiny","[{""level"":""h1"",""text"":""자미두수 명반 읽는 법""},{""level"":""h2"",""text"":""자미두수가 비추는 것""},{""level"":""h2"",""text"":""필요한 입력값""},{""level"":""h2"",""text"":""언제 참고하면 좋은가""},{""level"":""h2"",""text"":""무료와 유료 범위""},{""level"":""h2"",""text"":""해석 흐름""},{""level"":""h2"",""text"":""결과에서 확인할 수 있는 항목""},{""level"":""h2"",""text"":""짧은 예시 리딩""},{""level"":""h2"",""text"":""해석 시 주의할 점""},{""level"":""h2"",""text"":""자미두수는 사주와 무엇이 다른가요?""},{""level"":""h2"",""text"":""출생시간이 꼭 필요한가요?""},{""level"":""h2"",""text"":""나쁜 궁이 나오면 실제로 나쁜 일이 생기나요?""},{""level"":""h2"",""text"":""내 명반을 직접 펼쳐 보세요""},{""level"":""h2"",""text"":""핵심 운세""},{""level"":""h2"",""text"":""타로 리딩""},{""level"":""h2"",""text"":""신탁 & 특화""},{""level"":""h2"",""text"":""추천 가이드""},{""level"":""h2"",""text"":""디지털 운세 서비스 환불 안내""},{""level"":""h2"",""text"":""면책 고지""},{""level"":""h2"",""text"":""사업자 정보""}]","1516","0","true","true","{""@type"":""Person"",""@id"":""https://code-destiny.com/#author"",""name"":""박병하"",""jobTitle"":""명리학자"",""description"":""10년 경력의 명리학자. Code Destiny 가 공개하는 사주·운세 콘텐츠의 최종 검수 책임자입니다."",""knowsAbout"":[""사주"",""명리학"",""만세력"",""자미두수"",""숙요점""],""url"":""https://code-destiny.com/about"",""worksFor"":{""@type"":""Organization"",""@id"":""https://code-destiny.com/#organization"",""name"":""CODE DESTINY""}}","2026-06-21","2026-09-06","ko","true","B","false","[""editorial-review-required""]","retain pending evidence review; no automatic deletion","미확인","미확인","미확인","미확인"