reading,codepoint_hex,char,raw_code,type,kind
가,U+4F3D,伽,04f3d,0,unicode
가,U+4F73,佳,04f73,0,unicode
가,U+5047,假,05047,0,unicode
가,U+50F9,價,050f9,0,unicode
가,U+52A0,加,052a0,0,unicode
가,U+53EF,可,053ef,0,unicode
가,U+5475,呵,05475,0,unicode
가,U+54E5,哥,054e5,0,unicode
가,U+54FF,哿,054ff,0,unicode
가,U+5609,嘉,05609,0,unicode
가,U+560F,嘏,0560f,0,unicode
가,U+5777,坷,05777,0,unicode
가,U+5A7D,婽,05a7d,0,unicode
가,U+5AC1,嫁,05ac1,0,unicode
가,U+5BB6,家,05bb6,0,unicode
가,U+5CA2,岢,05ca2,0,unicode
가,U+5FA6,徦,05fa6,0,unicode
가,U+659D,斝,0659d,0,unicode
가,U+6687,暇,06687,0,unicode
가,U+67B6,架,067b6,0,unicode
가,U+67B7,枷,067b7,0,unicode
가,U+67EF,柯,067ef,0,unicode
가,U+6935,椵,06935,0,unicode
가,U+698E,榎,0698e,0,unicode
가,U+6A9F,檟,06a9f,0,unicode
가,U+6B4C,歌,06b4c,0,unicode
가,U+6CC7,泇,06cc7,0,unicode
가,U+6E2E,渮,06e2e,0,unicode
가,U+7241,牁,07241,0,unicode
가,U+73C2,珂,073c2,0,unicode
가,U+73C8,珈,073c8,0,unicode
가,U+75C2,痂,075c2,0,unicode
가,U+7A3C,稼,07a3c,0,unicode
가,U+7B33,笳,07b33,0,unicode
가,U+801E,耞,0801e,0,unicode
가,U+8238,舸,08238,0,unicode
가,U+82DB,苛,082db,0,unicode
가,U+8304,茄,08304,0,unicode
가,U+83CF,菏,083cf,0,unicode
가,U+846D,葭,0846d,0,unicode
가,U+8857,街,08857,0,unicode
가,U+8888,袈,08888,0,unicode
가,U+8A36,訶,08a36,0,unicode
가,U+8B0C,謌,08b0c,0,unicode
가,U+8CC8,賈,08cc8,0,unicode
가,U+8DCF,跏,08dcf,0,unicode
가,U+8EFB,軻,08efb,0,unicode
가,U+8FE6,迦,08fe6,0,unicode
가,U+99D5,駕,099d5,0,unicode
가,,,a0111,A,internal_code_A
가,,,a0112,A,internal_code_A
각,U+5095,傕,05095,0,unicode
각,U+523B,刻,0523b,0,unicode
각,U+5374,却,05374,0,unicode
각,U+537B,卻,0537b,0,unicode
각,U+5404,各,05404,0,unicode
각,U+54AF,咯,054af,0,unicode
각,U+57C6,埆,057c6,0,unicode
각,U+606A,恪,0606a,0,unicode
각,U+6128,愨,06128,0,unicode
각,U+6164,慤,06164,0,unicode
각,U+6409,搉,06409,0,unicode
각,U+64F1,擱,064f1,0,unicode
각,U+6877,桷,06877,0,unicode
각,U+6BBC,殼,06bbc,0,unicode
각,U+73CF,珏,073cf,0,unicode
각,U+811A,脚,0811a,0,unicode
각,U+89BA,覺,089ba,0,unicode
각,U+89D2,角,089d2,0,unicode
각,U+95A3,閣,095a3,0,unicode
각,U+96BA,隺,096ba,0,unicode
간,U+4F83,侃,04f83,0,unicode
간,U+5058,偘,05058,0,unicode
간,U+520A,刊,0520a,0,unicode
간,U+58BE,墾,058be,0,unicode
간,U+5978,奸,05978,0,unicode
간,U+59E6,姦,059e6,0,unicode
간,U+5E72,干,05e72,0,unicode
간,U+5E79,幹,05e79,0,unicode
간,U+5FD3,忓,05fd3,0,unicode
간,U+6173,慳,06173,0,unicode
간,U+61C7,懇,061c7,0,unicode
간,U+63C0,揀,063c0,0,unicode
간,U+6746,杆,06746,0,unicode
간,U+67EC,柬,067ec,0,unicode
간,U+681E,栞,0681e,0,unicode
간,U+687F,桿,0687f,0,unicode
간,U+69A6,榦,069a6,0,unicode
간,U+6D86,涆,06d86,0,unicode
간,U+6F97,澗,06f97,0,unicode
간,U+7395,玕,07395,0,unicode
간,U+7647,癇,07647,0,unicode
간,U+764E,癎,0764e,0,unicode
간,U+770B,看,0770b,0,unicode
간,U+77F8,矸,077f8,0,unicode
간,U+78F5,磵,078f5,0,unicode
간,U+79C6,秆,079c6,0,unicode
간,U+7A08,稈,07a08,0,unicode
간,U+7AFF,竿,07aff,0,unicode
간,U+7C21,簡,07c21,0,unicode
간,U+809D,肝,0809d,0,unicode
간,U+826E,艮,0826e,0,unicode
간,U+8271,艱,08271,0,unicode
간,U+831B,茛,0831b,0,unicode
간,U+884E,衎,0884e,0,unicode
간,U+8AEB,諫,08aeb,0,unicode
간,U+8D76,赶,08d76,0,unicode
간,U+8FC0,迀,08fc0,0,unicode
간,U+9593,間,09593,0,unicode
간,U+9F66,齦,09f66,0,unicode
갈,U+4E6B,乫,04e6b,0,unicode
갈,U+559D,喝,0559d,0,unicode
갈,U+5676,噶,05676,0,unicode
갈,U+5DB1,嶱,05db1,0,unicode
갈,U+66F7,曷,066f7,0,unicode
갈,U+696C,楬,0696c,0,unicode
갈,U+6E34,渴,06e34,0,unicode
갈,U+7848,硈,07848,0,unicode
갈,U+78A3,碣,078a3,0,unicode
갈,U+79F8,秸,079f8,0,unicode
갈,U+7AED,竭,07aed,0,unicode
갈,U+7FAF,羯,07faf,0,unicode
갈,U+845B,葛,0845b,0,unicode
갈,U+874E,蝎,0874e,0,unicode
갈,U+880D,蠍,0880d,0,unicode
갈,U+8910,褐,08910,0,unicode
갈,U+97A8,鞨,097a8,0,unicode
갈,,,a0113,A,internal_code_A
감,U+52D8,勘,052d8,0,unicode
감,U+574E,坎,0574e,0,unicode
감,U+5769,坩,05769,0,unicode
감,U+57F3,埳,057f3,0,unicode
감,U+582A,堪,0582a,0,unicode
감,U+5D41,嵁,05d41,0,unicode
감,U+5D4C,嵌,05d4c,0,unicode
감,U+5F07,弇,05f07,0,unicode
감,U+611F,感,0611f,0,unicode
감,U+61A8,憨,061a8,0,unicode
감,U+61BE,憾,061be,0,unicode
감,U+6221,戡,06221,0,unicode
감,U+64BC,撼,064bc,0,unicode
감,U+6562,敢,06562,0,unicode
감,U+67D1,柑,067d1,0,unicode
감,U+6A44,橄,06a44,0,unicode
감,U+6B3F,欿,06b3f,0,unicode
감,U+6B5B,歛,06b5b,0,unicode
감,U+6CD4,泔,06cd4,0,unicode
감,U+6DE6,淦,06de6,0,unicode
감,U+6E1B,減,06e1b,0,unicode
감,U+6F89,澉,06f89,0,unicode
감,U+73AA,玪,073aa,0,unicode
감,U+744A,瑊,0744a,0,unicode
감,U+7518,甘,07518,0,unicode
감,U+75B3,疳,075b3,0,unicode
감,U+76E3,監,076e3,0,unicode
감,U+77B0,瞰,077b0,0,unicode
감,U+77D9,矙,077d9,0,unicode
감,U+7D3A,紺,07d3a,0,unicode
감,U+8F57,轗,08f57,0,unicode
감,U+90AF,邯,090af,0,unicode
감,U+9163,酣,09163,0,unicode
감,U+9451,鑑,09451,0,unicode
감,U+9452,鑒,09452,0,unicode
감,U+9E7B,鹻,09e7b,0,unicode
감,U+9F95,龕,09f95,0,unicode
갑,U+5323,匣,05323,0,unicode
갑,U+5CAC,岬,05cac,0,unicode
갑,U+7532,甲,07532,0,unicode
갑,U+80DB,胛,080db,0,unicode
갑,U+9240,鉀,09240,0,unicode
갑,U+9598,閘,09598,0,unicode
강,U+3F58,㽘,03f58,0,unicode
강,U+472B,䜫,0472b,0,unicode
강,U+508B,傋,0508b,0,unicode
강,U+50F5,僵,050f5,0,unicode
강,U+525B,剛,0525b,0,unicode
강,U+5808,堈,05808,0,unicode
강,U+58C3,壃,058c3,0,unicode
강,U+59DC,姜,059dc,0,unicode
강,U+5ADD,嫝,05add,0,unicode
강,U+5CA1,岡,05ca1,0,unicode
강,U+5D17,崗,05d17,0,unicode
강,U+5EB7,康,05eb7,0,unicode
강,U+5F37,強,05f37,0,unicode
강,U+5F3A,强,05f3a,0,unicode
강,U+5F4A,彊,05f4a,0,unicode
강,U+5FFC,忼,05ffc,0,unicode
강,U+60BE,悾,060be,0,unicode
강,U+6177,慷,06177,0,unicode
강,U+625B,扛,0625b,0,unicode
강,U+6386,掆,06386,0,unicode
강,U+6760,杠,06760,0,unicode
강,U+68E1,棡,068e1,0,unicode
강,U+6A7F,橿,06a7f,0,unicode
강,U+6BAD,殭,06bad,0,unicode
강,U+6C5F,江,06c5f,0,unicode
강,U+6F2E,漮,06f2e,0,unicode
강,U+7135,焵,07135,0,unicode
강,U+7392,玒,07392,0,unicode
강,U+757A,畺,0757a,0,unicode
강,U+7586,疆,07586,0,unicode
강,U+77FC,矼,077fc,0,unicode
강,U+7A45,穅,07a45,0,unicode
강,U+7CE0,糠,07ce0,0,unicode
강,U+7D73,絳,07d73,0,unicode
강,U+7DB1,綱,07db1,0,unicode
강,U+7E48,繈,07e48,0,unicode
강,U+7F61,罡,07f61,0,unicode
강,U+7F8C,羌,07f8c,0,unicode
강,U+7FAB,羫,07fab,0,unicode
강,U+8154,腔,08154,0,unicode
강,U+8221,舡,08221,0,unicode
강,U+8333,茳,08333,0,unicode
강,U+8591,薑,08591,0,unicode
강,U+8941,襁,08941,0,unicode
강,U+8B1B,講,08b1b,0,unicode
강,U+8C47,豇,08c47,0,unicode
강,U+8DED,跭,08ded,0,unicode
강,U+92FC,鋼,092fc,0,unicode
강,U+93A0,鎠,093a0,0,unicode
강,U+93F9,鏹,093f9,0,unicode
강,U+964D,降,0964d,0,unicode
강,U+97C1,韁,097c1,0,unicode
강,U+985C,顜,0985c,0,unicode
강,U+9C47,鱇,09c47,0,unicode
강,,,a0090,A,internal_code_A
강,,,a0114,A,internal_code_A
강,,,a0251,A,internal_code_A
개,U+4057,䁗,04057,0,unicode
개,U+4ECB,介,04ecb,0,unicode
개,U+4EF7,价,04ef7,0,unicode
개,U+500B,個,0500b,0,unicode
개,U+51F1,凱,051f1,0,unicode
개,U+5274,剴,05274,0,unicode
개,U+52D3,勓,052d3,0,unicode
개,U+5303,匃,05303,0,unicode
개,U+584F,塏,0584f,0,unicode
개,U+5FCB,忋,05fcb,0,unicode
개,U+6137,愷,06137,0,unicode
개,U+613E,愾,0613e,0,unicode
개,U+6168,慨,06168,0,unicode
개,U+63E9,揩,063e9,0,unicode
개,U+6461,摡,06461,0,unicode
개,U+6539,改,06539,0,unicode
개,U+669F,暟,0669f,0,unicode
개,U+69E9,槩,069e9,0,unicode
개,U+69EA,槪,069ea,0,unicode
개,U+6E5D,湝,06e5d,0,unicode
개,U+6F11,漑,06f11,0,unicode
개,U+73A0,玠,073a0,0,unicode
개,U+75A5,疥,075a5,0,unicode
개,U+7686,皆,07686,0,unicode
개,U+76D6,盖,076d6,0,unicode
개,U+78D5,磕,078d5,0,unicode
개,U+7B87,箇,07b87,0,unicode
개,U+82A5,芥,082a5,0,unicode
개,U+84CB,蓋,084cb,0,unicode
개,U+8878,衸,08878,0,unicode
개,U+8C48,豈,08c48,0,unicode
개,U+93A7,鎧,093a7,0,unicode
개,U+958B,開,0958b,0,unicode
개,U+95D3,闓,095d3,0,unicode
개,,,a0115,A,internal_code_A
개,,,a0116,A,internal_code_A
객,U+5580,喀,05580,0,unicode
객,U+5BA2,客,05ba2,0,unicode
갱,U+5751,坑,05751,0,unicode
갱,U+66F4,更,066f4,0,unicode
갱,U+785C,硜,0785c,0,unicode
갱,U+7CB3,粳,07cb3,0,unicode
갱,U+7FB9,羹,07fb9,0,unicode
갱,U+8CE1,賡,08ce1,0,unicode
갱,U+93D7,鏗,093d7,0,unicode
갹,U+91B5,醵,091b5,0,unicode
거,U+4F49,佉,04f49,0,unicode
거,U+5028,倨,05028,0,unicode
거,U+53BB,去,053bb,0,unicode
거,U+547F,呿,0547f,0,unicode
거,U+59D6,姖,059d6,0,unicode
거,U+5C45,居,05c45,0,unicode
거,U+5CA0,岠,05ca0,0,unicode
거,U+5DE8,巨,05de8,0,unicode
거,U+62BE,抾,062be,0,unicode
거,U+62D2,拒,062d2,0,unicode
거,U+636E,据,0636e,0,unicode
거,U+64DA,據,064da,0,unicode
거,U+64E7,擧,064e7,0,unicode
거,U+661B,昛,0661b,0,unicode
거,U+67DC,柜,067dc,0,unicode
거,U+6B05,欅,06b05,0,unicode
거,U+6B6B,歫,06b6b,0,unicode
거,U+6E20,渠,06e20,0,unicode
거,U+70AC,炬,070ac,0,unicode
거,U+795B,祛,0795b,0,unicode
거,U+79EC,秬,079ec,0,unicode
거,U+7B65,筥,07b65,0,unicode
거,U+7C67,籧,07c67,0,unicode
거,U+80E0,胠,080e0,0,unicode
거,U+8152,腒,08152,0,unicode
거,U+82E3,苣,082e3,0,unicode
거,U+8392,莒,08392,0,unicode
거,U+8556,蕖,08556,0,unicode
거,U+8627,蘧,08627,0,unicode
거,U+88AA,袪,088aa,0,unicode
거,U+88FE,裾,088fe,0,unicode
거,U+8DDD,距,08ddd,0,unicode
거,U+8E1E,踞,08e1e,0,unicode
거,U+8ECA,車,08eca,0,unicode
거,U+907D,遽,0907d,0,unicode
거,U+9245,鉅,09245,0,unicode
거,U+92F8,鋸,092f8,0,unicode
거,U+99CF,駏,099cf,0,unicode
거,,,a0215,A,internal_code_A
건,U+3A1C,㨜,03a1c,0,unicode
건,U+4896,䢖,04896,0,unicode
건,U+4E79,乹,04e79,0,unicode
건,U+4E7E,乾,04e7e,0,unicode
건,U+4EF6,件,04ef6,0,unicode
건,U+5065,健,05065,0,unicode
건,U+56DD,囝,056dd,0,unicode
건,U+5DFE,巾,05dfe,0,unicode
건,U+5EFA,建,05efa,0,unicode
건,U+6106,愆,06106,0,unicode
건,U+63F5,揵,063f5,0,unicode
건,U+6434,搴,06434,0,unicode
건,U+6513,攓,06513,0,unicode
건,U+6957,楗,06957,0,unicode
건,U+6E55,湕,06e55,0,unicode
건,U+6F27,漧,06f27,0,unicode
건,U+728D,犍,0728d,0,unicode
건,U+7777,睷,07777,0,unicode
건,U+8171,腱,08171,0,unicode
건,U+8654,虔,08654,0,unicode
건,U+8930,褰,08930,0,unicode
건,U+8B07,謇,08b07,0,unicode
건,U+8E3A,踺,08e3a,0,unicode
건,U+8E47,蹇,08e47,0,unicode
건,U+9375,鍵,09375,0,unicode
건,U+97AC,鞬,097ac,0,unicode
건,U+9A2B,騫,09a2b,0,unicode
건,U+9DB1,鶱,09db1,0,unicode
걸,U+4E5E,乞,04e5e,0,unicode
걸,U+4E6C,乬,04e6c,0,unicode
걸,U+5091,傑,05091,0,unicode
걸,U+5D65,嵥,05d65,0,unicode
걸,U+6705,朅,06705,0,unicode
걸,U+6770,杰,06770,0,unicode
걸,U+6840,桀,06840,0,unicode
걸,U+69A4,榤,069a4,0,unicode
검,U+5109,儉,05109,0,unicode
검,U+528D,劍,0528d,0,unicode
검,U+5292,劒,05292,0,unicode
검,U+64BF,撿,064bf,0,unicode
검,U+6AA2,檢,06aa2,0,unicode
검,U+77BC,瞼,077bc,0,unicode
검,U+82A1,芡,082a1,0,unicode
검,U+9210,鈐,09210,0,unicode
검,U+9ED4,黔,09ed4,0,unicode
검,,,a0292,A,internal_code_A
겁,U+5226,刦,05226,0,unicode
겁,U+5227,刧,05227,0,unicode
겁,U+52AB,劫,052ab,0,unicode
겁,U+602F,怯,0602f,0,unicode
겁,U+62BE,抾,062be,0,unicode
겁,U+8FF2,迲,08ff2,0,unicode
게,U+5048,偈,05048,0,unicode
게,U+61A9,憩,061a9,0,unicode
게,U+63ED,揭,063ed,0,unicode
격,U+630C,挌,0630c,0,unicode
격,U+6439,搹,06439,0,unicode
격,U+64CA,擊,064ca,0,unicode
격,U+683C,格,0683c,0,unicode
격,U+6A84,檄,06a84,0,unicode
격,U+6BC4,毄,06bc4,0,unicode
격,U+6FC0,激,06fc0,0,unicode
격,U+8188,膈,08188,0,unicode
격,U+89A1,覡,089a1,0,unicode
격,U+95C3,闃,095c3,0,unicode
격,U+9694,隔,09694,0,unicode
격,U+9ABC,骼,09abc,0,unicode
격,U+9B32,鬲,09b32,0,unicode
격,U+9D03,鴃,09d03,0,unicode
견,U+5805,堅,05805,0,unicode
견,U+6394,掔,06394,0,unicode
견,U+6C67,汧,06c67,0,unicode
견,U+6D80,涀,06d80,0,unicode
견,U+727D,牽,0727d,0,unicode
견,U+72AC,犬,072ac,0,unicode
견,U+72F7,狷,072f7,0,unicode
견,U+7504,甄,07504,0,unicode
견,U+754E,畎,0754e,0,unicode
견,U+7B67,筧,07b67,0,unicode
견,U+7D79,絹,07d79,0,unicode
견,U+7E33,縳,07e33,0,unicode
견,U+7E6D,繭,07e6d,0,unicode
견,U+7E7E,繾,07e7e,0,unicode
견,U+7F82,羂,07f82,0,unicode
견,U+80A9,肩,080a9,0,unicode
견,U+8832,蠲,08832,0,unicode
견,U+898B,見,0898b,0,unicode
견,U+8A43,詃,08a43,0,unicode
견,U+8B74,譴,08b74,0,unicode
견,U+9063,遣,09063,0,unicode
견,U+9104,鄄,09104,0,unicode
견,U+9C39,鰹,09c39,0,unicode
견,U+9D51,鵑,09d51,0,unicode
견,,,a0117,A,internal_code_A
결,U+34D7,㓗,034d7,0,unicode
결,U+36C3,㛃,036c3,0,unicode
결,U+493F,䤿,0493f,0,unicode
결,U+6289,抉,06289,0,unicode
결,U+6C7A,決,06c7a,0,unicode
결,U+6D2F,洯,06d2f,0,unicode
결,U+6F54,潔,06f54,0,unicode
결,U+7094,炔,07094,0,unicode
결,U+7106,焆,07106,0,unicode
결,U+73A6,玦,073a6,0,unicode
결,U+7D50,結,07d50,0,unicode
결,U+7F3A,缺,07f3a,0,unicode
결,U+89D6,觖,089d6,0,unicode
결,U+8A23,訣,08a23,0,unicode
결,U+8FFC,迼,08ffc,0,unicode
결,U+9365,鍥,09365,0,unicode
결,U+95CB,闋,095cb,0,unicode
겸,U+5094,傔,05094,0,unicode
겸,U+517C,兼,0517c,0,unicode
겸,U+55DB,嗛,055db,0,unicode
겸,U+5C92,岒,05c92,0,unicode
겸,U+5D70,嵰,05d70,0,unicode
겸,U+614A,慊,0614a,0,unicode
겸,U+62D1,拑,062d1,0,unicode
겸,U+69CF,槏,069cf,0,unicode
겸,U+6B49,歉,06b49,0,unicode
겸,U+7B9D,箝,07b9d,0,unicode
겸,U+7E11,縑,07e11,0,unicode
겸,U+84B9,蒹,084b9,0,unicode
겸,U+8B19,謙,08b19,0,unicode
겸,U+9257,鉗,09257,0,unicode
겸,U+938C,鎌,0938c,0,unicode
겸,U+9EDA,黚,09eda,0,unicode
겸,U+9F38,鼸,09f38,0,unicode
겸,,,a028e,A,internal_code_A
경,U+34CF,㓏,034cf,0,unicode
경,U+3BF3,㯳,03bf3,0,unicode
경,U+3DE1,㷡,03de1,0,unicode
경,U+4EAC,京,04eac,0,unicode
경,U+4EB0,亰,04eb0,0,unicode
경,U+4FD3,俓,04fd3,0,unicode
경,U+501E,倞,0501e,0,unicode
경,U+50B9,傹,050b9,0,unicode
경,U+50BE,傾,050be,0,unicode
경,U+5106,儆,05106,0,unicode
경,U+5182,冂,05182,0,unicode
경,U+518F,冏,0518f,0,unicode
경,U+5244,剄,05244,0,unicode
경,U+5260,剠,05260,0,unicode
경,U+52C1,勁,052c1,0,unicode
경,U+52CD,勍,052cd,0,unicode
경,U+537F,卿,0537f,0,unicode
경,U+54FD,哽,054fd,0,unicode
경,U+56E7,囧,056e7,0,unicode
경,U+5770,坰,05770,0,unicode
경,U+57C2,埂,057c2,0,unicode
경,U+5883,境,05883,0,unicode
경,U+5DE0,巠,05de0,0,unicode
경,U+5E5C,幜,05e5c,0,unicode
경,U+5E9A,庚,05e9a,0,unicode
경,U+5F91,徑,05f91,0,unicode
경,U+60F8,惸,060f8,0,unicode
경,U+6176,慶,06176,0,unicode
경,U+61AC,憬,061ac,0,unicode
경,U+61BC,憼,061bc,0,unicode
경,U+6243,扃,06243,0,unicode
경,U+632D,挭,0632d,0,unicode
경,U+64CE,擎,064ce,0,unicode
경,U+64CF,擏,064cf,0,unicode
경,U+656C,敬,0656c,0,unicode
경,U+666F,景,0666f,0,unicode
경,U+66BB,暻,066bb,0,unicode
경,U+66D4,曔,066d4,0,unicode
경,U+66F4,更,066f4,0,unicode
경,U+6871,桱,06871,0,unicode
경,U+6897,梗,06897,0,unicode
경,U+6AA0,檠,06aa0,0,unicode
경,U+6ABE,檾,06abe,0,unicode
경,U+6D6D,浭,06d6d,0,unicode
경,U+6D87,涇,06d87,0,unicode
경,U+6EF0,滰,06ef0,0,unicode
경,U+6F00,漀,06f00,0,unicode
경,U+7085,炅,07085,0,unicode
경,U+70F1,烱,070f1,0,unicode
경,U+70F4,烴,070f4,0,unicode
경,U+712D,焭,0712d,0,unicode
경,U+7162,煢,07162,0,unicode
경,U+71B2,熲,071b2,0,unicode
경,U+71DB,燛,071db,0,unicode
경,U+7484,璄,07484,0,unicode
경,U+749A,璚,0749a,0,unicode
경,U+749F,璟,0749f,0,unicode
경,U+74A5,璥,074a5,0,unicode
경,U+74CA,瓊,074ca,0,unicode
경,U+754A,畊,0754a,0,unicode
경,U+75D9,痙,075d9,0,unicode
경,U+786C,硬,0786c,0,unicode
경,U+787B,硻,0787b,0,unicode
경,U+78EC,磬,078ec,0,unicode
경,U+7ADF,竟,07adf,0,unicode
경,U+7AF6,競,07af6,0,unicode
경,U+7AF8,竸,07af8,0,unicode
경,U+7D45,絅,07d45,0,unicode
경,U+7D86,綆,07d86,0,unicode
경,U+7D93,經,07d93,0,unicode
경,U+7F44,罄,07f44,0,unicode
경,U+8015,耕,08015,0,unicode
경,U+803F,耿,0803f,0,unicode
경,U+811B,脛,0811b,0,unicode
경,U+82D8,苘,082d8,0,unicode
경,U+8396,莖,08396,0,unicode
경,U+85D1,藑,085d1,0,unicode
경,U+8927,褧,08927,0,unicode
경,U+8A99,誙,08a99,0,unicode
경,U+8B26,謦,08b26,0,unicode
경,U+8B66,警,08b66,0,unicode
경,U+8F15,輕,08f15,0,unicode
경,U+9015,逕,09015,0,unicode
경,U+90E0,郠,090e0,0,unicode
경,U+93E1,鏡,093e1,0,unicode
경,U+9795,鞕,09795,0,unicode
경,U+9803,頃,09803,0,unicode
경,U+9838,頸,09838,0,unicode
경,U+9848,顈,09848,0,unicode
경,U+99C9,駉,099c9,0,unicode
경,U+9A5A,驚,09a5a,0,unicode
경,U+9BC1,鯁,09bc1,0,unicode
경,U+9BE8,鯨,09be8,0,unicode
경,U+9D5B,鵛,09d5b,0,unicode
경,U+9D8A,鶊,09d8a,0,unicode
경,U+9E96,麖,09e96,0,unicode
경,U+9EE5,黥,09ee5,0,unicode
경,U+205CA,𠗊,205ca,2,unicode
경,,,a006a,A,internal_code_A
경,,,a0118,A,internal_code_A
경,,,a0119,A,internal_code_A
경,,,a011a,A,internal_code_A
경,,,a011b,A,internal_code_A
경,,,a011c,A,internal_code_A
경,,,a011d,A,internal_code_A
경,,,a011e,A,internal_code_A
경,,,a0212,A,internal_code_A
경,,,a0258,A,internal_code_A
경,,,a0269,A,internal_code_A
경,,,a0294,A,internal_code_A
계,U+4FC2,係,04fc2,0,unicode
계,U+5447,呇,05447,0,unicode
계,U+5553,啓,05553,0,unicode
계,U+5826,堦,05826,0,unicode
계,U+583A,堺,0583a,0,unicode
계,U+5951,契,05951,0,unicode
계,U+5B63,季,05b63,0,unicode
계,U+5C46,屆,05c46,0,unicode
계,U+5D60,嵠,05d60,0,unicode
계,U+60B8,悸,060b8,0,unicode
계,U+6212,戒,06212,0,unicode
계,U+6308,挈,06308,0,unicode
계,U+660B,昋,0660b,0,unicode
계,U+6842,桂,06842,0,unicode
계,U+68B0,械,068b0,0,unicode
계,U+68E8,棨,068e8,0,unicode
계,U+6D0E,洎,06d0e,0,unicode
계,U+6E8E,溎,06e8e,0,unicode
계,U+6EAA,溪,06eaa,0,unicode
계,U+7031,瀱,07031,0,unicode
계,U+70D3,烓,070d3,0,unicode
계,U+754C,界,0754c,0,unicode
계,U+7608,瘈,07608,0,unicode
계,U+7678,癸,07678,0,unicode
계,U+78CE,磎,078ce,0,unicode
계,U+798A,禊,0798a,0,unicode
계,U+7CFB,系,07cfb,0,unicode
계,U+7DAE,綮,07dae,0,unicode
계,U+7E18,縘,07e18,0,unicode
계,U+7E6B,繫,07e6b,0,unicode
계,U+7E7C,繼,07e7c,0,unicode
계,U+7F7D,罽,07f7d,0,unicode
계,U+858A,薊,0858a,0,unicode
계,U+8A08,計,08a08,0,unicode
계,U+8AA1,誡,08aa1,0,unicode
계,U+8C3F,谿,08c3f,0,unicode
계,U+968E,階,0968e,0,unicode
계,U+96DE,雞,096de,0,unicode
계,U+9AFB,髻,09afb,0,unicode
계,U+9DC4,鷄,09dc4,0,unicode
계,U+25874,𥡴,25874,2,unicode
고,U+4F30,估,04f30,0,unicode
고,U+51C5,凅,051c5,0,unicode
고,U+5233,刳,05233,0,unicode
고,U+53E4,古,053e4,0,unicode
고,U+53E9,叩,053e9,0,unicode
고,U+544A,告,0544a,0,unicode
고,U+5471,呱,05471,0,unicode
고,U+56FA,固,056fa,0,unicode
고,U+5930,夰,05930,0,unicode
고,U+59D1,姑,059d1,0,unicode
고,U+5A5F,婟,05a5f,0,unicode
고,U+5B64,孤,05b64,0,unicode
고,U+5C3B,尻,05c3b,0,unicode
고,U+5D13,崓,05d13,0,unicode
고,U+5EAB,庫,05eab,0,unicode
고,U+62F7,拷,062f7,0,unicode
고,U+6537,攷,06537,0,unicode
고,U+6545,故,06545,0,unicode
고,U+6572,敲,06572,0,unicode
고,U+66A0,暠,066a0,0,unicode
고,U+6772,杲,06772,0,unicode
고,U+67AF,枯,067af,0,unicode
고,U+6832,栲,06832,0,unicode
고,U+69C0,槀,069c0,0,unicode
고,U+69C1,槁,069c1,0,unicode
고,U+6A6D,橭,06a6d,0,unicode
고,U+6ADC,櫜,06adc,0,unicode
고,U+6CBD,沽,06cbd,0,unicode
고,U+726F,牯,0726f,0,unicode
고,U+75FC,痼,075fc,0,unicode
고,U+768B,皋,0768b,0,unicode
고,U+7690,皐,07690,0,unicode
고,U+76EC,盬,076ec,0,unicode
고,U+77BD,瞽,077bd,0,unicode
고,U+7A01,稁,07a01,0,unicode
고,U+7A3F,稿,07a3f,0,unicode
고,U+7B8D,箍,07b8d,0,unicode
고,U+7BD9,篙,07bd9,0,unicode
고,U+7CD5,糕,07cd5,0,unicode
고,U+7F5F,罟,07f5f,0,unicode
고,U+7F94,羔,07f94,0,unicode
고,U+7F96,羖,07f96,0,unicode
고,U+7FFA,翺,07ffa,0,unicode
고,U+8003,考,08003,0,unicode
고,U+80A1,股,080a1,0,unicode
고,U+80EF,胯,080ef,0,unicode
고,U+818F,膏,0818f,0,unicode
고,U+82E6,苦,082e6,0,unicode
고,U+82FD,苽,082fd,0,unicode
고,U+83F0,菰,083f0,0,unicode
고,U+85C1,藁,085c1,0,unicode
고,U+8831,蠱,08831,0,unicode
고,U+88B4,袴,088b4,0,unicode
고,U+89DA,觚,089da,0,unicode
고,U+8A41,詁,08a41,0,unicode
고,U+8AA5,誥,08aa5,0,unicode
고,U+8CC8,賈,08cc8,0,unicode
고,U+8F9C,辜,08f9c,0,unicode
고,U+90DC,郜,090dc,0,unicode
고,U+9164,酤,09164,0,unicode
고,U+9237,鈷,09237,0,unicode
고,U+932E,錮,0932e,0,unicode
고,U+96C7,雇,096c7,0,unicode
고,U+9760,靠,09760,0,unicode
고,U+9867,顧,09867,0,unicode
고,U+9AD8,高,09ad8,0,unicode
고,U+9D23,鴣,09d23,0,unicode
고,U+9DF1,鷱,09df1,0,unicode
고,U+9F13,鼓,09f13,0,unicode
고,U+9F14,鼔,09f14,0,unicode
고,,,a0072,A,internal_code_A
고,,,a011f,A,internal_code_A
고,,,a0120,A,internal_code_A
고,,,a0121,A,internal_code_A
고,,,a0122,A,internal_code_A
곡,U+54ED,哭,054ed,0,unicode
곡,U+56B3,嚳,056b3,0,unicode
곡,U+5CFC,峼,05cfc,0,unicode
곡,U+659B,斛,0659b,0,unicode
곡,U+66F2,曲,066f2,0,unicode
곡,U+688F,梏,0688f,0,unicode
곡,U+69F2,槲,069f2,0,unicode
곡,U+7A40,穀,07a40,0,unicode
곡,U+7E20,縠,07e20,0,unicode
곡,U+89F3,觳,089f3,0,unicode
곡,U+8C37,谷,08c37,0,unicode
곡,U+8F42,轂,08f42,0,unicode
곡,U+9D60,鵠,09d60,0,unicode
곤,U+4E28,丨,04e28,0,unicode
곤,U+56F0,困,056f0,0,unicode
곤,U+5764,坤,05764,0,unicode
곤,U+5803,堃,05803,0,unicode
곤,U+5D10,崐,05d10,0,unicode
곤,U+5D11,崑,05d11,0,unicode
곤,U+6083,悃,06083,0,unicode
곤,U+6346,捆,06346,0,unicode
곤,U+6606,昆,06606,0,unicode
곤,U+68B1,梱,068b1,0,unicode
곤,U+68CD,棍,068cd,0,unicode
곤,U+6EFE,滾,06efe,0,unicode
곤,U+7428,琨,07428,0,unicode
곤,U+74AD,璭,074ad,0,unicode
곤,U+7DC4,緄,07dc4,0,unicode
곤,U+886E,衮,0886e,0,unicode
곤,U+889E,袞,0889e,0,unicode
곤,U+88CD,裍,088cd,0,unicode
곤,U+890C,褌,0890c,0,unicode
곤,U+9315,錕,09315,0,unicode
곤,U+95AB,閫,095ab,0,unicode
곤,U+9AE1,髡,09ae1,0,unicode
곤,U+9BE4,鯤,09be4,0,unicode
곤,U+9D7E,鵾,09d7e,0,unicode
곤,U+9DA4,鶤,09da4,0,unicode
곤,U+9F6B,齫,09f6b,0,unicode
골,U+6430,搰,06430,0,unicode
골,U+69BE,榾,069be,0,unicode
골,U+6C68,汨,06c68,0,unicode
골,U+6C69,汩,06c69,0,unicode
골,U+6ED1,滑,06ed1,0,unicode
골,U+9AA8,骨,09aa8,0,unicode
골,U+9DBB,鶻,09dbb,0,unicode
공,U+4F9B,供,04f9b,0,unicode
공,U+5025,倥,05025,0,unicode
공,U+516C,公,0516c,0,unicode
공,U+5171,共,05171,0,unicode
공,U+529F,功,0529f,0,unicode
공,U+5B54,孔,05b54,0,unicode
공,U+5D06,崆,05d06,0,unicode
공,U+5DE5,工,05de5,0,unicode
공,U+5EFE,廾,05efe,0,unicode
공,U+6050,恐,06050,0,unicode
공,U+606D,恭,0606d,0,unicode
공,U+62F1,拱,062f1,0,unicode
공,U+63A7,控,063a7,0,unicode
공,U+653B,攻,0653b,0,unicode
공,U+6831,栱,06831,0,unicode
공,U+69D3,槓,069d3,0,unicode
공,U+7068,灨,07068,0,unicode
공,U+73D9,珙,073d9,0,unicode
공,U+7A7A,空,07a7a,0,unicode
공,U+7B9C,箜,07b9c,0,unicode
공,U+7FBE,羾,07fbe,0,unicode
공,U+86A3,蚣,086a3,0,unicode
공,U+86E9,蛩,086e9,0,unicode
공,U+86EC,蛬,086ec,0,unicode
공,U+8CA2,貢,08ca2,0,unicode
공,U+8D1B,贛,08d1b,0,unicode
공,U+8DEB,跫,08deb,0,unicode
공,U+91ED,釭,091ed,0,unicode
공,U+978F,鞏,0978f,0,unicode
공,U+9F94,龔,09f94,0,unicode
곶,U+4E32,串,04e32,0,unicode
과,U+4F89,侉,04f89,0,unicode
과,U+581D,堝,0581d,0,unicode
과,U+5925,夥,05925,0,unicode
과,U+5938,夸,05938,0,unicode
과,U+59F1,姱,059f1,0,unicode
과,U+5BE1,寡,05be1,0,unicode
과,U+6208,戈,06208,0,unicode
과,U+64BE,撾,064be,0,unicode
과,U+6564,敤,06564,0,unicode
과,U+679C,果,0679c,0,unicode
과,U+7313,猓,07313,0,unicode
과,U+74DC,瓜,074dc,0,unicode
과,U+79D1,科,079d1,0,unicode
과,U+7A1E,稞,07a1e,0,unicode
과,U+7AA0,窠,07aa0,0,unicode
과,U+83D3,菓,083d3,0,unicode
과,U+874C,蝌,0874c,0,unicode
과,U+88F9,裹,088f9,0,unicode
과,U+8A87,誇,08a87,0,unicode
과,U+8AB2,課,08ab2,0,unicode
과,U+8DE8,跨,08de8,0,unicode
과,U+8E1D,踝,08e1d,0,unicode
과,U+904E,過,0904e,0,unicode
과,U+9299,銙,09299,0,unicode
과,U+934B,鍋,0934b,0,unicode
과,U+9846,顆,09846,0,unicode
과,U+9A0D,騍,09a0d,0,unicode
과,,,a0123,A,internal_code_A
곽,U+5ED3,廓,05ed3,0,unicode
곽,U+6901,椁,06901,0,unicode
곽,U+69E8,槨,069e8,0,unicode
곽,U+7668,癨,07668,0,unicode
곽,U+85FF,藿,085ff,0,unicode
곽,U+90ED,郭,090ed,0,unicode
곽,U+9481,钁,09481,0,unicode
곽,U+970D,霍,0970d,0,unicode
곽,U+97B9,鞹,097b9,0,unicode
곽,,,a0124,A,internal_code_A
관,U+4E31,丱,04e31,0,unicode
관,U+4E32,串,04e32,0,unicode
관,U+500C,倌,0500c,0,unicode
관,U+51A0,冠,051a0,0,unicode
관,U+5B98,官,05b98,0,unicode
관,U+5BDB,寛,05bdb,0,unicode
관,U+5BEC,寬,05bec,0,unicode
관,U+6163,慣,06163,0,unicode
관,U+68A1,梡,068a1,0,unicode
관,U+68FA,棺,068fa,0,unicode
관,U+6B3E,款,06b3e,0,unicode
관,U+6DAB,涫,06dab,0,unicode
관,U+704C,灌,0704c,0,unicode
관,U+721F,爟,0721f,0,unicode
관,U+742F,琯,0742f,0,unicode
관,U+74D8,瓘,074d8,0,unicode
관,U+76E5,盥,076e5,0,unicode
관,U+797C,祼,0797c,0,unicode
관,U+7ABE,窾,07abe,0,unicode
관,U+7B66,筦,07b66,0,unicode
관,U+7BA1,管,07ba1,0,unicode
관,U+7DB0,綰,07db0,0,unicode
관,U+7F50,罐,07f50,0,unicode
관,U+8218,舘,08218,0,unicode
관,U+83C5,菅,083c5,0,unicode
관,U+89C0,觀,089c0,0,unicode
관,U+8CAB,貫,08cab,0,unicode
관,U+8F28,輨,08f28,0,unicode
관,U+9327,錧,09327,0,unicode
관,U+9475,鑵,09475,0,unicode
관,U+95DC,關,095dc,0,unicode
관,U+96DA,雚,096da,0,unicode
관,U+9874,顴,09874,0,unicode
관,U+9928,館,09928,0,unicode
관,U+9AD6,髖,09ad6,0,unicode
관,U+9C79,鱹,09c79,0,unicode
관,U+9E1B,鸛,09e1b,0,unicode
관,,,a0001,A,internal_code_A
관,,,a0125,A,internal_code_A
관,,,a0126,A,internal_code_A
관,,,a0127,A,internal_code_A
관,,,a0128,A,internal_code_A
관,,,a0129,A,internal_code_A
관,,,a026a,A,internal_code_A
괄,U+4F78,佸,04f78,0,unicode
괄,U+522E,刮,0522e,0,unicode
괄,U+605D,恝,0605d,0,unicode
괄,U+62EC,括,062ec,0,unicode
괄,U+681D,栝,0681d,0,unicode
괄,U+7B48,筈,07b48,0,unicode
괄,U+8052,聒,08052,0,unicode
괄,U+9002,适,09002,0,unicode
괄,U+9AFA,髺,09afa,0,unicode
괄,U+9D30,鴰,09d30,0,unicode
광,U+4F8A,侊,04f8a,0,unicode
광,U+50D9,僙,050d9,0,unicode
광,U+5149,光,05149,0,unicode
광,U+5321,匡,05321,0,unicode
광,U+5799,垙,05799,0,unicode
광,U+58D9,壙,058d9,0,unicode
광,U+59EF,姯,059ef,0,unicode
광,U+5E83,広,05e83,0,unicode
광,U+5EE3,廣,05ee3,0,unicode
광,U+6047,恇,06047,0,unicode
광,U+61EC,懬,061ec,0,unicode
광,U+6497,撗,06497,0,unicode
광,U+66E0,曠,066e0,0,unicode
광,U+6844,桄,06844,0,unicode
광,U+6846,框,06846,0,unicode
광,U+6D2D,洭,06d2d,0,unicode
광,U+6D38,洸,06d38,0,unicode
광,U+709A,炚,0709a,0,unicode
광,U+709B,炛,0709b,0,unicode
광,U+720C,爌,0720c,0,unicode
광,U+72C2,狂,072c2,0,unicode
광,U+7377,獷,07377,0,unicode
광,U+73D6,珖,073d6,0,unicode
광,U+7844,硄,07844,0,unicode
광,U+78FA,磺,078fa,0,unicode
광,U+7926,礦,07926,0,unicode
광,U+7B50,筐,07b50,0,unicode
광,U+7D56,絖,07d56,0,unicode
광,U+7E8A,纊,07e8a,0,unicode
광,U+80F1,胱,080f1,0,unicode
광,U+832A,茪,0832a,0,unicode
광,U+8A86,誆,08a86,0,unicode
광,U+8A91,誑,08a91,0,unicode
광,U+92A7,銧,092a7,0,unicode
광,U+945B,鑛,0945b,0,unicode
괘,U+5366,卦,05366,0,unicode
괘,U+54BC,咼,054bc,0,unicode
괘,U+6302,挂,06302,0,unicode
괘,U+639B,掛,0639b,0,unicode
괘,U+7D53,絓,07d53,0,unicode
괘,U+7F63,罣,07f63,0,unicode
괘,U+7F6B,罫,07f6b,0,unicode
괘,U+8A7F,詿,08a7f,0,unicode
괴,U+4E56,乖,04e56,0,unicode
괴,U+5080,傀,05080,0,unicode
괴,U+584A,塊,0584a,0,unicode
괴,U+58DE,壞,058de,0,unicode
괴,U+5ABF,媿,05abf,0,unicode
괴,U+5EE5,廥,05ee5,0,unicode
괴,U+602A,怪,0602a,0,unicode
괴,U+6127,愧,06127,0,unicode
괴,U+62D0,拐,062d0,0,unicode
괴,U+69D0,槐,069d0,0,unicode
괴,U+7470,瑰,07470,0,unicode
괴,U+749D,璝,0749d,0,unicode
괴,U+84AF,蒯,084af,0,unicode
괴,U+8958,襘,08958,0,unicode
괴,U+9B41,魁,09b41,0,unicode
괵,U+9998,馘,09998,0,unicode
굉,U+54A3,咣,054a3,0,unicode
굉,U+5B8F,宏,05b8f,0,unicode
굉,U+6D64,浤,06d64,0,unicode
굉,U+7D18,紘,07d18,0,unicode
굉,U+80B1,肱,080b1,0,unicode
굉,U+89E5,觥,089e5,0,unicode
굉,U+8A07,訇,08a07,0,unicode
굉,U+8F5F,轟,08f5f,0,unicode
굉,U+9360,鍠,09360,0,unicode
굉,U+958E,閎,0958e,0,unicode
교,U+4EA4,交,04ea4,0,unicode
교,U+4F7C,佼,04f7c,0,unicode
교,U+50D1,僑,050d1,0,unicode
교,U+54AC,咬,054ac,0,unicode
교,U+55AC,喬,055ac,0,unicode
교,U+5604,嘄,05604,0,unicode
교,U+5610,嘐,05610,0,unicode
교,U+566D,噭,0566d,0,unicode
교,U+5699,嚙,05699,0,unicode
교,U+59E3,姣,059e3,0,unicode
교,U+5B0C,嬌,05b0c,0,unicode
교,U+5B13,嬓,05b13,0,unicode
교,U+5D7A,嵺,05d7a,0,unicode
교,U+5DA0,嶠,05da0,0,unicode
교,U+5DE7,巧,05de7,0,unicode
교,U+6054,恔,06054,0,unicode
교,U+618D,憍,0618d,0,unicode
교,U+649F,撟,0649f,0,unicode
교,U+652A,攪,0652a,0,unicode
교,U+654E,敎,0654e,0,unicode
교,U+6559,教,06559,0,unicode
교,U+6648,晈,06648,0,unicode
교,U+669E,暞,0669e,0,unicode
교,U+66D2,曒,066d2,0,unicode
교,U+6821,校,06821,0,unicode
교,U+69B7,榷,069b7,0,unicode
교,U+6A4B,橋,06a4b,0,unicode
교,U+71C6,燆,071c6,0,unicode
교,U+72E1,狡,072e1,0,unicode
교,U+73D3,珓,073d3,0,unicode
교,U+768E,皎,0768e,0,unicode
교,U+76A6,皦,076a6,0,unicode
교,U+77EF,矯,077ef,0,unicode
교,U+78FD,磽,078fd,0,unicode
교,U+7A5A,穚,07a5a,0,unicode
교,U+7A96,窖,07a96,0,unicode
교,U+7D5E,絞,07d5e,0,unicode
교,U+7FF9,翹,07ff9,0,unicode
교,U+81A0,膠,081a0,0,unicode
교,U+854E,蕎,0854e,0,unicode
교,U+86DF,蛟,086df,0,unicode
교,U+8DAB,趫,08dab,0,unicode
교,U+8E7B,蹻,08e7b,0,unicode
교,U+8F03,較,08f03,0,unicode
교,U+8F4E,轎,08f4e,0,unicode
교,U+90CA,郊,090ca,0,unicode
교,U+9117,鄗,09117,0,unicode
교,U+9121,鄡,09121,0,unicode
교,U+9278,鉸,09278,0,unicode
교,U+9903,餃,09903,0,unicode
교,U+9A55,驕,09a55,0,unicode
교,U+9AB9,骹,09ab9,0,unicode
교,U+9BAB,鮫,09bab,0,unicode
교,U+9D41,鵁,09d41,0,unicode
교,U+9F69,齩,09f69,0,unicode
교,,,a012a,A,internal_code_A
구,U+36B1,㚱,036b1,0,unicode
구,U+3A74,㩴,03a74,0,unicode
구,U+472A,䜪,0472a,0,unicode
구,U+4E18,丘,04e18,0,unicode
구,U+4E45,久,04e45,0,unicode
구,U+4E5D,九,04e5d,0,unicode
구,U+4EC7,仇,04ec7,0,unicode
구,U+4F49,佉,04f49,0,unicode
구,U+4F5D,佝,04f5d,0,unicode
구,U+4FC5,俅,04fc5,0,unicode
구,U+4FF1,俱,04ff1,0,unicode
구,U+50B4,傴,050b4,0,unicode
구,U+5177,具,05177,0,unicode
구,U+5193,冓,05193,0,unicode
구,U+52AC,劬,052ac,0,unicode
구,U+52FC,勼,052fc,0,unicode
구,U+52FE,勾,052fe,0,unicode
구,U+5336,匶,05336,0,unicode
구,U+5340,區,05340,0,unicode
구,U+53B9,厹,053b9,0,unicode
구,U+53E3,口,053e3,0,unicode
구,U+53E5,句,053e5,0,unicode
구,U+53F4,叴,053f4,0,unicode
구,U+548E,咎,0548e,0,unicode
구,U+5614,嘔,05614,0,unicode
구,U+5775,坵,05775,0,unicode
구,U+5778,坸,05778,0,unicode
구,U+57A2,垢,057a2,0,unicode
구,U+5920,夠,05920,0,unicode
구,U+59E4,姤,059e4,0,unicode
구,U+5ABE,媾,05abe,0,unicode
구,U+5AD7,嫗,05ad7,0,unicode
구,U+5BC7,寇,05bc7,0,unicode
구,U+5C68,屨,05c68,0,unicode
구,U+5CA3,岣,05ca3,0,unicode
구,U+5D87,嶇,05d87,0,unicode
구,U+5ECF,廏,05ecf,0,unicode
구,U+5ED0,廐,05ed0,0,unicode
구,U+5F40,彀,05f40,0,unicode
구,U+61FC,懼,061fc,0,unicode
구,U+6235,戵,06235,0,unicode
구,U+6263,扣,06263,0,unicode
구,U+62D8,拘,062d8,0,unicode
구,U+6344,捄,06344,0,unicode
구,U+6406,搆,06406,0,unicode
구,U+6473,摳,06473,0,unicode
구,U+6551,救,06551,0,unicode
구,U+662B,昫,0662b,0,unicode
구,U+6739,朹,06739,0,unicode
구,U+67B8,枸,067b8,0,unicode
구,U+67E9,柩,067e9,0,unicode
구,U+6882,梂,06882,0,unicode
구,U+6907,椇,06907,0,unicode
구,U+6998,榘,06998,0,unicode
구,U+69CB,構,069cb,0,unicode
구,U+6B50,歐,06b50,0,unicode
구,U+6BC6,毆,06bc6,0,unicode
구,U+6BEC,毬,06bec,0,unicode
구,U+6C42,求,06c42,0,unicode
구,U+6E9D,溝,06e9d,0,unicode
구,U+6F1A,漚,06f1a,0,unicode
구,U+7048,灈,07048,0,unicode
구,U+7078,灸,07078,0,unicode
구,U+7179,煹,07179,0,unicode
구,U+72D7,狗,072d7,0,unicode
구,U+7396,玖,07396,0,unicode
구,U+73BD,玽,073bd,0,unicode
구,U+7403,球,07403,0,unicode
구,U+7486,璆,07486,0,unicode
구,U+750C,甌,0750c,0,unicode
구,U+759A,疚,0759a,0,unicode
구,U+75C0,痀,075c0,0,unicode
구,U+766F,癯,0766f,0,unicode
구,U+77BF,瞿,077bf,0,unicode
구,U+77E9,矩,077e9,0,unicode
구,U+7A76,究,07a76,0,unicode
구,U+7AB6,窶,07ab6,0,unicode
구,U+7AD8,竘,07ad8,0,unicode
구,U+7BDD,篝,07bdd,0,unicode
구,U+7CD7,糗,07cd7,0,unicode
구,U+7D7F,絿,07d7f,0,unicode
구,U+8007,耇,08007,0,unicode
구,U+8008,耈,08008,0,unicode
구,U+8009,耉,08009,0,unicode
구,U+80CA,胊,080ca,0,unicode
구,U+81FC,臼,081fc,0,unicode
구,U+8205,舅,08205,0,unicode
구,U+820A,舊,0820a,0,unicode
구,U+82DF,苟,082df,0,unicode
구,U+849F,蒟,0849f,0,unicode
구,U+86AF,蚯,086af,0,unicode
구,U+8862,衢,08862,0,unicode
구,U+88D8,裘,088d8,0,unicode
구,U+89AF,覯,089af,0,unicode
구,U+8A6C,詬,08a6c,0,unicode
구,U+8B33,謳,08b33,0,unicode
구,U+8CFC,購,08cfc,0,unicode
구,U+8EC0,軀,08ec0,0,unicode
구,U+9011,逑,09011,0,unicode
구,U+9058,遘,09058,0,unicode
구,U+90B1,邱,090b1,0,unicode
구,U+91E6,釦,091e6,0,unicode
구,U+9264,鉤,09264,0,unicode
구,U+92B6,銶,092b6,0,unicode
구,U+97DD,韝,097dd,0,unicode
구,U+97ED,韭,097ed,0,unicode
구,U+98B6,颶,098b6,0,unicode
구,U+99D2,駒,099d2,0,unicode
구,U+9A45,驅,09a45,0,unicode
구,U+9B2E,鬮,09b2e,0,unicode
구,U+9CE9,鳩,09ce9,0,unicode
구,U+9DC7,鷇,09dc7,0,unicode
구,U+9DD7,鷗,09dd7,0,unicode
구,U+9E1C,鸜,09e1c,0,unicode
구,U+9F9C,龜,09f9c,0,unicode
구,,,a012b,A,internal_code_A
구,,,a012c,A,internal_code_A
구,,,a0252,A,internal_code_A
국,U+530A,匊,0530a,0,unicode
국,U+56FD,国,056fd,0,unicode
국,U+570B,國,0570b,0,unicode
국,U+5C40,局,05c40,0,unicode
국,U+6336,挶,06336,0,unicode
국,U+63AC,掬,063ac,0,unicode
국,U+68AE,梮,068ae,0,unicode
국,U+6908,椈,06908,0,unicode
국,U+6DD7,淗,06dd7,0,unicode
국,U+83CA,菊,083ca,0,unicode
국,U+8D9C,趜,08d9c,0,unicode
국,U+8DFC,跼,08dfc,0,unicode
국,U+8F02,輂,08f02,0,unicode
국,U+92E6,鋦,092e6,0,unicode
국,U+9671,陱,09671,0,unicode
국,U+97A0,鞠,097a0,0,unicode
국,U+97AB,鞫,097ab,0,unicode
국,U+9EAF,麯,09eaf,0,unicode
국,U+9EB4,麴,09eb4,0,unicode
국,U+25B97,𥮗,25b97,2,unicode
국,,,a012d,A,internal_code_A
군,U+541B,君,0541b,0,unicode
군,U+5BAD,宭,05bad,0,unicode
군,U+6343,捃,06343,0,unicode
군,U+6508,攈,06508,0,unicode
군,U+687E,桾,0687e,0,unicode
군,U+6D92,涒,06d92,0,unicode
군,U+73FA,珺,073fa,0,unicode
군,U+76B8,皸,076b8,0,unicode
군,U+7A98,窘,07a98,0,unicode
군,U+7FA4,群,07fa4,0,unicode
군,U+88D9,裙,088d9,0,unicode
군,U+8ECD,軍,08ecd,0,unicode
군,U+90E1,郡,090e1,0,unicode
굴,U+5014,倔,05014,0,unicode
굴,U+5800,堀,05800,0,unicode
굴,U+5C48,屈,05c48,0,unicode
굴,U+5D1B,崛,05d1b,0,unicode
굴,U+6398,掘,06398,0,unicode
굴,U+6CCF,泏,06ccf,0,unicode
굴,U+6DC8,淈,06dc8,0,unicode
굴,U+7A9F,窟,07a9f,0,unicode
굴,U+8A58,詘,08a58,0,unicode
궁,U+5BAE,宮,05bae,0,unicode
궁,U+5F13,弓,05f13,0,unicode
궁,U+7A79,穹,07a79,0,unicode
궁,U+7AAE,窮,07aae,0,unicode
궁,U+828E,芎,0828e,0,unicode
궁,U+8EAC,躬,08eac,0,unicode
궁,U+8EB3,躳,08eb3,0,unicode
궁,,,a012e,A,internal_code_A
권,U+5026,倦,05026,0,unicode
권,U+5238,券,05238,0,unicode
권,U+52B5,劵,052b5,0,unicode
권,U+52CC,勌,052cc,0,unicode
권,U+52F8,勸,052f8,0,unicode
권,U+5377,卷,05377,0,unicode
권,U+5708,圈,05708,0,unicode
권,U+5A58,婘,05a58,0,unicode
권,U+60D3,惓,060d3,0,unicode
권,U+62F3,拳,062f3,0,unicode
권,U+6372,捲,06372,0,unicode
권,U+68EC,棬,068ec,0,unicode
권,U+6A29,権,06a29,0,unicode
권,U+6B0A,權,06b0a,0,unicode
권,U+6DC3,淃,06dc3,0,unicode
권,U+7737,眷,07737,0,unicode
권,U+7760,睠,07760,0,unicode
권,U+7DA3,綣,07da3,0,unicode
권,U+8737,蜷,08737,0,unicode
권,U+9308,錈,09308,0,unicode
권,,,a012f,A,internal_code_A
권,,,a0130,A,internal_code_A
궐,U+53A5,厥,053a5,0,unicode
궐,U+7357,獗,07357,0,unicode
궐,U+8568,蕨,08568,0,unicode
궐,U+8E76,蹶,08e76,0,unicode
궐,U+95D5,闕,095d5,0,unicode
궐,,,a0131,A,internal_code_A
궤,U+4F79,佹,04f79,0,unicode
궤,U+51E0,几,051e0,0,unicode
궤,U+5282,劂,05282,0,unicode
궤,U+5331,匱,05331,0,unicode
궤,U+6192,憒,06192,0,unicode
궤,U+6485,撅,06485,0,unicode
궤,U+6531,攱,06531,0,unicode
궤,U+673A,机,0673a,0,unicode
궤,U+6A3B,樻,06a3b,0,unicode
궤,U+6AC3,櫃,06ac3,0,unicode
궤,U+6C3F,氿,06c3f,0,unicode
궤,U+6F70,潰,06f70,0,unicode
궤,U+7C0B,簋,07c0b,0,unicode
궤,U+7E62,繢,07e62,0,unicode
궤,U+8A6D,詭,08a6d,0,unicode
궤,U+8DEA,跪,08dea,0,unicode
궤,U+8ECC,軌,08ecc,0,unicode
궤,U+9400,鐀,09400,0,unicode
궤,U+95E0,闠,095e0,0,unicode
궤,U+993D,餽,0993d,0,unicode
궤,U+994B,饋,0994b,0,unicode
궤,U+9E82,麂,09e82,0,unicode
귀,U+4925,䤥,04925,0,unicode
귀,U+53E5,句,053e5,0,unicode
귀,U+648C,撌,0648c,0,unicode
귀,U+6677,晷,06677,0,unicode
귀,U+6B78,歸,06b78,0,unicode
귀,U+8CB4,貴,08cb4,0,unicode
귀,U+9B3C,鬼,09b3c,0,unicode
귀,U+9F9C,龜,09f9c,0,unicode
귀,,,a0252,A,internal_code_A
규,U+4C85,䲅,04c85,0,unicode
규,U+5232,刲,05232,0,unicode
규,U+53EB,叫,053eb,0,unicode
규,U+572D,圭,0572d,0,unicode
규,U+594E,奎,0594e,0,unicode
규,U+5AE2,嫢,05ae2,0,unicode
규,U+5B00,嬀,05b00,0,unicode
규,U+5DCB,巋,05dcb,0,unicode
규,U+63C6,揆,063c6,0,unicode
규,U+668C,暌,0668c,0,unicode
규,U+694F,楏,0694f,0,unicode
규,U+6951,楑,06951,0,unicode
규,U+69FB,槻,069fb,0,unicode
규,U+6A1B,樛,06a1b,0,unicode
규,U+6E40,湀,06e40,0,unicode
규,U+6F59,潙,06f59,0,unicode
규,U+7143,煃,07143,0,unicode
규,U+73EA,珪,073ea,0,unicode
규,U+777D,睽,0777d,0,unicode
규,U+7845,硅,07845,0,unicode
규,U+7ABA,窺,07aba,0,unicode
규,U+7AC5,竅,07ac5,0,unicode
규,U+7CFA,糺,07cfa,0,unicode
규,U+7CFE,糾,07cfe,0,unicode
규,U+8325,茥,08325,0,unicode
규,U+8475,葵,08475,0,unicode
규,U+866F,虯,0866f,0,unicode
규,U+898F,規,0898f,0,unicode
규,U+8D73,赳,08d73,0,unicode
규,U+8DEC,跬,08dec,0,unicode
규,U+9035,逵,09035,0,unicode
규,U+90BD,邽,090bd,0,unicode
규,U+9108,鄈,09108,0,unicode
규,U+95A8,閨,095a8,0,unicode
규,U+95DA,闚,095da,0,unicode
규,U+980D,頍,0980d,0,unicode
규,U+9997,馗,09997,0,unicode
규,U+9A24,騤,09a24,0,unicode
규,,,a0132,A,internal_code_A
규,,,a02b8,A,internal_code_A
균,U+52FB,勻,052fb,0,unicode
균,U+5300,匀,05300,0,unicode
균,U+56F7,囷,056f7,0,unicode
균,U+5747,均,05747,0,unicode
균,U+7547,畇,07547,0,unicode
균,U+7B60,筠,07b60,0,unicode
균,U+83CC,菌,083cc,0,unicode
균,U+8880,袀,08880,0,unicode
균,U+89A0,覠,089a0,0,unicode
균,U+921E,鈞,0921e,0,unicode
균,U+9E8F,麏,09e8f,0,unicode
균,U+9F9C,龜,09f9c,0,unicode
균,,,a0133,A,internal_code_A
균,,,a0252,A,internal_code_A
귤,U+6A58,橘,06a58,0,unicode
극,U+3B72,㭲,03b72,0,unicode
극,U+4E9F,亟,04e9f,0,unicode
극,U+514B,克,0514b,0,unicode
극,U+524B,剋,0524b,0,unicode
극,U+5287,劇,05287,0,unicode
극,U+5C05,尅,05c05,0,unicode
극,U+5C50,屐,05c50,0,unicode
극,U+621F,戟,0621f,0,unicode
극,U+68D8,棘,068d8,0,unicode
극,U+6975,極,06975,0,unicode
극,U+90C4,郄,090c4,0,unicode
극,U+9699,隙,09699,0,unicode
근,U+4F12,伒,04f12,0,unicode
근,U+50C5,僅,050c5,0,unicode
근,U+52A4,劤,052a4,0,unicode
근,U+52E4,勤,052e4,0,unicode
근,U+5807,堇,05807,0,unicode
근,U+5890,墐,05890,0,unicode
근,U+5AE4,嫤,05ae4,0,unicode
근,U+5DF9,巹,05df9,0,unicode
근,U+5ED1,廑,05ed1,0,unicode
근,U+616C,慬,0616c,0,unicode
근,U+61C3,懃,061c3,0,unicode
근,U+65A4,斤,065a4,0,unicode
근,U+6839,根,06839,0,unicode
근,U+69FF,槿,069ff,0,unicode
근,U+6F0C,漌,06f0c,0,unicode
근,U+747E,瑾,0747e,0,unicode
근,U+7B4B,筋,07b4b,0,unicode
근,U+82B9,芹,082b9,0,unicode
근,U+83EB,菫,083eb,0,unicode
근,U+89B2,覲,089b2,0,unicode
근,U+89D4,觔,089d4,0,unicode
근,U+8B39,謹,08b39,0,unicode
근,U+8DDF,跟,08ddf,0,unicode
근,U+8FD1,近,08fd1,0,unicode
근,U+91FF,釿,091ff,0,unicode
근,U+9773,靳,09773,0,unicode
근,U+9949,饉,09949,0,unicode
근,,,a0134,A,internal_code_A
근,,,a0135,A,internal_code_A
글,U+3515,㔕,03515,0,unicode
글,U+5951,契,05951,0,unicode
금,U+4ECA,今,04eca,0,unicode
금,U+4EF1,仱,04ef1,0,unicode
금,U+552B,唫,0552b,0,unicode
금,U+5664,噤,05664,0,unicode
금,U+5997,妗,05997,0,unicode
금,U+5D94,嶔,05d94,0,unicode
금,U+5E88,庈,05e88,0,unicode
금,U+60CD,惍,060cd,0,unicode
금,U+64D2,擒,064d2,0,unicode
금,U+6611,昑,06611,0,unicode
금,U+6A8E,檎,06a8e,0,unicode
금,U+7434,琴,07434,0,unicode
금,U+7981,禁,07981,0,unicode
금,U+79BD,禽,079bd,0,unicode
금,U+7B12,笒,07b12,0,unicode
금,U+8039,耹,08039,0,unicode
금,U+80A3,肣,080a3,0,unicode
금,U+82A9,芩,082a9,0,unicode
금,U+887E,衾,0887e,0,unicode
금,U+887F,衿,0887f,0,unicode
금,U+895F,襟,0895f,0,unicode
금,U+91D1,金,091d1,0,unicode
금,U+9326,錦,09326,0,unicode
금,U+9EC5,黅,09ec5,0,unicode
금,,,a0136,A,internal_code_A
급,U+3B72,㭲,03b72,0,unicode
급,U+4F0B,伋,04f0b,0,unicode
급,U+53CA,及,053ca,0,unicode
급,U+573E,圾,0573e,0,unicode
급,U+5C8C,岌,05c8c,0,unicode
급,U+6025,急,06025,0,unicode
급,U+6271,扱,06271,0,unicode
급,U+6C72,汲,06c72,0,unicode
급,U+7680,皀,07680,0,unicode
급,U+790F,礏,0790f,0,unicode
급,U+7B08,笈,07b08,0,unicode
급,U+7D1A,級,07d1a,0,unicode
급,U+7D66,給,07d66,0,unicode
급,U+82A8,芨,082a8,0,unicode
긍,U+4E98,亘,04e98,0,unicode
긍,U+4E99,亙,04e99,0,unicode
긍,U+4EF1,仱,04ef1,0,unicode
긍,U+5162,兢,05162,0,unicode
긍,U+6B91,殑,06b91,0,unicode
긍,U+77DC,矜,077dc,0,unicode
긍,U+80AF,肯,080af,0,unicode
기,U+380C,㠌,0380c,0,unicode
기,U+3831,㠱,03831,0,unicode
기,U+3F04,㼄,03f04,0,unicode
기,U+4E0C,丌,04e0c,0,unicode
기,U+4F01,企,04f01,0,unicode
기,U+4F0E,伎,04f0e,0,unicode
기,U+501B,倛,0501b,0,unicode
기,U+50DB,僛,050db,0,unicode
기,U+5176,其,05176,0,unicode
기,U+5180,冀,05180,0,unicode
기,U+5258,剘,05258,0,unicode
기,U+525E,剞,0525e,0,unicode
기,U+55DC,嗜,055dc,0,unicode
기,U+5668,器,05668,0,unicode
기,U+573B,圻,0573b,0,unicode
기,U+57FA,基,057fa,0,unicode
기,U+57FC,埼,057fc,0,unicode
기,U+588D,墍,0588d,0,unicode
기,U+5914,夔,05914,0,unicode
기,U+5947,奇,05947,0,unicode
기,U+5993,妓,05993,0,unicode
기,U+5A4D,婍,05a4d,0,unicode
기,U+5BC4,寄,05bc4,0,unicode
기,U+5C7A,屺,05c7a,0,unicode
기,U+5C90,岐,05c90,0,unicode
기,U+5D0E,崎,05d0e,0,unicode
기,U+5DF1,己,05df1,0,unicode
기,U+5E7E,幾,05e7e,0,unicode
기,U+5E8B,庋,05e8b,0,unicode
기,U+5F03,弃,05f03,0,unicode
기,U+5FCC,忌,05fcc,0,unicode
기,U+5FEE,忮,05fee,0,unicode
기,U+5FEF,忯,05fef,0,unicode
기,U+612D,愭,0612d,0,unicode
기,U+6280,技,06280,0,unicode
기,U+638E,掎,0638e,0,unicode
기,U+6391,掑,06391,0,unicode
기,U+6531,攱,06531,0,unicode
기,U+6532,攲,06532,0,unicode
기,U+65C2,旂,065c2,0,unicode
기,U+65D7,旗,065d7,0,unicode
기,U+65E3,旣,065e3,0,unicode
기,U+66A3,暣,066a3,0,unicode
기,U+66C1,曁,066c1,0,unicode
기,U+671E,朞,0671e,0,unicode
기,U+671F,期,0671f,0,unicode
기,U+675E,杞,0675e,0,unicode
기,U+68C4,棄,068c4,0,unicode
기,U+68CA,棊,068ca,0,unicode
기,U+68CB,棋,068cb,0,unicode
기,U+69BF,榿,069bf,0,unicode
기,U+6A5F,機,06a5f,0,unicode
기,U+6B3A,欺,06b3a,0,unicode
기,U+6B67,歧,06b67,0,unicode
기,U+6C14,气,06c14,0,unicode
기,U+6C23,氣,06c23,0,unicode
기,U+6C7D,汽,06c7d,0,unicode
기,U+6C82,沂,06c82,0,unicode
기,U+6DC7,淇,06dc7,0,unicode
기,U+7081,炁,07081,0,unicode
기,U+7309,猉,07309,0,unicode
기,U+7398,玘,07398,0,unicode
기,U+7426,琦,07426,0,unicode
기,U+742A,琪,0742a,0,unicode
기,U+7482,璂,07482,0,unicode
기,U+74A3,璣,074a3,0,unicode
기,U+7578,畸,07578,0,unicode
기,U+757F,畿,0757f,0,unicode
기,U+7881,碁,07881,0,unicode
기,U+78EF,磯,078ef,0,unicode
기,U+7941,祁,07941,0,unicode
기,U+7947,祇,07947,0,unicode
기,U+7948,祈,07948,0,unicode
기,U+797A,祺,0797a,0,unicode
기,U+79A5,禥,079a5,0,unicode
기,U+79A8,禨,079a8,0,unicode
기,U+7A18,稘,07a18,0,unicode
기,U+7B95,箕,07b95,0,unicode
기,U+7C0A,簊,07c0a,0,unicode
기,U+7D00,紀,07d00,0,unicode
기,U+7DA5,綥,07da5,0,unicode
기,U+7DA6,綦,07da6,0,unicode
기,U+7DBA,綺,07dba,0,unicode
기,U+7F87,羇,07f87,0,unicode
기,U+7F88,羈,07f88,0,unicode
기,U+8006,耆,08006,0,unicode
기,U+802D,耭,0802d,0,unicode
기,U+808C,肌,0808c,0,unicode
기,U+80B5,肵,080b5,0,unicode
기,U+82AA,芪,082aa,0,unicode
기,U+82B0,芰,082b0,0,unicode
기,U+8401,萁,08401,0,unicode
기,U+8604,蘄,08604,0,unicode
기,U+8641,虁,08641,0,unicode
기,U+871D,蜝,0871d,0,unicode
기,U+87E3,蟣,087e3,0,unicode
기,U+89AC,覬,089ac,0,unicode
기,U+8A18,記,08a18,0,unicode
기,U+8AC6,諆,08ac6,0,unicode
기,U+8B4F,譏,08b4f,0,unicode
기,U+8C48,豈,08c48,0,unicode
기,U+8D77,起,08d77,0,unicode
기,U+8DC2,跂,08dc2,0,unicode
기,U+9321,錡,09321,0,unicode
기,U+9324,錤,09324,0,unicode
기,U+9691,隑,09691,0,unicode
기,U+980E,頎,0980e,0,unicode
기,U+98E2,飢,098e2,0,unicode
기,U+9951,饑,09951,0,unicode
기,U+9A0E,騎,09a0e,0,unicode
기,U+9A0F,騏,09a0f,0,unicode
기,U+9A65,驥,09a65,0,unicode
기,U+9B10,鬐,09b10,0,unicode
기,U+9C2D,鰭,09c2d,0,unicode
기,U+9E92,麒,09e92,0,unicode
기,,,a0107,A,internal_code_A
기,,,a0273,A,internal_code_A
기,U+F3474,,f3474,F,private_use_F
기,U+F34B5,,f34b5,F,private_use_F
긴,U+7DCA,緊,07dca,0,unicode
길,U+4F76,佶,04f76,0,unicode
길,U+5409,吉,05409,0,unicode
길,U+54AD,咭,054ad,0,unicode
길,U+59DE,姞,059de,0,unicode
길,U+62EE,拮,062ee,0,unicode
길,U+6854,桔,06854,0,unicode
길,U+86E3,蛣,086e3,0,unicode
길,U+8D8C,趌,08d8c,0,unicode
김,U+91D1,金,091d1,0,unicode
끽,U+55AB,喫,055ab,0,unicode
나,U+43E7,䏧,043e7,0,unicode
나,U+46D4,䛔,046d4,0,unicode
나,U+502E,倮,0502e,0,unicode
나,U+5138,儸,05138,0,unicode
나,U+513A,儺,0513a,0,unicode
나,U+5246,剆,05246,0,unicode
나,U+54EA,哪,054ea,0,unicode
나,U+5587,喇,05587,0,unicode
나,U+56C9,囉,056c9,0,unicode
나,U+5948,奈,05948,0,unicode
나,U+5A1C,娜,05a1c,0,unicode
나,U+61E6,懦,061e6,0,unicode
나,U+61F6,懶,061f6,0,unicode
나,U+62CF,拏,062cf,0,unicode
나,U+62FF,拿,062ff,0,unicode
나,U+6310,挐,06310,0,unicode
나,U+632A,挪,0632a,0,unicode
나,U+645E,摞,0645e,0,unicode
나,U+66EA,曪,066ea,0,unicode
나,U+67F0,柰,067f0,0,unicode
나,U+689B,梛,0689b,0,unicode
나,U+6A60,橠,06a60,0,unicode
나,U+7630,瘰,07630,0,unicode
나,U+7669,癩,07669,0,unicode
나,U+7822,砢,07822,0,unicode
나,U+7A2C,稬,07a2c,0,unicode
나,U+7CEF,糯,07cef,0,unicode
나,U+7F85,羅,07f85,0,unicode
나,U+8161,腡,08161,0,unicode
나,U+81DD,臝,081dd,0,unicode
나,U+84CF,蓏,084cf,0,unicode
나,U+863F,蘿,0863f,0,unicode
나,U+87BA,螺,087ba,0,unicode
나,U+88F8,裸,088f8,0,unicode
나,U+89B6,覶,089b6,0,unicode
나,U+8ABD,誽,08abd,0,unicode
나,U+908F,邏,0908f,0,unicode
나,U+90A3,那,090a3,0,unicode
나,U+947C,鑼,0947c,0,unicode
나,U+9A3E,騾,09a3e,0,unicode
나,U+9A58,驘,09a58,0,unicode
나,U+21594,𡖔,21594,2,unicode
나,U+230FD,𣃽,230fd,2,unicode
나,,,a013f,A,internal_code_A
나,,,a0274,A,internal_code_A
낙,U+55E0,嗠,055e0,0,unicode
낙,U+6A02,樂,06a02,0,unicode
낙,U+6D1B,洛,06d1b,0,unicode
낙,U+70D9,烙,070d9,0,unicode
낙,U+7296,犖,07296,0,unicode
낙,U+73DE,珞,073de,0,unicode
낙,U+7D61,絡,07d61,0,unicode
낙,U+843D,落,0843d,0,unicode
낙,U+8AFE,諾,08afe,0,unicode
낙,U+916A,酪,0916a,0,unicode
낙,U+99F1,駱,099f1,0,unicode
낙,,,a0137,A,internal_code_A
낙,,,a0140,A,internal_code_A
난,U+470C,䜌,0470c,0,unicode
난,U+4E39,丹,04e39,0,unicode
난,U+4E82,亂,04e82,0,unicode
난,U+5044,偄,05044,0,unicode
난,U+5375,卵,05375,0,unicode
난,U+5B3E,嬾,05b3e,0,unicode
난,U+5E71,幱,05e71,0,unicode
난,U+611E,愞,0611e,0,unicode
난,U+6514,攔,06514,0,unicode
난,U+6696,暖,06696,0,unicode
난,U+6B04,欄,06b04,0,unicode
난,U+6B12,欒,06b12,0,unicode
난,U+6B17,欗,06b17,0,unicode
난,U+703E,瀾,0703e,0,unicode
난,U+7053,灓,07053,0,unicode
난,U+7061,灡,07061,0,unicode
난,U+7156,煖,07156,0,unicode
난,U+721B,爛,0721b,0,unicode
난,U+74D3,瓓,074d3,0,unicode
난,U+862D,蘭,0862d,0,unicode
난,U+8974,襴,08974,0,unicode
난,U+8D67,赧,08d67,0,unicode
난,U+947E,鑾,0947e,0,unicode
난,U+95CC,闌,095cc,0,unicode
난,U+96E3,難,096e3,0,unicode
난,U+992A,餪,0992a,0,unicode
난,U+9E1E,鸞,09e1e,0,unicode
난,,,a0141,A,internal_code_A
날,U+524C,剌,0524c,0,unicode
날,U+57D2,埒,057d2,0,unicode
날,U+634F,捏,0634f,0,unicode
날,U+637A,捺,0637a,0,unicode
날,U+8FA2,辢,08fa2,0,unicode
날,U+8FA3,辣,08fa3,0,unicode
남,U+36E6,㛦,036e6,0,unicode
남,U+4FBD,侽,04fbd,0,unicode
남,U+5357,南,05357,0,unicode
남,U+5583,喃,05583,0,unicode
남,U+5A1A,娚,05a1a,0,unicode
남,U+5A6A,婪,05a6a,0,unicode
남,U+5A7B,婻,05a7b,0,unicode
남,U+5D50,嵐,05d50,0,unicode
남,U+60CF,惏,060cf,0,unicode
남,U+63C7,揇,063c7,0,unicode
남,U+64E5,擥,064e5,0,unicode
남,U+652C,攬,0652c,0,unicode
남,U+6694,暔,06694,0,unicode
남,U+678F,枏,0678f,0,unicode
남,U+6960,楠,06960,0,unicode
남,U+6B16,欖,06b16,0,unicode
남,U+6E73,湳,06e73,0,unicode
남,U+6F24,漤,06f24,0,unicode
남,U+6FEB,濫,06feb,0,unicode
남,U+7046,灆,07046,0,unicode
남,U+7060,灠,07060,0,unicode
남,U+7201,爁,07201,0,unicode
남,U+74BC,璼,074bc,0,unicode
남,U+7537,男,07537,0,unicode
남,U+7C43,籃,07c43,0,unicode
남,U+7E9C,纜,07e9c,0,unicode
남,U+85CD,藍,085cd,0,unicode
남,U+8964,襤,08964,0,unicode
남,U+89BD,覽,089bd,0,unicode
남,U+8AF5,諵,08af5,0,unicode
남,U+22C6F,𢱯,22c6f,2,unicode
남,,,a0142,A,internal_code_A
남,,,a0267,A,internal_code_A
납,U+62C9,拉,062c9,0,unicode
납,U+7D0D,納,07d0d,0,unicode
납,U+81D8,臘,081d8,0,unicode
납,U+881F,蠟,0881f,0,unicode
납,U+8872,衲,08872,0,unicode
납,U+945E,鑞,0945e,0,unicode
낭,U+3883,㢃,03883,0,unicode
낭,U+56CA,囊,056ca,0,unicode
낭,U+5A18,娘,05a18,0,unicode
낭,U+5ECA,廊,05eca,0,unicode
낭,U+66E9,曩,066e9,0,unicode
낭,U+6717,朗,06717,0,unicode
낭,U+6994,榔,06994,0,unicode
낭,U+6D6A,浪,06d6a,0,unicode
낭,U+70FA,烺,070fa,0,unicode
낭,U+72FC,狼,072fc,0,unicode
낭,U+7405,琅,07405,0,unicode
낭,U+746F,瑯,0746f,0,unicode
낭,U+7860,硠,07860,0,unicode
낭,U+7A02,稂,07a02,0,unicode
낭,U+83A8,莨,083a8,0,unicode
낭,U+870B,蜋,0870b,0,unicode
낭,U+8782,螂,08782,0,unicode
낭,U+90CE,郎,090ce,0,unicode
낭,U+90DE,郞,090de,0,unicode
낭,U+95AC,閬,095ac,0,unicode
낭,U+99FA,駺,099fa,0,unicode
내,U+4E43,乃,04e43,0,unicode
내,U+4F86,來,04f86,0,unicode
내,U+5167,內,05167,0,unicode
내,U+5948,奈,05948,0,unicode
내,U+5976,奶,05976,0,unicode
내,U+5B2D,嬭,05b2d,0,unicode
내,U+5D0D,崍,05d0d,0,unicode
내,U+5FA0,徠,05fa0,0,unicode
내,U+6765,来,06765,0,unicode
내,U+67F0,柰,067f0,0,unicode
내,U+6DF6,淶,06df6,0,unicode
내,U+8010,耐,08010,0,unicode
내,U+840A,萊,0840a,0,unicode
내,U+8FFA,迺,08ffa,0,unicode
내,U+9A0B,騋,09a0b,0,unicode
내,U+9F10,鼐,09f10,0,unicode
내,U+27F1B,𧼛,27f1b,2,unicode
내,,,a0143,A,internal_code_A
냉,U+51B7,冷,051b7,0,unicode
녀,U+5973,女,05973,0,unicode
녁,U+60C4,惄,060c4,0,unicode
년,U+5E74,年,05e74,0,unicode
년,U+649A,撚,0649a,0,unicode
년,U+78BE,碾,078be,0,unicode
년,U+79CA,秊,079ca,0,unicode
념,U+5FF5,念,05ff5,0,unicode
념,U+606C,恬,0606c,0,unicode
념,U+62C8,拈,062c8,0,unicode
념,U+637B,捻,0637b,0,unicode
녑,U+60D7,惗,060d7,0,unicode
녕,U+4F5E,佞,04f5e,0,unicode
녕,U+511C,儜,0511c,0,unicode
녕,U+5680,嚀,05680,0,unicode
녕,U+5BD7,寗,05bd7,0,unicode
녕,U+5BE7,寧,05be7,0,unicode
녕,U+6FD8,濘,06fd8,0,unicode
녕,U+7370,獰,07370,0,unicode
녕,U+752F,甯,0752f,0,unicode
노,U+46DD,䛝,046dd,0,unicode
노,U+52AA,努,052aa,0,unicode
노,U+52DE,勞,052de,0,unicode
노,U+5476,呶,05476,0,unicode
노,U+56A7,嚧,056a7,0,unicode
노,U+58DA,壚,058da,0,unicode
노,U+5974,奴,05974,0,unicode
노,U+5B65,孥,05b65,0,unicode
노,U+5CF1,峱,05cf1,0,unicode
노,U+5F29,弩,05f29,0,unicode
노,U+6012,怒,06012,0,unicode
노,U+6488,撈,06488,0,unicode
노,U+64C4,擄,064c4,0,unicode
노,U+6AD3,櫓,06ad3,0,unicode
노,U+6AE8,櫨,06ae8,0,unicode
노,U+6EF7,滷,06ef7,0,unicode
노,U+6F5E,潞,06f5e,0,unicode
노,U+6F66,潦,06f66,0,unicode
노,U+6F87,澇,06f87,0,unicode
노,U+7018,瀘,07018,0,unicode
노,U+7210,爐,07210,0,unicode
노,U+7331,猱,07331,0,unicode
노,U+7388,玈,07388,0,unicode
노,U+7459,瑙,07459,0,unicode
노,U+7490,璐,07490,0,unicode
노,U+74D0,瓐,074d0,0,unicode
노,U+7646,癆,07646,0,unicode
노,U+76E7,盧,076e7,0,unicode
노,U+77D1,矑,077d1,0,unicode
노,U+7A82,窂,07a82,0,unicode
노,U+7B2F,笯,07b2f,0,unicode
노,U+8001,老,08001,0,unicode
노,U+81D1,臑,081d1,0,unicode
노,U+826A,艪,0826a,0,unicode
노,U+826B,艫,0826b,0,unicode
노,U+8557,蕗,08557,0,unicode
노,U+8606,蘆,08606,0,unicode
노,U+865C,虜,0865c,0,unicode
노,U+8DEF,路,08def,0,unicode
노,U+8F05,輅,08f05,0,unicode
노,U+8F64,轤,08f64,0,unicode
노,U+942A,鐪,0942a,0,unicode
노,U+946A,鑪,0946a,0,unicode
노,U+9732,露,09732,0,unicode
노,U+9871,顱,09871,0,unicode
노,U+99D1,駑,099d1,0,unicode
노,U+9AD7,髗,09ad7,0,unicode
노,U+9B6F,魯,09b6f,0,unicode
노,U+9C78,鱸,09c78,0,unicode
노,U+9DFA,鷺,09dfa,0,unicode
노,U+9E15,鸕,09e15,0,unicode
노,U+9E75,鹵,09e75,0,unicode
노,,,a0146,A,internal_code_A
노,,,a0271,A,internal_code_A
노,,,a02d1,A,internal_code_A
녹,U+5F54,彔,05f54,0,unicode
녹,U+6DE5,淥,06de5,0,unicode
녹,U+6F09,漉,06f09,0,unicode
녹,U+788C,碌,0788c,0,unicode
녹,U+797F,祿,0797f,0,unicode
녹,U+7C0F,簏,07c0f,0,unicode
녹,U+7DA0,綠,07da0,0,unicode
녹,U+83C9,菉,083c9,0,unicode
녹,U+8F46,轆,08f46,0,unicode
녹,U+9304,錄,09304,0,unicode
녹,U+9D66,鵦,09d66,0,unicode
녹,U+9E7F,鹿,09e7f,0,unicode
녹,U+9E93,麓,09e93,0,unicode
녹,,,a0108,A,internal_code_A
녹,,,a0147,A,internal_code_A
논,U+8AD6,論,08ad6,0,unicode
농,U+5102,儂,05102,0,unicode
농,U+5131,儱,05131,0,unicode
농,U+5665,噥,05665,0,unicode
농,U+58DF,壟,058df,0,unicode
농,U+5F04,弄,05f04,0,unicode
농,U+650F,攏,0650f,0,unicode
농,U+66E8,曨,066e8,0,unicode
농,U+6727,朧,06727,0,unicode
농,U+6FC3,濃,06fc3,0,unicode
농,U+7027,瀧,07027,0,unicode
농,U+74CF,瓏,074cf,0,unicode
농,U+7931,礱,07931,0,unicode
농,U+7A60,穠,07a60,0,unicode
농,U+7C60,籠,07c60,0,unicode
농,U+807E,聾,0807e,0,unicode
농,U+81BF,膿,081bf,0,unicode
농,U+8622,蘢,08622,0,unicode
농,U+8FB2,農,08fb2,0,unicode
농,U+91B2,醲,091b2,0,unicode
농,U+96B4,隴,096b4,0,unicode
뇌,U+5121,儡,05121,0,unicode
뇌,U+60F1,惱,060f1,0,unicode
뇌,U+6502,攂,06502,0,unicode
뇌,U+7028,瀨,07028,0,unicode
뇌,U+7262,牢,07262,0,unicode
뇌,U+78CA,磊,078ca,0,unicode
뇌,U+790C,礌,0790c,0,unicode
뇌,U+7927,礧,07927,0,unicode
뇌,U+7C5F,籟,07c5f,0,unicode
뇌,U+7E87,纇,07e87,0,unicode
뇌,U+7F4D,罍,07f4d,0,unicode
뇌,U+8012,耒,08012,0,unicode
뇌,U+8166,腦,08166,0,unicode
뇌,U+857E,蕾,0857e,0,unicode
뇌,U+8A84,誄,08a84,0,unicode
뇌,U+8CC2,賂,08cc2,0,unicode
뇌,U+8CDA,賚,08cda,0,unicode
뇌,U+8CF4,賴,08cf4,0,unicode
뇌,U+9179,酹,09179,0,unicode
뇌,U+96F7,雷,096f7,0,unicode
뇌,U+983C,頼,0983c,0,unicode
뇌,U+9912,餒,09912,0,unicode
뇨,U+5ACB,嫋,05acb,0,unicode
뇨,U+5B32,嬲,05b32,0,unicode
뇨,U+5C3F,尿,05c3f,0,unicode
뇨,U+6493,撓,06493,0,unicode
뇨,U+6DD6,淖,06dd6,0,unicode
뇨,U+9403,鐃,09403,0,unicode
뇨,U+9B27,鬧,09b27,0,unicode
누,U+50C2,僂,050c2,0,unicode
누,U+5542,啂,05542,0,unicode
누,U+560D,嘍,0560d,0,unicode
누,U+58D8,壘,058d8,0,unicode
누,U+5A41,婁,05a41,0,unicode
누,U+5C62,屢,05c62,0,unicode
누,U+5D81,嶁,05d81,0,unicode
누,U+617A,慺,0617a,0,unicode
누,U+645F,摟,0645f,0,unicode
누,U+6A13,樓,06a13,0,unicode
누,U+6ABD,檽,06abd,0,unicode
누,U+6DDA,淚,06dda,0,unicode
누,U+6F0F,漏,06f0f,0,unicode
누,U+71A1,熡,071a1,0,unicode
누,U+763B,瘻,0763b,0,unicode
누,U+7D2F,累,07d2f,0,unicode
누,U+7E37,縷,07e37,0,unicode
누,U+8028,耨,08028,0,unicode
누,U+802C,耬,0802c,0,unicode
누,U+851E,蔞,0851e,0,unicode
누,U+87BB,螻,087bb,0,unicode
누,U+8938,褸,08938,0,unicode
누,U+93E4,鏤,093e4,0,unicode
누,U+964B,陋,0964b,0,unicode
누,U+9ACF,髏,09acf,0,unicode
누,,,a0149,A,internal_code_A
눈,U+5AE9,嫩,05ae9,0,unicode
눌,U+5436,吶,05436,0,unicode
눌,U+80AD,肭,080ad,0,unicode
눌,U+8A25,訥,08a25,0,unicode
뉴,U+599E,妞,0599e,0,unicode
뉴,U+5FF8,忸,05ff8,0,unicode
뉴,U+677B,杻,0677b,0,unicode
뉴,U+6C91,沑,06c91,0,unicode
뉴,U+7D10,紐,07d10,0,unicode
뉴,U+9215,鈕,09215,0,unicode
뉴,U+27625,𧘥,27625,2,unicode
뉵,U+6C91,沑,06c91,0,unicode
뉵,U+8844,衄,08844,0,unicode
늑,U+52D2,勒,052d2,0,unicode
늑,U+5FC7,忇,05fc7,0,unicode
늑,U+6CD0,泐,06cd0,0,unicode
늑,U+808B,肋,0808b,0,unicode
늠,U+51DB,凛,051db,0,unicode
늠,U+51DC,凜,051dc,0,unicode
늠,U+5EE9,廩,05ee9,0,unicode
늠,U+6F9F,澟,06f9f,0,unicode
늠,U+83FB,菻,083fb,0,unicode
늠,,,a02d7,A,internal_code_A
능,U+5030,倰,05030,0,unicode
능,U+51CC,凌,051cc,0,unicode
능,U+695E,楞,0695e,0,unicode
능,U+7A1C,稜,07a1c,0,unicode
능,U+7DBE,綾,07dbe,0,unicode
능,U+80FD,能,080fd,0,unicode
능,U+83F1,菱,083f1,0,unicode
능,U+8506,蔆,08506,0,unicode
능,U+9675,陵,09675,0,unicode
능,,,a014a,A,internal_code_A
능,,,a024e,A,internal_code_A
니,U+3990,㦐,03990,0,unicode
니,U+5462,呢,05462,0,unicode
니,U+59AE,妮,059ae,0,unicode
니,U+5C3C,尼,05c3c,0,unicode
니,U+6029,怩,06029,0,unicode
니,U+67C5,柅,067c5,0,unicode
니,U+6CE5,泥,06ce5,0,unicode
니,U+6FD4,濔,06fd4,0,unicode
니,U+7962,祢,07962,0,unicode
니,U+79B0,禰,079b0,0,unicode
니,U+81A9,膩,081a9,0,unicode
니,U+999C,馜,0999c,0,unicode
닉,U+533F,匿,0533f,0,unicode
닉,U+6EBA,溺,06eba,0,unicode
닐,U+6635,昵,06635,0,unicode
닐,U+66B1,暱,066b1,0,unicode
다,U+591A,多,0591a,0,unicode
다,U+591B,夛,0591b,0,unicode
다,U+5972,奲,05972,0,unicode
다,U+7239,爹,07239,0,unicode
다,U+8324,茤,08324,0,unicode
다,U+8336,茶,08336,0,unicode
다,U+89F0,觰,089f0,0,unicode
다,U+9132,鄲,09132,0,unicode
다,U+2363B,𣘻,2363b,2,unicode
다,U+25978,𥥸,25978,2,unicode
다,,,a0138,A,internal_code_A
다,,,a0262,A,internal_code_A
다,,,a0270,A,internal_code_A
단,U+3ADC,㫜,03adc,0,unicode
단,U+4E39,丹,04e39,0,unicode
단,U+4EB6,亶,04eb6,0,unicode
단,U+4F46,但,04f46,0,unicode
단,U+5073,偳,05073,0,unicode
단,U+526C,剬,0526c,0,unicode
단,U+55AE,單,055ae,0,unicode
단,U+5718,團,05718,0,unicode
단,U+58C7,壇,058c7,0,unicode
단,U+5F56,彖,05f56,0,unicode
단,U+6171,慱,06171,0,unicode
단,U+62C5,担,062c5,0,unicode
단,U+65B7,斷,065b7,0,unicode
단,U+65E6,旦,065e6,0,unicode
단,U+6934,椴,06934,0,unicode
단,U+6A80,檀,06a80,0,unicode
단,U+6BB5,段,06bb5,0,unicode
단,U+6E4D,湍,06e4d,0,unicode
단,U+6F19,漙,06f19,0,unicode
단,U+7153,煓,07153,0,unicode
단,U+71C0,燀,071c0,0,unicode
단,U+7456,瑖,07456,0,unicode
단,U+7649,癉,07649,0,unicode
단,U+77ED,短,077ed,0,unicode
단,U+7803,砃,07803,0,unicode
단,U+7AEF,端,07aef,0,unicode
단,U+7AF1,竱,07af1,0,unicode
단,U+7C1E,簞,07c1e,0,unicode
단,U+7DDE,緞,07dde,0,unicode
단,U+8011,耑,08011,0,unicode
단,U+80C6,胆,080c6,0,unicode
단,U+8176,腶,08176,0,unicode
단,U+86CB,蛋,086cb,0,unicode
단,U+8711,蜑,08711,0,unicode
단,U+8892,袒,08892,0,unicode
단,U+9132,鄲,09132,0,unicode
단,U+935B,鍛,0935b,0,unicode
단,,,a0283,A,internal_code_A
달,U+59B2,妲,059b2,0,unicode
달,U+601B,怛,0601b,0,unicode
달,U+64BB,撻,064bb,0,unicode
달,U+6A7D,橽,06a7d,0,unicode
달,U+6FBE,澾,06fbe,0,unicode
달,U+709F,炟,0709f,0,unicode
달,U+737A,獺,0737a,0,unicode
달,U+75B8,疸,075b8,0,unicode
달,U+7F8D,羍,07f8d,0,unicode
달,U+9054,達,09054,0,unicode
달,U+95E5,闥,095e5,0,unicode
달,U+977C,靼,0977c,0,unicode
달,U+97C3,韃,097c3,0,unicode
담,U+5013,倓,05013,0,unicode
담,U+510B,儋,0510b,0,unicode
담,U+5556,啖,05556,0,unicode
담,U+5557,啗,05557,0,unicode
담,U+557F,啿,0557f,0,unicode
담,U+563E,嘾,0563e,0,unicode
담,U+5649,噉,05649,0,unicode
담,U+574D,坍,0574d,0,unicode
담,U+57EE,埮,057ee,0,unicode
담,U+58B0,墰,058b0,0,unicode
담,U+58DC,壜,058dc,0,unicode
담,U+60D4,惔,060d4,0,unicode
담,U+61BA,憺,061ba,0,unicode
담,U+64D4,擔,064d4,0,unicode
담,U+66C7,曇,066c7,0,unicode
담,U+6BEF,毯,06bef,0,unicode
담,U+6DE1,淡,06de1,0,unicode
담,U+6E5B,湛,06e5b,0,unicode
담,U+6F6D,潭,06f6d,0,unicode
담,U+6FB9,澹,06fb9,0,unicode
담,U+708E,炎,0708e,0,unicode
담,U+75F0,痰,075f0,0,unicode
담,U+79AB,禫,079ab,0,unicode
담,U+7DC2,緂,07dc2,0,unicode
담,U+7F4E,罎,07f4e,0,unicode
담,U+8043,聃,08043,0,unicode
담,U+81BD,膽,081bd,0,unicode
담,U+8541,蕁,08541,0,unicode
담,U+859D,薝,0859d,0,unicode
담,U+8983,覃,08983,0,unicode
담,U+8AC7,談,08ac7,0,unicode
담,U+8B5A,譚,08b5a,0,unicode
담,U+90EF,郯,090ef,0,unicode
담,U+931F,錟,0931f,0,unicode
담,U+9EEE,黮,09eee,0,unicode
담,U+9EF5,黵,09ef5,0,unicode
담,,,a0139,A,internal_code_A
답,U+6C93,沓,06c93,0,unicode
답,U+7553,畓,07553,0,unicode
답,U+7B54,答,07b54,0,unicode
답,U+8E0F,踏,08e0f,0,unicode
답,U+905D,遝,0905d,0,unicode
당,U+3FE9,㿩,03fe9,0,unicode
당,U+48CA,䣊,048ca,0,unicode
당,U+5018,倘,05018,0,unicode
당,U+513B,儻,0513b,0,unicode
당,U+5510,唐,05510,0,unicode
당,U+5802,堂,05802,0,unicode
당,U+5858,塘,05858,0,unicode
당,U+5E62,幢,05e62,0,unicode
당,U+6207,戇,06207,0,unicode
당,U+642A,搪,0642a,0,unicode
당,U+649E,撞,0649e,0,unicode
당,U+68E0,棠,068e0,0,unicode
당,U+6A94,檔,06a94,0,unicode
당,U+6E8F,溏,06e8f,0,unicode
당,U+7223,爣,07223,0,unicode
당,U+746D,瑭,0746d,0,unicode
당,U+74AB,璫,074ab,0,unicode
당,U+7576,當,07576,0,unicode
당,U+77A0,瞠,077a0,0,unicode
당,U+7911,礑,07911,0,unicode
당,U+7CD6,糖,07cd6,0,unicode
당,U+87B3,螳,087b3,0,unicode
당,U+87F7,蟷,087f7,0,unicode
당,U+8960,襠,08960,0,unicode
당,U+8B9C,讜,08b9c,0,unicode
당,U+93DC,鏜,093dc,0,unicode
당,U+943A,鐺,0943a,0,unicode
당,U+9933,餳,09933,0,unicode
당,U+9939,餹,09939,0,unicode
당,U+9EE8,黨,09ee8,0,unicode
대,U+3B03,㬃,03b03,0,unicode
대,U+3B23,㬣,03b23,0,unicode
대,U+469F,䚟,0469f,0,unicode
대,U+4EE3,代,04ee3,0,unicode
대,U+5113,儓,05113,0,unicode
대,U+576E,坮,0576e,0,unicode
대,U+5788,垈,05788,0,unicode
대,U+5927,大,05927,0,unicode
대,U+5C0D,對,05c0d,0,unicode
대,U+5CB1,岱,05cb1,0,unicode
대,U+5E36,帶,05e36,0,unicode
대,U+5F85,待,05f85,0,unicode
대,U+61DF,懟,061df,0,unicode
대,U+6234,戴,06234,0,unicode
대,U+62AC,抬,062ac,0,unicode
대,U+64E1,擡,064e1,0,unicode
대,U+65F2,旲,065f2,0,unicode
대,U+6778,杸,06778,0,unicode
대,U+67CB,柋,067cb,0,unicode
대,U+6AAF,檯,06aaf,0,unicode
대,U+6C4F,汏,06c4f,0,unicode
대,U+73B3,玳,073b3,0,unicode
대,U+7893,碓,07893,0,unicode
대,U+81FA,臺,081fa,0,unicode
대,U+888B,袋,0888b,0,unicode
대,U+8CB8,貸,08cb8,0,unicode
대,U+9413,鐓,09413,0,unicode
대,U+968A,隊,0968a,0,unicode
대,U+9EDB,黛,09edb,0,unicode
댁,U+5B85,宅,05b85,0,unicode
덕,U+3941,㥁,03941,0,unicode
덕,U+3BD6,㯖,03bd6,0,unicode
덕,U+5FB3,徳,05fb3,0,unicode
덕,U+5FB7,德,05fb7,0,unicode
덕,U+60B3,悳,060b3,0,unicode
도,U+3B78,㭸,03b78,0,unicode
도,U+5012,倒,05012,0,unicode
도,U+5200,刀,05200,0,unicode
도,U+5230,到,05230,0,unicode
도,U+53E8,叨,053e8,0,unicode
도,U+561F,嘟,0561f,0,unicode
도,U+5675,噵,05675,0,unicode
도,U+5716,圖,05716,0,unicode
도,U+5835,堵,05835,0,unicode
도,U+5857,塗,05857,0,unicode
도,U+58D4,壔,058d4,0,unicode
도,U+5932,夲,05932,0,unicode
도,U+5C0E,導,05c0e,0,unicode
도,U+5C60,屠,05c60,0,unicode
도,U+5CF6,島,05cf6,0,unicode
도,U+5CF9,峹,05cf9,0,unicode
도,U+5D8B,嶋,05d8b,0,unicode
도,U+5EA6,度,05ea6,0,unicode
도,U+5EA9,庩,05ea9,0,unicode
도,U+5F22,弢,05f22,0,unicode
도,U+5F92,徒,05f92,0,unicode
도,U+5FC9,忉,05fc9,0,unicode
도,U+60BC,悼,060bc,0,unicode
도,U+6146,慆,06146,0,unicode
도,U+6311,挑,06311,0,unicode
도,U+6348,捈,06348,0,unicode
도,U+6389,掉,06389,0,unicode
도,U+638F,掏,0638f,0,unicode
도,U+6417,搗,06417,0,unicode
도,U+642F,搯,0642f,0,unicode
도,U+64E3,擣,064e3,0,unicode
도,U+668F,暏,0668f,0,unicode
도,U+6843,桃,06843,0,unicode
도,U+68F9,棹,068f9,0,unicode
도,U+6AAE,檮,06aae,0,unicode
도,U+6AC2,櫂,06ac2,0,unicode
도,U+6D2E,洮,06d2e,0,unicode
도,U+6D82,涂,06d82,0,unicode
도,U+6DD8,淘,06dd8,0,unicode
도,U+6E21,渡,06e21,0,unicode
도,U+6ED4,滔,06ed4,0,unicode
도,U+6FE4,濤,06fe4,0,unicode
도,U+71FE,燾,071fe,0,unicode
도,U+746B,瑫,0746b,0,unicode
도,U+76DC,盜,076dc,0,unicode
도,U+7779,睹,07779,0,unicode
도,U+7979,祹,07979,0,unicode
도,U+79B1,禱,079b1,0,unicode
도,U+7A0C,稌,07a0c,0,unicode
도,U+7A3B,稻,07a3b,0,unicode
도,U+837C,荼,0837c,0,unicode
도,U+83DF,菟,083df,0,unicode
도,U+8404,萄,08404,0,unicode
도,U+89A9,覩,089a9,0,unicode
도,U+8CED,賭,08ced,0,unicode
도,U+8DF3,跳,08df3,0,unicode
도,U+8E48,蹈,08e48,0,unicode
도,U+9003,逃,09003,0,unicode
도,U+9014,途,09014,0,unicode
도,U+9053,道,09053,0,unicode
도,U+90FD,都,090fd,0,unicode
도,U+9174,酴,09174,0,unicode
도,U+92FE,鋾,092fe,0,unicode
도,U+934D,鍍,0934d,0,unicode
도,U+95CD,闍,095cd,0,unicode
도,U+9676,陶,09676,0,unicode
도,U+9780,鞀,09780,0,unicode
도,U+97B1,鞱,097b1,0,unicode
도,U+97DC,韜,097dc,0,unicode
도,U+9955,饕,09955,0,unicode
도,U+999F,馟,0999f,0,unicode
도,U+9F17,鼗,09f17,0,unicode
도,,,a013a,A,internal_code_A
도,,,a0284,A,internal_code_A
도,,,a02bd,A,internal_code_A
도,U+F3480,,f3480,F,private_use_F
독,U+6ADD,櫝,06add,0,unicode
독,U+6BD2,毒,06bd2,0,unicode
독,U+7006,瀆,07006,0,unicode
독,U+7258,牘,07258,0,unicode
독,U+72A2,犢,072a2,0,unicode
독,U+7368,獨,07368,0,unicode
독,U+7763,督,07763,0,unicode
독,U+79BF,禿,079bf,0,unicode
독,U+7BE4,篤,07be4,0,unicode
독,U+7E9B,纛,07e9b,0,unicode
독,U+8B80,讀,08b80,0,unicode
독,U+9EF7,黷,09ef7,0,unicode
돈,U+58A9,墩,058a9,0,unicode
돈,U+5F34,弴,05f34,0,unicode
돈,U+60C7,惇,060c7,0,unicode
돈,U+6566,敦,06566,0,unicode
돈,U+65FD,旽,065fd,0,unicode
돈,U+66BE,暾,066be,0,unicode
돈,U+6C8C,沌,06c8c,0,unicode
돈,U+6F61,潡,06f61,0,unicode
돈,U+711E,焞,0711e,0,unicode
돈,U+71C9,燉,071c9,0,unicode
돈,U+8C5A,豚,08c5a,0,unicode
돈,U+8E89,躉,08e89,0,unicode
돈,U+9813,頓,09813,0,unicode
돌,U+4E6D,乭,04e6d,0,unicode
돌,U+5484,咄,05484,0,unicode
돌,U+5817,堗,05817,0,unicode
돌,U+7A81,突,07a81,0,unicode
동,U+419A,䆚,0419a,0,unicode
동,U+4792,䞒,04792,0,unicode
동,U+4EDD,仝,04edd,0,unicode
동,U+4F97,侗,04f97,0,unicode
동,U+5032,倲,05032,0,unicode
동,U+50CD,働,050cd,0,unicode
동,U+50EE,僮,050ee,0,unicode
동,U+51AC,冬,051ac,0,unicode
동,U+51CD,凍,051cd,0,unicode
동,U+52D5,動,052d5,0,unicode
동,U+52ED,勭,052ed,0,unicode
동,U+540C,同,0540c,0,unicode
동,U+54C3,哃,054c3,0,unicode
동,U+578C,垌,0578c,0,unicode
동,U+59DB,姛,059db,0,unicode
동,U+5CD2,峒,05cd2,0,unicode
동,U+5D20,崠,05d20,0,unicode
동,U+5F64,彤,05f64,0,unicode
동,U+61A7,憧,061a7,0,unicode
동,U+630F,挏,0630f,0,unicode
동,U+66C8,曈,066c8,0,unicode
동,U+6723,朣,06723,0,unicode
동,U+6771,東,06771,0,unicode
동,U+6850,桐,06850,0,unicode
동,U+68DF,棟,068df,0,unicode
동,U+6A66,橦,06a66,0,unicode
동,U+6D1E,洞,06d1e,0,unicode
동,U+6D75,浵,06d75,0,unicode
동,U+6DB7,涷,06db7,0,unicode
동,U+6E69,湩,06e69,0,unicode
동,U+6F7C,潼,06f7c,0,unicode
동,U+70B5,炵,070b5,0,unicode
동,U+70D4,烔,070d4,0,unicode
동,U+75BC,疼,075bc,0,unicode
동,U+77B3,瞳,077b3,0,unicode
동,U+7850,硐,07850,0,unicode
동,U+79F1,秱,079f1,0,unicode
동,U+7AE5,童,07ae5,0,unicode
동,U+7D67,絧,07d67,0,unicode
동,U+80F4,胴,080f4,0,unicode
동,U+825F,艟,0825f,0,unicode
동,U+82F3,苳,082f3,0,unicode
동,U+833C,茼,0833c,0,unicode
동,U+83C4,菄,083c4,0,unicode
동,U+8463,董,08463,0,unicode
동,U+856B,蕫,0856b,0,unicode
동,U+8740,蝀,08740,0,unicode
동,U+9256,鉖,09256,0,unicode
동,U+9285,銅,09285,0,unicode
동,,,a013b,A,internal_code_A
동,,,a029b,A,internal_code_A
두,U+515C,兜,0515c,0,unicode
두,U+6296,抖,06296,0,unicode
두,U+6581,斁,06581,0,unicode
두,U+6597,斗,06597,0,unicode
두,U+675C,杜,0675c,0,unicode
두,U+6793,枓,06793,0,unicode
두,U+6D62,浢,06d62,0,unicode
두,U+75D8,痘,075d8,0,unicode
두,U+7AC7,竇,07ac7,0,unicode
두,U+7D0F,紏,07d0f,0,unicode
두,U+809A,肚,0809a,0,unicode
두,U+8130,脰,08130,0,unicode
두,U+8370,荰,08370,0,unicode
두,U+8373,荳,08373,0,unicode
두,U+86AA,蚪,086aa,0,unicode
두,U+8839,蠹,08839,0,unicode
두,U+8B80,讀,08b80,0,unicode
두,U+8C46,豆,08c46,0,unicode
두,U+9017,逗,09017,0,unicode
두,U+9204,鈄,09204,0,unicode
두,U+92C0,鋀,092c0,0,unicode
두,U+9627,阧,09627,0,unicode
두,U+9661,陡,09661,0,unicode
두,U+982D,頭,0982d,0,unicode
두,,,a013c,A,internal_code_A
둔,U+5C6F,屯,05c6f,0,unicode
둔,U+7A80,窀,07a80,0,unicode
둔,U+81C0,臀,081c0,0,unicode
둔,U+829A,芚,0829a,0,unicode
둔,U+8FCD,迍,08fcd,0,unicode
둔,U+9041,遁,09041,0,unicode
둔,U+906F,遯,0906f,0,unicode
둔,U+920D,鈍,0920d,0,unicode
둔,,,a013d,A,internal_code_A
둘,U+4E67,乧,04e67,0,unicode
득,U+5F97,得,05f97,0,unicode
등,U+51F3,凳,051f3,0,unicode
등,U+58B1,墱,058b1,0,unicode
등,U+5D9D,嶝,05d9d,0,unicode
등,U+6A59,橙,06a59,0,unicode
등,U+6ED5,滕,06ed5,0,unicode
등,U+71C8,燈,071c8,0,unicode
등,U+7492,璒,07492,0,unicode
등,U+767B,登,0767b,0,unicode
등,U+78F4,磴,078f4,0,unicode
등,U+7B49,等,07b49,0,unicode
등,U+7C50,籐,07c50,0,unicode
등,U+7E22,縢,07e22,0,unicode
등,U+85E4,藤,085e4,0,unicode
등,U+87A3,螣,087a3,0,unicode
등,U+89B4,覴,089b4,0,unicode
등,U+8B04,謄,08b04,0,unicode
등,U+9127,鄧,09127,0,unicode
등,U+9419,鐙,09419,0,unicode
등,U+9A30,騰,09a30,0,unicode
등,,,a013e,A,internal_code_A
라,U+42A8,䊨,042a8,0,unicode
라,U+502E,倮,0502e,0,unicode
라,U+5138,儸,05138,0,unicode
라,U+5246,剆,05246,0,unicode
라,U+524C,剌,0524c,0,unicode
라,U+5587,喇,05587,0,unicode
라,U+56C9,囉,056c9,0,unicode
라,U+61F6,懶,061f6,0,unicode
라,U+62CF,拏,062cf,0,unicode
라,U+645E,摞,0645e,0,unicode
라,U+66EA,曪,066ea,0,unicode
라,U+6B0F,欏,06b0f,0,unicode
라,U+7055,灕,07055,0,unicode
라,U+7630,瘰,07630,0,unicode
라,U+7669,癩,07669,0,unicode
라,U+7822,砢,07822,0,unicode
라,U+7E99,纙,07e99,0,unicode
라,U+7F85,羅,07f85,0,unicode
라,U+8161,腡,08161,0,unicode
라,U+81DD,臝,081dd,0,unicode
라,U+84CF,蓏,084cf,0,unicode
라,U+863F,蘿,0863f,0,unicode
라,U+87BA,螺,087ba,0,unicode
라,U+8803,蠃,08803,0,unicode
라,U+88F8,裸,088f8,0,unicode
라,U+89B6,覶,089b6,0,unicode
라,U+89BC,覼,089bc,0,unicode
라,U+908F,邏,0908f,0,unicode
라,U+947C,鑼,0947c,0,unicode
라,U+9A3E,騾,09a3e,0,unicode
라,U+9A58,驘,09a58,0,unicode
라,,,a013f,A,internal_code_A
라,,,a0266,A,internal_code_A
락,U+55E0,嗠,055e0,0,unicode
락,U+6A02,樂,06a02,0,unicode
락,U+6D1B,洛,06d1b,0,unicode
락,U+6FFC,濼,06ffc,0,unicode
락,U+70D9,烙,070d9,0,unicode
락,U+7296,犖,07296,0,unicode
락,U+73DE,珞,073de,0,unicode
락,U+784C,硌,0784c,0,unicode
락,U+7D61,絡,07d61,0,unicode
락,U+843D,落,0843d,0,unicode
락,U+916A,酪,0916a,0,unicode
락,U+927B,鉻,0927b,0,unicode
락,U+99F1,駱,099f1,0,unicode
락,,,a0140,A,internal_code_A
란,U+470C,䜌,0470c,0,unicode
란,U+4E39,丹,04e39,0,unicode
란,U+4E82,亂,04e82,0,unicode
란,U+5375,卵,05375,0,unicode
란,U+571D,圝,0571d,0,unicode
란,U+5B3E,嬾,05b3e,0,unicode
란,U+5E71,幱,05e71,0,unicode
란,U+6514,攔,06514,0,unicode
란,U+6595,斕,06595,0,unicode
란,U+6B04,欄,06b04,0,unicode
란,U+6B12,欒,06b12,0,unicode
란,U+6B17,欗,06b17,0,unicode
란,U+703E,瀾,0703e,0,unicode
란,U+7053,灓,07053,0,unicode
란,U+7061,灡,07061,0,unicode
란,U+7064,灤,07064,0,unicode
란,U+721B,爛,0721b,0,unicode
란,U+74D3,瓓,074d3,0,unicode
란,U+7C63,籣,07c63,0,unicode
란,U+862D,蘭,0862d,0,unicode
란,U+8974,襴,08974,0,unicode
란,U+946D,鑭,0946d,0,unicode
란,U+947E,鑾,0947e,0,unicode
란,U+95CC,闌,095cc,0,unicode
란,U+9E1E,鸞,09e1e,0,unicode
란,,,a0141,A,internal_code_A
랄,U+524C,剌,0524c,0,unicode
랄,U+57D2,埒,057d2,0,unicode
랄,U+8FA2,辢,08fa2,0,unicode
랄,U+8FA3,辣,08fa3,0,unicode
람,U+36E6,㛦,036e6,0,unicode
람,U+5A6A,婪,05a6a,0,unicode
람,U+5D50,嵐,05d50,0,unicode
람,U+60CF,惏,060cf,0,unicode
람,U+64E5,擥,064e5,0,unicode
람,U+652C,攬,0652c,0,unicode
람,U+6B16,欖,06b16,0,unicode
람,U+6F24,漤,06f24,0,unicode
람,U+6FEB,濫,06feb,0,unicode
람,U+7046,灆,07046,0,unicode
람,U+7060,灠,07060,0,unicode
람,U+7201,爁,07201,0,unicode
람,U+74BC,璼,074bc,0,unicode
람,U+7C43,籃,07c43,0,unicode
람,U+7E9C,纜,07e9c,0,unicode
람,U+85CD,藍,085cd,0,unicode
람,U+8964,襤,08964,0,unicode
람,U+89BD,覽,089bd,0,unicode
람,U+22C6F,𢱯,22c6f,2,unicode
람,,,a0142,A,internal_code_A
람,,,a0267,A,internal_code_A
랍,U+62C9,拉,062c9,0,unicode
랍,U+81D8,臘,081d8,0,unicode
랍,U+881F,蠟,0881f,0,unicode
랍,U+945E,鑞,0945e,0,unicode
랑,U+3883,㢃,03883,0,unicode
랑,U+3AF0,㫰,03af0,0,unicode
랑,U+5A18,娘,05a18,0,unicode
랑,U+5ACF,嫏,05acf,0,unicode
랑,U+5ECA,廊,05eca,0,unicode
랑,U+6717,朗,06717,0,unicode
랑,U+6879,桹,06879,0,unicode
랑,U+6994,榔,06994,0,unicode
랑,U+6D6A,浪,06d6a,0,unicode
랑,U+70FA,烺,070fa,0,unicode
랑,U+72FC,狼,072fc,0,unicode
랑,U+7405,琅,07405,0,unicode
랑,U+746F,瑯,0746f,0,unicode
랑,U+7860,硠,07860,0,unicode
랑,U+7A02,稂,07a02,0,unicode
랑,U+83A8,莨,083a8,0,unicode
랑,U+870B,蜋,0870b,0,unicode
랑,U+8782,螂,08782,0,unicode
랑,U+8A8F,誏,08a8f,0,unicode
랑,U+90CE,郎,090ce,0,unicode
랑,U+90DE,郞,090de,0,unicode
랑,U+95AC,閬,095ac,0,unicode
랑,U+99FA,駺,099fa,0,unicode
래,U+4F86,來,04f86,0,unicode
래,U+5008,倈,05008,0,unicode
래,U+553B,唻,0553b,0,unicode
래,U+5D0D,崍,05d0d,0,unicode
래,U+5EB2,庲,05eb2,0,unicode
래,U+5FA0,徠,05fa0,0,unicode
래,U+6765,来,06765,0,unicode
래,U+68F6,棶,068f6,0,unicode
래,U+6DF6,淶,06df6,0,unicode
래,U+775E,睞,0775e,0,unicode
래,U+840A,萊,0840a,0,unicode
래,U+90F2,郲,090f2,0,unicode
래,U+9A0B,騋,09a0b,0,unicode
래,U+27F1B,𧼛,27f1b,2,unicode
래,,,a0143,A,internal_code_A
랭,U+51B7,冷,051b7,0,unicode
략,U+63A0,掠,063a0,0,unicode
략,U+7565,略,07565,0,unicode
략,U+7567,畧,07567,0,unicode
량,U+4EAE,亮,04eae,0,unicode
량,U+4FCD,俍,04fcd,0,unicode
량,U+5006,倆,05006,0,unicode
량,U+5169,兩,05169,0,unicode
량,U+51C9,凉,051c9,0,unicode
량,U+55A8,喨,055a8,0,unicode
량,U+60A2,悢,060a2,0,unicode
량,U+667E,晾,0667e,0,unicode
량,U+6881,梁,06881,0,unicode
량,U+6A11,樑,06a11,0,unicode
량,U+6DBC,涼,06dbc,0,unicode
량,U+6E78,湸,06e78,0,unicode
량,U+7CAE,粮,07cae,0,unicode
량,U+7CB1,粱,07cb1,0,unicode
량,U+7CE7,糧,07ce7,0,unicode
량,U+826F,良,0826f,0,unicode
량,U+8AD2,諒,08ad2,0,unicode
량,U+8E09,踉,08e09,0,unicode
량,U+8F1B,輛,08f1b,0,unicode
량,U+91CF,量,091cf,0,unicode
량,U+99FA,駺,099fa,0,unicode
량,U+9B4E,魎,09b4e,0,unicode
려,U+4FB6,侶,04fb6,0,unicode
려,U+5122,儢,05122,0,unicode
려,U+5137,儷,05137,0,unicode
려,U+52F4,勴,052f4,0,unicode
려,U+52F5,勵,052f5,0,unicode
려,U+53B2,厲,053b2,0,unicode
려,U+5442,呂,05442,0,unicode
려,U+5533,唳,05533,0,unicode
려,U+5B4B,孋,05b4b,0,unicode
려,U+5EEC,廬,05eec,0,unicode
려,U+616E,慮,0616e,0,unicode
려,U+623E,戾,0623e,0,unicode
려,U+65C5,旅,065c5,0,unicode
려,U+66DE,曞,066de,0,unicode
려,U+66E5,曥,066e5,0,unicode
려,U+68A0,梠,068a0,0,unicode
려,U+6ADA,櫚,06ada,0,unicode
려,U+6CB4,沴,06cb4,0,unicode
려,U+6FFE,濾,06ffe,0,unicode
려,U+73D5,珕,073d5,0,unicode
려,U+7658,癘,07658,0,unicode
려,U+792A,礪,0792a,0,unicode
려,U+7CF2,糲,07cf2,0,unicode
려,U+8182,膂,08182,0,unicode
려,U+81DA,臚,081da,0,unicode
려,U+85DC,藜,085dc,0,unicode
려,U+8821,蠡,08821,0,unicode
려,U+8823,蠣,08823,0,unicode
려,U+908C,邌,0908c,0,unicode
려,U+9462,鑢,09462,0,unicode
려,U+95AD,閭,095ad,0,unicode
려,U+9A62,驢,09a62,0,unicode
려,U+9A6A,驪,09a6a,0,unicode
려,U+9E97,麗,09e97,0,unicode
려,U+9ECE,黎,09ece,0,unicode
려,,,a0144,A,internal_code_A
려,,,a02cf,A,internal_code_A
력,U+529B,力,0529b,0,unicode
력,U+650A,攊,0650a,0,unicode
력,U+66C6,曆,066c6,0,unicode
력,U+6ADF,櫟,06adf,0,unicode
력,U+6AEA,櫪,06aea,0,unicode
력,U+6B77,歷,06b77,0,unicode
력,U+701D,瀝,0701d,0,unicode
력,U+7667,癧,07667,0,unicode
력,U+792B,礫,0792b,0,unicode
력,U+8F62,轢,08f62,0,unicode
력,U+8F63,轣,08f63,0,unicode
력,U+9148,酈,09148,0,unicode
력,U+9742,靂,09742,0,unicode
련,U+470C,䜌,0470c,0,unicode
련,U+50C6,僆,050c6,0,unicode
련,U+581C,堜,0581c,0,unicode
련,U+5971,奱,05971,0,unicode
련,U+5B4C,孌,05b4c,0,unicode
련,U+6190,憐,06190,0,unicode
련,U+6200,戀,06200,0,unicode
련,U+6523,攣,06523,0,unicode
련,U+695D,楝,0695d,0,unicode
련,U+6E45,湅,06e45,0,unicode
련,U+6F23,漣,06f23,0,unicode
련,U+7149,煉,07149,0,unicode
련,U+7489,璉,07489,0,unicode
련,U+7DF4,練,07df4,0,unicode
련,U+806F,聯,0806f,0,unicode
련,U+81E0,臠,081e0,0,unicode
련,U+84EE,蓮,084ee,0,unicode
련,U+8F26,輦,08f26,0,unicode
련,U+9023,連,09023,0,unicode
련,U+934A,鍊,0934a,0,unicode
련,U+93C8,鏈,093c8,0,unicode
련,U+9C0A,鰊,09c0a,0,unicode
련,U+9C31,鰱,09c31,0,unicode
련,U+283F6,𨏶,283f6,2,unicode
련,,,a0145,A,internal_code_A
렬,U+51BD,冽,051bd,0,unicode
렬,U+5217,列,05217,0,unicode
렬,U+52A3,劣,052a3,0,unicode
렬,U+59F4,姴,059f4,0,unicode
렬,U+6312,挒,06312,0,unicode
렬,U+6369,捩,06369,0,unicode
렬,U+6835,栵,06835,0,unicode
렬,U+6D0C,洌,06d0c,0,unicode
렬,U+70C8,烈,070c8,0,unicode
렬,U+88C2,裂,088c2,0,unicode
렬,U+98B2,颲,098b2,0,unicode
렴,U+5EC9,廉,05ec9,0,unicode
렴,U+6582,斂,06582,0,unicode
렴,U+6BAE,殮,06bae,0,unicode
렴,U+6FC2,濂,06fc2,0,unicode
렴,U+7032,瀲,07032,0,unicode
렴,U+78CF,磏,078cf,0,unicode
렴,U+7C3E,簾,07c3e,0,unicode
렴,,,a02de,A,internal_code_A
렵,U+7375,獵,07375,0,unicode
렵,U+8E90,躐,08e90,0,unicode
렵,U+9B23,鬣,09b23,0,unicode
령,U+4EE4,令,04ee4,0,unicode
령,U+4F36,伶,04f36,0,unicode
령,U+53E6,另,053e6,0,unicode
령,U+5464,呤,05464,0,unicode
령,U+56F9,囹,056f9,0,unicode
령,U+577D,坽,0577d,0,unicode
령,U+59C8,姈,059c8,0,unicode
령,U+5CAD,岭,05cad,0,unicode
령,U+5CBA,岺,05cba,0,unicode
령,U+5DBA,嶺,05dba,0,unicode
령,U+601C,怜,0601c,0,unicode
령,U+6624,昤,06624,0,unicode
령,U+670E,朎,0670e,0,unicode
령,U+67C3,柃,067c3,0,unicode
령,U+6B1E,欞,06b1e,0,unicode
령,U+6CE0,泠,06ce0,0,unicode
령,U+6FAA,澪,06faa,0,unicode
령,U+73B2,玲,073b2,0,unicode
령,U+768A,皊,0768a,0,unicode
령,U+7831,砱,07831,0,unicode
령,U+79E2,秢,079e2,0,unicode
령,U+7B2D,笭,07b2d,0,unicode
령,U+7F9A,羚,07f9a,0,unicode
령,U+7FCE,翎,07fce,0,unicode
령,U+8046,聆,08046,0,unicode
령,U+82D3,苓,082d3,0,unicode
령,U+86C9,蛉,086c9,0,unicode
령,U+8A45,詅,08a45,0,unicode
령,U+8EE8,軨,08ee8,0,unicode
령,U+901E,逞,0901e,0,unicode
령,U+9234,鈴,09234,0,unicode
령,U+96F6,零,096f6,0,unicode
령,U+9748,靈,09748,0,unicode
령,U+9818,領,09818,0,unicode
령,U+9D12,鴒,09d12,0,unicode
령,U+9E77,鹷,09e77,0,unicode
령,U+9F61,齡,09f61,0,unicode
령,U+F04C4,,f04c4,F,private_use_F
례,U+4F8B,例,04f8b,0,unicode
례,U+6835,栵,06835,0,unicode
례,U+6FA7,澧,06fa7,0,unicode
례,U+793C,礼,0793c,0,unicode
례,U+79AE,禮,079ae,0,unicode
례,U+91B4,醴,091b4,0,unicode
례,U+96B7,隷,096b7,0,unicode
례,U+96B8,隸,096b8,0,unicode
례,U+9C67,鱧,09c67,0,unicode
례,,,a0291,A,internal_code_A
례,U+F34B4,,f34b4,F,private_use_F
로,U+3BDD,㯝,03bdd,0,unicode
로,U+52DE,勞,052de,0,unicode
로,U+56A7,嚧,056a7,0,unicode
로,U+58DA,壚,058da,0,unicode
로,U+6488,撈,06488,0,unicode
로,U+64C4,擄,064c4,0,unicode
로,U+650E,攎,0650e,0,unicode
로,U+6AD3,櫓,06ad3,0,unicode
로,U+6AE8,櫨,06ae8,0,unicode
로,U+6EF7,滷,06ef7,0,unicode
로,U+6F5E,潞,06f5e,0,unicode
로,U+6F66,潦,06f66,0,unicode
로,U+6F87,澇,06f87,0,unicode
로,U+7018,瀘,07018,0,unicode
로,U+7210,爐,07210,0,unicode
로,U+7388,玈,07388,0,unicode
로,U+7490,璐,07490,0,unicode
로,U+74D0,瓐,074d0,0,unicode
로,U+7646,癆,07646,0,unicode
로,U+76E7,盧,076e7,0,unicode
로,U+77D1,矑,077d1,0,unicode
로,U+7A82,窂,07a82,0,unicode
로,U+8001,老,08001,0,unicode
로,U+826A,艪,0826a,0,unicode
로,U+826B,艫,0826b,0,unicode
로,U+8557,蕗,08557,0,unicode
로,U+8606,蘆,08606,0,unicode
로,U+865C,虜,0865c,0,unicode
로,U+8DEF,路,08def,0,unicode
로,U+8F05,輅,08f05,0,unicode
로,U+8F64,轤,08f64,0,unicode
로,U+93F4,鏴,093f4,0,unicode
로,U+942A,鐪,0942a,0,unicode
로,U+946A,鑪,0946a,0,unicode
로,U+9732,露,09732,0,unicode
로,U+9871,顱,09871,0,unicode
로,U+9AD7,髗,09ad7,0,unicode
로,U+9B6F,魯,09b6f,0,unicode
로,U+9C78,鱸,09c78,0,unicode
로,U+9DFA,鷺,09dfa,0,unicode
로,U+9E15,鸕,09e15,0,unicode
로,U+9E75,鹵,09e75,0,unicode
로,,,a0146,A,internal_code_A
로,,,a0271,A,internal_code_A
로,,,a02d1,A,internal_code_A
록,U+5F54,彔,05f54,0,unicode
록,U+645D,摝,0645d,0,unicode
록,U+6DE5,淥,06de5,0,unicode
록,U+6F09,漉,06f09,0,unicode
록,U+6FFC,濼,06ffc,0,unicode
록,U+742D,琭,0742d,0,unicode
록,U+752A,甪,0752a,0,unicode
록,U+788C,碌,0788c,0,unicode
록,U+797F,祿,0797f,0,unicode
록,U+7C0F,簏,07c0f,0,unicode
록,U+7DA0,綠,07da0,0,unicode
록,U+83C9,菉,083c9,0,unicode
록,U+8F46,轆,08f46,0,unicode
록,U+9304,錄,09304,0,unicode
록,U+9A04,騄,09a04,0,unicode
록,U+9D66,鵦,09d66,0,unicode
록,U+9E7F,鹿,09e7f,0,unicode
록,U+9E93,麓,09e93,0,unicode
록,,,a0108,A,internal_code_A
록,,,a0147,A,internal_code_A
론,U+60C0,惀,060c0,0,unicode
론,U+6384,掄,06384,0,unicode
론,U+8AD6,論,08ad6,0,unicode
롱,U+5131,儱,05131,0,unicode
롱,U+58DF,壟,058df,0,unicode
롱,U+5DC3,巃,05dc3,0,unicode
롱,U+5F04,弄,05f04,0,unicode
롱,U+650F,攏,0650f,0,unicode
롱,U+66E8,曨,066e8,0,unicode
롱,U+6727,朧,06727,0,unicode
롱,U+7027,瀧,07027,0,unicode
롱,U+74CF,瓏,074cf,0,unicode
롱,U+7931,礱,07931,0,unicode
롱,U+7C60,籠,07c60,0,unicode
롱,U+807E,聾,0807e,0,unicode
롱,U+8622,蘢,08622,0,unicode
롱,U+96B4,隴,096b4,0,unicode
뢰,U+5121,儡,05121,0,unicode
뢰,U+6502,攂,06502,0,unicode
뢰,U+7028,瀨,07028,0,unicode
뢰,U+7262,牢,07262,0,unicode
뢰,U+78CA,磊,078ca,0,unicode
뢰,U+790C,礌,0790c,0,unicode
뢰,U+7927,礧,07927,0,unicode
뢰,U+7C5F,籟,07c5f,0,unicode
뢰,U+7E87,纇,07e87,0,unicode
뢰,U+7F4D,罍,07f4d,0,unicode
뢰,U+8012,耒,08012,0,unicode
뢰,U+857E,蕾,0857e,0,unicode
뢰,U+8A84,誄,08a84,0,unicode
뢰,U+8CC2,賂,08cc2,0,unicode
뢰,U+8CDA,賚,08cda,0,unicode
뢰,U+8CF4,賴,08cf4,0,unicode
뢰,U+9179,酹,09179,0,unicode
뢰,U+96F7,雷,096f7,0,unicode
뢰,U+983C,頼,0983c,0,unicode
료,U+4E86,了,04e86,0,unicode
료,U+50DA,僚,050da,0,unicode
료,U+5639,嘹,05639,0,unicode
료,U+5AFD,嫽,05afd,0,unicode
료,U+5BEE,寮,05bee,0,unicode
료,U+5ED6,廖,05ed6,0,unicode
료,U+64A9,撩,064a9,0,unicode
료,U+6599,料,06599,0,unicode
료,U+66B8,暸,066b8,0,unicode
료,U+6F3B,漻,06f3b,0,unicode
료,U+6F66,潦,06f66,0,unicode
료,U+7093,炓,07093,0,unicode
료,U+71CE,燎,071ce,0,unicode
료,U+7360,獠,07360,0,unicode
료,U+7642,療,07642,0,unicode
료,U+77AD,瞭,077ad,0,unicode
료,U+7E5A,繚,07e5a,0,unicode
료,U+804A,聊,0804a,0,unicode
료,U+818B,膋,0818b,0,unicode
료,U+84FC,蓼,084fc,0,unicode
료,U+907C,遼,0907c,0,unicode
료,U+911D,鄝,0911d,0,unicode
료,U+91AA,醪,091aa,0,unicode
료,U+9410,鐐,09410,0,unicode
료,U+98C2,飂,098c2,0,unicode
료,U+98C9,飉,098c9,0,unicode
료,,,a0148,A,internal_code_A
룡,U+5FBF,徿,05fbf,0,unicode
룡,U+7ADC,竜,07adc,0,unicode
룡,U+9F8D,龍,09f8d,0,unicode
룡,U+9F92,龒,09f92,0,unicode
루,U+50C2,僂,050c2,0,unicode
루,U+560D,嘍,0560d,0,unicode
루,U+58D8,壘,058d8,0,unicode
루,U+5A41,婁,05a41,0,unicode
루,U+5C62,屢,05c62,0,unicode
루,U+5D81,嶁,05d81,0,unicode
루,U+617A,慺,0617a,0,unicode
루,U+645F,摟,0645f,0,unicode
루,U+6A13,樓,06a13,0,unicode
루,U+6DDA,淚,06dda,0,unicode
루,U+6F0A,漊,06f0a,0,unicode
루,U+6F0F,漏,06f0f,0,unicode
루,U+6F2F,漯,06f2f,0,unicode
루,U+71A1,熡,071a1,0,unicode
루,U+763B,瘻,0763b,0,unicode
루,U+7D2F,累,07d2f,0,unicode
루,U+7E37,縷,07e37,0,unicode
루,U+802C,耬,0802c,0,unicode
루,U+851E,蔞,0851e,0,unicode
루,U+87BB,螻,087bb,0,unicode
루,U+8938,褸,08938,0,unicode
루,U+8B31,謱,08b31,0,unicode
루,U+93E4,鏤,093e4,0,unicode
루,U+964B,陋,0964b,0,unicode
루,U+9ACF,髏,09acf,0,unicode
루,,,a0149,A,internal_code_A
류,U+5289,劉,05289,0,unicode
류,U+61F0,懰,061f0,0,unicode
류,U+65D2,旒,065d2,0,unicode
류,U+67F3,柳,067f3,0,unicode
류,U+69B4,榴,069b4,0,unicode
류,U+6A4A,橊,06a4a,0,unicode
류,U+6D41,流,06d41,0,unicode
류,U+6E9C,溜,06e9c,0,unicode
류,U+6F3B,漻,06f3b,0,unicode
류,U+700F,瀏,0700f,0,unicode
류,U+7409,琉,07409,0,unicode
류,U+7460,瑠,07460,0,unicode
류,U+746C,瑬,0746c,0,unicode
류,U+7559,留,07559,0,unicode
류,U+7624,瘤,07624,0,unicode
류,U+786B,硫,0786b,0,unicode
류,U+7E32,縲,07e32,0,unicode
류,U+7E8D,纍,07e8d,0,unicode
류,U+8B2C,謬,08b2c,0,unicode
류,U+905B,遛,0905b,0,unicode
류,U+925A,鉚,0925a,0,unicode
류,U+938F,鎏,0938f,0,unicode
류,U+93D0,鏐,093d0,0,unicode
류,U+985E,類,0985e,0,unicode
류,U+9DB9,鶹,09db9,0,unicode
륙,U+516D,六,0516d,0,unicode
륙,U+52E0,勠,052e0,0,unicode
륙,U+622E,戮,0622e,0,unicode
륙,U+9678,陸,09678,0,unicode
륜,U+4F96,侖,04f96,0,unicode
륜,U+502B,倫,0502b,0,unicode
륜,U+5707,圇,05707,0,unicode
륜,U+5D18,崘,05d18,0,unicode
륜,U+5D19,崙,05d19,0,unicode
륜,U+6384,掄,06384,0,unicode
륜,U+68C6,棆,068c6,0,unicode
륜,U+6DEA,淪,06dea,0,unicode
륜,U+7DB8,綸,07db8,0,unicode
륜,U+8E1A,踚,08e1a,0,unicode
륜,U+8F2A,輪,08f2a,0,unicode
륜,U+9300,錀,09300,0,unicode
률,U+3580,㖀,03580,0,unicode
률,U+37F3,㟳,037f3,0,unicode
률,U+5D42,嵂,05d42,0,unicode
률,U+5F8B,律,05f8b,0,unicode
률,U+6144,慄,06144,0,unicode
률,U+6817,栗,06817,0,unicode
률,U+6EA7,溧,06ea7,0,unicode
률,U+7387,率,07387,0,unicode
률,U+746E,瑮,0746e,0,unicode
률,U+25832,𥠲,25832,2,unicode
륭,U+3995,㦕,03995,0,unicode
륭,U+7643,癃,07643,0,unicode
륭,U+7ABF,窿,07abf,0,unicode
륭,U+9686,隆,09686,0,unicode
륵,U+52D2,勒,052d2,0,unicode
륵,U+5FC7,忇,05fc7,0,unicode
륵,U+6CD0,泐,06cd0,0,unicode
륵,U+738F,玏,0738f,0,unicode
륵,U+808B,肋,0808b,0,unicode
름,U+51DB,凛,051db,0,unicode
름,U+51DC,凜,051dc,0,unicode
름,U+5EE9,廩,05ee9,0,unicode
름,U+61CD,懍,061cd,0,unicode
름,U+6F9F,澟,06f9f,0,unicode
름,U+83FB,菻,083fb,0,unicode
름,,,a02d7,A,internal_code_A
릉,U+5030,倰,05030,0,unicode
릉,U+51CC,凌,051cc,0,unicode
릉,U+695E,楞,0695e,0,unicode
릉,U+7A1C,稜,07a1c,0,unicode
릉,U+7DBE,綾,07dbe,0,unicode
릉,U+83F1,菱,083f1,0,unicode
릉,U+8506,蔆,08506,0,unicode
릉,U+9675,陵,09675,0,unicode
릉,,,a014a,A,internal_code_A
릉,,,a024e,A,internal_code_A
리,U+4FD0,俐,04fd0,0,unicode
리,U+4FDA,俚,04fda,0,unicode
리,U+5229,利,05229,0,unicode
리,U+527A,剺,0527a,0,unicode
리,U+5398,厘,05398,0,unicode
리,U+540F,吏,0540f,0,unicode
리,U+54E9,哩,054e9,0,unicode
리,U+550E,唎,0550e,0,unicode
리,U+5A0C,娌,05a0c,0,unicode
리,U+5AE0,嫠,05ae0,0,unicode
리,U+5B4B,孋,05b4b,0,unicode
리,U+5C65,履,05c65,0,unicode
리,U+60A7,悧,060a7,0,unicode
리,U+645B,摛,0645b,0,unicode
리,U+6521,攡,06521,0,unicode
리,U+674E,李,0674e,0,unicode
리,U+68A8,梨,068a8,0,unicode
리,U+6D6C,浬,06d6c,0,unicode
리,U+6D96,涖,06d96,0,unicode
리,U+6F13,漓,06f13,0,unicode
리,U+7055,灕,07055,0,unicode
리,U+7281,犁,07281,0,unicode
리,U+7282,犂,07282,0,unicode
리,U+72F8,狸,072f8,0,unicode
리,U+7406,理,07406,0,unicode
리,U+7483,璃,07483,0,unicode
리,U+75E2,痢,075e2,0,unicode
리,U+79BB,离,079bb,0,unicode
리,U+7C6C,籬,07c6c,0,unicode
리,U+7F79,罹,07f79,0,unicode
리,U+7FB8,羸,07fb8,0,unicode
리,U+8385,莅,08385,0,unicode
리,U+8389,莉,08389,0,unicode
리,U+870A,蜊,0870a,0,unicode
리,U+87AD,螭,087ad,0,unicode
리,U+88CF,裏,088cf,0,unicode
리,U+88E1,裡,088e1,0,unicode
리,U+8C8D,貍,08c8d,0,unicode
리,U+9090,邐,09090,0,unicode
리,U+91CC,里,091cc,0,unicode
리,U+91D0,釐,091d0,0,unicode
리,U+96E2,離,096e2,0,unicode
리,U+9B51,魑,09b51,0,unicode
리,U+9BC9,鯉,09bc9,0,unicode
리,U+9E1D,鸝,09e1d,0,unicode
리,U+9ED0,黐,09ed0,0,unicode
리,U+22EE0,𢻠,22ee0,2,unicode
리,,,a014b,A,internal_code_A
리,,,a02c0,A,internal_code_A
린,U+45F2,䗲,045f2,0,unicode
린,U+541D,吝,0541d,0,unicode
린,U+5D99,嶙,05d99,0,unicode
린,U+608B,悋,0608b,0,unicode
린,U+649B,撛,0649b,0,unicode
린,U+65B4,斴,065b4,0,unicode
린,U+66BD,暽,066bd,0,unicode
린,U+6A49,橉,06a49,0,unicode
린,U+6F7E,潾,06f7e,0,unicode
린,U+711B,焛,0711b,0,unicode
린,U+71D0,燐,071d0,0,unicode
린,U+735C,獜,0735c,0,unicode
린,U+7498,璘,07498,0,unicode
린,U+77B5,瞵,077b5,0,unicode
린,U+78F7,磷,078f7,0,unicode
린,U+7CA6,粦,07ca6,0,unicode
린,U+7CBC,粼,07cbc,0,unicode
린,U+7E57,繗,07e57,0,unicode
린,U+85FA,藺,085fa,0,unicode
린,U+8E99,躙,08e99,0,unicode
린,U+8EAA,躪,08eaa,0,unicode
린,U+8F54,轔,08f54,0,unicode
린,U+9130,鄰,09130,0,unicode
린,U+93FB,鏻,093fb,0,unicode
린,U+95B5,閵,095b5,0,unicode
린,U+96A3,隣,096a3,0,unicode
린,U+9A4E,驎,09a4e,0,unicode
린,U+9C57,鱗,09c57,0,unicode
린,U+9E9F,麟,09e9f,0,unicode
린,U+2A2AD,𪊭,2a2ad,2,unicode
린,,,a014c,A,internal_code_A
린,,,a014d,A,internal_code_A
림,U+667D,晽,0667d,0,unicode
림,U+6797,林,06797,0,unicode
림,U+68FD,棽,068fd,0,unicode
림,U+6DCB,淋,06dcb,0,unicode
림,U+73AA,玪,073aa,0,unicode
림,U+7433,琳,07433,0,unicode
림,U+75F3,痳,075f3,0,unicode
림,U+7884,碄,07884,0,unicode
림,U+81E8,臨,081e8,0,unicode
림,U+9716,霖,09716,0,unicode
립,U+5CA6,岦,05ca6,0,unicode
립,U+782C,砬,0782c,0,unicode
립,U+7ACB,立,07acb,0,unicode
립,U+7B20,笠,07b20,0,unicode
립,U+7C92,粒,07c92,0,unicode
마,U+5298,劘,05298,0,unicode
마,U+5ABD,媽,05abd,0,unicode
마,U+6469,摩,06469,0,unicode
마,U+746A,瑪,0746a,0,unicode
마,U+75F2,痲,075f2,0,unicode
마,U+78BC,碼,078bc,0,unicode
마,U+78E8,磨,078e8,0,unicode
마,U+879E,螞,0879e,0,unicode
마,U+87C7,蟇,087c7,0,unicode
마,U+99AC,馬,099ac,0,unicode
마,U+9B54,魔,09b54,0,unicode
마,U+9EBB,麻,09ebb,0,unicode
마,U+9EBD,麽,09ebd,0,unicode
막,U+5BDE,寞,05bde,0,unicode
막,U+5E55,幕,05e55,0,unicode
막,U+6F20,漠,06f20,0,unicode
막,U+7799,瞙,07799,0,unicode
막,U+819C,膜,0819c,0,unicode
막,U+83AB,莫,083ab,0,unicode
막,U+9088,邈,09088,0,unicode
막,U+93CC,鏌,093cc,0,unicode
막,,,a014e,A,internal_code_A
막,,,a014f,A,internal_code_A
막,,,a0150,A,internal_code_A
막,,,a0213,A,internal_code_A
막,,,a0219,A,internal_code_A
만,U+42A1,䊡,042a1,0,unicode
만,U+4E07,万,04e07,0,unicode
만,U+534D,卍,0534d,0,unicode
만,U+5881,墁,05881,0,unicode
만,U+5A29,娩,05a29,0,unicode
만,U+5ADA,嫚,05ada,0,unicode
만,U+5DD2,巒,05dd2,0,unicode
만,U+5E54,幔,05e54,0,unicode
만,U+5F4E,彎,05f4e,0,unicode
만,U+6162,慢,06162,0,unicode
만,U+633D,挽,0633d,0,unicode
만,U+665A,晚,0665a,0,unicode
만,U+66FC,曼,066fc,0,unicode
만,U+69FE,槾,069fe,0,unicode
만,U+6A20,樠,06a20,0,unicode
만,U+6EFF,滿,06eff,0,unicode
만,U+6F2B,漫,06f2b,0,unicode
만,U+7063,灣,07063,0,unicode
만,U+774C,睌,0774c,0,unicode
만,U+779E,瞞,0779e,0,unicode
만,U+7E35,縵,07e35,0,unicode
만,U+8115,脕,08115,0,unicode
만,U+842C,萬,0842c,0,unicode
만,U+8513,蔓,08513,0,unicode
만,U+883B,蠻,0883b,0,unicode
만,U+8B3E,謾,08b3e,0,unicode
만,U+8E63,蹣,08e63,0,unicode
만,U+8F13,輓,08f13,0,unicode
만,U+9124,鄤,09124,0,unicode
만,U+93CB,鏋,093cb,0,unicode
만,U+93DD,鏝,093dd,0,unicode
만,U+9945,饅,09945,0,unicode
만,U+9B18,鬘,09b18,0,unicode
만,U+9C3B,鰻,09c3b,0,unicode
만,,,a0151,A,internal_code_A
만,,,a0152,A,internal_code_A
말,U+551C,唜,0551c,0,unicode
말,U+59BA,妺,059ba,0,unicode
말,U+5E15,帕,05e15,0,unicode
말,U+62B9,抹,062b9,0,unicode
말,U+672B,末,0672b,0,unicode
말,U+6CAB,沫,06cab,0,unicode
말,U+79E3,秣,079e3,0,unicode
말,U+8309,茉,08309,0,unicode
말,U+896A,襪,0896a,0,unicode
말,U+977A,靺,0977a,0,unicode
말,,,a0153,A,internal_code_A
말,,,a0154,A,internal_code_A
망,U+4EA1,亡,04ea1,0,unicode
망,U+5984,妄,05984,0,unicode
망,U+5FD8,忘,05fd8,0,unicode
망,U+5FD9,忙,05fd9,0,unicode
망,U+60D8,惘,060d8,0,unicode
망,U+671B,望,0671b,0,unicode
망,U+6722,朢,06722,0,unicode
망,U+6C52,汒,06c52,0,unicode
망,U+6F2D,漭,06f2d,0,unicode
망,U+7DB2,網,07db2,0,unicode
망,U+7F54,罔,07f54,0,unicode
망,U+8292,芒,08292,0,unicode
망,U+832B,茫,0832b,0,unicode
망,U+83BD,莽,083bd,0,unicode
망,U+8F1E,輞,08f1e,0,unicode
망,U+9099,邙,09099,0,unicode
망,U+9B4D,魍,09b4d,0,unicode
망,,,a0155,A,internal_code_A
망,,,a0156,A,internal_code_A
망,,,a01df,A,internal_code_A
망,,,a0253,A,internal_code_A
망,,,a025b,A,internal_code_A
매,U+52F1,勱,052f1,0,unicode
매,U+5446,呆,05446,0,unicode
매,U+57CB,埋,057cb,0,unicode
매,U+59B9,妹,059b9,0,unicode
매,U+5A92,媒,05a92,0,unicode
매,U+5BD0,寐,05bd0,0,unicode
매,U+6627,昧,06627,0,unicode
매,U+679A,枚,0679a,0,unicode
매,U+6885,梅,06885,0,unicode
매,U+6973,楳,06973,0,unicode
매,U+6BCF,每,06bcf,0,unicode
매,U+6CAC,沬,06cac,0,unicode
매,U+7164,煤,07164,0,unicode
매,U+73AB,玫,073ab,0,unicode
매,U+771B,眛,0771b,0,unicode
매,U+7F75,罵,07f75,0,unicode
매,U+82FA,苺,082fa,0,unicode
매,U+8393,莓,08393,0,unicode
매,U+8CB7,買,08cb7,0,unicode
매,U+8CE3,賣,08ce3,0,unicode
매,U+9081,邁,09081,0,unicode
매,U+9176,酶,09176,0,unicode
매,U+9709,霉,09709,0,unicode
매,U+9B45,魅,09b45,0,unicode
매,,,a0157,A,internal_code_A
매,,,a0243,A,internal_code_A
맥,U+8108,脈,08108,0,unicode
맥,U+8C83,貃,08c83,0,unicode
맥,U+8C8A,貊,08c8a,0,unicode
맥,U+8C98,貘,08c98,0,unicode
맥,U+964C,陌,0964c,0,unicode
맥,U+9A40,驀,09a40,0,unicode
맥,U+9EA5,麥,09ea5,0,unicode
맥,,,a0158,A,internal_code_A
맹,U+5B5F,孟,05b5f,0,unicode
맹,U+6C13,氓,06c13,0,unicode
맹,U+731B,猛,0731b,0,unicode
맹,U+750D,甍,0750d,0,unicode
맹,U+753F,甿,0753f,0,unicode
맹,U+76DF,盟,076df,0,unicode
맹,U+76F2,盲,076f2,0,unicode
맹,U+840C,萌,0840c,0,unicode
맹,U+867B,虻,0867b,0,unicode
맹,,,a0159,A,internal_code_A
멱,U+51AA,冪,051aa,0,unicode
멱,U+5E4E,幎,05e4e,0,unicode
멱,U+8993,覓,08993,0,unicode
멱,,,a021a,A,internal_code_A
면,U+46F2,䛲,046f2,0,unicode
면,U+4FDB,俛,04fdb,0,unicode
면,U+514D,免,0514d,0,unicode
면,U+52C9,勉,052c9,0,unicode
면,U+6110,愐,06110,0,unicode
면,U+68C9,棉,068c9,0,unicode
면,U+6C94,沔,06c94,0,unicode
면,U+6E4E,湎,06e4e,0,unicode
면,U+7704,眄,07704,0,unicode
면,U+7720,眠,07720,0,unicode
면,U+7DBF,綿,07dbf,0,unicode
면,U+7DDC,緜,07ddc,0,unicode
면,U+7DEC,緬,07dec,0,unicode
면,U+8442,葂,08442,0,unicode
면,U+9762,面,09762,0,unicode
면,U+9EAA,麪,09eaa,0,unicode
면,U+9EB5,麵,09eb5,0,unicode
면,,,a02df,A,internal_code_A
면,U+F1CD6,,f1cd6,F,private_use_F
멸,U+6EC5,滅,06ec5,0,unicode
멸,U+7BFE,篾,07bfe,0,unicode
멸,U+8511,蔑,08511,0,unicode
멸,U+884A,衊,0884a,0,unicode
멸,,,a015a,A,internal_code_A
명,U+4CDF,䳟,04cdf,0,unicode
명,U+51A5,冥,051a5,0,unicode
명,U+540D,名,0540d,0,unicode
명,U+547D,命,0547d,0,unicode
명,U+614F,慏,0614f,0,unicode
명,U+660E,明,0660e,0,unicode
명,U+669D,暝,0669d,0,unicode
명,U+6927,椧,06927,0,unicode
명,U+6D3A,洺,06d3a,0,unicode
명,U+6E9F,溟,06e9f,0,unicode
명,U+7190,熐,07190,0,unicode
명,U+76BF,皿,076bf,0,unicode
명,U+7700,眀,07700,0,unicode
명,U+7791,瞑,07791,0,unicode
명,U+8317,茗,08317,0,unicode
명,U+84C2,蓂,084c2,0,unicode
명,U+879F,螟,0879f,0,unicode
명,U+8A7A,詺,08a7a,0,unicode
명,U+910D,鄍,0910d,0,unicode
명,U+9169,酩,09169,0,unicode
명,U+9298,銘,09298,0,unicode
명,U+9CF4,鳴,09cf4,0,unicode
명,,,a015b,A,internal_code_A
명,,,a015c,A,internal_code_A
몌,U+8882,袂,08882,0,unicode
모,U+4F94,侔,04f94,0,unicode
모,U+4FAE,侮,04fae,0,unicode
모,U+5192,冒,05192,0,unicode
모,U+52DF,募,052df,0,unicode
모,U+59C6,姆,059c6,0,unicode
모,U+59E5,姥,059e5,0,unicode
모,U+5AA2,媢,05aa2,0,unicode
모,U+5AEB,嫫,05aeb,0,unicode
모,U+5E3D,帽,05e3d,0,unicode
모,U+6048,恈,06048,0,unicode
모,U+6154,慔,06154,0,unicode
모,U+6155,慕,06155,0,unicode
모,U+6478,摸,06478,0,unicode
모,U+6479,摹,06479,0,unicode
모,U+65C4,旄,065c4,0,unicode
모,U+66AE,暮,066ae,0,unicode
모,U+67D0,某,067d0,0,unicode
모,U+6A21,模,06a21,0,unicode
모,U+6A45,橅,06a45,0,unicode
모,U+6BCD,母,06bcd,0,unicode
모,U+6BDB,毛,06bdb,0,unicode
모,U+6D20,洠,06d20,0,unicode
모,U+725F,牟,0725f,0,unicode
모,U+7261,牡,07261,0,unicode
모,U+7441,瑁,07441,0,unicode
모,U+7683,皃,07683,0,unicode
모,U+770A,眊,0770a,0,unicode
모,U+7738,眸,07738,0,unicode
모,U+77DB,矛,077db,0,unicode
모,U+8004,耄,08004,0,unicode
모,U+8017,耗,08017,0,unicode
모,U+82BC,芼,082bc,0,unicode
모,U+8305,茅,08305,0,unicode
모,U+8765,蝥,08765,0,unicode
모,U+87CA,蟊,087ca,0,unicode
모,U+8B00,謀,08b00,0,unicode
모,U+8B28,謨,08b28,0,unicode
모,U+8C8C,貌,08c8c,0,unicode
모,U+8EDE,軞,08ede,0,unicode
모,U+9AE6,髦,09ae6,0,unicode
모,,,a015d,A,internal_code_A
모,,,a015e,A,internal_code_A
모,,,a015f,A,internal_code_A
모,,,a0160,A,internal_code_A
모,,,a0161,A,internal_code_A
모,,,a0162,A,internal_code_A
모,,,a0163,A,internal_code_A
모,,,a0164,A,internal_code_A
모,,,a0165,A,internal_code_A
모,,,a0296,A,internal_code_A
목,U+5776,坶,05776,0,unicode
목,U+6728,木,06728,0,unicode
목,U+6C90,沐,06c90,0,unicode
목,U+7091,炑,07091,0,unicode
목,U+7267,牧,07267,0,unicode
목,U+76EE,目,076ee,0,unicode
목,U+7766,睦,07766,0,unicode
목,U+7A46,穆,07a46,0,unicode
목,U+82DC,苜,082dc,0,unicode
목,U+9DA9,鶩,09da9,0,unicode
몰,U+6B7F,歿,06b7f,0,unicode
몰,U+6C92,沒,06c92,0,unicode
몽,U+4443,䑃,04443,0,unicode
몽,U+5922,夢,05922,0,unicode
몽,U+5E6A,幪,05e6a,0,unicode
몽,U+61DE,懞,061de,0,unicode
몽,U+66DA,曚,066da,0,unicode
몽,U+6726,朦,06726,0,unicode
몽,U+6E95,溕,06e95,0,unicode
몽,U+6FDB,濛,06fdb,0,unicode
몽,U+77A2,瞢,077a2,0,unicode
몽,U+77C7,矇,077c7,0,unicode
몽,U+8268,艨,08268,0,unicode
몽,U+8499,蒙,08499,0,unicode
몽,U+96FA,雺,096fa,0,unicode
몽,U+9E0F,鸏,09e0f,0,unicode
몽,,,a0166,A,internal_code_A
몽,,,a0167,A,internal_code_A
묘,U+536F,卯,0536f,0,unicode
묘,U+5893,墓,05893,0,unicode
묘,U+5999,妙,05999,0,unicode
묘,U+5AF9,嫹,05af9,0,unicode
묘,U+5EDF,廟,05edf,0,unicode
묘,U+63CF,描,063cf,0,unicode
묘,U+6634,昴,06634,0,unicode
묘,U+6773,杳,06773,0,unicode
묘,U+6DFC,淼,06dfc,0,unicode
묘,U+6E3A,渺,06e3a,0,unicode
묘,U+732B,猫,0732b,0,unicode
묘,U+755D,畝,0755d,0,unicode
묘,U+7707,眇,07707,0,unicode
묘,U+7AD7,竗,07ad7,0,unicode
묘,U+82D7,苗,082d7,0,unicode
묘,U+85D0,藐,085d0,0,unicode
묘,U+8A2C,訬,08a2c,0,unicode
묘,U+8C93,貓,08c93,0,unicode
묘,U+9328,錨,09328,0,unicode
묘,,,a0169,A,internal_code_A
묘,,,a016a,A,internal_code_A
묘,,,a016b,A,internal_code_A
묘,,,a026e,A,internal_code_A
묘,,,a026f,A,internal_code_A
무,U+511B,儛,0511b,0,unicode
무,U+52D9,務,052d9,0,unicode
무,U+5638,嘸,05638,0,unicode
무,U+5825,堥,05825,0,unicode
무,U+5A2C,娬,05a2c,0,unicode
무,U+5AF5,嫵,05af5,0,unicode
무,U+5DEB,巫,05deb,0,unicode
무,U+5EE1,廡,05ee1,0,unicode
무,U+61AE,憮,061ae,0,unicode
무,U+61CB,懋,061cb,0,unicode
무,U+620A,戊,0620a,0,unicode
무,U+62C7,拇,062c7,0,unicode
무,U+64AB,撫,064ab,0,unicode
무,U+65E0,无,065e0,0,unicode
무,U+6959,楙,06959,0,unicode
무,U+6A45,橅,06a45,0,unicode
무,U+6A46,橆,06a46,0,unicode
무,U+6B66,武,06b66,0,unicode
무,U+6BCB,毋,06bcb,0,unicode
무,U+7121,無,07121,0,unicode
무,U+73F7,珷,073f7,0,unicode
무,U+7491,璑,07491,0,unicode
무,U+755D,畝,0755d,0,unicode
무,U+7894,碔,07894,0,unicode
무,U+7E46,繆,07e46,0,unicode
무,U+81B4,膴,081b4,0,unicode
무,U+821E,舞,0821e,0,unicode
무,U+8302,茂,08302,0,unicode
무,U+856A,蕪,0856a,0,unicode
무,U+8AA3,誣,08aa3,0,unicode
무,U+8CBF,貿,08cbf,0,unicode
무,U+9727,霧,09727,0,unicode
무,U+9A16,騖,09a16,0,unicode
무,U+9D61,鵡,09d61,0,unicode
무,,,a016c,A,internal_code_A
무,,,a016d,A,internal_code_A
묵,U+563F,嘿,0563f,0,unicode
묵,U+58A8,墨,058a8,0,unicode
묵,U+9ED8,默,09ed8,0,unicode
문,U+5011,們,05011,0,unicode
문,U+520E,刎,0520e,0,unicode
문,U+543B,吻,0543b,0,unicode
문,U+554F,問,0554f,0,unicode
문,U+598F,妏,0598f,0,unicode
문,U+6097,悗,06097,0,unicode
문,U+61E3,懣,061e3,0,unicode
문,U+6286,抆,06286,0,unicode
문,U+636B,捫,0636b,0,unicode
문,U+6587,文,06587,0,unicode
문,U+6C76,汶,06c76,0,unicode
문,U+7086,炆,07086,0,unicode
문,U+73A7,玧,073a7,0,unicode
문,U+748A,璊,0748a,0,unicode
문,U+7D0A,紊,07d0a,0,unicode
문,U+7D0B,紋,07d0b,0,unicode
문,U+805E,聞,0805e,0,unicode
문,U+82A0,芠,082a0,0,unicode
문,U+868A,蚊,0868a,0,unicode
문,U+9580,門,09580,0,unicode
문,U+96EF,雯,096ef,0,unicode
물,U+52FF,勿,052ff,0,unicode
물,U+6C95,沕,06c95,0,unicode
물,U+7269,物,07269,0,unicode
미,U+3D5F,㵟,03d5f,0,unicode
미,U+42DB,䋛,042db,0,unicode
미,U+4358,䍘,04358,0,unicode
미,U+4EB9,亹,04eb9,0,unicode
미,U+4F8E,侎,04f8e,0,unicode
미,U+519E,冞,0519e,0,unicode
미,U+5473,味,05473,0,unicode
미,U+54AA,咪,054aa,0,unicode
미,U+5833,堳,05833,0,unicode
미,U+5A13,娓,05a13,0,unicode
미,U+5A84,媄,05a84,0,unicode
미,U+5A9A,媚,05a9a,0,unicode
미,U+5ABA,媺,05aba,0,unicode
미,U+5C3E,尾,05c3e,0,unicode
미,U+5D44,嵄,05d44,0,unicode
미,U+5D4B,嵋,05d4b,0,unicode
미,U+5F25,弥,05f25,0,unicode
미,U+5F2D,弭,05f2d,0,unicode
미,U+5F4C,彌,05f4c,0,unicode
미,U+5FAE,微,05fae,0,unicode
미,U+6549,敉,06549,0,unicode
미,U+672A,未,0672a,0,unicode
미,U+68B6,梶,068b6,0,unicode
미,U+6963,楣,06963,0,unicode
미,U+6D23,洣,06d23,0,unicode
미,U+6D58,浘,06d58,0,unicode
미,U+6E33,渳,06e33,0,unicode
미,U+6E3C,渼,06e3c,0,unicode
미,U+6E44,湄,06e44,0,unicode
미,U+6EA6,溦,06ea6,0,unicode
미,U+6FD4,濔,06fd4,0,unicode
미,U+7030,瀰,07030,0,unicode
미,U+715D,煝,0715d,0,unicode
미,U+737C,獼,0737c,0,unicode
미,U+7442,瑂,07442,0,unicode
미,U+7709,眉,07709,0,unicode
미,U+7C73,米,07c73,0,unicode
미,U+7CDC,糜,07cdc,0,unicode
미,U+7E3B,縻,07e3b,0,unicode
미,U+7F8E,美,07f8e,0,unicode
미,U+82FF,苿,082ff,0,unicode
미,U+83CB,菋,083cb,0,unicode
미,U+8587,薇,08587,0,unicode
미,U+862A,蘪,0862a,0,unicode
미,U+863C,蘼,0863c,0,unicode
미,U+8B0E,謎,08b0e,0,unicode
미,U+8EBE,躾,08ebe,0,unicode
미,U+8FF7,迷,08ff7,0,unicode
미,U+90FF,郿,090ff,0,unicode
미,U+9761,靡,09761,0,unicode
미,U+9E8B,麋,09e8b,0,unicode
미,U+9EF4,黴,09ef4,0,unicode
미,U+25E44,𥹄,25e44,2,unicode
미,,,a016e,A,internal_code_A
미,,,a0227,A,internal_code_A
미,,,a02d8,A,internal_code_A
민,U+40C9,䃉,040c9,0,unicode
민,U+4AB8,䪸,04ab8,0,unicode
민,U+50F6,僶,050f6,0,unicode
민,U+5CB7,岷,05cb7,0,unicode
민,U+5FDE,忞,05fde,0,unicode
민,U+5FDF,忟,05fdf,0,unicode
민,U+600B,怋,0600b,0,unicode
민,U+60B6,悶,060b6,0,unicode
민,U+610D,愍,0610d,0,unicode
민,U+61AB,憫,061ab,0,unicode
민,U+62BF,抿,062bf,0,unicode
민,U+6543,敃,06543,0,unicode
민,U+654F,敏,0654f,0,unicode
민,U+65FB,旻,065fb,0,unicode
민,U+65FC,旼,065fc,0,unicode
민,U+668B,暋,0668b,0,unicode
민,U+6C11,民,06c11,0,unicode
민,U+6CEF,泯,06cef,0,unicode
민,U+6F63,潣,06f63,0,unicode
민,U+739F,玟,0739f,0,unicode
민,U+73C9,珉,073c9,0,unicode
민,U+7418,琘,07418,0,unicode
민,U+741D,琝,0741d,0,unicode
민,U+7449,瑉,07449,0,unicode
민,U+76FF,盿,076ff,0,unicode
민,U+7720,眠,07720,0,unicode
민,U+7807,砇,07807,0,unicode
민,U+7DCD,緍,07dcd,0,unicode
민,U+7DE1,緡,07de1,0,unicode
민,U+7F60,罠,07f60,0,unicode
민,U+8117,脗,08117,0,unicode
민,U+82E0,苠,082e0,0,unicode
민,U+9231,鈱,09231,0,unicode
민,U+9309,錉,09309,0,unicode
민,U+9372,鍲,09372,0,unicode
민,U+9594,閔,09594,0,unicode
민,U+95A9,閩,095a9,0,unicode
민,U+9C35,鰵,09c35,0,unicode
민,U+9EFD,黽,09efd,0,unicode
민,U+29509,𩔉,29509,2,unicode
민,U+F3450,,f3450,F,private_use_F
밀,U+5BC6,密,05bc6,0,unicode
밀,U+6A12,樒,06a12,0,unicode
밀,U+6EF5,滵,06ef5,0,unicode
밀,U+871C,蜜,0871c,0,unicode
밀,U+8B10,謐,08b10,0,unicode
박,U+4EB3,亳,04eb3,0,unicode
박,U+525D,剝,0525d,0,unicode
박,U+535A,博,0535a,0,unicode
박,U+62CD,拍,062cd,0,unicode
박,U+64B2,撲,064b2,0,unicode
박,U+6734,朴,06734,0,unicode
박,U+6A38,樸,06a38,0,unicode
박,U+6B02,欂,06b02,0,unicode
박,U+6CCA,泊,06cca,0,unicode
박,U+7254,牔,07254,0,unicode
박,U+73C0,珀,073c0,0,unicode
박,U+749E,璞,0749e,0,unicode
박,U+7B94,箔,07b94,0,unicode
박,U+7C95,粕,07c95,0,unicode
박,U+7E1B,縛,07e1b,0,unicode
박,U+818A,膊,0818a,0,unicode
박,U+8236,舶,08236,0,unicode
박,U+8584,薄,08584,0,unicode
박,U+8FEB,迫,08feb,0,unicode
박,U+9251,鉑,09251,0,unicode
박,U+939B,鎛,0939b,0,unicode
박,U+946E,鑮,0946e,0,unicode
박,U+96F9,雹,096f9,0,unicode
박,U+99C1,駁,099c1,0,unicode
박,U+99EE,駮,099ee,0,unicode
박,U+9AC6,髆,09ac6,0,unicode
박,,,a016f,A,internal_code_A
반,U+4F34,伴,04f34,0,unicode
반,U+534A,半,0534a,0,unicode
반,U+53CD,反,053cd,0,unicode
반,U+53DB,叛,053db,0,unicode
반,U+5ABB,媻,05abb,0,unicode
반,U+6273,扳,06273,0,unicode
반,U+62CC,拌,062cc,0,unicode
반,U+642B,搫,0642b,0,unicode
반,U+642C,搬,0642c,0,unicode
반,U+6500,攀,06500,0,unicode
반,U+653D,攽,0653d,0,unicode
반,U+6591,斑,06591,0,unicode
반,U+670C,朌,0670c,0,unicode
반,U+69C3,槃,069c3,0,unicode
반,U+6CEE,泮,06cee,0,unicode
반,U+6EBF,溿,06ebf,0,unicode
반,U+6F58,潘,06f58,0,unicode
반,U+700A,瀊,0700a,0,unicode
반,U+73ED,班,073ed,0,unicode
반,U+7554,畔,07554,0,unicode
반,U+7622,瘢,07622,0,unicode
반,U+76E4,盤,076e4,0,unicode
반,U+76FC,盼,076fc,0,unicode
반,U+78D0,磐,078d0,0,unicode
반,U+78FB,磻,078fb,0,unicode
반,U+792C,礬,0792c,0,unicode
반,U+7D46,絆,07d46,0,unicode
반,U+80D6,胖,080d6,0,unicode
반,U+822C,般,0822c,0,unicode
반,U+878C,螌,0878c,0,unicode
반,U+87E0,蟠,087e0,0,unicode
반,U+8C73,豳,08c73,0,unicode
반,U+8FD4,返,08fd4,0,unicode
반,U+9812,頒,09812,0,unicode
반,U+9816,頖,09816,0,unicode
반,U+98EF,飯,098ef,0,unicode
발,U+52C3,勃,052c3,0,unicode
발,U+54F1,哱,054f1,0,unicode
발,U+62D4,拔,062d4,0,unicode
발,U+64A5,撥,064a5,0,unicode
발,U+6D61,浡,06d61,0,unicode
발,U+6E24,渤,06e24,0,unicode
발,U+6F51,潑,06f51,0,unicode
발,U+70A6,炦,070a6,0,unicode
발,U+767C,發,0767c,0,unicode
발,U+8116,脖,08116,0,unicode
발,U+8DCB,跋,08dcb,0,unicode
발,U+91B1,醱,091b1,0,unicode
발,U+9238,鈸,09238,0,unicode
발,U+9262,鉢,09262,0,unicode
발,U+999E,馞,0999e,0,unicode
발,U+9AEE,髮,09aee,0,unicode
발,U+9B43,魃,09b43,0,unicode
발,U+9D53,鵓,09d53,0,unicode
방,U+4EFF,仿,04eff,0,unicode
방,U+5023,倣,05023,0,unicode
방,U+508D,傍,0508d,0,unicode
방,U+5396,厖,05396,0,unicode
방,U+55D9,嗙,055d9,0,unicode
방,U+574A,坊,0574a,0,unicode
방,U+585D,塝,0585d,0,unicode
방,U+59A8,妨,059a8,0,unicode
방,U+5C28,尨,05c28,0,unicode
방,U+5E47,幇,05e47,0,unicode
방,U+5E6B,幫,05e6b,0,unicode
방,U+5F77,彷,05f77,0,unicode
방,U+5FAC,徬,05fac,0,unicode
방,U+623F,房,0623f,0,unicode
방,U+6412,搒,06412,0,unicode
방,U+653E,放,0653e,0,unicode
방,U+65B9,方,065b9,0,unicode
방,U+65C1,旁,065c1,0,unicode
방,U+65CA,旊,065ca,0,unicode
방,U+6609,昉,06609,0,unicode
방,U+678B,枋,0678b,0,unicode
방,U+6886,梆,06886,0,unicode
방,U+699C,榜,0699c,0,unicode
방,U+6C78,汸,06c78,0,unicode
방,U+6EC2,滂,06ec2,0,unicode
방,U+7253,牓,07253,0,unicode
방,U+73A4,玤,073a4,0,unicode
방,U+78C5,磅,078c5,0,unicode
방,U+7D21,紡,07d21,0,unicode
방,U+80AA,肪,080aa,0,unicode
방,U+8180,膀,08180,0,unicode
방,U+822B,舫,0822b,0,unicode
방,U+823D,舽,0823d,0,unicode
방,U+82B3,芳,082b3,0,unicode
방,U+84A1,蒡,084a1,0,unicode
방,U+868C,蚌,0868c,0,unicode
방,U+8783,螃,08783,0,unicode
방,U+8A2A,訪,08a2a,0,unicode
방,U+8B17,謗,08b17,0,unicode
방,U+90A6,邦,090a6,0,unicode
방,U+938A,鎊,0938a,0,unicode
방,U+9632,防,09632,0,unicode
방,U+9AE3,髣,09ae3,0,unicode
방,U+9B74,魴,09b74,0,unicode
방,U+9F90,龐,09f90,0,unicode
방,,,a0170,A,internal_code_A
방,,,a0171,A,internal_code_A
배,U+4512,䔒,04512,0,unicode
배,U+4FD6,俖,04fd6,0,unicode
배,U+4FF3,俳,04ff3,0,unicode
배,U+500D,倍,0500d,0,unicode
배,U+5317,北,05317,0,unicode
배,U+574F,坏,0574f,0,unicode
배,U+57F9,培,057f9,0,unicode
배,U+5F98,徘,05f98,0,unicode
배,U+6252,扒,06252,0,unicode
배,U+62DC,拜,062dc,0,unicode
배,U+6392,排,06392,0,unicode
배,U+676F,杯,0676f,0,unicode
배,U+6E43,湃,06e43,0,unicode
배,U+7119,焙,07119,0,unicode
배,U+73AF,环,073af,0,unicode
배,U+7432,琲,07432,0,unicode
배,U+76C3,盃,076c3,0,unicode
배,U+80CC,背,080cc,0,unicode
배,U+80DA,胚,080da,0,unicode
배,U+84D3,蓓,084d3,0,unicode
배,U+88F4,裴,088f4,0,unicode
배,U+88F5,裵,088f5,0,unicode
배,U+8919,褙,08919,0,unicode
배,U+8C9D,貝,08c9d,0,unicode
배,U+8CE0,賠,08ce0,0,unicode
배,U+8F29,輩,08f29,0,unicode
배,U+914D,配,0914d,0,unicode
배,U+966A,陪,0966a,0,unicode
백,U+479F,䞟,0479f,0,unicode
백,U+4F2F,伯,04f2f,0,unicode
백,U+4F70,佰,04f70,0,unicode
백,U+5E1B,帛,05e1b,0,unicode
백,U+67CF,柏,067cf,0,unicode
백,U+6822,栢,06822,0,unicode
백,U+73C0,珀,073c0,0,unicode
백,U+767D,白,0767d,0,unicode
백,U+767E,百,0767e,0,unicode
백,U+82E9,苩,082e9,0,unicode
백,U+9B44,魄,09b44,0,unicode
백,,,a0265,A,internal_code_A
번,U+52EB,勫,052eb,0,unicode
번,U+5E61,幡,05e61,0,unicode
번,U+6A0A,樊,06a0a,0,unicode
번,U+7169,煩,07169,0,unicode
번,U+71D4,燔,071d4,0,unicode
번,U+74A0,璠,074a0,0,unicode
번,U+756A,番,0756a,0,unicode
번,U+78FB,磻,078fb,0,unicode
번,U+7E41,繁,07e41,0,unicode
번,U+7E59,繙,07e59,0,unicode
번,U+7FFB,翻,07ffb,0,unicode
번,U+81B0,膰,081b0,0,unicode
번,U+8543,蕃,08543,0,unicode
번,U+85E9,藩,085e9,0,unicode
번,U+8629,蘩,08629,0,unicode
번,U+88A2,袢,088a2,0,unicode
번,U+98DC,飜,098dc,0,unicode
번,,,a0172,A,internal_code_A
번,,,a0173,A,internal_code_A
벌,U+4F10,伐,04f10,0,unicode
벌,U+6A43,橃,06a43,0,unicode
벌,U+7B4F,筏,07b4f,0,unicode
벌,U+7F70,罰,07f70,0,unicode
벌,U+7F78,罸,07f78,0,unicode
벌,U+95A5,閥,095a5,0,unicode
범,U+51E1,凡,051e1,0,unicode
범,U+5E06,帆,05e06,0,unicode
범,U+674B,杋,0674b,0,unicode
범,U+68B5,梵,068b5,0,unicode
범,U+6C3E,氾,06c3e,0,unicode
범,U+6C4E,汎,06c4e,0,unicode
범,U+6CDB,泛,06cdb,0,unicode
범,U+6E22,渢,06e22,0,unicode
범,U+6EFC,滼,06efc,0,unicode
범,U+72AF,犯,072af,0,unicode
범,U+7B35,笵,07b35,0,unicode
범,U+7BC4,範,07bc4,0,unicode
범,U+8303,范,08303,0,unicode
범,U+8A09,訉,08a09,0,unicode
범,U+91E9,釩,091e9,0,unicode
범,U+98BF,颿,098bf,0,unicode
범,,,a0174,A,internal_code_A
법,U+6CD5,法,06cd5,0,unicode
법,U+743A,琺,0743a,0,unicode
벽,U+50FB,僻,050fb,0,unicode
벽,U+5288,劈,05288,0,unicode
벽,U+58C1,壁,058c1,0,unicode
벽,U+64D7,擗,064d7,0,unicode
벽,U+64D8,擘,064d8,0,unicode
벽,U+6A97,檗,06a97,0,unicode
벽,U+74A7,璧,074a7,0,unicode
벽,U+7513,甓,07513,0,unicode
벽,U+7588,疈,07588,0,unicode
벽,U+7656,癖,07656,0,unicode
벽,U+78A7,碧,078a7,0,unicode
벽,U+8617,蘗,08617,0,unicode
벽,U+895E,襞,0895e,0,unicode
벽,U+8F9F,辟,08f9f,0,unicode
벽,U+95E2,闢,095e2,0,unicode
벽,U+9739,霹,09739,0,unicode
벽,U+9DFF,鷿,09dff,0,unicode
벽,U+9F0A,鼊,09f0a,0,unicode
벽,,,a0175,A,internal_code_A
변,U+4FBF,便,04fbf,0,unicode
변,U+535E,卞,0535e,0,unicode
변,U+5F01,弁,05f01,0,unicode
변,U+5FED,忭,05fed,0,unicode
변,U+6283,抃,06283,0,unicode
변,U+8141,腁,08141,0,unicode
변,U+8B8A,變,08b8a,0,unicode
변,U+8CC6,賆,08cc6,0,unicode
변,U+8FA8,辨,08fa8,0,unicode
변,U+8FAE,辮,08fae,0,unicode
변,U+8FAF,辯,08faf,0,unicode
변,U+908A,邊,0908a,0,unicode
변,U+91C6,釆,091c6,0,unicode
변,U+99E2,駢,099e2,0,unicode
변,U+9ABF,骿,09abf,0,unicode
변,U+9D18,鴘,09d18,0,unicode
변,,,a028a,A,internal_code_A
별,U+3521,㔡,03521,0,unicode
별,U+4B71,䭱,04b71,0,unicode
별,U+5225,別,05225,0,unicode
별,U+5F46,彆,05f46,0,unicode
별,U+6F4E,潎,06f4e,0,unicode
별,U+70A6,炦,070a6,0,unicode
별,U+77A5,瞥,077a5,0,unicode
별,U+8382,莂,08382,0,unicode
별,U+8952,襒,08952,0,unicode
별,U+9C49,鱉,09c49,0,unicode
별,U+9DE9,鷩,09de9,0,unicode
별,U+9F08,鼈,09f08,0,unicode
별,U+2983B,𩠻,2983b,2,unicode
별,,,a0244,A,internal_code_A
병,U+4E19,丙,04e19,0,unicode
병,U+4E26,並,04e26,0,unicode
병,U+5002,倂,05002,0,unicode
병,U+5175,兵,05175,0,unicode
병,U+5C5B,屛,05c5b,0,unicode
병,U+5E76,并,05e76,0,unicode
병,U+5E77,幷,05e77,0,unicode
병,U+6032,怲,06032,0,unicode
병,U+62A6,抦,062a6,0,unicode
병,U+661E,昞,0661e,0,unicode
병,U+663A,昺,0663a,0,unicode
병,U+67C4,柄,067c4,0,unicode
병,U+68C5,棅,068c5,0,unicode
병,U+70B3,炳,070b3,0,unicode
병,U+7501,甁,07501,0,unicode
병,U+75C5,病,075c5,0,unicode
병,U+79C9,秉,079c9,0,unicode
병,U+7ADD,竝,07add,0,unicode
병,U+7D63,絣,07d63,0,unicode
병,U+7F3E,缾,07f3e,0,unicode
병,U+82EA,苪,082ea,0,unicode
병,U+8F27,輧,08f27,0,unicode
병,U+8FF8,迸,08ff8,0,unicode
병,U+90B4,邴,090b4,0,unicode
병,U+9235,鈵,09235,0,unicode
병,U+927C,鉼,0927c,0,unicode
병,U+9920,餠,09920,0,unicode
병,U+9A08,騈,09a08,0,unicode
병,,,a0254,A,internal_code_A
보,U+3EC4,㻄,03ec4,0,unicode
보,U+402F,䀯,0402f,0,unicode
보,U+4FCC,俌,04fcc,0,unicode
보,U+4FDD,保,04fdd,0,unicode
보,U+5821,堡,05821,0,unicode
보,U+5831,報,05831,0,unicode
보,U+5B9D,宝,05b9d,0,unicode
보,U+5BF6,寶,05bf6,0,unicode
보,U+666E,普,0666e,0,unicode
보,U+693A,椺,0693a,0,unicode
보,U+6B65,步,06b65,0,unicode
보,U+6B69,歩,06b69,0,unicode
보,U+6D11,洑,06d11,0,unicode
보,U+6E7A,湺,06e7a,0,unicode
보,U+6EA5,溥,06ea5,0,unicode
보,U+6F7D,潽,06f7d,0,unicode
보,U+70F3,烳,070f3,0,unicode
보,U+73E4,珤,073e4,0,unicode
보,U+752B,甫,0752b,0,unicode
보,U+76D9,盙,076d9,0,unicode
보,U+7C20,簠,07c20,0,unicode
보,U+8386,莆,08386,0,unicode
보,U+83E9,菩,083e9,0,unicode
보,U+8446,葆,08446,0,unicode
보,U+88DC,補,088dc,0,unicode
보,U+8913,褓,08913,0,unicode
보,U+8B5C,譜,08b5c,0,unicode
보,U+8CF2,賲,08cf2,0,unicode
보,U+8F14,輔,08f14,0,unicode
보,U+974C,靌,0974c,0,unicode
보,U+9D07,鴇,09d07,0,unicode
보,U+9EFC,黼,09efc,0,unicode
보,U+248F0,𤣰,248f0,2,unicode
보,,,a0176,A,internal_code_A
복,U+4F0F,伏,04f0f,0,unicode
복,U+50D5,僕,050d5,0,unicode
복,U+5310,匐,05310,0,unicode
복,U+535C,卜,0535c,0,unicode
복,U+5798,垘,05798,0,unicode
복,U+58A3,墣,058a3,0,unicode
복,U+5B93,宓,05b93,0,unicode
복,U+5E5E,幞,05e5e,0,unicode
복,U+5FA9,復,05fa9,0,unicode
복,U+6251,扑,06251,0,unicode
복,U+670D,服,0670d,0,unicode
복,U+683F,栿,0683f,0,unicode
복,U+6945,楅,06945,0,unicode
복,U+6F93,澓,06f93,0,unicode
복,U+6FEE,濮,06fee,0,unicode
복,U+7550,畐,07550,0,unicode
복,U+798F,福,0798f,0,unicode
복,U+7B99,箙,07b99,0,unicode
복,U+8179,腹,08179,0,unicode
복,U+832F,茯,0832f,0,unicode
복,U+83D4,菔,083d4,0,unicode
복,U+8514,蔔,08514,0,unicode
복,U+8760,蝠,08760,0,unicode
복,U+876E,蝮,0876e,0,unicode
복,U+8907,複,08907,0,unicode
복,U+8986,覆,08986,0,unicode
복,U+8AE8,諨,08ae8,0,unicode
복,U+8E3E,踾,08e3e,0,unicode
복,U+8F39,輹,08f39,0,unicode
복,U+8F3B,輻,08f3b,0,unicode
복,U+9351,鍑,09351,0,unicode
복,U+99A5,馥,099a5,0,unicode
복,U+9C12,鰒,09c12,0,unicode
복,U+9D69,鵩,09d69,0,unicode
복,,,a0177,A,internal_code_A
복,,,a0178,A,internal_code_A
복,U+F0767,,f0767,F,private_use_F
본,U+672C,本,0672c,0,unicode
볼,U+4E76,乶,04e76,0,unicode
봉,U+3980,㦀,03980,0,unicode
봉,U+4B70,䭰,04b70,0,unicode
봉,U+4E30,丰,04e30,0,unicode
봉,U+4FF8,俸,04ff8,0,unicode
봉,U+552A,唪,0552a,0,unicode
봉,U+5906,夆,05906,0,unicode
봉,U+5949,奉,05949,0,unicode
봉,U+59A6,妦,059a6,0,unicode
봉,U+5C01,封,05c01,0,unicode
봉,U+5CEF,峯,05cef,0,unicode
봉,U+5CF0,峰,05cf0,0,unicode
봉,U+5D36,崶,05d36,0,unicode
봉,U+6340,捀,06340,0,unicode
봉,U+6367,捧,06367,0,unicode
봉,U+6453,摓,06453,0,unicode
봉,U+687B,桻,0687b,0,unicode
봉,U+68D2,棒,068d2,0,unicode
봉,U+69F0,槰,069f0,0,unicode
봉,U+6D72,浲,06d72,0,unicode
봉,U+6F28,漨,06f28,0,unicode
봉,U+70FD,烽,070fd,0,unicode
봉,U+71A2,熢,071a2,0,unicode
봉,U+742B,琫,0742b,0,unicode
봉,U+7BF7,篷,07bf7,0,unicode
봉,U+7D98,綘,07d98,0,unicode
봉,U+7E2B,縫,07e2b,0,unicode
봉,U+8283,芃,08283,0,unicode
봉,U+83F6,菶,083f6,0,unicode
봉,U+84EC,蓬,084ec,0,unicode
봉,U+8702,蜂,08702,0,unicode
봉,U+9022,逢,09022,0,unicode
봉,U+92D2,鋒,092d2,0,unicode
봉,U+97F8,韸,097f8,0,unicode
봉,U+9CF3,鳳,09cf3,0,unicode
봉,U+9D0C,鴌,09d0c,0,unicode
봉,,,a0179,A,internal_code_A
부,U+4E0D,不,04e0d,0,unicode
부,U+4ED8,付,04ed8,0,unicode
부,U+4FD8,俘,04fd8,0,unicode
부,U+4FEF,俯,04fef,0,unicode
부,U+5085,傅,05085,0,unicode
부,U+5256,剖,05256,0,unicode
부,U+526F,副,0526f,0,unicode
부,U+5426,否,05426,0,unicode
부,U+5490,咐,05490,0,unicode
부,U+57E0,埠,057e0,0,unicode
부,U+592B,夫,0592b,0,unicode
부,U+5A66,婦,05a66,0,unicode
부,U+5A8D,媍,05a8d,0,unicode
부,U+5B5A,孚,05b5a,0,unicode
부,U+5B75,孵,05b75,0,unicode
부,U+5BCC,富,05bcc,0,unicode
부,U+5C03,尃,05c03,0,unicode
부,U+5DED,巭,05ded,0,unicode
부,U+5E9C,府,05e9c,0,unicode
부,U+5FA9,復,05fa9,0,unicode
부,U+6276,扶,06276,0,unicode
부,U+6294,抔,06294,0,unicode
부,U+62CA,拊,062ca,0,unicode
부,U+636C,捬,0636c,0,unicode
부,U+638A,掊,0638a,0,unicode
부,U+6577,敷,06577,0,unicode
부,U+65A7,斧,065a7,0,unicode
부,U+678E,枎,0678e,0,unicode
부,U+67CE,柎,067ce,0,unicode
부,U+6874,桴,06874,0,unicode
부,U+6991,榑,06991,0,unicode
부,U+6D6E,浮,06d6e,0,unicode
부,U+6DAA,涪,06daa,0,unicode
부,U+6EA5,溥,06ea5,0,unicode
부,U+70F0,烰,070f0,0,unicode
부,U+7236,父,07236,0,unicode
부,U+739E,玞,0739e,0,unicode
부,U+73B8,玸,073b8,0,unicode
부,U+7408,琈,07408,0,unicode
부,U+7954,祔,07954,0,unicode
부,U+7B26,符,07b26,0,unicode
부,U+7B5F,筟,07b5f,0,unicode
부,U+7C3F,簿,07c3f,0,unicode
부,U+7F36,缶,07f36,0,unicode
부,U+7F58,罘,07f58,0,unicode
부,U+7F66,罦,07f66,0,unicode
부,U+80D5,胕,080d5,0,unicode
부,U+8150,腐,08150,0,unicode
부,U+8151,腑,08151,0,unicode
부,U+819A,膚,0819a,0,unicode
부,U+8240,艀,08240,0,unicode
부,U+8299,芙,08299,0,unicode
부,U+82A3,芣,082a3,0,unicode
부,U+82FB,苻,082fb,0,unicode
부,U+8374,荴,08374,0,unicode
부,U+83A9,莩,083a9,0,unicode
부,U+8500,蔀,08500,0,unicode
부,U+86A8,蚨,086a8,0,unicode
부,U+8709,蜉,08709,0,unicode
부,U+889D,袝,0889d,0,unicode
부,U+88D2,裒,088d2,0,unicode
부,U+8A03,訃,08a03,0,unicode
부,U+8CA0,負,08ca0,0,unicode
부,U+8CE6,賦,08ce6,0,unicode
부,U+8CFB,賻,08cfb,0,unicode
부,U+8D74,赴,08d74,0,unicode
부,U+8DBA,趺,08dba,0,unicode
부,U+8DD7,跗,08dd7,0,unicode
부,U+90E8,部,090e8,0,unicode
부,U+91DC,釜,091dc,0,unicode
부,U+9207,鈇,09207,0,unicode
부,U+961C,阜,0961c,0,unicode
부,U+9644,附,09644,0,unicode
부,U+982B,頫,0982b,0,unicode
부,U+99D9,駙,099d9,0,unicode
부,U+9B92,鮒,09b92,0,unicode
부,U+9CE7,鳧,09ce7,0,unicode
부,U+9EA9,麩,09ea9,0,unicode
부,,,a017a,A,internal_code_A
부,,,a017b,A,internal_code_A
북,U+5317,北,05317,0,unicode
분,U+4F53,体,04f53,0,unicode
분,U+5206,分,05206,0,unicode
분,U+5429,吩,05429,0,unicode
분,U+5674,噴,05674,0,unicode
분,U+574B,坋,0574b,0,unicode
분,U+574C,坌,0574c,0,unicode
분,U+58B3,墳,058b3,0,unicode
분,U+5954,奔,05954,0,unicode
분,U+596E,奮,0596e,0,unicode
분,U+59A2,妢,059a2,0,unicode
분,U+5E09,帉,05e09,0,unicode
분,U+5F05,弅,05f05,0,unicode
분,U+5FFF,忿,05fff,0,unicode
분,U+61A4,憤,061a4,0,unicode
분,U+626E,扮,0626e,0,unicode
분,U+6610,昐,06610,0,unicode
분,U+678C,枌,0678c,0,unicode
분,U+68FB,棻,068fb,0,unicode
분,U+68FC,棼,068fc,0,unicode
분,U+6C1B,氛,06c1b,0,unicode
분,U+6C7E,汾,06c7e,0,unicode
분,U+6CCD,泍,06ccd,0,unicode
분,U+6E53,湓,06e53,0,unicode
분,U+6FC6,濆,06fc6,0,unicode
분,U+711A,焚,0711a,0,unicode
분,U+7287,犇,07287,0,unicode
분,U+73A2,玢,073a2,0,unicode
분,U+755A,畚,0755a,0,unicode
분,U+76C6,盆,076c6,0,unicode
분,U+780F,砏,0780f,0,unicode
분,U+79CE,秎,079ce,0,unicode
분,U+7B28,笨,07b28,0,unicode
분,U+7C89,粉,07c89,0,unicode
분,U+7CDE,糞,07cde,0,unicode
분,U+7D1B,紛,07d1b,0,unicode
분,U+7FC9,翉,07fc9,0,unicode
분,U+80A6,肦,080a6,0,unicode
분,U+81B9,膹,081b9,0,unicode
분,U+82AC,芬,082ac,0,unicode
분,U+8450,葐,08450,0,unicode
분,U+8561,蕡,08561,0,unicode
분,U+8CC1,賁,08cc1,0,unicode
분,U+8F52,轒,08f52,0,unicode
분,U+96F0,雰,096f0,0,unicode
분,U+9EFA,黺,09efa,0,unicode
분,U+9F22,鼢,09f22,0,unicode
분,,,a017c,A,internal_code_A
불,U+4E0D,不,04e0d,0,unicode
불,U+4F5B,佛,04f5b,0,unicode
불,U+5CAA,岪,05caa,0,unicode
불,U+5F17,弗,05f17,0,unicode
불,U+5F7F,彿,05f7f,0,unicode
불,U+62C2,拂,062c2,0,unicode
불,U+7953,祓,07953,0,unicode
불,U+7D31,紱,07d31,0,unicode
불,U+8274,艴,08274,0,unicode
불,U+8300,茀,08300,0,unicode
불,U+97CD,韍,097cd,0,unicode
불,U+9AF4,髴,09af4,0,unicode
불,U+9EFB,黻,09efb,0,unicode
붕,U+580B,堋,0580b,0,unicode
붕,U+5D29,崩,05d29,0,unicode
붕,U+670B,朋,0670b,0,unicode
붕,U+68DA,棚,068da,0,unicode
붕,U+6F30,漰,06f30,0,unicode
붕,U+787C,硼,0787c,0,unicode
붕,U+7E43,繃,07e43,0,unicode
붕,U+9B05,鬅,09b05,0,unicode
붕,U+9D6C,鵬,09d6c,0,unicode
비,U+3D52,㵒,03d52,0,unicode
비,U+4E15,丕,04e15,0,unicode
비,U+4EF3,仳,04ef3,0,unicode
비,U+4F3E,伾,04f3e,0,unicode
비,U+4FFE,俾,04ffe,0,unicode
비,U+5099,備,05099,0,unicode
비,U+5255,剕,05255,0,unicode
비,U+5315,匕,05315,0,unicode
비,U+532A,匪,0532a,0,unicode
비,U+5351,卑,05351,0,unicode
비,U+56AD,嚭,056ad,0,unicode
비,U+572E,圮,0572e,0,unicode
비,U+57E4,埤,057e4,0,unicode
비,U+595C,奜,0595c,0,unicode
비,U+5970,奰,05970,0,unicode
비,U+5983,妃,05983,0,unicode
비,U+59A3,妣,059a3,0,unicode
비,U+5A62,婢,05a62,0,unicode
비,U+5C41,屁,05c41,0,unicode
비,U+5CAF,岯,05caf,0,unicode
비,U+5E80,庀,05e80,0,unicode
비,U+5E87,庇,05e87,0,unicode
비,U+5EB3,庳,05eb3,0,unicode
비,U+60B1,悱,060b1,0,unicode
비,U+60B2,悲,060b2,0,unicode
비,U+618A,憊,0618a,0,unicode
비,U+6249,扉,06249,0,unicode
비,U+6279,批,06279,0,unicode
비,U+6590,斐,06590,0,unicode
비,U+6787,枇,06787,0,unicode
비,U+67F2,柲,067f2,0,unicode
비,U+68D0,棐,068d0,0,unicode
비,U+6911,椑,06911,0,unicode
비,U+69A7,榧,069a7,0,unicode
비,U+6BD4,比,06bd4,0,unicode
비,U+6BD6,毖,06bd6,0,unicode
비,U+6BD7,毗,06bd7,0,unicode
비,U+6BD8,毘,06bd8,0,unicode
비,U+6C98,沘,06c98,0,unicode
비,U+6CB8,沸,06cb8,0,unicode
비,U+6CCC,泌,06ccc,0,unicode
비,U+6DDD,淝,06ddd,0,unicode
비,U+6DE0,淠,06de0,0,unicode
비,U+6FDE,濞,06fde,0,unicode
비,U+72C9,狉,072c9,0,unicode
비,U+72D2,狒,072d2,0,unicode
비,U+7435,琵,07435,0,unicode
비,U+75DE,痞,075de,0,unicode
비,U+75F9,痹,075f9,0,unicode
비,U+75FA,痺,075fa,0,unicode
비,U+7765,睥,07765,0,unicode
비,U+7812,砒,07812,0,unicode
비,U+7891,碑,07891,0,unicode
비,U+7955,祕,07955,0,unicode
비,U+79D5,秕,079d5,0,unicode
비,U+79D8,秘,079d8,0,unicode
비,U+7BE6,篦,07be6,0,unicode
비,U+7C83,粃,07c83,0,unicode
비,U+7D15,紕,07d15,0,unicode
비,U+7DCB,緋,07dcb,0,unicode
비,U+7F86,羆,07f86,0,unicode
비,U+7FE1,翡,07fe1,0,unicode
비,U+80A5,肥,080a5,0,unicode
비,U+813E,脾,0813e,0,unicode
비,U+8153,腓,08153,0,unicode
비,U+81C2,臂,081c2,0,unicode
비,U+8298,芘,08298,0,unicode
비,U+82BE,芾,082be,0,unicode
비,U+83F2,菲,083f2,0,unicode
비,U+8406,萆,08406,0,unicode
비,U+84D6,蓖,084d6,0,unicode
비,U+868D,蚍,0868d,0,unicode
비,U+871A,蜚,0871a,0,unicode
비,U+88E8,裨,088e8,0,unicode
비,U+8AB9,誹,08ab9,0,unicode
비,U+8B6C,譬,08b6c,0,unicode
비,U+8C94,貔,08c94,0,unicode
비,U+8CBB,費,08cbb,0,unicode
비,U+8D14,贔,08d14,0,unicode
비,U+8F61,轡,08f61,0,unicode
비,U+90B3,邳,090b3,0,unicode
비,U+90EB,郫,090eb,0,unicode
비,U+9119,鄙,09119,0,unicode
비,U+912A,鄪,0912a,0,unicode
비,U+959F,閟,0959f,0,unicode
비,U+9674,陴,09674,0,unicode
비,U+970F,霏,0970f,0,unicode
비,U+975E,非,0975e,0,unicode
비,U+97B4,鞴,097b4,0,unicode
비,U+98DB,飛,098db,0,unicode
비,U+99A1,馡,099a1,0,unicode
비,U+9A11,騑,09a11,0,unicode
비,U+9A1B,騛,09a1b,0,unicode
비,U+9AC0,髀,09ac0,0,unicode
비,U+9F19,鼙,09f19,0,unicode
비,U+9F3B,鼻,09f3b,0,unicode
비,,,a0109,A,internal_code_A
비,,,a0214,A,internal_code_A
빈,U+4399,䎙,04399,0,unicode
빈,U+4EFD,份,04efd,0,unicode
빈,U+5110,儐,05110,0,unicode
빈,U+56AC,嚬,056ac,0,unicode
빈,U+5B2A,嬪,05b2a,0,unicode
빈,U+5F6C,彬,05f6c,0,unicode
빈,U+64EF,擯,064ef,0,unicode
빈,U+658C,斌,0658c,0,unicode
빈,U+6AB3,檳,06ab3,0,unicode
빈,U+6BAF,殯,06baf,0,unicode
빈,U+6D5C,浜,06d5c,0,unicode
빈,U+6FF1,濱,06ff1,0,unicode
빈,U+7015,瀕,07015,0,unicode
빈,U+725D,牝,0725d,0,unicode
빈,U+73AD,玭,073ad,0,unicode
빈,U+74B8,璸,074b8,0,unicode
빈,U+77C9,矉,077c9,0,unicode
빈,U+7A66,穦,07a66,0,unicode
빈,U+7E7D,繽,07e7d,0,unicode
빈,U+81CF,臏,081cf,0,unicode
빈,U+860B,蘋,0860b,0,unicode
빈,U+8819,蠙,08819,0,unicode
빈,U+8C73,豳,08c73,0,unicode
빈,U+8CA7,貧,08ca7,0,unicode
빈,U+8CD3,賓,08cd3,0,unicode
빈,U+8D07,贇,08d07,0,unicode
빈,U+90A0,邠,090a0,0,unicode
빈,U+944C,鑌,0944c,0,unicode
빈,U+9726,霦,09726,0,unicode
빈,U+983B,頻,0983b,0,unicode
빈,U+9870,顰,09870,0,unicode
빈,U+99AA,馪,099aa,0,unicode
빈,U+9B22,鬢,09b22,0,unicode
빙,U+51ED,凭,051ed,0,unicode
빙,U+5A09,娉,05a09,0,unicode
빙,U+6191,憑,06191,0,unicode
빙,U+6C37,氷,06c37,0,unicode
빙,U+8058,聘,08058,0,unicode
빙,U+9A01,騁,09a01,0,unicode
사,U+3878,㡸,03878,0,unicode
사,U+4E4D,乍,04e4d,0,unicode
사,U+4E8B,事,04e8b,0,unicode
사,U+4E9B,些,04e9b,0,unicode
사,U+4ED5,仕,04ed5,0,unicode
사,U+4F3A,伺,04f3a,0,unicode
사,U+4F3C,似,04f3c,0,unicode
사,U+4F7F,使,04f7f,0,unicode
사,U+4FDF,俟,04fdf,0,unicode
사,U+509E,傞,0509e,0,unicode
사,U+50FF,僿,050ff,0,unicode
사,U+5129,儩,05129,0,unicode
사,U+525A,剚,0525a,0,unicode
사,U+5378,卸,05378,0,unicode
사,U+53F2,史,053f2,0,unicode
사,U+53F8,司,053f8,0,unicode
사,U+548B,咋,0548b,0,unicode
사,U+5506,唆,05506,0,unicode
사,U+55E3,嗣,055e3,0,unicode
사,U+56DB,四,056db,0,unicode
사,U+58EB,士,058eb,0,unicode
사,U+5962,奢,05962,0,unicode
사,U+59D2,姒,059d2,0,unicode
사,U+5A11,娑,05a11,0,unicode
사,U+5BEB,寫,05beb,0,unicode
사,U+5BFA,寺,05bfa,0,unicode
사,U+5C04,射,05c04,0,unicode
사,U+5DF3,巳,05df3,0,unicode
사,U+5E2B,師,05e2b,0,unicode
사,U+5F99,徙,05f99,0,unicode
사,U+601D,思,0601d,0,unicode
사,U+6368,捨,06368,0,unicode
사,U+659C,斜,0659c,0,unicode
사,U+65AF,斯,065af,0,unicode
사,U+67F6,柶,067f6,0,unicode
사,U+67FB,査,067fb,0,unicode
사,U+68AD,梭,068ad,0,unicode
사,U+6942,楂,06942,0,unicode
사,U+69AD,榭,069ad,0,unicode
사,U+6B7B,死,06b7b,0,unicode
사,U+6C5C,汜,06c5c,0,unicode
사,U+6C99,沙,06c99,0,unicode
사,U+6CD7,泗,06cd7,0,unicode
사,U+6D98,涘,06d98,0,unicode
사,U+6E23,渣,06e23,0,unicode
사,U+7009,瀉,07009,0,unicode
사,U+7345,獅,07345,0,unicode
사,U+75E7,痧,075e7,0,unicode
사,U+76B6,皶,076b6,0,unicode
사,U+7802,砂,07802,0,unicode
사,U+793E,社,0793e,0,unicode
사,U+7940,祀,07940,0,unicode
사,U+7960,祠,07960,0,unicode
사,U+79A0,禠,079a0,0,unicode
사,U+79C1,私,079c1,0,unicode
사,U+7AE2,竢,07ae2,0,unicode
사,U+7B25,笥,07b25,0,unicode
사,U+7BE9,篩,07be9,0,unicode
사,U+7CF8,糸,07cf8,0,unicode
사,U+7D17,紗,07d17,0,unicode
사,U+7D72,絲,07d72,0,unicode
사,U+8086,肆,08086,0,unicode
사,U+820D,舍,0820d,0,unicode
사,U+838E,莎,0838e,0,unicode
사,U+84D1,蓑,084d1,0,unicode
사,U+86C7,蛇,086c7,0,unicode
사,U+8721,蜡,08721,0,unicode
사,U+88DF,裟,088df,0,unicode
사,U+8997,覗,08997,0,unicode
사,U+8A50,詐,08a50,0,unicode
사,U+8A5E,詞,08a5e,0,unicode
사,U+8B1D,謝,08b1d,0,unicode
사,U+8CDC,賜,08cdc,0,unicode
사,U+8D66,赦,08d66,0,unicode
사,U+8FAD,辭,08fad,0,unicode
사,U+90AA,邪,090aa,0,unicode
사,U+98FC,飼,098fc,0,unicode
사,U+99DB,駛,099db,0,unicode
사,U+99DF,駟,099df,0,unicode
사,U+9B66,魦,09b66,0,unicode
사,U+9BCA,鯊,09bca,0,unicode
사,U+9C24,鰤,09c24,0,unicode
사,U+9E9D,麝,09e9d,0,unicode
사,,,a010a,A,internal_code_A
사,,,a010b,A,internal_code_A
사,,,a017d,A,internal_code_A
사,,,a017e,A,internal_code_A
사,U+F07E1,,f07e1,F,private_use_F
삭,U+524A,削,0524a,0,unicode
삭,U+6420,搠,06420,0,unicode
삭,U+6578,數,06578,0,unicode
삭,U+6714,朔,06714,0,unicode
삭,U+69CA,槊,069ca,0,unicode
삭,U+720D,爍,0720d,0,unicode
삭,U+7D22,索,07d22,0,unicode
삭,U+84B4,蒴,084b4,0,unicode
삭,U+9460,鑠,09460,0,unicode
산,U+3983,㦃,03983,0,unicode
산,U+5098,傘,05098,0,unicode
산,U+522A,刪,0522a,0,unicode
산,U+5277,剷,05277,0,unicode
산,U+59CD,姍,059cd,0,unicode
산,U+5B7F,孿,05b7f,0,unicode
산,U+5C71,山,05c71,0,unicode
산,U+6563,散,06563,0,unicode
산,U+6A75,橵,06a75,0,unicode
산,U+6C55,汕,06c55,0,unicode
산,U+6F78,潸,06f78,0,unicode
산,U+6F98,澘,06f98,0,unicode
산,U+72FB,狻,072fb,0,unicode
산,U+7522,產,07522,0,unicode
산,U+7523,産,07523,0,unicode
산,U+759D,疝,0759d,0,unicode
산,U+7958,祘,07958,0,unicode
산,U+7B97,算,07b97,0,unicode
산,U+7C05,簅,07c05,0,unicode
산,U+7E56,繖,07e56,0,unicode
산,U+849C,蒜,0849c,0,unicode
산,U+8A15,訕,08a15,0,unicode
산,U+9178,酸,09178,0,unicode
산,U+93DF,鏟,093df,0,unicode
산,U+9730,霰,09730,0,unicode
산,,,a017f,A,internal_code_A
산,,,a023f,A,internal_code_A
살,U+4E77,乷,04e77,0,unicode
살,U+6492,撒,06492,0,unicode
살,U+6BBA,殺,06bba,0,unicode
살,U+715E,煞,0715e,0,unicode
살,U+85A9,薩,085a9,0,unicode
살,,,a0180,A,internal_code_A
삼,U+4E09,三,04e09,0,unicode
삼,U+53C3,參,053c3,0,unicode
삼,U+6749,杉,06749,0,unicode
삼,U+68EE,森,068ee,0,unicode
삼,U+6EF2,滲,06ef2,0,unicode
삼,U+7CDD,糝,07cdd,0,unicode
삼,U+829F,芟,0829f,0,unicode
삼,U+8518,蔘,08518,0,unicode
삼,U+886B,衫,0886b,0,unicode
삼,U+91E4,釤,091e4,0,unicode
삼,U+9B16,鬖,09b16,0,unicode
삼,,,a0181,A,internal_code_A
삼,,,a0182,A,internal_code_A
삽,U+5345,卅,05345,0,unicode
삽,U+553C,唼,0553c,0,unicode
삽,U+63D2,插,063d2,0,unicode
삽,U+63F7,揷,063f7,0,unicode
삽,U+6B43,歃,06b43,0,unicode
삽,U+6F81,澁,06f81,0,unicode
삽,U+7FE3,翣,07fe3,0,unicode
삽,U+9212,鈒,09212,0,unicode
삽,U+9364,鍤,09364,0,unicode
삽,U+9705,霅,09705,0,unicode
삽,U+970E,霎,0970e,0,unicode
삽,U+98AF,颯,098af,0,unicode
상,U+4E0A,上,04e0a,0,unicode
상,U+50B7,傷,050b7,0,unicode
상,U+50CF,像,050cf,0,unicode
상,U+511F,償,0511f,0,unicode
상,U+5546,商,05546,0,unicode
상,U+55AA,喪,055aa,0,unicode
상,U+5617,嘗,05617,0,unicode
상,U+587D,塽,0587d,0,unicode
상,U+5892,墒,05892,0,unicode
상,U+5AE6,嫦,05ae6,0,unicode
상,U+5B40,孀,05b40,0,unicode
상,U+5C19,尙,05c19,0,unicode
상,U+5CE0,峠,05ce0,0,unicode
상,U+5E38,常,05e38,0,unicode
상,U+5E8A,床,05e8a,0,unicode
상,U+5EA0,庠,05ea0,0,unicode
상,U+5EC2,廂,05ec2,0,unicode
상,U+5F9C,徜,05f9c,0,unicode
상,U+6066,恦,06066,0,unicode
상,U+60F3,想,060f3,0,unicode
상,U+6161,慡,06161,0,unicode
상,U+664C,晌,0664c,0,unicode
상,U+6851,桑,06851,0,unicode
상,U+6A23,樣,06a23,0,unicode
상,U+6A61,橡,06a61,0,unicode
상,U+6BA4,殤,06ba4,0,unicode
상,U+6E58,湘,06e58,0,unicode
상,U+6F3A,漺,06f3a,0,unicode
상,U+6F52,潒,06f52,0,unicode
상,U+723D,爽,0723d,0,unicode
상,U+7240,牀,07240,0,unicode
상,U+72C0,狀,072c0,0,unicode
상,U+751E,甞,0751e,0,unicode
상,U+76F8,相,076f8,0,unicode
상,U+78C9,磉,078c9,0,unicode
상,U+7965,祥,07965,0,unicode
상,U+7BB1,箱,07bb1,0,unicode
상,U+7DD7,緗,07dd7,0,unicode
상,U+7FD4,翔,07fd4,0,unicode
상,U+8459,葙,08459,0,unicode
상,U+88F3,裳,088f3,0,unicode
상,U+89F4,觴,089f4,0,unicode
상,U+8A73,詳,08a73,0,unicode
상,U+8B2A,謪,08b2a,0,unicode
상,U+8C61,象,08c61,0,unicode
상,U+8CDE,賞,08cde,0,unicode
상,U+92FF,鋿,092ff,0,unicode
상,U+939F,鎟,0939f,0,unicode
상,U+93DB,鏛,093db,0,unicode
상,U+940C,鐌,0940c,0,unicode
상,U+971C,霜,0971c,0,unicode
상,U+9859,顙,09859,0,unicode
상,U+9B3A,鬺,09b3a,0,unicode
상,,,a0002,A,internal_code_A
새,U+3614,㘔,03614,0,unicode
새,U+585E,塞,0585e,0,unicode
새,U+6122,愢,06122,0,unicode
새,U+74BD,璽,074bd,0,unicode
새,U+8CFD,賽,08cfd,0,unicode
새,U+9C13,鰓,09c13,0,unicode
색,U+55C7,嗇,055c7,0,unicode
색,U+585E,塞,0585e,0,unicode
색,U+69ED,槭,069ed,0,unicode
색,U+6B75,歵,06b75,0,unicode
색,U+6FC7,濇,06fc7,0,unicode
색,U+7012,瀒,07012,0,unicode
색,U+7A61,穡,07a61,0,unicode
색,U+7D22,索,07d22,0,unicode
색,U+8272,色,08272,0,unicode
생,U+680D,栍,0680d,0,unicode
생,U+6CE9,泩,06ce9,0,unicode
생,U+6E66,湦,06e66,0,unicode
생,U+7272,牲,07272,0,unicode
생,U+751F,生,0751f,0,unicode
생,U+7525,甥,07525,0,unicode
생,U+7701,省,07701,0,unicode
생,U+771A,眚,0771a,0,unicode
생,U+7B19,笙,07b19,0,unicode
생,U+924E,鉎,0924e,0,unicode
서,U+3818,㠘,03818,0,unicode
서,U+38FD,㣽,038fd,0,unicode
서,U+3960,㥠,03960,0,unicode
서,U+3DC2,㷂,03dc2,0,unicode
서,U+5066,偦,05066,0,unicode
서,U+53D9,叙,053d9,0,unicode
서,U+566C,噬,0566c,0,unicode
서,U+5885,墅,05885,0,unicode
서,U+58FB,壻,058fb,0,unicode
서,U+5A7F,婿,05a7f,0,unicode
서,U+5AEC,嫬,05aec,0,unicode
서,U+5DBC,嶼,05dbc,0,unicode
서,U+5E8F,序,05e8f,0,unicode
서,U+5EB6,庶,05eb6,0,unicode
서,U+5F86,徆,05f86,0,unicode
서,U+5F90,徐,05f90,0,unicode
서,U+6055,恕,06055,0,unicode
서,U+6086,悆,06086,0,unicode
서,U+6292,抒,06292,0,unicode
서,U+637F,捿,0637f,0,unicode
서,U+63DF,揟,063df,0,unicode
서,U+6495,撕,06495,0,unicode
서,U+654D,敍,0654d,0,unicode
서,U+6558,敘,06558,0,unicode
서,U+6691,暑,06691,0,unicode
서,U+66D9,曙,066d9,0,unicode
서,U+66F8,書,066f8,0,unicode
서,U+6816,栖,06816,0,unicode
서,U+68F2,棲,068f2,0,unicode
서,U+6948,楈,06948,0,unicode
서,U+6C7F,汿,06c7f,0,unicode
서,U+6C80,沀,06c80,0,unicode
서,U+6E51,湑,06e51,0,unicode
서,U+6F35,漵,06f35,0,unicode
서,U+6FA8,澨,06fa8,0,unicode
서,U+7280,犀,07280,0,unicode
서,U+745E,瑞,0745e,0,unicode
서,U+7A30,稰,07a30,0,unicode
서,U+7B6E,筮,07b6e,0,unicode
서,U+7D13,紓,07d13,0,unicode
서,U+7D6E,絮,07d6e,0,unicode
서,U+7DD6,緖,07dd6,0,unicode
서,U+7E03,縃,07e03,0,unicode
서,U+7F72,署,07f72,0,unicode
서,U+8021,耡,08021,0,unicode
서,U+80E5,胥,080e5,0,unicode
서,U+8212,舒,08212,0,unicode
서,U+82A7,芧,082a7,0,unicode
서,U+85AF,薯,085af,0,unicode
서,U+85C7,藇,085c7,0,unicode
서,U+897F,西,0897f,0,unicode
서,U+8A93,誓,08a93,0,unicode
서,U+8ADD,諝,08add,0,unicode
서,U+8C6B,豫,08c6b,0,unicode
서,U+901D,逝,0901d,0,unicode
서,U+907E,遾,0907e,0,unicode
서,U+924F,鉏,0924f,0,unicode
서,U+92E4,鋤,092e4,0,unicode
서,U+9ECD,黍,09ecd,0,unicode
서,U+9F20,鼠,09f20,0,unicode
서,U+27A51,𧩑,27a51,2,unicode
서,,,a0183,A,internal_code_A
서,,,a021d,A,internal_code_A
서,,,a02c5,A,internal_code_A
석,U+4137,䄷,04137,0,unicode
석,U+5915,夕,05915,0,unicode
석,U+596D,奭,0596d,0,unicode
석,U+5E2D,席,05e2d,0,unicode
석,U+60DC,惜,060dc,0,unicode
석,U+6614,昔,06614,0,unicode
석,U+6670,晰,06670,0,unicode
석,U+6673,晳,06673,0,unicode
석,U+6790,析,06790,0,unicode
석,U+6AA1,檡,06aa1,0,unicode
석,U+6C50,汐,06c50,0,unicode
석,U+6DC5,淅,06dc5,0,unicode
석,U+6F5F,潟,06f5f,0,unicode
석,U+7699,皙,07699,0,unicode
석,U+7757,睗,07757,0,unicode
석,U+77F3,石,077f3,0,unicode
석,U+77FD,矽,077fd,0,unicode
석,U+78A9,碩,078a9,0,unicode
석,U+78F6,磶,078f6,0,unicode
석,U+794F,祏,0794f,0,unicode
석,U+7DC6,緆,07dc6,0,unicode
석,U+814A,腊,0814a,0,unicode
석,U+8203,舃,08203,0,unicode
석,U+84C6,蓆,084c6,0,unicode
석,U+8725,蜥,08725,0,unicode
석,U+88FC,裼,088fc,0,unicode
석,U+892F,褯,0892f,0,unicode
석,U+91CB,釋,091cb,0,unicode
석,U+9250,鉐,09250,0,unicode
석,U+932B,錫,0932b,0,unicode
석,U+9F2B,鼫,09f2b,0,unicode
석,,,a0184,A,internal_code_A
선,U+3D5B,㵛,03d5b,0,unicode
선,U+3D6A,㵪,03d6a,0,unicode
선,U+3EFD,㻽,03efd,0,unicode
선,U+4062,䁢,04062,0,unicode
선,U+4E98,亘,04e98,0,unicode
선,U+4ED9,仙,04ed9,0,unicode
선,U+50CA,僊,050ca,0,unicode
선,U+50CE,僎,050ce,0,unicode
선,U+5148,先,05148,0,unicode
선,U+5584,善,05584,0,unicode
선,U+58A0,墠,058a0,0,unicode
선,U+58A1,墡,058a1,0,unicode
선,U+5AD9,嫙,05ad9,0,unicode
선,U+5AF8,嫸,05af8,0,unicode
선,U+5B0B,嬋,05b0b,0,unicode
선,U+5B17,嬗,05b17,0,unicode
선,U+5BA3,宣,05ba3,0,unicode
선,U+5C1F,尟,05c1f,0,unicode
선,U+5C73,屳,05c73,0,unicode
선,U+6103,愃,06103,0,unicode
선,U+6247,扇,06247,0,unicode
선,U+657E,敾,0657e,0,unicode
선,U+65CB,旋,065cb,0,unicode
선,U+66B6,暶,066b6,0,unicode
선,U+6B5A,歚,06b5a,0,unicode
선,U+6D12,洒,06d12,0,unicode
선,U+6D17,洗,06d17,0,unicode
선,U+6E32,渲,06e32,0,unicode
선,U+6F29,漩,06f29,0,unicode
선,U+70CD,烍,070cd,0,unicode
선,U+717D,煽,0717d,0,unicode
선,U+73D7,珗,073d7,0,unicode
선,U+7401,琁,07401,0,unicode
선,U+7444,瑄,07444,0,unicode
선,U+7487,璇,07487,0,unicode
선,U+74BF,璿,074bf,0,unicode
선,U+766C,癬,0766c,0,unicode
선,U+79AA,禪,079aa,0,unicode
선,U+79C8,秈,079c8,0,unicode
선,U+7B45,筅,07b45,0,unicode
선,U+7DAB,綫,07dab,0,unicode
선,U+7DDA,線,07dda,0,unicode
선,U+7E07,縇,07e07,0,unicode
선,U+7E55,繕,07e55,0,unicode
선,U+7FA1,羡,07fa1,0,unicode
선,U+7FA8,羨,07fa8,0,unicode
선,U+817A,腺,0817a,0,unicode
선,U+81B3,膳,081b3,0,unicode
선,U+8239,船,08239,0,unicode
선,U+861A,蘚,0861a,0,unicode
선,U+87EC,蟬,087ec,0,unicode
선,U+8A75,詵,08a75,0,unicode
선,U+8B54,譔,08b54,0,unicode
선,U+8B71,譱,08b71,0,unicode
선,U+8DE3,跣,08de3,0,unicode
선,U+9078,選,09078,0,unicode
선,U+912F,鄯,0912f,0,unicode
선,U+9291,銑,09291,0,unicode
선,U+9379,鍹,09379,0,unicode
선,U+93C7,鏇,093c7,0,unicode
선,U+9425,鐥,09425,0,unicode
선,U+994D,饍,0994d,0,unicode
선,U+9A38,騸,09a38,0,unicode
선,U+9BAE,鮮,09bae,0,unicode
선,U+9C53,鱓,09c53,0,unicode
선,U+9C7B,鱻,09c7b,0,unicode
선,,,a0185,A,internal_code_A
선,U+F08AE,,f08ae,F,private_use_F
설,U+3A39,㨹,03a39,0,unicode
설,U+5070,偰,05070,0,unicode
설,U+5368,卨,05368,0,unicode
설,U+5951,契,05951,0,unicode
설,U+5A9F,媟,05a9f,0,unicode
설,U+5C51,屑,05c51,0,unicode
설,U+62B4,抴,062b4,0,unicode
설,U+6308,挈,06308,0,unicode
설,U+63F2,揲,063f2,0,unicode
설,U+66AC,暬,066ac,0,unicode
설,U+67BB,枻,067bb,0,unicode
설,U+6954,楔,06954,0,unicode
설,U+6CC4,泄,06cc4,0,unicode
설,U+6D29,洩,06d29,0,unicode
설,U+6E2B,渫,06e2b,0,unicode
설,U+7207,爇,07207,0,unicode
설,U+789F,碟,0789f,0,unicode
설,U+79BC,禼,079bc,0,unicode
설,U+7A27,稧,07a27,0,unicode
설,U+7D32,紲,07d32,0,unicode
설,U+820C,舌,0820c,0,unicode
설,U+850E,蔎,0850e,0,unicode
설,U+859B,薛,0859b,0,unicode
설,U+893B,褻,0893b,0,unicode
설,U+8A2D,設,08a2d,0,unicode
설,U+8AAA,說,08aaa,0,unicode
설,U+96EA,雪,096ea,0,unicode
설,U+9F67,齧,09f67,0,unicode
설,,,a0186,A,internal_code_A
설,,,a021e,A,internal_code_A
섬,U+5261,剡,05261,0,unicode
섬,U+5B45,孅,05b45,0,unicode
섬,U+61B8,憸,061b8,0,unicode
섬,U+647B,摻,0647b,0,unicode
섬,U+66B9,暹,066b9,0,unicode
섬,U+6BB2,殲,06bb2,0,unicode
섬,U+7154,煔,07154,0,unicode
섬,U+7752,睒,07752,0,unicode
섬,U+7E96,纖,07e96,0,unicode
섬,U+87FE,蟾,087fe,0,unicode
섬,U+8B6B,譫,08b6b,0,unicode
섬,U+8D0D,贍,08d0d,0,unicode
섬,U+929B,銛,0929b,0,unicode
섬,U+9583,閃,09583,0,unicode
섬,U+965D,陝,0965d,0,unicode
섬,U+97F1,韱,097f1,0,unicode
섬,,,a02e0,A,internal_code_A
섭,U+34A4,㒤,034a4,0,unicode
섭,U+3C14,㰔,03c14,0,unicode
섭,U+3E0E,㸎,03e0e,0,unicode
섭,U+56C1,囁,056c1,0,unicode
섭,U+61FE,懾,061fe,0,unicode
섭,U+651D,攝,0651d,0,unicode
섭,U+6B07,欇,06b07,0,unicode
섭,U+6D89,涉,06d89,0,unicode
섭,U+7044,灄,07044,0,unicode
섭,U+71EE,燮,071ee,0,unicode
섭,U+8076,聶,08076,0,unicode
섭,U+8449,葉,08449,0,unicode
섭,U+8E9E,躞,08e9e,0,unicode
섭,U+8EA1,躡,08ea1,0,unicode
섭,U+9371,鍱,09371,0,unicode
섭,U+9477,鑷,09477,0,unicode
섭,U+9873,顳,09873,0,unicode
섭,U+26057,𦁗,26057,2,unicode
섭,,,a0187,A,internal_code_A
성,U+5057,偗,05057,0,unicode
성,U+57B6,垶,057b6,0,unicode
성,U+57CE,城,057ce,0,unicode
성,U+59D3,姓,059d3,0,unicode
성,U+5A0D,娍,05a0d,0,unicode
성,U+5BAC,宬,05bac,0,unicode
성,U+6027,性,06027,0,unicode
성,U+60FA,惺,060fa,0,unicode
성,U+6210,成,06210,0,unicode
성,U+661F,星,0661f,0,unicode
성,U+665F,晟,0665f,0,unicode
성,U+6660,晠,06660,0,unicode
성,U+6E3B,渻,06e3b,0,unicode
성,U+714B,煋,0714b,0,unicode
성,U+7329,猩,07329,0,unicode
성,U+73F9,珹,073f9,0,unicode
성,U+7446,瑆,07446,0,unicode
성,U+76DB,盛,076db,0,unicode
성,U+7701,省,07701,0,unicode
성,U+7772,睲,07772,0,unicode
성,U+7A9A,窚,07a9a,0,unicode
성,U+7B6C,筬,07b6c,0,unicode
성,U+8056,聖,08056,0,unicode
성,U+8072,聲,08072,0,unicode
성,U+80DC,胜,080dc,0,unicode
성,U+8165,腥,08165,0,unicode
성,U+8AA0,誠,08aa0,0,unicode
성,U+8CB9,貹,08cb9,0,unicode
성,U+90D5,郕,090d5,0,unicode
성,U+9192,醒,09192,0,unicode
성,U+9A02,騂,09a02,0,unicode
성,U+265A4,𦖤,265a4,2,unicode
성,,,a0226,A,internal_code_A
성,,,a0239,A,internal_code_A
성,,,a024b,A,internal_code_A
성,,,a024c,A,internal_code_A
성,,,a024d,A,internal_code_A
성,U+F090A,,f090a,F,private_use_F
세,U+4E16,世,04e16,0,unicode
세,U+52E2,勢,052e2,0,unicode
세,U+5E28,帨,05e28,0,unicode
세,U+5F57,彗,05f57,0,unicode
세,U+5FD5,忕,05fd5,0,unicode
세,U+6B72,歲,06b72,0,unicode
세,U+6D12,洒,06d12,0,unicode
세,U+6D17,洗,06d17,0,unicode
세,U+6D97,涗,06d97,0,unicode
세,U+7A05,稅,07a05,0,unicode
세,U+7B39,笹,07b39,0,unicode
세,U+7D30,細,07d30,0,unicode
세,U+7E50,繐,07e50,0,unicode
세,U+86FB,蛻,086fb,0,unicode
세,U+8AAA,說,08aaa,0,unicode
세,U+8CB0,貰,08cb0,0,unicode
세,U+92B4,銴,092b4,0,unicode
세,U+21727,𡜧,21727,2,unicode
소,U+4618,䘘,04618,0,unicode
소,U+4A2D,䨭,04a2d,0,unicode
소,U+4D1B,䴛,04d1b,0,unicode
소,U+4F4B,佋,04f4b,0,unicode
소,U+5083,傃,05083,0,unicode
소,U+52AD,劭,052ad,0,unicode
소,U+5372,卲,05372,0,unicode
소,U+53EC,召,053ec,0,unicode
소,U+54B2,咲,054b2,0,unicode
소,U+55C9,嗉,055c9,0,unicode
소,U+562F,嘯,0562f,0,unicode
소,U+57FD,埽,057fd,0,unicode
소,U+5850,塐,05850,0,unicode
소,U+5851,塑,05851,0,unicode
소,U+5BB5,宵,05bb5,0,unicode
소,U+5C0F,小,05c0f,0,unicode
소,U+5C11,少,05c11,0,unicode
소,U+5DE2,巢,05de2,0,unicode
소,U+612B,愫,0612b,0,unicode
소,U+612C,愬,0612c,0,unicode
소,U+6240,所,06240,0,unicode
소,U+634E,捎,0634e,0,unicode
소,U+6383,掃,06383,0,unicode
소,U+6414,搔,06414,0,unicode
소,U+662D,昭,0662d,0,unicode
소,U+67D6,柖,067d6,0,unicode
소,U+68B3,梳,068b3,0,unicode
소,U+6A14,樔,06a14,0,unicode
소,U+6AEF,櫯,06aef,0,unicode
소,U+6CBC,沼,06cbc,0,unicode
소,U+6CDD,泝,06cdd,0,unicode
소,U+6D88,消,06d88,0,unicode
소,U+6EAF,溯,06eaf,0,unicode
소,U+6F05,漅,06f05,0,unicode
소,U+701F,瀟,0701f,0,unicode
소,U+70A4,炤,070a4,0,unicode
소,U+7107,焇,07107,0,unicode
소,U+71D2,燒,071d2,0,unicode
소,U+73BF,玿,073bf,0,unicode
소,U+7411,琑,07411,0,unicode
소,U+7485,璅,07485,0,unicode
소,U+7526,甦,07526,0,unicode
소,U+758E,疎,0758e,0,unicode
소,U+758F,疏,0758f,0,unicode
소,U+7619,瘙,07619,0,unicode
소,U+7A4C,穌,07a4c,0,unicode
소,U+7B11,笑,07b11,0,unicode
소,U+7B71,筱,07b71,0,unicode
소,U+7BBE,箾,07bbe,0,unicode
소,U+7BE0,篠,07be0,0,unicode
소,U+7C2B,簫,07c2b,0,unicode
소,U+7D20,素,07d20,0,unicode
소,U+7D39,紹,07d39,0,unicode
소,U+7E24,縤,07e24,0,unicode
소,U+7E45,繅,07e45,0,unicode
소,U+7FDB,翛,07fdb,0,unicode
소,U+8186,膆,08186,0,unicode
소,U+8258,艘,08258,0,unicode
소,U+852C,蔬,0852c,0,unicode
소,U+856D,蕭,0856d,0,unicode
소,U+8607,蘇,08607,0,unicode
소,U+86F8,蛸,086f8,0,unicode
소,U+8A34,訴,08a34,0,unicode
소,U+900D,逍,0900d,0,unicode
소,U+9061,遡,09061,0,unicode
소,U+90B5,邵,090b5,0,unicode
소,U+9165,酥,09165,0,unicode
소,U+91D7,釗,091d7,0,unicode
소,U+92B7,銷,092b7,0,unicode
소,U+9704,霄,09704,0,unicode
소,U+97F6,韶,097f6,0,unicode
소,U+9A37,騷,09a37,0,unicode
소,U+9B48,魈,09b48,0,unicode
소,U+9BB9,鮹,09bb9,0,unicode
소,,,a0188,A,internal_code_A
소,,,a0189,A,internal_code_A
소,,,a018a,A,internal_code_A
소,,,a0250,A,internal_code_A
속,U+4FD7,俗,04fd7,0,unicode
속,U+5C6C,屬,05c6c,0,unicode
속,U+6352,捒,06352,0,unicode
속,U+675F,束,0675f,0,unicode
속,U+6D2C,洬,06d2c,0,unicode
속,U+6D91,涑,06d91,0,unicode
속,U+7C9F,粟,07c9f,0,unicode
속,U+7E8C,續,07e8c,0,unicode
속,U+8B16,謖,08b16,0,unicode
속,U+8D16,贖,08d16,0,unicode
속,U+901F,速,0901f,0,unicode
속,U+906C,遬,0906c,0,unicode
손,U+5B6B,孫,05b6b,0,unicode
손,U+5DFD,巽,05dfd,0,unicode
손,U+613B,愻,0613b,0,unicode
손,U+640D,損,0640d,0,unicode
손,U+84C0,蓀,084c0,0,unicode
손,U+905C,遜,0905c,0,unicode
손,U+98E1,飡,098e1,0,unicode
손,U+98E7,飧,098e7,0,unicode
손,,,a018b,A,internal_code_A
솔,U+48A6,䢦,048a6,0,unicode
솔,U+4E7A,乺,04e7a,0,unicode
솔,U+5E25,帥,05e25,0,unicode
솔,U+7387,率,07387,0,unicode
솔,U+7AA3,窣,07aa3,0,unicode
솔,U+87C0,蟀,087c0,0,unicode
솔,U+275FF,𧗿,275ff,2,unicode
송,U+3A73,㩳,03a73,0,unicode
송,U+5B8B,宋,05b8b,0,unicode
송,U+609A,悚,0609a,0,unicode
송,U+61BD,憽,061bd,0,unicode
송,U+6352,捒,06352,0,unicode
송,U+677E,松,0677e,0,unicode
송,U+6DDE,淞,06dde,0,unicode
송,U+7AE6,竦,07ae6,0,unicode
송,U+8A1F,訟,08a1f,0,unicode
송,U+8AA6,誦,08aa6,0,unicode
송,U+9001,送,09001,0,unicode
송,U+980C,頌,0980c,0,unicode
송,U+9B06,鬆,09b06,0,unicode
송,,,a02bf,A,internal_code_A
쇄,U+5237,刷,05237,0,unicode
쇄,U+60E2,惢,060e2,0,unicode
쇄,U+66EC,曬,066ec,0,unicode
쇄,U+6BBA,殺,06bba,0,unicode
쇄,U+7051,灑,07051,0,unicode
쇄,U+7463,瑣,07463,0,unicode
쇄,U+788E,碎,0788e,0,unicode
쇄,U+9396,鎖,09396,0,unicode
쇄,U+93BB,鎻,093bb,0,unicode
쇠,U+8870,衰,08870,0,unicode
쇠,U+91D7,釗,091d7,0,unicode
수,U+3EFD,㻽,03efd,0,unicode
수,U+46F5,䛵,046f5,0,unicode
수,U+4714,䜔,04714,0,unicode
수,U+4CE0,䳠,04ce0,0,unicode
수,U+4FEE,修,04fee,0,unicode
수,U+5015,倕,05015,0,unicode
수,U+53D7,受,053d7,0,unicode
수,U+53DF,叟,053df,0,unicode
수,U+552E,售,0552e,0,unicode
수,U+55FD,嗽,055fd,0,unicode
수,U+56DA,囚,056da,0,unicode
수,U+5733,圳,05733,0,unicode
수,U+5782,垂,05782,0,unicode
수,U+58FD,壽,058fd,0,unicode
수,U+5AC2,嫂,05ac2,0,unicode
수,U+5B03,嬃,05b03,0,unicode
수,U+5B88,守,05b88,0,unicode
수,U+5BBF,宿,05bbf,0,unicode
수,U+5BFF,寿,05bff,0,unicode
수,U+5CAB,岫,05cab,0,unicode
수,U+5CC0,峀,05cc0,0,unicode
수,U+5DB2,嶲,05db2,0,unicode
수,U+5E25,帥,05e25,0,unicode
수,U+5ECB,廋,05ecb,0,unicode
수,U+6101,愁,06101,0,unicode
수,U+620D,戍,0620d,0,unicode
수,U+624B,手,0624b,0,unicode
수,U+6352,捒,06352,0,unicode
수,U+6388,授,06388,0,unicode
수,U+641C,搜,0641c,0,unicode
수,U+6457,摗,06457,0,unicode
수,U+64FB,擻,064fb,0,unicode
수,U+6536,收,06536,0,unicode
수,U+6578,數,06578,0,unicode
수,U+666C,晬,0666c,0,unicode
수,U+6778,杸,06778,0,unicode
수,U+68F7,棷,068f7,0,unicode
수,U+6A39,樹,06a39,0,unicode
수,U+6B8A,殊,06b8a,0,unicode
수,U+6BB3,殳,06bb3,0,unicode
수,U+6C34,水,06c34,0,unicode
수,U+6C53,汓,06c53,0,unicode
수,U+6CC5,泅,06cc5,0,unicode
수,U+6D19,洙,06d19,0,unicode
수,U+6D7D,浽,06d7d,0,unicode
수,U+6DAD,涭,06dad,0,unicode
수,U+6EB2,溲,06eb2,0,unicode
수,U+6F31,漱,06f31,0,unicode
수,U+6FC9,濉,06fc9,0,unicode
수,U+71E7,燧,071e7,0,unicode
수,U+72E9,狩,072e9,0,unicode
수,U+7378,獸,07378,0,unicode
수,U+7407,琇,07407,0,unicode
수,U+74B2,璲,074b2,0,unicode
수,U+74CD,瓍,074cd,0,unicode
수,U+7626,瘦,07626,0,unicode
수,U+775F,睟,0775f,0,unicode
수,U+7761,睡,07761,0,unicode
수,U+7762,睢,07762,0,unicode
수,U+778D,瞍,0778d,0,unicode
수,U+795F,祟,0795f,0,unicode
수,U+79C0,秀,079c0,0,unicode
수,U+7A42,穂,07a42,0,unicode
수,U+7A57,穗,07a57,0,unicode
수,U+7AEA,竪,07aea,0,unicode
수,U+7C54,籔,07c54,0,unicode
수,U+7CB9,粹,07cb9,0,unicode
수,U+7D89,綉,07d89,0,unicode
수,U+7D8F,綏,07d8f,0,unicode
수,U+7DAC,綬,07dac,0,unicode
수,U+7E61,繡,07e61,0,unicode
수,U+7E7B,繻,07e7b,0,unicode
수,U+7F9E,羞,07f9e,0,unicode
수,U+8129,脩,08129,0,unicode
수,U+813A,脺,0813a,0,unicode
수,U+8184,膄,08184,0,unicode
수,U+81B8,膸,081b8,0,unicode
수,U+81F9,臹,081f9,0,unicode
수,U+8331,茱,08331,0,unicode
수,U+8490,蒐,08490,0,unicode
수,U+84DA,蓚,084da,0,unicode
수,U+85EA,藪,085ea,0,unicode
수,U+8896,袖,08896,0,unicode
수,U+8A76,詶,08a76,0,unicode
수,U+8AB0,誰,08ab0,0,unicode
수,U+8B8E,讎,08b8e,0,unicode
수,U+8B90,讐,08b90,0,unicode
수,U+8C4E,豎,08c4e,0,unicode
수,U+8CE5,賥,08ce5,0,unicode
수,U+8F38,輸,08f38,0,unicode
수,U+9042,遂,09042,0,unicode
수,U+9083,邃,09083,0,unicode
수,U+910B,鄋,0910b,0,unicode
수,U+916C,酬,0916c,0,unicode
수,U+9296,銖,09296,0,unicode
수,U+92B9,銹,092b9,0,unicode
수,U+9380,鎀,09380,0,unicode
수,U+964F,陏,0964f,0,unicode
수,U+9672,陲,09672,0,unicode
수,U+968B,隋,0968b,0,unicode
수,U+96A7,隧,096a7,0,unicode
수,U+96A8,隨,096a8,0,unicode
수,U+96D6,雖,096d6,0,unicode
수,U+9700,需,09700,0,unicode
수,U+9808,須,09808,0,unicode
수,U+98BC,颼,098bc,0,unicode
수,U+9948,饈,09948,0,unicode
수,U+9996,首,09996,0,unicode
수,U+9AD3,髓,09ad3,0,unicode
수,U+9B1A,鬚,09b1a,0,unicode
수,,,a018c,A,internal_code_A
수,,,a018d,A,internal_code_A
수,,,a018e,A,internal_code_A
수,,,a018f,A,internal_code_A
숙,U+4FF6,俶,04ff6,0,unicode
숙,U+500F,倏,0500f,0,unicode
숙,U+5135,儵,05135,0,unicode
숙,U+53D4,叔,053d4,0,unicode
숙,U+57F1,埱,057f1,0,unicode
숙,U+587E,塾,0587e,0,unicode
숙,U+5919,夙,05919,0,unicode
숙,U+5A4C,婌,05a4c,0,unicode
숙,U+5B70,孰,05b70,0,unicode
숙,U+5BBF,宿,05bbf,0,unicode
숙,U+6A5A,橚,06a5a,0,unicode
숙,U+6DD1,淑,06dd1,0,unicode
숙,U+6F5A,潚,06f5a,0,unicode
숙,U+719F,熟,0719f,0,unicode
숙,U+7421,琡,07421,0,unicode
숙,U+74B9,璹,074b9,0,unicode
숙,U+7A24,稤,07a24,0,unicode
숙,U+8085,肅,08085,0,unicode
숙,U+83FD,菽,083fd,0,unicode
숙,U+9A4C,驌,09a4c,0,unicode
숙,U+9DEB,鷫,09deb,0,unicode
숙,,,a0190,A,internal_code_A
순,U+4F9A,侚,04f9a,0,unicode
순,U+59F0,姰,059f0,0,unicode
순,U+5CCB,峋,05ccb,0,unicode
순,U+5DE1,巡,05de1,0,unicode
순,U+5F87,徇,05f87,0,unicode
순,U+5FAA,循,05faa,0,unicode
순,U+6042,恂,06042,0,unicode
순,U+63D7,揗,063d7,0,unicode
순,U+65EC,旬,065ec,0,unicode
순,U+6812,栒,06812,0,unicode
순,U+696F,楯,0696f,0,unicode
순,U+6A53,橓,06a53,0,unicode
순,U+6B89,殉,06b89,0,unicode
순,U+6D35,洵,06d35,0,unicode
순,U+6DF3,淳,06df3,0,unicode
순,U+6F18,漘,06f18,0,unicode
순,U+711E,焞,0711e,0,unicode
순,U+73E3,珣,073e3,0,unicode
순,U+7543,畃,07543,0,unicode
순,U+76F9,盹,076f9,0,unicode
순,U+76FE,盾,076fe,0,unicode
순,U+7734,眴,07734,0,unicode
순,U+77AC,瞬,077ac,0,unicode
순,U+7B0B,笋,07b0b,0,unicode
순,U+7B4D,筍,07b4d,0,unicode
순,U+7D03,紃,07d03,0,unicode
순,U+7D14,純,07d14,0,unicode
순,U+80AB,肫,080ab,0,unicode
순,U+8123,脣,08123,0,unicode
순,U+821C,舜,0821c,0,unicode
순,U+8340,荀,08340,0,unicode
순,U+84F4,蓴,084f4,0,unicode
순,U+8563,蕣,08563,0,unicode
순,U+8860,衠,08860,0,unicode
순,U+8A62,詢,08a62,0,unicode
순,U+8AC4,諄,08ac4,0,unicode
순,U+90C7,郇,090c7,0,unicode
순,U+9187,醇,09187,0,unicode
순,U+931E,錞,0931e,0,unicode
순,U+9806,順,09806,0,unicode
순,U+99B4,馴,099b4,0,unicode
순,U+99E8,駨,099e8,0,unicode
순,U+9B0A,鬊,09b0a,0,unicode
순,U+9D89,鶉,09d89,0,unicode
순,,,a0191,A,internal_code_A
순,,,a0192,A,internal_code_A
순,,,a0193,A,internal_code_A
술,U+620C,戌,0620c,0,unicode
술,U+6CAD,沭,06cad,0,unicode
술,U+73EC,珬,073ec,0,unicode
술,U+7D49,絉,07d49,0,unicode
술,U+8357,荗,08357,0,unicode
술,U+8853,術,08853,0,unicode
술,U+8FF0,述,08ff0,0,unicode
술,U+9265,鉥,09265,0,unicode
술,U+2128D,𡊍,2128d,2,unicode
숭,U+5D07,崇,05d07,0,unicode
숭,U+5D27,崧,05d27,0,unicode
숭,U+5D69,嵩,05d69,0,unicode
숭,U+83D8,菘,083d8,0,unicode
쉬,U+5005,倅,05005,0,unicode
쉬,U+6DEC,淬,06dec,0,unicode
쉬,U+7120,焠,07120,0,unicode
슬,U+3EED,㻭,03eed,0,unicode
슬,U+745F,瑟,0745f,0,unicode
슬,U+74B1,璱,074b1,0,unicode
슬,U+819D,膝,0819d,0,unicode
슬,U+8671,虱,08671,0,unicode
슬,U+8768,蝨,08768,0,unicode
슬,U+291E3,𩇣,291e3,2,unicode
습,U+6174,慴,06174,0,unicode
습,U+62FE,拾,062fe,0,unicode
습,U+69E2,槢,069e2,0,unicode
습,U+6FD5,濕,06fd5,0,unicode
습,U+71A0,熠,071a0,0,unicode
습,U+7FD2,習,07fd2,0,unicode
습,U+8936,褶,08936,0,unicode
습,U+8972,襲,08972,0,unicode
습,U+96B0,隰,096b0,0,unicode
승,U+37BC,㞼,037bc,0,unicode
승,U+3D0D,㴍,03d0d,0,unicode
승,U+4E1E,丞,04e1e,0,unicode
승,U+4E58,乘,04e58,0,unicode
승,U+50E7,僧,050e7,0,unicode
승,U+52DD,勝,052dd,0,unicode
승,U+5347,升,05347,0,unicode
승,U+544F,呏,0544f,0,unicode
승,U+584D,塍,0584d,0,unicode
승,U+5D4A,嵊,05d4a,0,unicode
승,U+627F,承,0627f,0,unicode
승,U+6607,昇,06607,0,unicode
승,U+67A1,枡,067a1,0,unicode
승,U+69BA,榺,069ba,0,unicode
승,U+6C36,氶,06c36,0,unicode
승,U+6D06,洆,06d06,0,unicode
승,U+7E69,繩,07e69,0,unicode
승,U+8805,蠅,08805,0,unicode
승,U+9629,阩,09629,0,unicode
승,U+965E,陞,0965e,0,unicode
승,U+9679,陹,09679,0,unicode
승,U+9B19,鬙,09b19,0,unicode
승,U+9D7F,鵿,09d7f,0,unicode
시,U+46C8,䛈,046c8,0,unicode
시,U+4F8D,侍,04f8d,0,unicode
시,U+5072,偲,05072,0,unicode
시,U+5155,兕,05155,0,unicode
시,U+5319,匙,05319,0,unicode
시,U+53AE,厮,053ae,0,unicode
시,U+557B,啻,0557b,0,unicode
시,U+5636,嘶,05636,0,unicode
시,U+5852,塒,05852,0,unicode
시,U+59CB,始,059cb,0,unicode
시,U+5A9E,媞,05a9e,0,unicode
시,U+5AA4,媤,05aa4,0,unicode
시,U+5C38,尸,05c38,0,unicode
시,U+5C4D,屍,05c4d,0,unicode
시,U+5C4E,屎,05c4e,0,unicode
시,U+5D3C,崼,05d3c,0,unicode
시,U+5E02,市,05e02,0,unicode
시,U+5EDD,廝,05edd,0,unicode
시,U+5F12,弒,05f12,0,unicode
시,U+5FA5,徥,05fa5,0,unicode
시,U+6043,恃,06043,0,unicode
시,U+6122,愢,06122,0,unicode
시,U+65BD,施,065bd,0,unicode
시,U+65F9,旹,065f9,0,unicode
시,U+662F,是,0662f,0,unicode
시,U+6642,時,06642,0,unicode
시,U+67B2,枲,067b2,0,unicode
시,U+67BE,枾,067be,0,unicode
시,U+67F4,柴,067f4,0,unicode
시,U+67F9,柹,067f9,0,unicode
시,U+67FF,柿,067ff,0,unicode
시,U+69AF,榯,069af,0,unicode
시,U+6BF8,毸,06bf8,0,unicode
시,U+6CB6,沶,06cb6,0,unicode
시,U+6E64,湤,06e64,0,unicode
시,U+6EA1,溡,06ea1,0,unicode
시,U+6F26,漦,06f26,0,unicode
시,U+6F8C,澌,06f8c,0,unicode
시,U+731C,猜,0731c,0,unicode
시,U+7702,眂,07702,0,unicode
시,U+770E,眎,0770e,0,unicode
시,U+77E2,矢,077e2,0,unicode
시,U+793A,示,0793a,0,unicode
시,U+7994,禔,07994,0,unicode
시,U+7D41,絁,07d41,0,unicode
시,U+7DE6,緦,07de6,0,unicode
시,U+7FC5,翅,07fc5,0,unicode
시,U+7FE4,翤,07fe4,0,unicode
시,U+8494,蒔,08494,0,unicode
시,U+84CD,蓍,084cd,0,unicode
시,U+8996,視,08996,0,unicode
시,U+8A66,試,08a66,0,unicode
시,U+8A69,詩,08a69,0,unicode
시,U+8ADF,諟,08adf,0,unicode
시,U+8AE1,諡,08ae1,0,unicode
시,U+8AF0,諰,08af0,0,unicode
시,U+8C49,豉,08c49,0,unicode
시,U+8C55,豕,08c55,0,unicode
시,U+8C7A,豺,08c7a,0,unicode
시,U+90BF,邿,090bf,0,unicode
시,U+91C3,釃,091c3,0,unicode
시,U+9349,鍉,09349,0,unicode
시,U+984B,顋,0984b,0,unicode
시,,,a0194,A,internal_code_A
시,,,a0195,A,internal_code_A
시,U+F0A8E,,f0a8e,F,private_use_F
시,U+F0A90,,f0a90,F,private_use_F
식,U+57F4,埴,057f4,0,unicode
식,U+5AB3,媳,05ab3,0,unicode
식,U+5BD4,寔,05bd4,0,unicode
식,U+5F0F,式,05f0f,0,unicode
식,U+606F,息,0606f,0,unicode
식,U+62ED,拭,062ed,0,unicode
식,U+683B,栻,0683b,0,unicode
식,U+690D,植,0690d,0,unicode
식,U+6B96,殖,06b96,0,unicode
식,U+6E5C,湜,06e5c,0,unicode
식,U+7184,熄,07184,0,unicode
식,U+7BD2,篒,07bd2,0,unicode
식,U+8755,蝕,08755,0,unicode
식,U+8B58,識,08b58,0,unicode
식,U+8EFE,軾,08efe,0,unicode
식,U+910E,鄎,0910e,0,unicode
식,U+927D,鉽,0927d,0,unicode
식,U+98DF,食,098df,0,unicode
식,U+98FE,飾,098fe,0,unicode
신,U+4F38,伸,04f38,0,unicode
신,U+4F81,侁,04f81,0,unicode
신,U+4FE1,信,04fe1,0,unicode
신,U+515F,兟,0515f,0,unicode
신,U+547B,呻,0547b,0,unicode
신,U+54C2,哂,054c2,0,unicode
신,U+56DF,囟,056df,0,unicode
신,U+59FA,姺,059fa,0,unicode
신,U+5A20,娠,05a20,0,unicode
신,U+5BB8,宸,05bb8,0,unicode
신,U+5F1E,弞,05f1e,0,unicode
신,U+613C,愼,0613c,0,unicode
신,U+65B0,新,065b0,0,unicode
신,U+6668,晨,06668,0,unicode
신,U+6C5B,汛,06c5b,0,unicode
신,U+6EC7,滇,06ec7,0,unicode
신,U+6FDC,濜,06fdc,0,unicode
신,U+71CA,燊,071ca,0,unicode
신,U+71FC,燼,071fc,0,unicode
신,U+74B6,璶,074b6,0,unicode
신,U+7521,甡,07521,0,unicode
신,U+7533,申,07533,0,unicode
신,U+77E7,矧,077e7,0,unicode
신,U+795E,神,0795e,0,unicode
신,U+7D33,紳,07d33,0,unicode
신,U+8124,脤,08124,0,unicode
신,U+814E,腎,0814e,0,unicode
신,U+81E3,臣,081e3,0,unicode
신,U+8398,莘,08398,0,unicode
신,U+85AA,薪,085aa,0,unicode
신,U+85CE,藎,085ce,0,unicode
신,U+8703,蜃,08703,0,unicode
신,U+8A0A,訊,08a0a,0,unicode
신,U+8A2B,訫,08a2b,0,unicode
신,U+8D10,贐,08d10,0,unicode
신,U+8EAB,身,08eab,0,unicode
신,U+8F9B,辛,08f9b,0,unicode
신,U+8FB0,辰,08fb0,0,unicode
신,U+8FC5,迅,08fc5,0,unicode
신,U+92E0,鋠,092e0,0,unicode
신,U+9823,頣,09823,0,unicode
신,U+99EA,駪,099ea,0,unicode
신,,,a0196,A,internal_code_A
신,,,a0197,A,internal_code_A
신,,,a0198,A,internal_code_A
신,U+F0AA6,,f0aa6,F,private_use_F
실,U+5931,失,05931,0,unicode
실,U+5B9F,実,05b9f,0,unicode
실,U+5BA4,室,05ba4,0,unicode
실,U+5BE6,實,05be6,0,unicode
실,U+6089,悉,06089,0,unicode
실,U+87CB,蟋,087cb,0,unicode
심,U+4F08,伈,04f08,0,unicode
심,U+5BE9,審,05be9,0,unicode
심,U+5C0B,尋,05c0b,0,unicode
심,U+5FC3,心,05fc3,0,unicode
심,U+6116,愖,06116,0,unicode
심,U+6C81,沁,06c81,0,unicode
심,U+6C88,沈,06c88,0,unicode
심,U+6DF1,深,06df1,0,unicode
심,U+6F6F,潯,06f6f,0,unicode
심,U+700B,瀋,0700b,0,unicode
심,U+704A,灊,0704a,0,unicode
심,U+71D6,燖,071d6,0,unicode
심,U+751A,甚,0751a,0,unicode
심,U+82AF,芯,082af,0,unicode
심,U+845A,葚,0845a,0,unicode
심,U+8AD7,諗,08ad7,0,unicode
심,U+8AF6,諶,08af6,0,unicode
심,U+8B85,讅,08b85,0,unicode
심,U+9129,鄩,09129,0,unicode
심,U+9414,鐔,09414,0,unicode
심,U+9C4F,鱏,09c4f,0,unicode
심,,,a0199,A,internal_code_A
십,U+4EC0,什,04ec0,0,unicode
십,U+5341,十,05341,0,unicode
십,U+62FE,拾,062fe,0,unicode
쌍,U+53CC,双,053cc,0,unicode
쌍,U+96D9,雙,096d9,0,unicode
씨,U+6C0F,氏,06c0f,0,unicode
아,U+4109,䄉,04109,0,unicode
아,U+42CD,䋍,042cd,0,unicode
아,U+4E2B,丫,04e2b,0,unicode
아,U+4E9C,亜,04e9c,0,unicode
아,U+4E9E,亞,04e9e,0,unicode
아,U+4FC4,俄,04fc4,0,unicode
아,U+5150,児,05150,0,unicode
아,U+5152,兒,05152,0,unicode
아,U+54E6,哦,054e6,0,unicode
아,U+554A,啊,0554a,0,unicode
아,U+555E,啞,0555e,0,unicode
아,U+59B8,妸,059b8,0,unicode
아,U+59BF,妿,059bf,0,unicode
아,U+5A25,娥,05a25,0,unicode
아,U+5A3F,娿,05a3f,0,unicode
아,U+5A40,婀,05a40,0,unicode
아,U+5A6D,婭,05a6d,0,unicode
아,U+5B72,孲,05b72,0,unicode
아,U+5CE8,峨,05ce8,0,unicode
아,U+5CE9,峩,05ce9,0,unicode
아,U+5E8C,庌,05e8c,0,unicode
아,U+6211,我,06211,0,unicode
아,U+6792,枒,06792,0,unicode
아,U+690F,椏,0690f,0,unicode
아,U+7259,牙,07259,0,unicode
아,U+7317,猗,07317,0,unicode
아,U+73A1,玡,073a1,0,unicode
아,U+73F4,珴,073f4,0,unicode
아,U+758B,疋,0758b,0,unicode
아,U+75B4,疴,075b4,0,unicode
아,U+7692,皒,07692,0,unicode
아,U+774B,睋,0774b,0,unicode
아,U+7811,砑,07811,0,unicode
아,U+786A,硪,0786a,0,unicode
아,U+7B0C,笌,07b0c,0,unicode
아,U+82BD,芽,082bd,0,unicode
아,U+83AA,莪,083aa,0,unicode
아,U+86FE,蛾,086fe,0,unicode
아,U+8859,衙,08859,0,unicode
아,U+897E,襾,0897e,0,unicode
아,U+8A1D,訝,08a1d,0,unicode
아,U+8A90,誐,08a90,0,unicode
아,U+8FD3,迓,08fd3,0,unicode
아,U+9233,鈳,09233,0,unicode
아,U+930F,錏,0930f,0,unicode
아,U+963F,阿,0963f,0,unicode
아,U+96C5,雅,096c5,0,unicode
아,U+9913,餓,09913,0,unicode
아,U+9D09,鴉,09d09,0,unicode
아,U+9D5D,鵝,09d5d,0,unicode
아,U+9D5E,鵞,09d5e,0,unicode
아,,,a019a,A,internal_code_A
아,,,a019b,A,internal_code_A
악,U+5053,偓,05053,0,unicode
악,U+54A2,咢,054a2,0,unicode
악,U+5594,喔,05594,0,unicode
악,U+5669,噩,05669,0,unicode
악,U+580A,堊,0580a,0,unicode
악,U+5CB3,岳,05cb3,0,unicode
악,U+5DBD,嶽,05dbd,0,unicode
악,U+5E44,幄,05e44,0,unicode
악,U+60E1,惡,060e1,0,unicode
악,U+6115,愕,06115,0,unicode
악,U+63E1,握,063e1,0,unicode
악,U+6A02,樂,06a02,0,unicode
악,U+6E25,渥,06e25,0,unicode
악,U+816D,腭,0816d,0,unicode
악,U+843C,萼,0843c,0,unicode
악,U+89A8,覨,089a8,0,unicode
악,U+8AE4,諤,08ae4,0,unicode
악,U+9102,鄂,09102,0,unicode
악,U+9354,鍔,09354,0,unicode
악,U+984E,顎,0984e,0,unicode
악,U+9C10,鰐,09c10,0,unicode
악,U+9D9A,鶚,09d9a,0,unicode
악,U+9F76,齶,09f76,0,unicode
악,U+9F77,齷,09f77,0,unicode
안,U+4B53,䭓,04b53,0,unicode
안,U+4F92,侒,04f92,0,unicode
안,U+599F,妟,0599f,0,unicode
안,U+59F2,姲,059f2,0,unicode
안,U+5A69,婩,05a69,0,unicode
안,U+5B89,安,05b89,0,unicode
안,U+5CB8,岸,05cb8,0,unicode
안,U+6309,按,06309,0,unicode
안,U+664F,晏,0664f,0,unicode
안,U+6848,案,06848,0,unicode
안,U+6849,桉,06849,0,unicode
안,U+6D1D,洝,06d1d,0,unicode
안,U+72B4,犴,072b4,0,unicode
안,U+773C,眼,0773c,0,unicode
안,U+77F8,矸,077f8,0,unicode
안,U+930C,錌,0930c,0,unicode
안,U+96C1,雁,096c1,0,unicode
안,U+978D,鞍,0978d,0,unicode
안,U+9854,顔,09854,0,unicode
안,U+9B9F,鮟,09b9f,0,unicode
안,U+9D08,鴈,09d08,0,unicode
안,U+2439D,𤎝,2439d,2,unicode
알,U+3A75,㩵,03a75,0,unicode
알,U+560E,嘎,0560e,0,unicode
알,U+63E0,揠,063e0,0,unicode
알,U+65A1,斡,065a1,0,unicode
알,U+7A75,穵,07a75,0,unicode
알,U+8A10,訐,08a10,0,unicode
알,U+8B01,謁,08b01,0,unicode
알,U+8ECB,軋,08ecb,0,unicode
알,U+904F,遏,0904f,0,unicode
알,U+95BC,閼,095bc,0,unicode
알,U+981E,頞,0981e,0,unicode
알,U+9D36,鴶,09d36,0,unicode
암,U+5535,唵,05535,0,unicode
암,U+557D,啽,0557d,0,unicode
암,U+5A95,媕,05a95,0,unicode
암,U+5CA9,岩,05ca9,0,unicode
암,U+5D52,嵒,05d52,0,unicode
암,U+5D53,嵓,05d53,0,unicode
암,U+5DD6,巖,05dd6,0,unicode
암,U+5EB5,庵,05eb5,0,unicode
암,U+667B,晻,0667b,0,unicode
암,U+6697,暗,06697,0,unicode
암,U+764C,癌,0764c,0,unicode
암,U+8164,腤,08164,0,unicode
암,U+83F4,菴,083f4,0,unicode
암,U+844A,葊,0844a,0,unicode
암,U+84ED,蓭,084ed,0,unicode
암,U+8AF3,諳,08af3,0,unicode
암,U+95C7,闇,095c7,0,unicode
암,U+9837,頷,09837,0,unicode
암,U+99A3,馣,099a3,0,unicode
암,U+9EEF,黯,09eef,0,unicode
암,,,a019c,A,internal_code_A
압,U+58D3,壓,058d3,0,unicode
압,U+62BC,押,062bc,0,unicode
압,U+72CE,狎,072ce,0,unicode
압,U+9D28,鴨,09d28,0,unicode
앙,U+4EF0,仰,04ef0,0,unicode
앙,U+536C,卬,0536c,0,unicode
앙,U+5771,坱,05771,0,unicode
앙,U+592E,央,0592e,0,unicode
앙,U+600F,怏,0600f,0,unicode
앙,U+6602,昂,06602,0,unicode
앙,U+663B,昻,0663b,0,unicode
앙,U+678A,枊,0678a,0,unicode
앙,U+67CD,柍,067cd,0,unicode
앙,U+6B83,殃,06b83,0,unicode
앙,U+6CF1,泱,06cf1,0,unicode
앙,U+70B4,炴,070b4,0,unicode
앙,U+76CE,盎,076ce,0,unicode
앙,U+79E7,秧,079e7,0,unicode
앙,U+8A47,詇,08a47,0,unicode
앙,U+9785,鞅,09785,0,unicode
앙,U+9D26,鴦,09d26,0,unicode
애,U+3DBC,㶼,03dbc,0,unicode
애,U+477D,䝽,0477d,0,unicode
애,U+50FE,僾,050fe,0,unicode
애,U+5393,厓,05393,0,unicode
애,U+54C0,哀,054c0,0,unicode
애,U+5509,唉,05509,0,unicode
애,U+5540,啀,05540,0,unicode
애,U+566F,噯,0566f,0,unicode
애,U+57C3,埃,057c3,0,unicode
애,U+5A2D,娭,05a2d,0,unicode
애,U+5A3E,娾,05a3e,0,unicode
애,U+5D15,崕,05d15,0,unicode
애,U+5D16,崖,05d16,0,unicode
애,U+611B,愛,0611b,0,unicode
애,U+6328,挨,06328,0,unicode
애,U+6371,捱,06371,0,unicode
애,U+6571,敱,06571,0,unicode
애,U+66D6,曖,066d6,0,unicode
애,U+6B38,欸,06b38,0,unicode
애,U+6DAF,涯,06daf,0,unicode
애,U+6F04,漄,06f04,0,unicode
애,U+7343,獃,07343,0,unicode
애,U+74A6,璦,074a6,0,unicode
애,U+769A,皚,0769a,0,unicode
애,U+775A,睚,0775a,0,unicode
애,U+77B9,瞹,077b9,0,unicode
애,U+788D,碍,0788d,0,unicode
애,U+78D1,磑,078d1,0,unicode
애,U+7919,礙,07919,0,unicode
애,U+827E,艾,0827e,0,unicode
애,U+8586,薆,08586,0,unicode
애,U+85F9,藹,085f9,0,unicode
애,U+8B6A,譪,08b6a,0,unicode
애,U+9698,隘,09698,0,unicode
애,U+9744,靄,09744,0,unicode
애,U+9749,靉,09749,0,unicode
애,U+9A03,騃,09a03,0,unicode
애,,,a019d,A,internal_code_A
애,,,a0236,A,internal_code_A
애,,,a0268,A,internal_code_A
액,U+5384,厄,05384,0,unicode
액,U+545D,呝,0545d,0,unicode
액,U+6239,戹,06239,0,unicode
액,U+627C,扼,0627c,0,unicode
액,U+6396,掖,06396,0,unicode
액,U+6424,搤,06424,0,unicode
액,U+6DB2,液,06db2,0,unicode
액,U+7E0A,縊,07e0a,0,unicode
액,U+814B,腋,0814b,0,unicode
액,U+9628,阨,09628,0,unicode
액,U+984D,額,0984d,0,unicode
앵,U+56B6,嚶,056b6,0,unicode
앵,U+5AC8,嫈,05ac8,0,unicode
앵,U+6AFB,櫻,06afb,0,unicode
앵,U+7F43,罃,07f43,0,unicode
앵,U+7F4C,罌,07f4c,0,unicode
앵,U+9DAF,鶯,09daf,0,unicode
앵,U+9E0E,鸎,09e0e,0,unicode
앵,U+9E1A,鸚,09e1a,0,unicode
야,U+4E5F,也,04e5f,0,unicode
야,U+503B,倻,0503b,0,unicode
야,U+51B6,冶,051b6,0,unicode
야,U+57DC,埜,057dc,0,unicode
야,U+591C,夜,0591c,0,unicode
야,U+60F9,惹,060f9,0,unicode
야,U+6353,捓,06353,0,unicode
야,U+63F6,揶,063f6,0,unicode
야,U+6930,椰,06930,0,unicode
야,U+723A,爺,0723a,0,unicode
야,U+740A,琊,0740a,0,unicode
야,U+8036,耶,08036,0,unicode
야,U+82E5,若,082e5,0,unicode
야,U+91CE,野,091ce,0,unicode
야,,,a019e,A,internal_code_A
야,,,a019f,A,internal_code_A
약,U+482F,䠯,0482f,0,unicode
약,U+5F31,弱,05f31,0,unicode
약,U+63A0,掠,063a0,0,unicode
약,U+721A,爚,0721a,0,unicode
약,U+7565,略,07565,0,unicode
약,U+7567,畧,07567,0,unicode
약,U+79B4,禴,079b4,0,unicode
약,U+7BDB,篛,07bdb,0,unicode
약,U+7C65,籥,07c65,0,unicode
약,U+7D04,約,07d04,0,unicode
약,U+82E5,若,082e5,0,unicode
약,U+846F,葯,0846f,0,unicode
약,U+84BB,蒻,084bb,0,unicode
약,U+85E5,藥,085e5,0,unicode
약,U+8E8D,躍,08e8d,0,unicode
약,U+9470,鑰,09470,0,unicode
약,U+9DB8,鶸,09db8,0,unicode
약,U+9FA0,龠,09fa0,0,unicode
약,,,a019f,A,internal_code_A
약,,,a01a0,A,internal_code_A
약,,,a01a1,A,internal_code_A
약,,,a01a2,A,internal_code_A
양,U+4EAE,亮,04eae,0,unicode
양,U+4F6F,佯,04f6f,0,unicode
양,U+4FCD,俍,04fcd,0,unicode
양,U+5006,倆,05006,0,unicode
양,U+5169,兩,05169,0,unicode
양,U+51C9,凉,051c9,0,unicode
양,U+55A8,喨,055a8,0,unicode
양,U+58E4,壤,058e4,0,unicode
양,U+5B43,孃,05b43,0,unicode
양,U+5F89,徉,05f89,0,unicode
양,U+6059,恙,06059,0,unicode
양,U+60A2,悢,060a2,0,unicode
양,U+61E9,懩,061e9,0,unicode
양,U+63DA,揚,063da,0,unicode
양,U+6518,攘,06518,0,unicode
양,U+656D,敭,0656d,0,unicode
양,U+661C,昜,0661c,0,unicode
양,U+667E,晾,0667e,0,unicode
양,U+6698,暘,06698,0,unicode
양,U+6881,梁,06881,0,unicode
양,U+690B,椋,0690b,0,unicode
양,U+694A,楊,0694a,0,unicode
양,U+6A11,樑,06a11,0,unicode
양,U+6A23,樣,06a23,0,unicode
양,U+6D0B,洋,06d0b,0,unicode
양,U+6DBC,涼,06dbc,0,unicode
양,U+6E78,湸,06e78,0,unicode
양,U+6F3E,漾,06f3e,0,unicode
양,U+7001,瀁,07001,0,unicode
양,U+703C,瀼,0703c,0,unicode
양,U+70CA,烊,070ca,0,unicode
양,U+716C,煬,0716c,0,unicode
양,U+75D2,痒,075d2,0,unicode
양,U+760D,瘍,0760d,0,unicode
양,U+7662,癢,07662,0,unicode
양,U+773B,眻,0773b,0,unicode
양,U+79B3,禳,079b3,0,unicode
양,U+7A70,穰,07a70,0,unicode
양,U+7CAE,粮,07cae,0,unicode
양,U+7CB1,粱,07cb1,0,unicode
양,U+7CE7,糧,07ce7,0,unicode
양,U+7F8A,羊,07f8a,0,unicode
양,U+7F8F,羏,07f8f,0,unicode
양,U+7F95,羕,07f95,0,unicode
양,U+826F,良,0826f,0,unicode
양,U+8618,蘘,08618,0,unicode
양,U+8944,襄,08944,0,unicode
양,U+8AD2,諒,08ad2,0,unicode
양,U+8AF9,諹,08af9,0,unicode
양,U+8B93,讓,08b93,0,unicode
양,U+8E09,踉,08e09,0,unicode
양,U+8F1B,輛,08f1b,0,unicode
양,U+8F30,輰,08f30,0,unicode
양,U+91C0,釀,091c0,0,unicode
양,U+91CF,量,091cf,0,unicode
양,U+935A,鍚,0935a,0,unicode
양,U+9472,鑲,09472,0,unicode
양,U+967D,陽,0967d,0,unicode
양,U+98BA,颺,098ba,0,unicode
양,U+990A,養,0990a,0,unicode
양,U+99FA,駺,099fa,0,unicode
양,U+9A64,驤,09a64,0,unicode
양,U+9B4E,魎,09b4e,0,unicode
양,,,a010c,A,internal_code_A
어,U+4618,䘘,04618,0,unicode
어,U+5539,唹,05539,0,unicode
어,U+5704,圄,05704,0,unicode
어,U+5709,圉,05709,0,unicode
어,U+5FA1,御,05fa1,0,unicode
어,U+6554,敔,06554,0,unicode
어,U+65BC,於,065bc,0,unicode
어,U+6DE4,淤,06de4,0,unicode
어,U+6F01,漁,06f01,0,unicode
어,U+7600,瘀,07600,0,unicode
어,U+79A6,禦,079a6,0,unicode
어,U+8A9E,語,08a9e,0,unicode
어,U+98EB,飫,098eb,0,unicode
어,U+99AD,馭,099ad,0,unicode
어,U+9B5A,魚,09b5a,0,unicode
어,U+9F6C,齬,09f6c,0,unicode
억,U+5104,億,05104,0,unicode
억,U+61B6,憶,061b6,0,unicode
억,U+6291,抑,06291,0,unicode
억,U+6A8D,檍,06a8d,0,unicode
억,U+7E76,繶,07e76,0,unicode
억,U+81C6,臆,081c6,0,unicode
언,U+397C,㥼,0397c,0,unicode
언,U+5043,偃,05043,0,unicode
언,U+50BF,傿,050bf,0,unicode
언,U+533D,匽,0533d,0,unicode
언,U+5615,嘕,05615,0,unicode
언,U+5830,堰,05830,0,unicode
언,U+5AE3,嫣,05ae3,0,unicode
언,U+5D43,嵃,05d43,0,unicode
언,U+5F65,彥,05f65,0,unicode
언,U+5F66,彦,05f66,0,unicode
언,U+6F39,漹,06f39,0,unicode
언,U+7109,焉,07109,0,unicode
언,U+8A00,言,08a00,0,unicode
언,U+8AFA,諺,08afa,0,unicode
언,U+8B9E,讞,08b9e,0,unicode
언,U+90FE,郾,090fe,0,unicode
언,U+9122,鄢,09122,0,unicode
언,U+9DA0,鶠,09da0,0,unicode
언,U+9F34,鼴,09f34,0,unicode
언,U+9F39,鼹,09f39,0,unicode
얼,U+4E7B,乻,04e7b,0,unicode
얼,U+5B7C,孼,05b7c,0,unicode
얼,U+7CF1,糱,07cf1,0,unicode
얼,U+7CF5,糵,07cf5,0,unicode
얼,U+81EC,臬,081ec,0,unicode
얼,U+8616,蘖,08616,0,unicode
얼,,,a01a3,A,internal_code_A
얼,,,a025c,A,internal_code_A
엄,U+4FFA,俺,04ffa,0,unicode
엄,U+513C,儼,0513c,0,unicode
엄,U+53B3,厳,053b3,0,unicode
엄,U+56B4,嚴,056b4,0,unicode
엄,U+5944,奄,05944,0,unicode
엄,U+5D26,崦,05d26,0,unicode
엄,U+5E7F,广,05e7f,0,unicode
엄,U+63A9,掩,063a9,0,unicode
엄,U+66EE,曮,066ee,0,unicode
엄,U+6DF9,淹,06df9,0,unicode
엄,U+7F68,罨,07f68,0,unicode
엄,U+9183,醃,09183,0,unicode
엄,U+95B9,閹,095b9,0,unicode
엄,U+9F91,龑,09f91,0,unicode
업,U+5DAA,嶪,05daa,0,unicode
업,U+5DAB,嶫,05dab,0,unicode
업,U+696D,業,0696d,0,unicode
업,U+9134,鄴,09134,0,unicode
에,U+605A,恚,0605a,0,unicode
에,U+66C0,曀,066c0,0,unicode
엔,U+5186,円,05186,0,unicode
여,U+4E88,予,04e88,0,unicode
여,U+4F03,伃,04f03,0,unicode
여,U+4F59,余,04f59,0,unicode
여,U+4F9E,侞,04f9e,0,unicode
여,U+4FB6,侶,04fb6,0,unicode
여,U+5122,儢,05122,0,unicode
여,U+5137,儷,05137,0,unicode
여,U+52F5,勵,052f5,0,unicode
여,U+53B2,厲,053b2,0,unicode
여,U+5442,呂,05442,0,unicode
여,U+5533,唳,05533,0,unicode
여,U+5973,女,05973,0,unicode
여,U+5982,如,05982,0,unicode
여,U+59A4,妤,059a4,0,unicode
여,U+5EEC,廬,05eec,0,unicode
여,U+5FEC,忬,05fec,0,unicode
여,U+6086,悆,06086,0,unicode
여,U+6087,悇,06087,0,unicode
여,U+616E,慮,0616e,0,unicode
여,U+623E,戾,0623e,0,unicode
여,U+65C5,旅,065c5,0,unicode
여,U+66DE,曞,066de,0,unicode
여,U+68A0,梠,068a0,0,unicode
여,U+6ADA,櫚,06ada,0,unicode
여,U+6B5F,歟,06b5f,0,unicode
여,U+6C5D,汝,06c5d,0,unicode
여,U+6D33,洳,06d33,0,unicode
여,U+6FFE,濾,06ffe,0,unicode
여,U+74B5,璵,074b5,0,unicode
여,U+7658,癘,07658,0,unicode
여,U+7916,礖,07916,0,unicode
여,U+792A,礪,0792a,0,unicode
여,U+7CF2,糲,07cf2,0,unicode
여,U+8182,膂,08182,0,unicode
여,U+81DA,臚,081da,0,unicode
여,U+8201,舁,08201,0,unicode
여,U+8207,與,08207,0,unicode
여,U+8245,艅,08245,0,unicode
여,U+8339,茹,08339,0,unicode
여,U+85DC,藜,085dc,0,unicode
여,U+8821,蠡,08821,0,unicode
여,U+8823,蠣,08823,0,unicode
여,U+8F3F,輿,08f3f,0,unicode
여,U+8F5D,轝,08f5d,0,unicode
여,U+908C,邌,0908c,0,unicode
여,U+9462,鑢,09462,0,unicode
여,U+95AD,閭,095ad,0,unicode
여,U+9918,餘,09918,0,unicode
여,U+9A62,驢,09a62,0,unicode
여,U+9A6A,驪,09a6a,0,unicode
여,U+9E97,麗,09e97,0,unicode
여,U+9ECE,黎,09ece,0,unicode
여,,,a0144,A,internal_code_A
여,,,a01a4,A,internal_code_A
여,,,a02cf,A,internal_code_A
역,U+4EA6,亦,04ea6,0,unicode
역,U+529B,力,0529b,0,unicode
역,U+57DF,域,057df,0,unicode
역,U+5DA7,嶧,05da7,0,unicode
역,U+5F79,役,05f79,0,unicode
역,U+60C4,惄,060c4,0,unicode
역,U+61CC,懌,061cc,0,unicode
역,U+650A,攊,0650a,0,unicode
역,U+6613,易,06613,0,unicode
역,U+6679,晹,06679,0,unicode
역,U+66C6,曆,066c6,0,unicode
역,U+66CE,曎,066ce,0,unicode
역,U+6ADF,櫟,06adf,0,unicode
역,U+6AEA,櫪,06aea,0,unicode
역,U+6B77,歷,06b77,0,unicode
역,U+6DE2,淢,06de2,0,unicode
역,U+701D,瀝,0701d,0,unicode
역,U+75AB,疫,075ab,0,unicode
역,U+7667,癧,07667,0,unicode
역,U+792B,礫,0792b,0,unicode
역,U+7E79,繹,07e79,0,unicode
역,U+8B6F,譯,08b6f,0,unicode
역,U+8F62,轢,08f62,0,unicode
역,U+8F63,轣,08f63,0,unicode
역,U+9006,逆,09006,0,unicode
역,U+9148,酈,09148,0,unicode
역,U+95BE,閾,095be,0,unicode
역,U+9742,靂,09742,0,unicode
역,U+9A5B,驛,09a5b,0,unicode
연,U+3723,㜣,03723,0,unicode
연,U+3CC4,㳄,03cc4,0,unicode
연,U+3D6A,㵪,03d6a,0,unicode
연,U+40A9,䂩,040a9,0,unicode
연,U+4117,䄗,04117,0,unicode
연,U+470C,䜌,0470c,0,unicode
연,U+4CBB,䲻,04cbb,0,unicode
연,U+50C6,僆,050c6,0,unicode
연,U+5156,兖,05156,0,unicode
연,U+5157,兗,05157,0,unicode
연,U+56A5,嚥,056a5,0,unicode
연,U+56E6,囦,056e6,0,unicode
연,U+5747,均,05747,0,unicode
연,U+57CF,埏,057cf,0,unicode
연,U+581C,堜,0581c,0,unicode
연,U+5827,堧,05827,0,unicode
연,U+58D6,壖,058d6,0,unicode
연,U+5971,奱,05971,0,unicode
연,U+598D,妍,0598d,0,unicode
연,U+59E2,姢,059e2,0,unicode
연,U+59F8,姸,059f8,0,unicode
연,U+5A1F,娟,05a1f,0,unicode
연,U+5A2B,娫,05a2b,0,unicode
연,U+5B3F,嬿,05b3f,0,unicode
연,U+5B4C,孌,05b4c,0,unicode
연,U+5BB4,宴,05bb4,0,unicode
연,U+5E74,年,05e74,0,unicode
연,U+5EF6,延,05ef6,0,unicode
연,U+6081,悁,06081,0,unicode
연,U+6190,憐,06190,0,unicode
연,U+6200,戀,06200,0,unicode
연,U+622D,戭,0622d,0,unicode
연,U+6281,抁,06281,0,unicode
연,U+633B,挻,0633b,0,unicode
연,U+6350,捐,06350,0,unicode
연,U+63BE,掾,063be,0,unicode
연,U+649A,撚,0649a,0,unicode
연,U+6523,攣,06523,0,unicode
연,U+66E3,曣,066e3,0,unicode
연,U+68E9,棩,068e9,0,unicode
연,U+693D,椽,0693d,0,unicode
연,U+695D,楝,0695d,0,unicode
연,U+6A6A,橪,06a6a,0,unicode
연,U+6ADE,櫞,06ade,0,unicode
연,U+6C87,沇,06c87,0,unicode
연,U+6CBF,沿,06cbf,0,unicode
연,U+6D8E,涎,06d8e,0,unicode
연,U+6D93,涓,06d93,0,unicode
연,U+6DF5,淵,06df5,0,unicode
연,U+6E0A,渊,06e0a,0,unicode
연,U+6E37,渷,06e37,0,unicode
연,U+6E45,湅,06e45,0,unicode
연,U+6E8E,溎,06e8e,0,unicode
연,U+6F14,演,06f14,0,unicode
연,U+6F23,漣,06f23,0,unicode
연,U+7041,灁,07041,0,unicode
연,U+70DF,烟,070df,0,unicode
연,U+7136,然,07136,0,unicode
연,U+7149,煉,07149,0,unicode
연,U+7159,煙,07159,0,unicode
연,U+71C3,燃,071c3,0,unicode
연,U+71D5,燕,071d5,0,unicode
연,U+73DA,珚,073da,0,unicode
연,U+744C,瑌,0744c,0,unicode
연,U+7489,璉,07489,0,unicode
연,U+74C0,瓀,074c0,0,unicode
연,U+784F,硏,0784f,0,unicode
연,U+786F,硯,0786f,0,unicode
연,U+789D,碝,0789d,0,unicode
연,U+78BE,碾,078be,0,unicode
연,U+79CA,秊,079ca,0,unicode
연,U+7B75,筵,07b75,0,unicode
연,U+7DE3,緣,07de3,0,unicode
연,U+7DF4,練,07df4,0,unicode
연,U+7E2F,縯,07e2f,0,unicode
연,U+800E,耎,0800e,0,unicode
연,U+806F,聯,0806f,0,unicode
연,U+8099,肙,08099,0,unicode
연,U+80ED,胭,080ed,0,unicode
연,U+81D9,臙,081d9,0,unicode
연,U+81E0,臠,081e0,0,unicode
연,U+839A,莚,0839a,0,unicode
연,U+84EE,蓮,084ee,0,unicode
연,U+8735,蜵,08735,0,unicode
연,U+8815,蠕,08815,0,unicode
연,U+884D,衍,0884d,0,unicode
연,U+8B8C,讌,08b8c,0,unicode
연,U+8EDF,軟,08edf,0,unicode
연,U+8F26,輦,08f26,0,unicode
연,U+8F2D,輭,08f2d,0,unicode
연,U+9023,連,09023,0,unicode
연,U+90D4,郔,090d4,0,unicode
연,U+9140,酀,09140,0,unicode
연,U+91BC,醼,091bc,0,unicode
연,U+925B,鉛,0925b,0,unicode
연,U+92CB,鋋,092cb,0,unicode
연,U+934A,鍊,0934a,0,unicode
연,U+93C8,鏈,093c8,0,unicode
연,U+9C0A,鰊,09c0a,0,unicode
연,U+9C31,鰱,09c31,0,unicode
연,U+9CF6,鳶,09cf6,0,unicode
연,U+283F6,𨏶,283f6,2,unicode
연,,,a0145,A,internal_code_A
연,,,a0248,A,internal_code_A
열,U+51BD,冽,051bd,0,unicode
열,U+5217,列,05217,0,unicode
열,U+52A3,劣,052a3,0,unicode
열,U+54BD,咽,054bd,0,unicode
열,U+564E,噎,0564e,0,unicode
열,U+59F4,姴,059f4,0,unicode
열,U+6085,悅,06085,0,unicode
열,U+6312,挒,06312,0,unicode
열,U+6369,捩,06369,0,unicode
열,U+6D0C,洌,06d0c,0,unicode
열,U+6D85,涅,06d85,0,unicode
열,U+6F71,潱,06f71,0,unicode
열,U+70C8,烈,070c8,0,unicode
열,U+71B1,熱,071b1,0,unicode
열,U+88C2,裂,088c2,0,unicode
열,U+8AAA,說,08aaa,0,unicode
열,U+95B1,閱,095b1,0,unicode
열,U+98B2,颲,098b2,0,unicode
염,U+5189,冉,05189,0,unicode
염,U+53AD,厭,053ad,0,unicode
염,U+5B2E,嬮,05b2e,0,unicode
염,U+5EC9,廉,05ec9,0,unicode
염,U+5FF5,念,05ff5,0,unicode
염,U+606C,恬,0606c,0,unicode
염,U+61D5,懕,061d5,0,unicode
염,U+624A,扊,0624a,0,unicode
염,U+62C8,拈,062c8,0,unicode
염,U+637B,捻,0637b,0,unicode
염,U+6582,斂,06582,0,unicode
염,U+67D3,染,067d3,0,unicode
염,U+69CF,槏,069cf,0,unicode
염,U+6ABF,檿,06abf,0,unicode
염,U+6BAE,殮,06bae,0,unicode
염,U+6FC2,濂,06fc2,0,unicode
염,U+7032,瀲,07032,0,unicode
염,U+7069,灩,07069,0,unicode
염,U+708E,炎,0708e,0,unicode
염,U+7130,焰,07130,0,unicode
염,U+7312,猒,07312,0,unicode
염,U+7430,琰,07430,0,unicode
염,U+78CF,磏,078cf,0,unicode
염,U+7C3E,簾,07c3e,0,unicode
염,U+8276,艶,08276,0,unicode
염,U+8277,艷,08277,0,unicode
염,U+82D2,苒,082d2,0,unicode
염,U+95BB,閻,095bb,0,unicode
염,U+995C,饜,0995c,0,unicode
염,U+9AE5,髥,09ae5,0,unicode
염,U+9B58,魘,09b58,0,unicode
염,U+9E7D,鹽,09e7d,0,unicode
염,U+9EF6,黶,09ef6,0,unicode
염,,,a01a5,A,internal_code_A
엽,U+505E,偞,0505e,0,unicode
엽,U+60D7,惗,060d7,0,unicode
엽,U+66C4,曄,066c4,0,unicode
엽,U+66C5,曅,066c5,0,unicode
엽,U+67BC,枼,067bc,0,unicode
엽,U+7180,熀,07180,0,unicode
엽,U+71C1,燁,071c1,0,unicode
엽,U+7217,爗,07217,0,unicode
엽,U+7375,獵,07375,0,unicode
엽,U+77B1,瞱,077b1,0,unicode
엽,U+8449,葉,08449,0,unicode
엽,U+8E90,躐,08e90,0,unicode
엽,U+9768,靨,09768,0,unicode
엽,U+9B23,鬣,09b23,0,unicode
엽,,,a0187,A,internal_code_A
엽,,,a01a6,A,internal_code_A
엽,,,a01a7,A,internal_code_A
영,U+4034,䀴,04034,0,unicode
영,U+4050,䁐,04050,0,unicode
영,U+4566,䕦,04566,0,unicode
영,U+4A0D,䨍,04a0d,0,unicode
영,U+4AAF,䪯,04aaf,0,unicode
영,U+4EE4,令,04ee4,0,unicode
영,U+4F36,伶,04f36,0,unicode
영,U+4F5E,佞,04f5e,0,unicode
영,U+5040,偀,05040,0,unicode
영,U+511C,儜,0511c,0,unicode
영,U+53E6,另,053e6,0,unicode
영,U+5464,呤,05464,0,unicode
영,U+548F,咏,0548f,0,unicode
영,U+5680,嚀,05680,0,unicode
영,U+56F9,囹,056f9,0,unicode
영,U+577D,坽,0577d,0,unicode
영,U+584B,塋,0584b,0,unicode
영,U+59C8,姈,059c8,0,unicode
영,U+5B30,嬰,05b30,0,unicode
영,U+5B34,嬴,05b34,0,unicode
영,U+5B7E,孾,05b7e,0,unicode
영,U+5BD7,寗,05bd7,0,unicode
영,U+5BE7,寧,05be7,0,unicode
영,U+5CAD,岭,05cad,0,unicode
영,U+5CBA,岺,05cba,0,unicode
영,U+5DB8,嶸,05db8,0,unicode
영,U+5DBA,嶺,05dba,0,unicode
영,U+5EEE,廮,05eee,0,unicode
영,U+5F71,影,05f71,0,unicode
영,U+601C,怜,0601c,0,unicode
영,U+6516,攖,06516,0,unicode
영,U+65F2,旲,065f2,0,unicode
영,U+6620,映,06620,0,unicode
영,U+6624,昤,06624,0,unicode
영,U+668E,暎,0668e,0,unicode
영,U+670E,朎,0670e,0,unicode
영,U+6720,朠,06720,0,unicode
영,U+67C3,柃,067c3,0,unicode
영,U+67CD,柍,067cd,0,unicode
영,U+6804,栄,06804,0,unicode
영,U+6810,栐,06810,0,unicode
영,U+6979,楹,06979,0,unicode
영,U+69AE,榮,069ae,0,unicode
영,U+6B1E,欞,06b1e,0,unicode
영,U+6C38,永,06c38,0,unicode
영,U+6CE0,泠,06ce0,0,unicode
영,U+6CF3,泳,06cf3,0,unicode
영,U+6D67,浧,06d67,0,unicode
영,U+6E36,渶,06e36,0,unicode
영,U+6F41,潁,06f41,0,unicode
영,U+6FAA,澪,06faa,0,unicode
영,U+6FD8,濘,06fd8,0,unicode
영,U+6FDA,濚,06fda,0,unicode
영,U+6FF4,濴,06ff4,0,unicode
영,U+701B,瀛,0701b,0,unicode
영,U+702F,瀯,0702f,0,unicode
영,U+7034,瀴,07034,0,unicode
영,U+7150,煐,07150,0,unicode
영,U+71DF,營,071df,0,unicode
영,U+7370,獰,07370,0,unicode
영,U+73B2,玲,073b2,0,unicode
영,U+745B,瑛,0745b,0,unicode
영,U+7469,瑩,07469,0,unicode
영,U+74D4,瓔,074d4,0,unicode
영,U+752F,甯,0752f,0,unicode
영,U+766D,癭,0766d,0,unicode
영,U+768A,皊,0768a,0,unicode
영,U+76C8,盈,076c8,0,unicode
영,U+78A4,碤,078a4,0,unicode
영,U+799C,禜,0799c,0,unicode
영,U+79E2,秢,079e2,0,unicode
영,U+7A4E,穎,07a4e,0,unicode
영,U+7B2D,笭,07b2d,0,unicode
영,U+7E08,縈,07e08,0,unicode
영,U+7E93,纓,07e93,0,unicode
영,U+7F9A,羚,07f9a,0,unicode
영,U+7FCE,翎,07fce,0,unicode
영,U+8046,聆,08046,0,unicode
영,U+82D3,苓,082d3,0,unicode
영,U+82F1,英,082f1,0,unicode
영,U+8363,荣,08363,0,unicode
영,U+86C9,蛉,086c9,0,unicode
영,U+8811,蠑,08811,0,unicode
영,U+8A45,詅,08a45,0,unicode
영,U+8A60,詠,08a60,0,unicode
영,U+8B0D,謍,08b0d,0,unicode
영,U+8CCF,賏,08ccf,0,unicode
영,U+8D0F,贏,08d0f,0,unicode
영,U+8EE8,軨,08ee8,0,unicode
영,U+8FCE,迎,08fce,0,unicode
영,U+901E,逞,0901e,0,unicode
영,U+90E2,郢,090e2,0,unicode
영,U+9234,鈴,09234,0,unicode
영,U+9348,鍈,09348,0,unicode
영,U+941B,鐛,0941b,0,unicode
영,U+96F6,零,096f6,0,unicode
영,U+9719,霙,09719,0,unicode
영,U+9748,靈,09748,0,unicode
영,U+97FA,韺,097fa,0,unicode
영,U+9818,領,09818,0,unicode
영,U+9D12,鴒,09d12,0,unicode
영,U+9E77,鹷,09e77,0,unicode
영,U+9F61,齡,09f61,0,unicode
영,U+2294F,𢥏,2294f,2,unicode
영,,,a01a8,A,internal_code_A
영,,,a01a9,A,internal_code_A
영,,,a01aa,A,internal_code_A
영,,,a01ab,A,internal_code_A
영,,,a01ac,A,internal_code_A
영,,,a01ad,A,internal_code_A
영,,,a025d,A,internal_code_A
영,,,a025e,A,internal_code_A
영,,,a0295,A,internal_code_A
영,U+F04C4,,f04c4,F,private_use_F
예,U+366F,㙯,0366f,0,unicode
예,U+472D,䜭,0472d,0,unicode
예,U+4883,䢃,04883,0,unicode
예,U+4E42,乂,04e42,0,unicode
예,U+4F8B,例,04f8b,0,unicode
예,U+502A,倪,0502a,0,unicode
예,U+5152,兒,05152,0,unicode
예,U+5208,刈,05208,0,unicode
예,U+52E9,勩,052e9,0,unicode
예,U+533B,医,0533b,0,unicode
예,U+53E1,叡,053e1,0,unicode
예,U+546D,呭,0546d,0,unicode
예,U+56C8,囈,056c8,0,unicode
예,U+57F6,埶,057f6,0,unicode
예,U+5804,堄,05804,0,unicode
예,U+58E1,壡,058e1,0,unicode
예,U+5A57,婗,05a57,0,unicode
예,U+5AD5,嫕,05ad5,0,unicode
예,U+5ADB,嫛,05adb,0,unicode
예,U+5E20,帠,05e20,0,unicode
예,U+60E2,惢,060e2,0,unicode
예,U+62FD,拽,062fd,0,unicode
예,U+639C,掜,0639c,0,unicode
예,U+66F3,曳,066f3,0,unicode
예,U+678D,枍,0678d,0,unicode
예,U+6798,枘,06798,0,unicode
예,U+67BB,枻,067bb,0,unicode
예,U+6A64,橤,06a64,0,unicode
예,U+6C6D,汭,06c6d,0,unicode
예,U+6DE3,淣,06de3,0,unicode
예,U+6FA7,澧,06fa7,0,unicode
예,U+6FCA,濊,06fca,0,unicode
예,U+730A,猊,0730a,0,unicode
예,U+7369,獩,07369,0,unicode
예,U+73B4,玴,073b4,0,unicode
예,U+7631,瘱,07631,0,unicode
예,U+7768,睨,07768,0,unicode
예,U+777F,睿,0777f,0,unicode
예,U+7796,瞖,07796,0,unicode
예,U+793C,礼,0793c,0,unicode
예,U+79AE,禮,079ae,0,unicode
예,U+7A62,穢,07a62,0,unicode
예,U+7E44,繄,07e44,0,unicode
예,U+7E60,繠,07e60,0,unicode
예,U+7FBF,羿,07fbf,0,unicode
예,U+7FF3,翳,07ff3,0,unicode
예,U+827E,艾,0827e,0,unicode
예,U+82AE,芮,082ae,0,unicode
예,U+82B8,芸,082b8,0,unicode
예,U+84FA,蓺,084fa,0,unicode
예,U+854A,蕊,0854a,0,unicode
예,U+8589,薉,08589,0,unicode
예,U+85DD,藝,085dd,0,unicode
예,U+8602,蘂,08602,0,unicode
예,U+868B,蚋,0868b,0,unicode
예,U+873A,蜺,0873a,0,unicode
예,U+88D4,裔,088d4,0,unicode
예,U+8A4D,詍,08a4d,0,unicode
예,U+8A63,詣,08a63,0,unicode
예,U+8ABD,誽,08abd,0,unicode
예,U+8B7D,譽,08b7d,0,unicode
예,U+8C6B,豫,08c6b,0,unicode
예,U+8DC7,跇,08dc7,0,unicode
예,U+90F3,郳,090f3,0,unicode
예,U+91B4,醴,091b4,0,unicode
예,U+92B3,銳,092b3,0,unicode
예,U+96B7,隷,096b7,0,unicode
예,U+96B8,隸,096b8,0,unicode
예,U+9713,霓,09713,0,unicode
예,U+9810,預,09810,0,unicode
예,U+9BE2,鯢,09be2,0,unicode
예,U+9C67,鱧,09c67,0,unicode
예,U+9DD6,鷖,09dd6,0,unicode
예,U+9E91,麑,09e91,0,unicode
예,U+23AD9,𣫙,23ad9,2,unicode
예,,,a019d,A,internal_code_A
예,,,a01ae,A,internal_code_A
예,,,a01af,A,internal_code_A
예,,,a01b0,A,internal_code_A
예,,,a0236,A,internal_code_A
예,,,a0245,A,internal_code_A
예,,,a0246,A,internal_code_A
예,,,a0261,A,internal_code_A
예,,,a0268,A,internal_code_A
예,,,a0291,A,internal_code_A
예,U+F34B4,,f34b4,F,private_use_F
오,U+3B33,㬳,03b33,0,unicode
오,U+3ECD,㻍,03ecd,0,unicode
오,U+43B8,䎸,043b8,0,unicode
오,U+4AE8,䫨,04ae8,0,unicode
오,U+4E94,五,04e94,0,unicode
오,U+4EF5,仵,04ef5,0,unicode
오,U+4F0D,伍,04f0d,0,unicode
오,U+4FC9,俉,04fc9,0,unicode
오,U+4FE3,俣,04fe3,0,unicode
오,U+50B2,傲,050b2,0,unicode
오,U+5348,午,05348,0,unicode
오,U+5433,吳,05433,0,unicode
오,U+543E,吾,0543e,0,unicode
오,U+5514,唔,05514,0,unicode
오,U+554E,啎,0554e,0,unicode
오,U+55DA,嗚,055da,0,unicode
오,U+55F7,嗷,055f7,0,unicode
오,U+5641,噁,05641,0,unicode
오,U+572C,圬,0572c,0,unicode
오,U+5862,塢,05862,0,unicode
오,U+58BA,墺,058ba,0,unicode
오,U+5967,奧,05967,0,unicode
오,U+5A1B,娛,05a1b,0,unicode
오,U+5AEF,嫯,05aef,0,unicode
오,U+5BE4,寤,05be4,0,unicode
오,U+5F19,弙,05f19,0,unicode
오,U+5FE4,忤,05fe4,0,unicode
오,U+609F,悟,0609f,0,unicode
오,U+60E1,惡,060e1,0,unicode
오,U+6160,慠,06160,0,unicode
오,U+61CA,懊,061ca,0,unicode
오,U+6277,扷,06277,0,unicode
오,U+6342,捂,06342,0,unicode
오,U+6556,敖,06556,0,unicode
오,U+65FF,旿,065ff,0,unicode
오,U+6664,晤,06664,0,unicode
오,U+68A7,梧,068a7,0,unicode
오,U+6C59,汙,06c59,0,unicode
오,U+6C5A,汚,06c5a,0,unicode
오,U+6C7B,汻,06c7b,0,unicode
오,U+6D6F,浯,06d6f,0,unicode
오,U+6FB3,澳,06fb3,0,unicode
오,U+70CF,烏,070cf,0,unicode
오,U+71AC,熬,071ac,0,unicode
오,U+71E0,燠,071e0,0,unicode
오,U+727E,牾,0727e,0,unicode
오,U+7352,獒,07352,0,unicode
오,U+73F8,珸,073f8,0,unicode
오,U+7AB9,窹,07ab9,0,unicode
오,U+7B7D,筽,07b7d,0,unicode
오,U+8071,聱,08071,0,unicode
오,U+8323,茣,08323,0,unicode
오,U+8708,蜈,08708,0,unicode
오,U+8956,襖,08956,0,unicode
오,U+8AA4,誤,08aa4,0,unicode
오,U+8B37,謷,08b37,0,unicode
오,U+8FC3,迃,08fc3,0,unicode
오,U+8FD5,迕,08fd5,0,unicode
오,U+901C,逜,0901c,0,unicode
오,U+9068,遨,09068,0,unicode
오,U+90DA,郚,090da,0,unicode
오,U+9114,鄔,09114,0,unicode
오,U+93CA,鏊,093ca,0,unicode
오,U+93D6,鏖,093d6,0,unicode
오,U+96A9,隩,096a9,0,unicode
오,U+9A41,驁,09a41,0,unicode
오,U+9C32,鰲,09c32,0,unicode
오,U+9F07,鼇,09f07,0,unicode
오,U+9F2F,鼯,09f2f,0,unicode
옥,U+5C4B,屋,05c4b,0,unicode
옥,U+6C83,沃,06c83,0,unicode
옥,U+7344,獄,07344,0,unicode
옥,U+7389,玉,07389,0,unicode
옥,U+923A,鈺,0923a,0,unicode
옥,U+92C8,鋈,092c8,0,unicode
온,U+349A,㒚,0349a,0,unicode
온,U+3B08,㬈,03b08,0,unicode
온,U+4B53,䭓,04b53,0,unicode
온,U+5AAA,媪,05aaa,0,unicode
온,U+5ABC,媼,05abc,0,unicode
온,U+614D,慍,0614d,0,unicode
온,U+6637,昷,06637,0,unicode
온,U+69B2,榲,069b2,0,unicode
온,U+6C33,氳,06c33,0,unicode
온,U+6EAB,溫,06eab,0,unicode
온,U+7185,熅,07185,0,unicode
온,U+7465,瑥,07465,0,unicode
온,U+761F,瘟,0761f,0,unicode
온,U+7A33,稳,07a33,0,unicode
온,U+7A69,穩,07a69,0,unicode
온,U+7E15,縕,07e15,0,unicode
온,U+8580,薀,08580,0,unicode
온,U+860A,蘊,0860a,0,unicode
온,U+8F40,轀,08f40,0,unicode
온,U+919E,醞,0919e,0,unicode
온,U+97DE,韞,097de,0,unicode
온,U+99A7,馧,099a7,0,unicode
온,U+25055,𥁕,25055,2,unicode
온,U+2583A,𥠺,2583a,2,unicode
온,,,a01b1,A,internal_code_A
온,,,a02d4,A,internal_code_A
올,U+5140,兀,05140,0,unicode
올,U+55E2,嗢,055e2,0,unicode
올,U+674C,杌,0674c,0,unicode
올,U+8183,膃,08183,0,unicode
옹,U+3A23,㨣,03a23,0,unicode
옹,U+3DCF,㷏,03dcf,0,unicode
옹,U+5581,喁,05581,0,unicode
옹,U+58C5,壅,058c5,0,unicode
옹,U+5EF1,廱,05ef1,0,unicode
옹,U+64C1,擁,064c1,0,unicode
옹,U+6EC3,滃,06ec3,0,unicode
옹,U+74EE,瓮,074ee,0,unicode
옹,U+7515,甕,07515,0,unicode
옹,U+7655,癕,07655,0,unicode
옹,U+7670,癰,07670,0,unicode
옹,U+79BA,禺,079ba,0,unicode
옹,U+7F4B,罋,07f4b,0,unicode
옹,U+7FC1,翁,07fc1,0,unicode
옹,U+84CA,蓊,084ca,0,unicode
옹,U+9095,邕,09095,0,unicode
옹,U+96CD,雍,096cd,0,unicode
옹,U+96DD,雝,096dd,0,unicode
옹,U+9852,顒,09852,0,unicode
옹,U+9954,饔,09954,0,unicode
와,U+542A,吪,0542a,0,unicode
와,U+54C7,哇,054c7,0,unicode
와,U+56EE,囮,056ee,0,unicode
와,U+5A03,娃,05a03,0,unicode
와,U+5A50,婐,05a50,0,unicode
와,U+6799,枙,06799,0,unicode
와,U+6D3C,洼,06d3c,0,unicode
와,U+6E26,渦,06e26,0,unicode
와,U+7327,猧,07327,0,unicode
와,U+74E6,瓦,074e6,0,unicode
와,U+7A8A,窊,07a8a,0,unicode
와,U+7AA9,窩,07aa9,0,unicode
와,U+7AAA,窪,07aaa,0,unicode
와,U+81E5,臥,081e5,0,unicode
와,U+8435,萵,08435,0,unicode
와,U+86D9,蛙,086d9,0,unicode
와,U+8778,蝸,08778,0,unicode
와,U+8A1B,訛,08a1b,0,unicode
와,U+8B4C,譌,08b4c,0,unicode
완,U+46C3,䛃,046c3,0,unicode
완,U+5213,刓,05213,0,unicode
완,U+550D,唍,0550d,0,unicode
완,U+57B8,垸,057b8,0,unicode
완,U+59A7,妧,059a7,0,unicode
완,U+5A49,婉,05a49,0,unicode
완,U+5A60,婠,05a60,0,unicode
완,U+5B8C,完,05b8c,0,unicode
완,U+5B9B,宛,05b9b,0,unicode
완,U+5C8F,岏,05c8f,0,unicode
완,U+5FE8,忨,05fe8,0,unicode
완,U+60CB,惋,060cb,0,unicode
완,U+628F,抏,0628f,0,unicode
완,U+6356,捖,06356,0,unicode
완,U+676C,杬,0676c,0,unicode
완,U+68A1,梡,068a1,0,unicode
완,U+6900,椀,06900,0,unicode
완,U+6D63,浣,06d63,0,unicode
완,U+6DB4,涴,06db4,0,unicode
완,U+73A9,玩,073a9,0,unicode
완,U+7413,琓,07413,0,unicode
완,U+742C,琬,0742c,0,unicode
완,U+76CC,盌,076cc,0,unicode
완,U+7897,碗,07897,0,unicode
완,U+7DE9,緩,07de9,0,unicode
완,U+7FEB,翫,07feb,0,unicode
완,U+8118,脘,08118,0,unicode
완,U+8155,腕,08155,0,unicode
완,U+839E,莞,0839e,0,unicode
완,U+8C4C,豌,08c4c,0,unicode
완,U+8F10,輐,08f10,0,unicode
완,U+92FA,鋺,092fa,0,unicode
완,U+962E,阮,0962e,0,unicode
완,U+9811,頑,09811,0,unicode
완,,,a01b2,A,internal_code_A
왈,U+66F0,曰,066f0,0,unicode
왕,U+3CF9,㳹,03cf9,0,unicode
왕,U+5F80,往,05f80,0,unicode
왕,U+65FA,旺,065fa,0,unicode
왕,U+6680,暀,06680,0,unicode
왕,U+6789,枉,06789,0,unicode
왕,U+6C6A,汪,06c6a,0,unicode
왕,U+7007,瀇,07007,0,unicode
왕,U+738B,王,0738b,0,unicode
왕,U+8FEC,迬,08fec,0,unicode
왜,U+502D,倭,0502d,0,unicode
왜,U+5A03,娃,05a03,0,unicode
왜,U+5AA7,媧,05aa7,0,unicode
왜,U+6B6A,歪,06b6a,0,unicode
왜,U+77EE,矮,077ee,0,unicode
외,U+504E,偎,0504e,0,unicode
외,U+5916,外,05916,0,unicode
외,U+5D34,崴,05d34,0,unicode
외,U+5D54,嵔,05d54,0,unicode
외,U+5D6C,嵬,05d6c,0,unicode
외,U+5DCD,巍,05dcd,0,unicode
외,U+6104,愄,06104,0,unicode
외,U+6E28,渨,06e28,0,unicode
외,U+7168,煨,07168,0,unicode
외,U+7325,猥,07325,0,unicode
외,U+754F,畏,0754f,0,unicode
외,U+78A8,碨,078a8,0,unicode
외,U+78C8,磈,078c8,0,unicode
외,U+8075,聵,08075,0,unicode
외,U+9697,隗,09697,0,unicode
요,U+4E86,了,04e86,0,unicode
요,U+5060,偠,05060,0,unicode
요,U+50DA,僚,050da,0,unicode
요,U+50E5,僥,050e5,0,unicode
요,U+510C,儌,0510c,0,unicode
요,U+51F9,凹,051f9,0,unicode
요,U+5593,喓,05593,0,unicode
요,U+55C2,嗂,055c2,0,unicode
요,U+5639,嘹,05639,0,unicode
요,U+5773,坳,05773,0,unicode
요,U+579A,垚,0579a,0,unicode
요,U+582F,堯,0582f,0,unicode
요,U+589D,墝,0589d,0,unicode
요,U+592D,夭,0592d,0,unicode
요,U+5996,妖,05996,0,unicode
요,U+59DA,姚,059da,0,unicode
요,U+5ACB,嫋,05acb,0,unicode
요,U+5AFD,嫽,05afd,0,unicode
요,U+5B08,嬈,05b08,0,unicode
요,U+5B32,嬲,05b32,0,unicode
요,U+5BEE,寮,05bee,0,unicode
요,U+5C3F,尿,05c3f,0,unicode
요,U+5DA2,嶢,05da2,0,unicode
요,U+5E7A,幺,05e7a,0,unicode
요,U+5ED6,廖,05ed6,0,unicode
요,U+5FAD,徭,05fad,0,unicode
요,U+5FBC,徼,05fbc,0,unicode
요,U+62D7,拗,062d7,0,unicode
요,U+6416,搖,06416,0,unicode
요,U+6493,撓,06493,0,unicode
요,U+64A9,撩,064a9,0,unicode
요,U+64FE,擾,064fe,0,unicode
요,U+6599,料,06599,0,unicode
요,U+669A,暚,0669a,0,unicode
요,U+66B8,暸,066b8,0,unicode
요,U+66DC,曜,066dc,0,unicode
요,U+6796,枖,06796,0,unicode
요,U+69A3,榣,069a3,0,unicode
요,U+6A02,樂,06a02,0,unicode
요,U+6A48,橈,06a48,0,unicode
요,U+6B80,殀,06b80,0,unicode
요,U+6DD6,淖,06dd6,0,unicode
요,U+6F66,潦,06f66,0,unicode
요,U+6F86,澆,06f86,0,unicode
요,U+70D1,烑,070d1,0,unicode
요,U+71CE,燎,071ce,0,unicode
요,U+71FF,燿,071ff,0,unicode
요,U+7360,獠,07360,0,unicode
요,U+73E7,珧,073e7,0,unicode
요,U+7464,瑤,07464,0,unicode
요,U+7642,療,07642,0,unicode
요,U+77AD,瞭,077ad,0,unicode
요,U+7945,祅,07945,0,unicode
요,U+7A7E,穾,07a7e,0,unicode
요,U+7A85,窅,07a85,0,unicode
요,U+7A88,窈,07a88,0,unicode
요,U+7AAF,窯,07aaf,0,unicode
요,U+7D04,約,07d04,0,unicode
요,U+7E47,繇,07e47,0,unicode
요,U+7E5A,繚,07e5a,0,unicode
요,U+7E5E,繞,07e5e,0,unicode
요,U+8000,耀,08000,0,unicode
요,U+804A,聊,0804a,0,unicode
요,U+8170,腰,08170,0,unicode
요,U+818B,膋,0818b,0,unicode
요,U+84FC,蓼,084fc,0,unicode
요,U+8558,蕘,08558,0,unicode
요,U+87EF,蟯,087ef,0,unicode
요,U+8981,要,08981,0,unicode
요,U+8B20,謠,08b20,0,unicode
요,U+9059,遙,09059,0,unicode
요,U+9076,遶,09076,0,unicode
요,U+907C,遼,0907c,0,unicode
요,U+9080,邀,09080,0,unicode
요,U+91AA,醪,091aa,0,unicode
요,U+9403,鐃,09403,0,unicode
요,U+9410,鐐,09410,0,unicode
요,U+98C2,飂,098c2,0,unicode
요,U+98C9,飉,098c9,0,unicode
요,U+9952,饒,09952,0,unicode
요,U+9B27,鬧,09b27,0,unicode
요,U+9DC2,鷂,09dc2,0,unicode
요,,,a0148,A,internal_code_A
욕,U+617E,慾,0617e,0,unicode
욕,U+6B32,欲,06b32,0,unicode
욕,U+6D74,浴,06d74,0,unicode
욕,U+6EBD,溽,06ebd,0,unicode
욕,U+7E1F,縟,07e1f,0,unicode
욕,U+84D0,蓐,084d0,0,unicode
욕,U+8925,褥,08925,0,unicode
욕,U+8FB1,辱,08fb1,0,unicode
용,U+39B6,㦶,039b6,0,unicode
용,U+47BB,䞻,047bb,0,unicode
용,U+4FD1,俑,04fd1,0,unicode
용,U+509B,傛,0509b,0,unicode
용,U+50AD,傭,050ad,0,unicode
용,U+5197,冗,05197,0,unicode
용,U+52C7,勇,052c7,0,unicode
용,U+57C7,埇,057c7,0,unicode
용,U+5889,墉,05889,0,unicode
용,U+5AB6,媶,05ab6,0,unicode
용,U+5B82,宂,05b82,0,unicode
용,U+5BB9,容,05bb9,0,unicode
용,U+5D71,嵱,05d71,0,unicode
용,U+5EB8,庸,05eb8,0,unicode
용,U+5FBF,徿,05fbf,0,unicode
용,U+607F,恿,0607f,0,unicode
용,U+6142,慂,06142,0,unicode
용,U+6175,慵,06175,0,unicode
용,U+6183,憃,06183,0,unicode
용,U+6995,榕,06995,0,unicode
용,U+69E6,槦,069e6,0,unicode
용,U+6D8C,涌,06d8c,0,unicode
용,U+6E67,湧,06e67,0,unicode
용,U+6EB6,溶,06eb6,0,unicode
용,U+7194,熔,07194,0,unicode
용,U+7462,瑢,07462,0,unicode
용,U+7528,用,07528,0,unicode
용,U+752C,甬,0752c,0,unicode
용,U+7867,硧,07867,0,unicode
용,U+7ADC,竜,07adc,0,unicode
용,U+8073,聳,08073,0,unicode
용,U+8202,舂,08202,0,unicode
용,U+8338,茸,08338,0,unicode
용,U+84C9,蓉,084c9,0,unicode
용,U+86F9,蛹,086f9,0,unicode
용,U+8E0A,踊,08e0a,0,unicode
용,U+8E34,踴,08e34,0,unicode
용,U+9394,鎔,09394,0,unicode
용,U+93DE,鏞,093de,0,unicode
용,U+9F8D,龍,09f8d,0,unicode
용,U+9F92,龒,09f92,0,unicode
용,,,a01b3,A,internal_code_A
용,,,a01b4,A,internal_code_A
우,U+3762,㝢,03762,0,unicode
우,U+3965,㥥,03965,0,unicode
우,U+3B02,㬂,03b02,0,unicode
우,U+3CBE,㲾,03cbe,0,unicode
우,U+4A12,䨒,04a12,0,unicode
우,U+4E8E,于,04e8e,0,unicode
우,U+4EB4,亴,04eb4,0,unicode
우,U+4F18,优,04f18,0,unicode
우,U+4F51,佑,04f51,0,unicode
우,U+4FC1,俁,04fc1,0,unicode
우,U+504A,偊,0504a,0,unicode
우,U+5076,偶,05076,0,unicode
우,U+512A,優,0512a,0,unicode
우,U+53C8,又,053c8,0,unicode
우,U+53CB,友,053cb,0,unicode
우,U+53F3,右,053f3,0,unicode
우,U+5401,吁,05401,0,unicode
우,U+5418,吘,05418,0,unicode
우,U+5729,圩,05729,0,unicode
우,U+5823,堣,05823,0,unicode
우,U+5B87,宇,05b87,0,unicode
우,U+5BD3,寓,05bd3,0,unicode
우,U+5C24,尤,05c24,0,unicode
우,U+5D4E,嵎,05d4e,0,unicode
우,U+5EBD,庽,05ebd,0,unicode
우,U+611A,愚,0611a,0,unicode
우,U+616A,慪,0616a,0,unicode
우,U+6182,憂,06182,0,unicode
우,U+625C,扜,0625c,0,unicode
우,U+625D,扝,0625d,0,unicode
우,U+65F4,旴,065f4,0,unicode
우,U+6745,杅,06745,0,unicode
우,U+6940,楀,06940,0,unicode
우,U+6E61,湡,06e61,0,unicode
우,U+6F9E,澞,06f9e,0,unicode
우,U+7000,瀀,07000,0,unicode
우,U+71E0,燠,071e0,0,unicode
우,U+725B,牛,0725b,0,unicode
우,U+7397,玗,07397,0,unicode
우,U+7440,瑀,07440,0,unicode
우,U+75A3,疣,075a3,0,unicode
우,U+76C2,盂,076c2,0,unicode
우,U+76D3,盓,076d3,0,unicode
우,U+76F1,盱,076f1,0,unicode
우,U+7950,祐,07950,0,unicode
우,U+7964,祤,07964,0,unicode
우,U+7991,禑,07991,0,unicode
우,U+79B9,禹,079b9,0,unicode
우,U+7A7B,穻,07a7b,0,unicode
우,U+7AFD,竽,07afd,0,unicode
우,U+7D06,紆,07d06,0,unicode
우,U+7FBD,羽,07fbd,0,unicode
우,U+8026,耦,08026,0,unicode
우,U+8030,耰,08030,0,unicode
우,U+828B,芋,0828b,0,unicode
우,U+842D,萭,0842d,0,unicode
우,U+85D5,藕,085d5,0,unicode
우,U+865E,虞,0865e,0,unicode
우,U+8A0F,訏,08a0f,0,unicode
우,U+8A27,訧,08a27,0,unicode
우,U+8B23,謣,08b23,0,unicode
우,U+8E3D,踽,08e3d,0,unicode
우,U+8FC2,迂,08fc2,0,unicode
우,U+8FF6,迶,08ff6,0,unicode
우,U+9047,遇,09047,0,unicode
우,U+9098,邘,09098,0,unicode
우,U+90F5,郵,090f5,0,unicode
우,U+9105,鄅,09105,0,unicode
우,U+91EA,釪,091ea,0,unicode
우,U+935D,鍝,0935d,0,unicode
우,U+9685,隅,09685,0,unicode
우,U+96E8,雨,096e8,0,unicode
우,U+96E9,雩,096e9,0,unicode
우,U+9E80,麀,09e80,0,unicode
우,U+9E8C,麌,09e8c,0,unicode
우,U+9F72,齲,09f72,0,unicode
우,,,a010d,A,internal_code_A
우,,,a010e,A,internal_code_A
우,,,a01b5,A,internal_code_A
우,,,a01b6,A,internal_code_A
욱,U+52D6,勖,052d6,0,unicode
욱,U+5F67,彧,05f67,0,unicode
욱,U+65ED,旭,065ed,0,unicode
욱,U+6631,昱,06631,0,unicode
욱,U+682F,栯,0682f,0,unicode
욱,U+715C,煜,0715c,0,unicode
욱,U+71E0,燠,071e0,0,unicode
욱,U+7A22,稢,07a22,0,unicode
욱,U+7A36,稶,07a36,0,unicode
욱,U+90C1,郁,090c1,0,unicode
욱,U+980A,頊,0980a,0,unicode
욱,U+224B0,𢒰,224b0,2,unicode
운,U+370F,㜏,0370f,0,unicode
운,U+41AC,䆬,041ac,0,unicode
운,U+4259,䉙,04259,0,unicode
운,U+4ADF,䫟,04adf,0,unicode
운,U+4E91,云,04e91,0,unicode
운,U+54E1,員,054e1,0,unicode
운,U+593D,夽,0593d,0,unicode
운,U+5998,妘,05998,0,unicode
운,U+60F2,惲,060f2,0,unicode
운,U+628E,抎,0628e,0,unicode
운,U+6688,暈,06688,0,unicode
운,U+6A52,橒,06a52,0,unicode
운,U+6B9E,殞,06b9e,0,unicode
운,U+6C84,沄,06c84,0,unicode
운,U+6EB3,溳,06eb3,0,unicode
운,U+6F90,澐,06f90,0,unicode
운,U+7189,熉,07189,0,unicode
운,U+7BD4,篔,07bd4,0,unicode
운,U+7D1C,紜,07d1c,0,unicode
운,U+8018,耘,08018,0,unicode
운,U+82B8,芸,082b8,0,unicode
운,U+8553,蕓,08553,0,unicode
운,U+8779,蝹,08779,0,unicode
운,U+8CF1,賱,08cf1,0,unicode
운,U+904B,運,0904b,0,unicode
운,U+9106,鄆,09106,0,unicode
운,U+9116,鄖,09116,0,unicode
운,U+9695,隕,09695,0,unicode
운,U+96F2,雲,096f2,0,unicode
운,U+9723,霣,09723,0,unicode
운,U+97F5,韵,097f5,0,unicode
운,U+97FB,韻,097fb,0,unicode
운,,,a01b7,A,internal_code_A
운,,,a01b8,A,internal_code_A
울,U+4D65,䵥,04d65,0,unicode
울,U+5B9B,宛,05b9b,0,unicode
울,U+706A,灪,0706a,0,unicode
울,U+83C0,菀,083c0,0,unicode
울,U+851A,蔚,0851a,0,unicode
울,U+9B31,鬱,09b31,0,unicode
울,U+200D7,𠃗,200d7,2,unicode
울,,,a01b9,A,internal_code_A
울,,,a026b,A,internal_code_A
웅,U+50CC,僌,050cc,0,unicode
웅,U+718A,熊,0718a,0,unicode
웅,U+96C4,雄,096c4,0,unicode
원,U+43D3,䏓,043d3,0,unicode
원,U+5007,倇,05007,0,unicode
원,U+5143,元,05143,0,unicode
원,U+51A4,冤,051a4,0,unicode
원,U+539F,原,0539f,0,unicode
원,U+54E1,員,054e1,0,unicode
원,U+5712,園,05712,0,unicode
원,U+5713,圓,05713,0,unicode
원,U+57A3,垣,057a3,0,unicode
원,U+59B4,妴,059b4,0,unicode
원,U+5A49,婉,05a49,0,unicode
원,U+5A9B,媛,05a9b,0,unicode
원,U+5AC4,嫄,05ac4,0,unicode
원,U+5BC3,寃,05bc3,0,unicode
원,U+6028,怨,06028,0,unicode
원,U+613F,愿,0613f,0,unicode
원,U+63F4,援,063f4,0,unicode
원,U+676C,杬,0676c,0,unicode
원,U+6965,楥,06965,0,unicode
원,U+69AC,榬,069ac,0,unicode
원,U+6C85,沅,06c85,0,unicode
원,U+6D39,洹,06d39,0,unicode
원,U+6E72,湲,06e72,0,unicode
원,U+6E90,源,06e90,0,unicode
원,U+6E92,溒,06e92,0,unicode
원,U+7230,爰,07230,0,unicode
원,U+7328,猨,07328,0,unicode
원,U+733F,猿,0733f,0,unicode
원,U+7457,瑗,07457,0,unicode
원,U+76F6,盶,076f6,0,unicode
원,U+7B0E,笎,07b0e,0,unicode
원,U+82AB,芫,082ab,0,unicode
원,U+82D1,苑,082d1,0,unicode
원,U+849D,蒝,0849d,0,unicode
원,U+8597,薗,08597,0,unicode
원,U+85B3,薳,085b3,0,unicode
원,U+873F,蜿,0873f,0,unicode
원,U+8881,袁,08881,0,unicode
원,U+8911,褑,08911,0,unicode
원,U+8B1C,謜,08b1c,0,unicode
원,U+8C9F,貟,08c9f,0,unicode
원,U+8F45,轅,08f45,0,unicode
원,U+9060,遠,09060,0,unicode
원,U+908D,邍,0908d,0,unicode
원,U+90A7,邧,090a7,0,unicode
원,U+92FA,鋺,092fa,0,unicode
원,U+962E,阮,0962e,0,unicode
원,U+9662,院,09662,0,unicode
원,U+9858,願,09858,0,unicode
원,U+9A35,騵,09a35,0,unicode
원,U+9D1B,鴛,09d1b,0,unicode
원,U+9D77,鵷,09d77,0,unicode
원,U+9EFF,黿,09eff,0,unicode
원,,,a01ba,A,internal_code_A
원,,,a028d,A,internal_code_A
월,U+5216,刖,05216,0,unicode
월,U+6708,月,06708,0,unicode
월,U+6CE7,泧,06ce7,0,unicode
월,U+7CA4,粤,07ca4,0,unicode
월,U+8D8A,越,08d8a,0,unicode
월,U+925E,鉞,0925e,0,unicode
위,U+4F4D,位,04f4d,0,unicode
위,U+5049,偉,05049,0,unicode
위,U+50DE,僞,050de,0,unicode
위,U+5371,危,05371,0,unicode
위,U+559F,喟,0559f,0,unicode
위,U+570D,圍,0570d,0,unicode
위,U+59D4,委,059d4,0,unicode
위,U+5A01,威,05a01,0,unicode
위,U+5C09,尉,05c09,0,unicode
위,U+5E43,幃,05e43,0,unicode
위,U+6170,慰,06170,0,unicode
위,U+6690,暐,06690,0,unicode
위,U+6D08,洈,06d08,0,unicode
위,U+6E2D,渭,06e2d,0,unicode
위,U+6E4B,湋,06e4b,0,unicode
위,U+7152,煒,07152,0,unicode
위,U+715F,煟,0715f,0,unicode
위,U+71A8,熨,071a8,0,unicode
위,U+7232,爲,07232,0,unicode
위,U+744B,瑋,0744b,0,unicode
위,U+75FF,痿,075ff,0,unicode
위,U+7DEF,緯,07def,0,unicode
위,U+80C3,胃,080c3,0,unicode
위,U+840E,萎,0840e,0,unicode
위,U+8466,葦,08466,0,unicode
위,U+8473,葳,08473,0,unicode
위,U+853F,蔿,0853f,0,unicode
위,U+85B3,薳,085b3,0,unicode
위,U+875F,蝟,0875f,0,unicode
위,U+885B,衛,0885b,0,unicode
위,U+885E,衞,0885e,0,unicode
위,U+8918,褘,08918,0,unicode
위,U+8AC9,諉,08ac9,0,unicode
위,U+8B02,謂,08b02,0,unicode
위,U+9036,逶,09036,0,unicode
위,U+9055,違,09055,0,unicode
위,U+912C,鄬,0912c,0,unicode
위,U+95C8,闈,095c8,0,unicode
위,U+97CB,韋,097cb,0,unicode
위,U+97D9,韙,097d9,0,unicode
위,U+97E1,韡,097e1,0,unicode
위,U+9927,餧,09927,0,unicode
위,U+9AAA,骪,09aaa,0,unicode
위,U+9B4F,魏,09b4f,0,unicode
위,,,a01bb,A,internal_code_A
위,,,a01bc,A,internal_code_A
위,,,a01bd,A,internal_code_A
유,U+3F65,㽥,03f65,0,unicode
유,U+42F4,䋴,042f4,0,unicode
유,U+4705,䜅,04705,0,unicode
유,U+4E73,乳,04e73,0,unicode
유,U+4F91,侑,04f91,0,unicode
유,U+4FDE,俞,04fde,0,unicode
유,U+5112,儒,05112,0,unicode
유,U+516A,兪,0516a,0,unicode
유,U+5198,冘,05198,0,unicode
유,U+5289,劉,05289,0,unicode
유,U+5466,呦,05466,0,unicode
유,U+552F,唯,0552f,0,unicode
유,U+55A9,喩,055a9,0,unicode
유,U+56FF,囿,056ff,0,unicode
유,U+58DD,壝,058dd,0,unicode
유,U+599E,妞,0599e,0,unicode
유,U+59F7,姷,059f7,0,unicode
유,U+5A51,婑,05a51,0,unicode
유,U+5A7E,婾,05a7e,0,unicode
유,U+5B2C,嬬,05b2c,0,unicode
유,U+5B7A,孺,05b7a,0,unicode
유,U+5BA5,宥,05ba5,0,unicode
유,U+5CB0,岰,05cb0,0,unicode
유,U+5E37,帷,05e37,0,unicode
유,U+5E7C,幼,05e7c,0,unicode
유,U+5E7D,幽,05e7d,0,unicode
유,U+5EBE,庾,05ebe,0,unicode
유,U+5FF8,忸,05ff8,0,unicode
유,U+60A0,悠,060a0,0,unicode
유,U+60DF,惟,060df,0,unicode
유,U+6108,愈,06108,0,unicode
유,U+6109,愉,06109,0,unicode
유,U+61F0,懰,061f0,0,unicode
유,U+63C4,揄,063c4,0,unicode
유,U+63C9,揉,063c9,0,unicode
유,U+6538,攸,06538,0,unicode
유,U+65D2,旒,065d2,0,unicode
유,U+66D8,曘,066d8,0,unicode
유,U+6709,有,06709,0,unicode
유,U+677B,杻,0677b,0,unicode
유,U+67D4,柔,067d4,0,unicode
유,U+67DA,柚,067da,0,unicode
유,U+67F3,柳,067f3,0,unicode
유,U+6875,桵,06875,0,unicode
유,U+6961,楡,06961,0,unicode
유,U+6962,楢,06962,0,unicode
유,U+69B4,榴,069b4,0,unicode
유,U+69F1,槱,069f1,0,unicode
유,U+6A4A,橊,06a4a,0,unicode
유,U+6C91,沑,06c91,0,unicode
유,U+6CB9,油,06cb9,0,unicode
유,U+6CD1,泑,06cd1,0,unicode
유,U+6D27,洧,06d27,0,unicode
유,U+6D41,流,06d41,0,unicode
유,U+6D5F,浟,06d5f,0,unicode
유,U+6E38,游,06e38,0,unicode
유,U+6E75,湵,06e75,0,unicode
유,U+6E9C,溜,06e9c,0,unicode
유,U+6EFA,滺,06efa,0,unicode
유,U+6FE1,濡,06fe1,0,unicode
유,U+6FF0,濰,06ff0,0,unicode
유,U+700F,瀏,0700f,0,unicode
유,U+7022,瀢,07022,0,unicode
유,U+7163,煣,07163,0,unicode
유,U+71F8,燸,071f8,0,unicode
유,U+7256,牖,07256,0,unicode
유,U+7336,猶,07336,0,unicode
유,U+7337,猷,07337,0,unicode
유,U+7409,琉,07409,0,unicode
유,U+741F,琟,0741f,0,unicode
유,U+7448,瑈,07448,0,unicode
유,U+745C,瑜,0745c,0,unicode
유,U+7460,瑠,07460,0,unicode
유,U+7524,甤,07524,0,unicode
유,U+7531,由,07531,0,unicode
유,U+7559,留,07559,0,unicode
유,U+7609,瘉,07609,0,unicode
유,U+7610,瘐,07610,0,unicode
유,U+7624,瘤,07624,0,unicode
유,U+7652,癒,07652,0,unicode
유,U+786B,硫,0786b,0,unicode
유,U+79DE,秞,079de,0,unicode
유,U+7AAC,窬,07aac,0,unicode
유,U+7AB3,窳,07ab3,0,unicode
유,U+7C72,籲,07c72,0,unicode
유,U+7CC5,糅,07cc5,0,unicode
유,U+7D10,紐,07d10,0,unicode
유,U+7DAD,維,07dad,0,unicode
유,U+7DCC,緌,07dcc,0,unicode
유,U+7E32,縲,07e32,0,unicode
유,U+7E8D,纍,07e8d,0,unicode
유,U+7F91,羑,07f91,0,unicode
유,U+8048,聈,08048,0,unicode
유,U+8174,腴,08174,0,unicode
유,U+81FE,臾,081fe,0,unicode
유,U+837D,荽,0837d,0,unicode
유,U+83A0,莠,083a0,0,unicode
유,U+8438,萸,08438,0,unicode
유,U+8555,蕕,08555,0,unicode
유,U+8564,蕤,08564,0,unicode
유,U+85B7,薷,085b7,0,unicode
유,U+86B0,蚰,086b0,0,unicode
유,U+86B4,蚴,086b4,0,unicode
유,U+8764,蝤,08764,0,unicode
유,U+88D5,裕,088d5,0,unicode
유,U+8915,褕,08915,0,unicode
유,U+8A98,誘,08a98,0,unicode
유,U+8ADB,諛,08adb,0,unicode
유,U+8AED,諭,08aed,0,unicode
유,U+8B2C,謬,08b2c,0,unicode
유,U+8B89,讉,08b89,0,unicode
유,U+8DA1,趡,08da1,0,unicode
유,U+8E30,踰,08e30,0,unicode
유,U+8E42,蹂,08e42,0,unicode
유,U+900C,逌,0900c,0,unicode
유,U+903E,逾,0903e,0,unicode
유,U+904A,遊,0904a,0,unicode
유,U+905B,遛,0905b,0,unicode
유,U+907A,遺,0907a,0,unicode
유,U+9103,鄃,09103,0,unicode
유,U+9149,酉,09149,0,unicode
유,U+91C9,釉,091c9,0,unicode
유,U+9215,鈕,09215,0,unicode
유,U+925A,鉚,0925a,0,unicode
유,U+936E,鍮,0936e,0,unicode
유,U+938F,鎏,0938f,0,unicode
유,U+93D0,鏐,093d0,0,unicode
유,U+9700,需,09700,0,unicode
유,U+97A3,鞣,097a3,0,unicode
유,U+985E,類,0985e,0,unicode
유,U+9BAA,鮪,09baa,0,unicode
유,U+9DB9,鶹,09db9,0,unicode
유,U+9EDD,黝,09edd,0,unicode
유,U+9F2C,鼬,09f2c,0,unicode
유,U+9FA5,龥,09fa5,0,unicode
유,U+27625,𧘥,27625,2,unicode
유,,,a01be,A,internal_code_A
유,,,a0257,A,internal_code_A
유,,,a02d3,A,internal_code_A
유,,,a02e1,A,internal_code_A
유,,,a02e3,A,internal_code_A
육,U+5125,儥,05125,0,unicode
육,U+516D,六,0516d,0,unicode
육,U+52E0,勠,052e0,0,unicode
육,U+5809,堉,05809,0,unicode
육,U+622E,戮,0622e,0,unicode
육,U+6BD3,毓,06bd3,0,unicode
육,U+6DEF,淯,06def,0,unicode
육,U+8089,肉,08089,0,unicode
육,U+80B2,育,080b2,0,unicode
육,U+8844,衄,08844,0,unicode
육,U+9678,陸,09678,0,unicode
윤,U+38E7,㣧,038e7,0,unicode
윤,U+499E,䦞,0499e,0,unicode
윤,U+4F96,侖,04f96,0,unicode
윤,U+502B,倫,0502b,0,unicode
윤,U+5141,允,05141,0,unicode
윤,U+52FB,勻,052fb,0,unicode
윤,U+5300,匀,05300,0,unicode
윤,U+5707,圇,05707,0,unicode
윤,U+596B,奫,0596b,0,unicode
윤,U+5C39,尹,05c39,0,unicode
윤,U+5D18,崘,05d18,0,unicode
윤,U+5D19,崙,05d19,0,unicode
윤,U+6384,掄,06384,0,unicode
윤,U+6600,昀,06600,0,unicode
윤,U+68C6,棆,068c6,0,unicode
윤,U+6A4D,橍,06a4d,0,unicode
윤,U+6C87,沇,06c87,0,unicode
윤,U+6DEA,淪,06dea,0,unicode
윤,U+6F64,潤,06f64,0,unicode
윤,U+73A7,玧,073a7,0,unicode
윤,U+7DB8,綸,07db8,0,unicode
윤,U+80E4,胤,080e4,0,unicode
윤,U+837A,荺,0837a,0,unicode
윤,U+8D07,贇,08d07,0,unicode
윤,U+8E1A,踚,08e1a,0,unicode
윤,U+8F2A,輪,08f2a,0,unicode
윤,U+9217,鈗,09217,0,unicode
윤,U+92C6,鋆,092c6,0,unicode
윤,U+9300,錀,09300,0,unicode
윤,U+958F,閏,0958f,0,unicode
윤,U+95A0,閠,095a0,0,unicode
윤,U+962D,阭,0962d,0,unicode
윤,,,a0247,A,internal_code_A
율,U+3580,㖀,03580,0,unicode
율,U+4896,䢖,04896,0,unicode
율,U+4AFB,䫻,04afb,0,unicode
율,U+5D42,嵂,05d42,0,unicode
율,U+5F8B,律,05f8b,0,unicode
율,U+6144,慄,06144,0,unicode
율,U+6817,栗,06817,0,unicode
율,U+6B25,欥,06b25,0,unicode
율,U+6C69,汩,06c69,0,unicode
율,U+6EA7,溧,06ea7,0,unicode
율,U+6F4F,潏,06f4f,0,unicode
율,U+71CF,燏,071cf,0,unicode
율,U+7387,率,07387,0,unicode
율,U+746E,瑮,0746e,0,unicode
율,U+77DE,矞,077de,0,unicode
율,U+807F,聿,0807f,0,unicode
율,U+831F,茟,0831f,0,unicode
율,U+9731,霱,09731,0,unicode
율,U+9D25,鴥,09d25,0,unicode
율,U+25832,𥠲,25832,2,unicode
융,U+620E,戎,0620e,0,unicode
융,U+701C,瀜,0701c,0,unicode
융,U+72E8,狨,072e8,0,unicode
융,U+7643,癃,07643,0,unicode
융,U+7ABF,窿,07abf,0,unicode
융,U+7D68,絨,07d68,0,unicode
융,U+878D,融,0878d,0,unicode
융,U+9686,隆,09686,0,unicode
은,U+349A,㒚,0349a,0,unicode
은,U+396F,㥯,0396f,0,unicode
은,U+397C,㥼,0397c,0,unicode
은,U+4325,䌥,04325,0,unicode
은,U+542C,听,0542c,0,unicode
은,U+569A,嚚,0569a,0,unicode
은,U+5701,圁,05701,0,unicode
은,U+573B,圻,0573b,0,unicode
은,U+57A0,垠,057a0,0,unicode
은,U+57BD,垽,057bd,0,unicode
은,U+5DBE,嶾,05dbe,0,unicode
은,U+6069,恩,06069,0,unicode
은,U+6147,慇,06147,0,unicode
은,U+6196,憖,06196,0,unicode
은,U+65A6,斦,065a6,0,unicode
은,U+6A83,檃,06a83,0,unicode
은,U+6AAD,檭,06aad,0,unicode
은,U+6ABC,檼,06abc,0,unicode
은,U+6BB7,殷,06bb7,0,unicode
은,U+6CFF,泿,06cff,0,unicode
은,U+6EB5,溵,06eb5,0,unicode
은,U+6FE6,濦,06fe6,0,unicode
은,U+72FA,狺,072fa,0,unicode
은,U+73E2,珢,073e2,0,unicode
은,U+766E,癮,0766e,0,unicode
은,U+78E4,磤,078e4,0,unicode
은,U+8491,蒑,08491,0,unicode
은,U+84BD,蒽,084bd,0,unicode
은,U+861F,蘟,0861f,0,unicode
은,U+8A14,訔,08a14,0,unicode
은,U+8A22,訢,08a22,0,unicode
은,U+8ABE,誾,08abe,0,unicode
은,U+911E,鄞,0911e,0,unicode
은,U+9280,銀,09280,0,unicode
은,U+96B1,隱,096b1,0,unicode
은,U+9F57,齗,09f57,0,unicode
은,U+24A12,𤨒,24a12,2,unicode
은,U+28DA1,𨶡,28da1,2,unicode
은,U+2A664,𪙤,2a664,2,unicode
은,,,a021f,A,internal_code_A
은,,,a025f,A,internal_code_A
은,,,a0260,A,internal_code_A
은,U+F0F74,,f0f74,F,private_use_F
을,U+4E59,乙,04e59,0,unicode
을,U+572A,圪,0572a,0,unicode
을,U+9CE6,鳦,09ce6,0,unicode
음,U+541F,吟,0541f,0,unicode
음,U+5591,喑,05591,0,unicode
음,U+567E,噾,0567e,0,unicode
음,U+5D1F,崟,05d1f,0,unicode
음,U+5ED5,廕,05ed5,0,unicode
음,U+6114,愔,06114,0,unicode
음,U+6DEB,淫,06deb,0,unicode
음,U+852D,蔭,0852d,0,unicode
음,U+9670,陰,09670,0,unicode
음,U+972A,霪,0972a,0,unicode
음,U+97F3,音,097f3,0,unicode
음,U+97FE,韾,097fe,0,unicode
음,U+98EE,飮,098ee,0,unicode
음,,,a01bf,A,internal_code_A
읍,U+6092,悒,06092,0,unicode
읍,U+6339,挹,06339,0,unicode
읍,U+63D6,揖,063d6,0,unicode
읍,U+6CE3,泣,06ce3,0,unicode
읍,U+6D65,浥,06d65,0,unicode
읍,U+9091,邑,09091,0,unicode
응,U+51DD,凝,051dd,0,unicode
응,U+61C9,應,061c9,0,unicode
응,U+81BA,膺,081ba,0,unicode
응,U+9DF9,鷹,09df9,0,unicode
응,U+2533E,𥌾,2533e,2,unicode
의,U+36C4,㛄,036c4,0,unicode
의,U+48E1,䣡,048e1,0,unicode
의,U+4F9D,依,04f9d,0,unicode
의,U+501A,倚,0501a,0,unicode
의,U+5100,儀,05100,0,unicode
의,U+5117,儗,05117,0,unicode
의,U+51D2,凒,051d2,0,unicode
의,U+5293,劓,05293,0,unicode
의,U+533B,医,0533b,0,unicode
의,U+5B9C,宜,05b9c,0,unicode
의,U+5DB7,嶷,05db7,0,unicode
의,U+610F,意,0610f,0,unicode
의,U+61FF,懿,061ff,0,unicode
의,U+64EC,擬,064ec,0,unicode
의,U+6905,椅,06905,0,unicode
의,U+6B39,欹,06b39,0,unicode
의,U+6BC5,毅,06bc5,0,unicode
의,U+6F2A,漪,06f2a,0,unicode
의,U+7317,猗,07317,0,unicode
의,U+7591,疑,07591,0,unicode
의,U+77E3,矣,077e3,0,unicode
의,U+7912,礒,07912,0,unicode
의,U+7995,禕,07995,0,unicode
의,U+7FA9,義,07fa9,0,unicode
의,U+8264,艤,08264,0,unicode
의,U+858F,薏,0858f,0,unicode
의,U+85BF,薿,085bf,0,unicode
의,U+8798,螘,08798,0,unicode
의,U+87FB,蟻,087fb,0,unicode
의,U+8863,衣,08863,0,unicode
의,U+8ABC,誼,08abc,0,unicode
의,U+8B70,議,08b70,0,unicode
의,U+91AB,醫,091ab,0,unicode
의,U+9950,饐,09950,0,unicode
의,U+9E03,鸃,09e03,0,unicode
의,,,a01c0,A,internal_code_A
이,U+3483,㒃,03483,0,unicode
이,U+36C5,㛅,036c5,0,unicode
이,U+3990,㦐,03990,0,unicode
이,U+3EBF,㺿,03ebf,0,unicode
이,U+43EA,䏪,043ea,0,unicode
이,U+4E8C,二,04e8c,0,unicode
이,U+4EE5,以,04ee5,0,unicode
이,U+4F0A,伊,04f0a,0,unicode
이,U+4F74,佴,04f74,0,unicode
이,U+4FD0,俐,04fd0,0,unicode
이,U+4FDA,俚,04fda,0,unicode
이,U+5229,利,05229,0,unicode
이,U+527A,剺,0527a,0,unicode
이,U+5398,厘,05398,0,unicode
이,U+540F,吏,0540f,0,unicode
이,U+5462,呢,05462,0,unicode
이,U+54BF,咿,054bf,0,unicode
이,U+54E9,哩,054e9,0,unicode
이,U+550E,唎,0550e,0,unicode
이,U+5937,夷,05937,0,unicode
이,U+59E8,姨,059e8,0,unicode
이,U+5A90,媐,05a90,0,unicode
이,U+5AE0,嫠,05ae0,0,unicode
이,U+5C14,尔,05c14,0,unicode
이,U+5C3C,尼,05c3c,0,unicode
이,U+5C65,履,05c65,0,unicode
이,U+5CD3,峓,05cd3,0,unicode
이,U+5DF2,已,05df2,0,unicode
이,U+5DF8,巸,05df8,0,unicode
이,U+5ED9,廙,05ed9,0,unicode
이,U+5F1B,弛,05f1b,0,unicode
이,U+5F5B,彛,05f5b,0,unicode
이,U+5F5D,彝,05f5d,0,unicode
이,U+6021,怡,06021,0,unicode
이,U+6029,怩,06029,0,unicode
이,U+605E,恞,0605e,0,unicode
이,U+60A7,悧,060a7,0,unicode
이,U+645B,摛,0645b,0,unicode
이,U+6561,敡,06561,0,unicode
이,U+6613,易,06613,0,unicode
이,U+674E,李,0674e,0,unicode
이,U+675D,杝,0675d,0,unicode
이,U+67C5,柅,067c5,0,unicode
이,U+682D,栭,0682d,0,unicode
이,U+682E,栮,0682e,0,unicode
이,U+68A8,梨,068a8,0,unicode
이,U+6B4B,歋,06b4b,0,unicode
이,U+6CE5,泥,06ce5,0,unicode
이,U+6D1F,洟,06d1f,0,unicode
이,U+6D22,洢,06d22,0,unicode
이,U+6D31,洱,06d31,0,unicode
이,U+6D6C,浬,06d6c,0,unicode
이,U+6D96,涖,06d96,0,unicode
이,U+6F13,漓,06f13,0,unicode
이,U+6FD4,濔,06fd4,0,unicode
이,U+723E,爾,0723e,0,unicode
이,U+7281,犁,07281,0,unicode
이,U+7282,犂,07282,0,unicode
이,U+72F8,狸,072f8,0,unicode
이,U+73C6,珆,073c6,0,unicode
이,U+73E5,珥,073e5,0,unicode
이,U+7406,理,07406,0,unicode
이,U+7483,璃,07483,0,unicode
이,U+7570,異,07570,0,unicode
이,U+75CD,痍,075cd,0,unicode
이,U+75E2,痢,075e2,0,unicode
이,U+7962,祢,07962,0,unicode
이,U+79B0,禰,079b0,0,unicode
이,U+79BB,离,079bb,0,unicode
이,U+79FB,移,079fb,0,unicode
이,U+7C6C,籬,07c6c,0,unicode
이,U+7F79,罹,07f79,0,unicode
이,U+7FA1,羡,07fa1,0,unicode
이,U+7FB8,羸,07fb8,0,unicode
이,U+800C,而,0800c,0,unicode
이,U+8033,耳,08033,0,unicode
이,U+804F,聏,0804f,0,unicode
이,U+8084,肄,08084,0,unicode
이,U+81A9,膩,081a9,0,unicode
이,U+82E1,苡,082e1,0,unicode
이,U+8351,荑,08351,0,unicode
이,U+8385,莅,08385,0,unicode
이,U+8389,莉,08389,0,unicode
이,U+85BE,薾,085be,0,unicode
이,U+870A,蜊,0870a,0,unicode
이,U+87AD,螭,087ad,0,unicode
이,U+88CF,裏,088cf,0,unicode
이,U+88E1,裡,088e1,0,unicode
이,U+8A11,訑,08a11,0,unicode
이,U+8A52,詒,08a52,0,unicode
이,U+8C8D,貍,08c8d,0,unicode
이,U+8CA4,貤,08ca4,0,unicode
이,U+8CB3,貳,08cb3,0,unicode
이,U+8CBD,貽,08cbd,0,unicode
이,U+8FE4,迤,08fe4,0,unicode
이,U+9087,邇,09087,0,unicode
이,U+9090,邐,09090,0,unicode
이,U+91CC,里,091cc,0,unicode
이,U+91D0,釐,091d0,0,unicode
이,U+927A,鉺,0927a,0,unicode
이,U+9651,陑,09651,0,unicode
이,U+96B6,隶,096b6,0,unicode
이,U+96E2,離,096e2,0,unicode
이,U+9824,頤,09824,0,unicode
이,U+98F4,飴,098f4,0,unicode
이,U+999C,馜,0999c,0,unicode
이,U+9B51,魑,09b51,0,unicode
이,U+9BC9,鯉,09bc9,0,unicode
이,U+9D2F,鴯,09d2f,0,unicode
이,U+9ED0,黐,09ed0,0,unicode
이,U+22EE0,𢻠,22ee0,2,unicode
이,,,a014b,A,internal_code_A
이,,,a01c1,A,internal_code_A
이,,,a01c2,A,internal_code_A
이,,,a02c0,A,internal_code_A
익,U+533F,匿,0533f,0,unicode
익,U+5F0B,弋,05f0b,0,unicode
익,U+6759,杙,06759,0,unicode
익,U+698F,榏,0698f,0,unicode
익,U+6EBA,溺,06eba,0,unicode
익,U+7037,瀷,07037,0,unicode
익,U+71A4,熤,071a4,0,unicode
익,U+76CA,益,076ca,0,unicode
익,U+7FCA,翊,07fca,0,unicode
익,U+7FCC,翌,07fcc,0,unicode
익,U+7FFC,翼,07ffc,0,unicode
익,U+8B1A,謚,08b1a,0,unicode
익,U+91F4,釴,091f4,0,unicode
익,U+9DC1,鷁,09dc1,0,unicode
인,U+39E2,㧢,039e2,0,unicode
인,U+3CBD,㲽,03cbd,0,unicode
인,U+3E3E,㸾,03e3e,0,unicode
인,U+4104,䄄,04104,0,unicode
인,U+45F2,䗲,045f2,0,unicode
인,U+4EBA,人,04eba,0,unicode
인,U+4EC1,仁,04ec1,0,unicode
인,U+4EDE,仞,04ede,0,unicode
인,U+513F,儿,0513f,0,unicode
인,U+5203,刃,05203,0,unicode
인,U+5370,印,05370,0,unicode
인,U+541D,吝,0541d,0,unicode
인,U+54BD,咽,054bd,0,unicode
인,U+56E0,因,056e0,0,unicode
인,U+5819,堙,05819,0,unicode
인,U+5924,夤,05924,0,unicode
인,U+59FB,姻,059fb,0,unicode
인,U+5A63,婣,05a63,0,unicode
인,U+5BC5,寅,05bc5,0,unicode
인,U+5D99,嶙,05d99,0,unicode
인,U+5F15,引,05f15,0,unicode
인,U+5FC8,忈,05fc8,0,unicode
인,U+5FCD,忍,05fcd,0,unicode
인,U+5FCE,忎,05fce,0,unicode
인,U+608B,悋,0608b,0,unicode
인,U+622D,戭,0622d,0,unicode
인,U+6268,扨,06268,0,unicode
인,U+649B,撛,0649b,0,unicode
인,U+65B4,斴,065b4,0,unicode
인,U+6704,朄,06704,0,unicode
인,U+6A49,橉,06a49,0,unicode
인,U+6B45,歅,06b45,0,unicode
인,U+6C24,氤,06c24,0,unicode
인,U+6D07,洇,06d07,0,unicode
인,U+6E6E,湮,06e6e,0,unicode
인,U+6F7E,潾,06f7e,0,unicode
인,U+6FE5,濥,06fe5,0,unicode
인,U+711B,焛,0711b,0,unicode
인,U+71D0,燐,071d0,0,unicode
인,U+7263,牣,07263,0,unicode
인,U+735C,獜,0735c,0,unicode
인,U+748C,璌,0748c,0,unicode
인,U+7498,璘,07498,0,unicode
인,U+78F7,磷,078f7,0,unicode
인,U+798B,禋,0798b,0,unicode
인,U+79F5,秵,079f5,0,unicode
인,U+7CA6,粦,07ca6,0,unicode
인,U+7CBC,粼,07cbc,0,unicode
인,U+7D6A,絪,07d6a,0,unicode
인,U+7E57,繗,07e57,0,unicode
인,U+82A2,芢,082a2,0,unicode
인,U+8335,茵,08335,0,unicode
인,U+85FA,藺,085fa,0,unicode
인,U+8693,蚓,08693,0,unicode
인,U+88C0,裀,088c0,0,unicode
인,U+8A8D,認,08a8d,0,unicode
인,U+8AF2,諲,08af2,0,unicode
인,U+8E99,躙,08e99,0,unicode
인,U+8EAA,躪,08eaa,0,unicode
인,U+8F54,轔,08f54,0,unicode
인,U+9130,鄰,09130,0,unicode
인,U+920F,鈏,0920f,0,unicode
인,U+93FB,鏻,093fb,0,unicode
인,U+96A3,隣,096a3,0,unicode
인,U+976D,靭,0976d,0,unicode
인,U+9777,靷,09777,0,unicode
인,U+9A4E,驎,09a4e,0,unicode
인,U+9C57,鱗,09c57,0,unicode
인,U+9E9F,麟,09e9f,0,unicode
인,U+23343,𣍃,23343,2,unicode
인,U+267D8,𦟘,267d8,2,unicode
인,U+2A2AD,𪊭,2a2ad,2,unicode
인,,,a014c,A,internal_code_A
인,,,a014d,A,internal_code_A
인,,,a01c3,A,internal_code_A
인,,,a0220,A,internal_code_A
인,,,a0255,A,internal_code_A
일,U+44A4,䒤,044a4,0,unicode
일,U+4E00,一,04e00,0,unicode
일,U+4F5A,佚,04f5a,0,unicode
일,U+4F7E,佾,04f7e,0,unicode
일,U+52AE,劮,052ae,0,unicode
일,U+58F9,壹,058f9,0,unicode
일,U+59B7,妷,059b7,0,unicode
일,U+65E5,日,065e5,0,unicode
일,U+6635,昵,06635,0,unicode
일,U+66B1,暱,066b1,0,unicode
일,U+6B25,欥,06b25,0,unicode
일,U+6CC6,泆,06cc6,0,unicode
일,U+6D42,浂,06d42,0,unicode
일,U+6EA2,溢,06ea2,0,unicode
일,U+8EFC,軼,08efc,0,unicode
일,U+9038,逸,09038,0,unicode
일,U+93B0,鎰,093b0,0,unicode
일,U+99B9,馹,099b9,0,unicode
일,U+284DC,𨓜,284dc,2,unicode
임,U+46D8,䛘,046d8,0,unicode
임,U+4EFB,任,04efb,0,unicode
임,U+58EC,壬,058ec,0,unicode
임,U+598A,妊,0598a,0,unicode
임,U+59D9,姙,059d9,0,unicode
임,U+6041,恁,06041,0,unicode
임,U+667D,晽,0667d,0,unicode
임,U+6797,林,06797,0,unicode
임,U+68FD,棽,068fd,0,unicode
임,U+6DCB,淋,06dcb,0,unicode
임,U+73AA,玪,073aa,0,unicode
임,U+7433,琳,07433,0,unicode
임,U+75F3,痳,075f3,0,unicode
임,U+7884,碄,07884,0,unicode
임,U+7A14,稔,07a14,0,unicode
임,U+7D1D,紝,07d1d,0,unicode
임,U+7D4D,絍,07d4d,0,unicode
임,U+814D,腍,0814d,0,unicode
임,U+81E8,臨,081e8,0,unicode
임,U+834F,荏,0834f,0,unicode
임,U+887D,衽,0887d,0,unicode
임,U+88B5,袵,088b5,0,unicode
임,U+8CC3,賃,08cc3,0,unicode
임,U+928B,銋,0928b,0,unicode
임,U+9716,霖,09716,0,unicode
임,U+98EA,飪,098ea,0,unicode
임,,,a01c4,A,internal_code_A
임,,,a0228,A,internal_code_A
입,U+5165,入,05165,0,unicode
입,U+5344,卄,05344,0,unicode
입,U+5CA6,岦,05ca6,0,unicode
입,U+5EFF,廿,05eff,0,unicode
입,U+782C,砬,0782c,0,unicode
입,U+7ACB,立,07acb,0,unicode
입,U+7B20,笠,07b20,0,unicode
입,U+7C92,粒,07c92,0,unicode
잉,U+4ECD,仍,04ecd,0,unicode
잉,U+5269,剩,05269,0,unicode
잉,U+5AB5,媵,05ab5,0,unicode
잉,U+5B55,孕,05b55,0,unicode
잉,U+82BF,芿,082bf,0,unicode
잉,,,a01c5,A,internal_code_A
자,U+46CB,䛋,046cb,0,unicode
자,U+4ED4,仔,04ed4,0,unicode
자,U+523A,刺,0523a,0,unicode
자,U+5470,呰,05470,0,unicode
자,U+54A8,咨,054a8,0,unicode
자,U+59C9,姉,059c9,0,unicode
자,U+59CA,姊,059ca,0,unicode
자,U+59FF,姿,059ff,0,unicode
자,U+5B28,嬨,05b28,0,unicode
자,U+5B50,子,05b50,0,unicode
자,U+5B56,孖,05b56,0,unicode
자,U+5B57,字,05b57,0,unicode
자,U+5B5C,孜,05b5c,0,unicode
자,U+5B76,孶,05b76,0,unicode
자,U+6063,恣,06063,0,unicode
자,U+6148,慈,06148,0,unicode
자,U+67D8,柘,067d8,0,unicode
자,U+6CDA,泚,06cda,0,unicode
자,U+6ECB,滋,06ecb,0,unicode
자,U+7099,炙,07099,0,unicode
자,U+716E,煮,0716e,0,unicode
자,U+7278,牸,07278,0,unicode
자,U+7386,玆,07386,0,unicode
자,U+74F7,瓷,074f7,0,unicode
자,U+75B5,疵,075b5,0,unicode
자,U+7725,眥,07725,0,unicode
자,U+7726,眦,07726,0,unicode
자,U+78C1,磁,078c1,0,unicode
자,U+79C4,秄,079c4,0,unicode
자,U+7C7D,籽,07c7d,0,unicode
자,U+7CA2,粢,07ca2,0,unicode
자,U+7D2B,紫,07d2b,0,unicode
자,U+8005,者,08005,0,unicode
자,U+8014,耔,08014,0,unicode
자,U+80FE,胾,080fe,0,unicode
자,U+81EA,自,081ea,0,unicode
자,U+8308,茈,08308,0,unicode
자,U+8328,茨,08328,0,unicode
자,U+8332,茲,08332,0,unicode
자,U+83BF,莿,083bf,0,unicode
자,U+8517,蔗,08517,0,unicode
자,U+85C9,藉,085c9,0,unicode
자,U+8678,虸,08678,0,unicode
자,U+892F,褯,0892f,0,unicode
자,U+89DC,觜,089dc,0,unicode
자,U+8A3E,訾,08a3e,0,unicode
자,U+8AEE,諮,08aee,0,unicode
자,U+8CB2,貲,08cb2,0,unicode
자,U+8CC7,資,08cc7,0,unicode
자,U+8D6D,赭,08d6d,0,unicode
자,U+93A1,鎡,093a1,0,unicode
자,U+96CC,雌,096cc,0,unicode
자,U+983F,頿,0983f,0,unicode
자,U+9AED,髭,09aed,0,unicode
자,U+9B93,鮓,09b93,0,unicode
자,U+9DBF,鶿,09dbf,0,unicode
자,U+9DD3,鷓,09dd3,0,unicode
자,,,a01c6,A,internal_code_A
자,,,a01c7,A,internal_code_A
자,,,a01c8,A,internal_code_A
자,,,a0242,A,internal_code_A
작,U+4F5C,作,04f5c,0,unicode
작,U+52FA,勺,052fa,0,unicode
작,U+56BC,嚼,056bc,0,unicode
작,U+5734,圴,05734,0,unicode
작,U+59B0,妰,059b0,0,unicode
작,U+5A65,婥,05a65,0,unicode
작,U+5C9D,岝,05c9d,0,unicode
작,U+600D,怍,0600d,0,unicode
작,U+65AB,斫,065ab,0,unicode
작,U+65B1,斱,065b1,0,unicode
작,U+6628,昨,06628,0,unicode
작,U+67DE,柞,067de,0,unicode
작,U+6C4B,汋,06c4b,0,unicode
작,U+707C,灼,0707c,0,unicode
작,U+70B8,炸,070b8,0,unicode
작,U+712F,焯,0712f,0,unicode
작,U+7235,爵,07235,0,unicode
작,U+72B3,犳,072b3,0,unicode
작,U+76AD,皭,076ad,0,unicode
작,U+788F,碏,0788f,0,unicode
작,U+7DBD,綽,07dbd,0,unicode
작,U+8203,舃,08203,0,unicode
작,U+828D,芍,0828d,0,unicode
작,U+914C,酌,0914c,0,unicode
작,U+96C0,雀,096c0,0,unicode
작,U+9D72,鵲,09d72,0,unicode
작,,,a01c9,A,internal_code_A
잔,U+5257,剗,05257,0,unicode
잔,U+5B71,孱,05b71,0,unicode
잔,U+68E7,棧,068e7,0,unicode
잔,U+6B98,殘,06b98,0,unicode
잔,U+6F7A,潺,06f7a,0,unicode
잔,U+76DE,盞,076de,0,unicode
잔,U+9A4F,驏,09a4f,0,unicode
잠,U+5C91,岑,05c91,0,unicode
잠,U+66AB,暫,066ab,0,unicode
잠,U+6D94,涔,06d94,0,unicode
잠,U+6F5B,潛,06f5b,0,unicode
잠,U+6F5C,潜,06f5c,0,unicode
잠,U+7BB4,箴,07bb4,0,unicode
잠,U+7C2A,簪,07c2a,0,unicode
잠,U+8836,蠶,08836,0,unicode
잡,U+5361,卡,05361,0,unicode
잡,U+56C3,囃,056c3,0,unicode
잡,U+7728,眨,07728,0,unicode
잡,U+78FC,磼,078fc,0,unicode
잡,U+894D,襍,0894d,0,unicode
잡,U+96DC,雜,096dc,0,unicode
장,U+4E08,丈,04e08,0,unicode
장,U+4EC9,仉,04ec9,0,unicode
장,U+4ED7,仗,04ed7,0,unicode
장,U+50BD,傽,050bd,0,unicode
장,U+5320,匠,05320,0,unicode
장,U+5834,場,05834,0,unicode
장,U+5887,墇,05887,0,unicode
장,U+58BB,墻,058bb,0,unicode
장,U+58EE,壮,058ee,0,unicode
장,U+58EF,壯,058ef,0,unicode
장,U+5958,奘,05958,0,unicode
장,U+596C,奬,0596c,0,unicode
장,U+599D,妝,0599d,0,unicode
장,U+5B19,嬙,05b19,0,unicode
장,U+5C06,将,05c06,0,unicode
장,U+5C07,將,05c07,0,unicode
장,U+5D82,嶂,05d82,0,unicode
장,U+5D88,嶈,05d88,0,unicode
장,U+5E33,帳,05e33,0,unicode
장,U+5E84,庄,05e84,0,unicode
장,U+5EE7,廧,05ee7,0,unicode
장,U+5F35,張,05f35,0,unicode
장,U+6215,戕,06215,0,unicode
장,U+638C,掌,0638c,0,unicode
장,U+66B2,暲,066b2,0,unicode
장,U+6756,杖,06756,0,unicode
장,U+6A1F,樟,06a1f,0,unicode
장,U+6AA3,檣,06aa3,0,unicode
장,U+6B0C,欌,06b0c,0,unicode
장,U+6F33,漳,06f33,0,unicode
장,U+6F3F,漿,06f3f,0,unicode
장,U+7242,牂,07242,0,unicode
장,U+7246,牆,07246,0,unicode
장,U+72C0,狀,072c0,0,unicode
장,U+734E,獎,0734e,0,unicode
장,U+7350,獐,07350,0,unicode
장,U+748B,璋,0748b,0,unicode
장,U+7634,瘴,07634,0,unicode
장,U+7AE0,章,07ae0,0,unicode
장,U+7CA7,粧,07ca7,0,unicode
장,U+7CDA,糚,07cda,0,unicode
장,U+7F98,羘,07f98,0,unicode
장,U+8178,腸,08178,0,unicode
장,U+81DF,臟,081df,0,unicode
장,U+81E7,臧,081e7,0,unicode
장,U+838A,莊,0838a,0,unicode
장,U+8407,萇,08407,0,unicode
장,U+846C,葬,0846c,0,unicode
장,U+8523,蔣,08523,0,unicode
장,U+8594,薔,08594,0,unicode
장,U+85CF,藏,085cf,0,unicode
장,U+8620,蘠,08620,0,unicode
장,U+88DD,裝,088dd,0,unicode
장,U+8D13,贓,08d13,0,unicode
장,U+9067,遧,09067,0,unicode
장,U+9123,鄣,09123,0,unicode
장,U+91AC,醬,091ac,0,unicode
장,U+93D8,鏘,093d8,0,unicode
장,U+9577,長,09577,0,unicode
장,U+969C,障,0969c,0,unicode
장,U+9926,餦,09926,0,unicode
장,U+9E9E,麞,09e9e,0,unicode
장,,,a01ca,A,internal_code_A
장,,,a01cb,A,internal_code_A
장,,,a01cc,A,internal_code_A
장,,,a01cd,A,internal_code_A
장,,,a01ce,A,internal_code_A
장,,,a01cf,A,internal_code_A
장,,,a01d0,A,internal_code_A
재,U+39B3,㦳,039b3,0,unicode
재,U+4BA8,䮨,04ba8,0,unicode
재,U+518D,再,0518d,0,unicode
재,U+54C9,哉,054c9,0,unicode
재,U+5728,在,05728,0,unicode
재,U+5908,夈,05908,0,unicode
재,U+5BB0,宰,05bb0,0,unicode
재,U+5D3D,崽,05d3d,0,unicode
재,U+624D,才,0624d,0,unicode
재,U+6257,扗,06257,0,unicode
재,U+635A,捚,0635a,0,unicode
재,U+6750,材,06750,0,unicode
재,U+683D,栽,0683d,0,unicode
재,U+6893,梓,06893,0,unicode
재,U+699F,榟,0699f,0,unicode
재,U+6E3D,渽,06e3d,0,unicode
재,U+6EA8,溨,06ea8,0,unicode
재,U+6ED3,滓,06ed3,0,unicode
재,U+707D,災,0707d,0,unicode
재,U+707E,灾,0707e,0,unicode
재,U+7E21,縡,07e21,0,unicode
재,U+7E94,纔,07e94,0,unicode
재,U+88C1,裁,088c1,0,unicode
재,U+8CA1,財,08ca1,0,unicode
재,U+8CF3,賳,08cf3,0,unicode
재,U+8F09,載,08f09,0,unicode
재,U+91EE,釮,091ee,0,unicode
재,U+9F4B,齋,09f4b,0,unicode
재,U+9F4E,齎,09f4e,0,unicode
쟁,U+5D22,崢,05d22,0,unicode
쟁,U+722D,爭,0722d,0,unicode
쟁,U+7319,猙,07319,0,unicode
쟁,U+7424,琤,07424,0,unicode
쟁,U+7B8F,箏,07b8f,0,unicode
쟁,U+8ACD,諍,08acd,0,unicode
쟁,U+931A,錚,0931a,0,unicode
쟁,U+9397,鎗,09397,0,unicode
저,U+3916,㤖,03916,0,unicode
저,U+4F47,佇,04f47,0,unicode
저,U+4F4E,低,04f4e,0,unicode
저,U+5132,儲,05132,0,unicode
저,U+5480,咀,05480,0,unicode
저,U+59D0,姐,059d0,0,unicode
저,U+5B81,宁,05b81,0,unicode
저,U+5CA8,岨,05ca8,0,unicode
저,U+5E95,底,05e95,0,unicode
저,U+62B5,抵,062b5,0,unicode
저,U+6775,杵,06775,0,unicode
저,U+677C,杼,0677c,0,unicode
저,U+67E2,柢,067e2,0,unicode
저,U+696E,楮,0696e,0,unicode
저,U+6A17,樗,06a17,0,unicode
저,U+6C10,氐,06c10,0,unicode
저,U+6CAE,沮,06cae,0,unicode
저,U+6E1A,渚,06e1a,0,unicode
저,U+6F74,潴,06f74,0,unicode
저,U+7026,瀦,07026,0,unicode
저,U+7274,牴,07274,0,unicode
저,U+72D9,狙,072d9,0,unicode
저,U+732A,猪,0732a,0,unicode
저,U+75BD,疽,075bd,0,unicode
저,U+7BB8,箸,07bb8,0,unicode
저,U+7D35,紵,07d35,0,unicode
저,U+7F5D,罝,07f5d,0,unicode
저,U+7F9D,羝,07f9d,0,unicode
저,U+82E7,苧,082e7,0,unicode
저,U+82F4,苴,082f4,0,unicode
저,U+83F9,菹,083f9,0,unicode
저,U+8457,著,08457,0,unicode
저,U+85F7,藷,085f7,0,unicode
저,U+86C6,蛆,086c6,0,unicode
저,U+889B,袛,0889b,0,unicode
저,U+891A,褚,0891a,0,unicode
저,U+89DD,觝,089dd,0,unicode
저,U+8A46,詆,08a46,0,unicode
저,U+8A5B,詛,08a5b,0,unicode
저,U+8A5D,詝,08a5d,0,unicode
저,U+8CAF,貯,08caf,0,unicode
저,U+8E87,躇,08e87,0,unicode
저,U+9019,這,09019,0,unicode
저,U+90B8,邸,090b8,0,unicode
저,U+967C,陼,0967c,0,unicode
저,U+96CE,雎,096ce,0,unicode
저,U+9F5F,齟,09f5f,0,unicode
저,,,a01d1,A,internal_code_A
저,,,a01d2,A,internal_code_A
저,,,a01d3,A,internal_code_A
저,,,a01d4,A,internal_code_A
저,,,a0272,A,internal_code_A
저,,,a0293,A,internal_code_A
적,U+3BD6,㯖,03bd6,0,unicode
적,U+52E3,勣,052e3,0,unicode
적,U+540A,吊,0540a,0,unicode
적,U+5547,啇,05547,0,unicode
적,U+5AE1,嫡,05ae1,0,unicode
적,U+5BC2,寂,05bc2,0,unicode
적,U+6458,摘,06458,0,unicode
적,U+6575,敵,06575,0,unicode
적,U+6A00,樀,06a00,0,unicode
적,U+6EF4,滴,06ef4,0,unicode
적,U+7099,炙,07099,0,unicode
적,U+72C4,狄,072c4,0,unicode
적,U+7393,玓,07393,0,unicode
적,U+7684,的,07684,0,unicode
적,U+78E7,磧,078e7,0,unicode
적,U+7A4D,積,07a4d,0,unicode
적,U+7B1B,笛,07b1b,0,unicode
적,U+7C4D,籍,07c4d,0,unicode
적,U+7CF4,糴,07cf4,0,unicode
적,U+7E3E,績,07e3e,0,unicode
적,U+7FDF,翟,07fdf,0,unicode
적,U+837B,荻,0837b,0,unicode
적,U+83C2,菂,083c2,0,unicode
적,U+89BF,覿,089bf,0,unicode
적,U+8B2B,謫,08b2b,0,unicode
적,U+8CCA,賊,08cca,0,unicode
적,U+8D64,赤,08d64,0,unicode
적,U+8DE1,跡,08de1,0,unicode
적,U+8E5F,蹟,08e5f,0,unicode
적,U+8FEA,迪,08fea,0,unicode
적,U+8FF9,迹,08ff9,0,unicode
적,U+9016,逖,09016,0,unicode
적,U+9069,適,09069,0,unicode
적,U+93D1,鏑,093d1,0,unicode
적,U+99B0,馰,099b0,0,unicode
적,,,a01d5,A,internal_code_A
전,U+4F43,佃,04f43,0,unicode
전,U+4F7A,佺,04f7a,0,unicode
전,U+50B3,傳,050b3,0,unicode
전,U+5168,全,05168,0,unicode
전,U+5178,典,05178,0,unicode
전,U+51BF,冿,051bf,0,unicode
전,U+524D,前,0524d,0,unicode
전,U+526A,剪,0526a,0,unicode
전,U+542E,吮,0542e,0,unicode
전,U+56C0,囀,056c0,0,unicode
전,U+5861,塡,05861,0,unicode
전,U+587C,塼,0587c,0,unicode
전,U+5960,奠,05960,0,unicode
전,U+59FE,姾,059fe,0,unicode
전,U+5AE5,嫥,05ae5,0,unicode
전,U+5C08,專,05c08,0,unicode
전,U+5C47,屇,05c47,0,unicode
전,U+5C55,展,05c55,0,unicode
전,U+5DD3,巓,05dd3,0,unicode
전,U+5EDB,廛,05edb,0,unicode
전,U+609B,悛,0609b,0,unicode
전,U+6229,戩,06229,0,unicode
전,U+6230,戰,06230,0,unicode
전,U+63C3,揃,063c3,0,unicode
전,U+640C,搌,0640c,0,unicode
전,U+6437,搷,06437,0,unicode
전,U+65C3,旃,065c3,0,unicode
전,U+6718,朘,06718,0,unicode
전,U+6813,栓,06813,0,unicode
전,U+6834,栴,06834,0,unicode
전,U+6A4F,橏,06a4f,0,unicode
전,U+6BBF,殿,06bbf,0,unicode
전,U+6C08,氈,06c08,0,unicode
전,U+6CB4,沴,06cb4,0,unicode
전,U+6CBA,沺,06cba,0,unicode
전,U+6E54,湔,06e54,0,unicode
전,U+6FB1,澱,06fb1,0,unicode
전,U+6FB6,澶,06fb6,0,unicode
전,U+700D,瀍,0700d,0,unicode
전,U+714E,煎,0714e,0,unicode
전,U+724B,牋,0724b,0,unicode
전,U+7420,琠,07420,0,unicode
전,U+7454,瑔,07454,0,unicode
전,U+750E,甎,0750e,0,unicode
전,U+7530,田,07530,0,unicode
전,U+7538,甸,07538,0,unicode
전,U+754B,畋,0754b,0,unicode
전,U+7551,畑,07551,0,unicode
전,U+75CA,痊,075ca,0,unicode
전,U+765C,癜,0765c,0,unicode
전,U+7672,癲,07672,0,unicode
전,U+78DA,磚,078da,0,unicode
전,U+7AF1,竱,07af1,0,unicode
전,U+7B4C,筌,07b4c,0,unicode
전,U+7B8B,箋,07b8b,0,unicode
전,U+7BAD,箭,07bad,0,unicode
전,U+7BC6,篆,07bc6,0,unicode
전,U+7C5B,籛,07c5b,0,unicode
전,U+7E8F,纏,07e8f,0,unicode
전,U+7FB6,羶,07fb6,0,unicode
전,U+7FE6,翦,07fe6,0,unicode
전,U+8146,腆,08146,0,unicode
전,U+819E,膞,0819e,0,unicode
전,U+8343,荃,08343,0,unicode
전,U+8A6E,詮,08a6e,0,unicode
전,U+8CDF,賟,08cdf,0,unicode
전,U+8E94,躔,08e94,0,unicode
전,U+8F07,輇,08f07,0,unicode
전,U+8F3E,輾,08f3e,0,unicode
전,U+8F49,轉,08f49,0,unicode
전,U+9085,邅,09085,0,unicode
전,U+913D,鄽,0913d,0,unicode
전,U+923F,鈿,0923f,0,unicode
전,U+9293,銓,09293,0,unicode
전,U+92D1,鋑,092d1,0,unicode
전,U+9322,錢,09322,0,unicode
전,U+932A,錪,0932a,0,unicode
전,U+942B,鐫,0942b,0,unicode
전,U+96CB,雋,096cb,0,unicode
전,U+96FB,電,096fb,0,unicode
전,U+975B,靛,0975b,0,unicode
전,U+9766,靦,09766,0,unicode
전,U+9853,顓,09853,0,unicode
전,U+985A,顚,0985a,0,unicode
전,U+986B,顫,0986b,0,unicode
전,U+98E6,飦,098e6,0,unicode
전,U+991E,餞,0991e,0,unicode
전,U+9930,餰,09930,0,unicode
전,U+9B0B,鬋,09b0b,0,unicode
전,U+9C63,鱣,09c63,0,unicode
전,U+9E07,鸇,09e07,0,unicode
전,,,a01d6,A,internal_code_A
절,U+4038,䀸,04038,0,unicode
절,U+5207,切,05207,0,unicode
절,U+5886,墆,05886,0,unicode
절,U+5C8A,岊,05c8a,0,unicode
절,U+622A,截,0622a,0,unicode
절,U+6298,折,06298,0,unicode
절,U+6662,晢,06662,0,unicode
절,U+6D59,浙,06d59,0,unicode
절,U+7664,癤,07664,0,unicode
절,U+7ACA,竊,07aca,0,unicode
절,U+7BC0,節,07bc0,0,unicode
절,U+7D55,絕,07d55,0,unicode
절,U+7D76,絶,07d76,0,unicode
점,U+4F54,佔,04f54,0,unicode
점,U+51BF,冿,051bf,0,unicode
점,U+5360,占,05360,0,unicode
점,U+576B,坫,0576b,0,unicode
점,U+588A,墊,0588a,0,unicode
점,U+594C,奌,0594c,0,unicode
점,U+5CBE,岾,05cbe,0,unicode
점,U+5E97,店,05e97,0,unicode
점,U+6F38,漸,06f38,0,unicode
점,U+70B9,点,070b9,0,unicode
점,U+73B7,玷,073b7,0,unicode
점,U+7B18,笘,07b18,0,unicode
점,U+7C1F,簟,07c1f,0,unicode
점,U+7C98,粘,07c98,0,unicode
점,U+82EB,苫,082eb,0,unicode
점,U+852A,蔪,0852a,0,unicode
점,U+86C5,蛅,086c5,0,unicode
점,U+8998,覘,08998,0,unicode
점,U+9711,霑,09711,0,unicode
점,U+98AD,颭,098ad,0,unicode
점,U+9B8E,鮎,09b8e,0,unicode
점,U+9ECF,黏,09ecf,0,unicode
점,U+9EDE,點,09ede,0,unicode
접,U+63A5,接,063a5,0,unicode
접,U+647A,摺,0647a,0,unicode
접,U+6904,椄,06904,0,unicode
접,U+696A,楪,0696a,0,unicode
접,U+8728,蜨,08728,0,unicode
접,U+8776,蝶,08776,0,unicode
접,U+8DD5,跕,08dd5,0,unicode
접,U+8E40,蹀,08e40,0,unicode
접,U+9C08,鰈,09c08,0,unicode
정,U+4107,䄇,04107,0,unicode
정,U+4191,䆑,04191,0,unicode
정,U+41B8,䆸,041b8,0,unicode
정,U+4E01,丁,04e01,0,unicode
정,U+4E95,井,04e95,0,unicode
정,U+4EAD,亭,04ead,0,unicode
정,U+4EC3,仃,04ec3,0,unicode
정,U+4F42,佂,04f42,0,unicode
정,U+4FB9,侹,04fb9,0,unicode
정,U+505C,停,0505c,0,unicode
정,U+5075,偵,05075,0,unicode
정,U+51C8,凈,051c8,0,unicode
정,U+53EE,叮,053ee,0,unicode
정,U+5448,呈,05448,0,unicode
정,U+5722,圢,05722,0,unicode
정,U+57E9,埩,057e9,0,unicode
정,U+5975,奵,05975,0,unicode
정,U+598C,妌,0598c,0,unicode
정,U+59C3,姃,059c3,0,unicode
정,U+5A17,娗,05a17,0,unicode
정,U+5A67,婧,05a67,0,unicode
정,U+5A77,婷,05a77,0,unicode
정,U+5B9A,定,05b9a,0,unicode
정,U+5BCA,寊,05bca,0,unicode
정,U+5D49,嵉,05d49,0,unicode
정,U+5E40,幀,05e40,0,unicode
정,U+5EAD,庭,05ead,0,unicode
정,U+5EF7,廷,05ef7,0,unicode
정,U+5F81,征,05f81,0,unicode
정,U+6014,怔,06014,0,unicode
정,U+60C5,情,060c5,0,unicode
정,U+6330,挰,06330,0,unicode
정,U+633A,挺,0633a,0,unicode
정,U+639F,掟,0639f,0,unicode
정,U+63C1,揁,063c1,0,unicode
정,U+653F,政,0653f,0,unicode
정,U+6574,整,06574,0,unicode
정,U+65CC,旌,065cc,0,unicode
정,U+6676,晶,06676,0,unicode
정,U+6678,晸,06678,0,unicode
정,U+673E,朾,0673e,0,unicode
정,U+67FE,柾,067fe,0,unicode
정,U+686F,桯,0686f,0,unicode
정,U+6883,梃,06883,0,unicode
정,U+68D6,棖,068d6,0,unicode
정,U+695F,楟,0695f,0,unicode
정,U+6968,楨,06968,0,unicode
정,U+6A89,檉,06a89,0,unicode
정,U+6B63,正,06b63,0,unicode
정,U+6C40,汀,06c40,0,unicode
정,U+6C6B,汫,06c6b,0,unicode
정,U+6CDF,泟,06cdf,0,unicode
정,U+6D8F,涏,06d8f,0,unicode
정,U+6DC0,淀,06dc0,0,unicode
정,U+6DE8,淨,06de8,0,unicode
정,U+6E1F,渟,06e1f,0,unicode
정,U+6E5E,湞,06e5e,0,unicode
정,U+701E,瀞,0701e,0,unicode
정,U+706F,灯,0706f,0,unicode
정,U+70A1,炡,070a1,0,unicode
정,U+738E,玎,0738e,0,unicode
정,U+73F5,珵,073f5,0,unicode
정,U+73FD,珽,073fd,0,unicode
정,U+753A,町,0753a,0,unicode
정,U+7594,疔,07594,0,unicode
정,U+76EF,盯,076ef,0,unicode
정,U+7710,眐,07710,0,unicode
정,U+775B,睛,0775b,0,unicode
정,U+77F4,矴,077f4,0,unicode
정,U+7887,碇,07887,0,unicode
정,U+78A0,碠,078a0,0,unicode
정,U+798E,禎,0798e,0,unicode
정,U+7A0B,程,07a0b,0,unicode
정,U+7A7D,穽,07a7d,0,unicode
정,U+7AEB,竫,07aeb,0,unicode
정,U+7B73,筳,07b73,0,unicode
정,U+7CBE,精,07cbe,0,unicode
정,U+7D8E,綎,07d8e,0,unicode
정,U+8059,聙,08059,0,unicode
정,U+80DC,胜,080dc,0,unicode
정,U+8247,艇,08247,0,unicode
정,U+839B,莛,0839b,0,unicode
정,U+8476,葶,08476,0,unicode
정,U+8A02,訂,08a02,0,unicode
정,U+8A3C,証,08a3c,0,unicode
정,U+8ADA,諚,08ada,0,unicode
정,U+8AEA,諪,08aea,0,unicode
정,U+8C9E,貞,08c9e,0,unicode
정,U+8D6C,赬,08d6c,0,unicode
정,U+9049,遉,09049,0,unicode
정,U+912D,鄭,0912d,0,unicode
정,U+914A,酊,0914a,0,unicode
정,U+9172,酲,09172,0,unicode
정,U+91D8,釘,091d8,0,unicode
정,U+9266,鉦,09266,0,unicode
정,U+92CC,鋌,092cc,0,unicode
정,U+92E5,鋥,092e5,0,unicode
정,U+9320,錠,09320,0,unicode
정,U+9637,阷,09637,0,unicode
정,U+9706,霆,09706,0,unicode
정,U+9756,靖,09756,0,unicode
정,U+9758,靘,09758,0,unicode
정,U+9759,静,09759,0,unicode
정,U+975A,靚,0975a,0,unicode
정,U+975C,靜,0975c,0,unicode
정,U+9802,頂,09802,0,unicode
정,U+9832,頲,09832,0,unicode
정,U+9841,顁,09841,0,unicode
정,U+9D0A,鴊,09d0a,0,unicode
정,U+9F0E,鼎,09f0e,0,unicode
정,U+294DE,𩓞,294de,2,unicode
정,,,a0106,A,internal_code_A
정,,,a0216,A,internal_code_A
정,U+F10E3,,f10e3,F,private_use_F
제,U+4FE4,俤,04fe4,0,unicode
제,U+5059,偙,05059,0,unicode
제,U+50C0,僀,050c0,0,unicode
제,U+5115,儕,05115,0,unicode
제,U+5236,制,05236,0,unicode
제,U+5291,劑,05291,0,unicode
제,U+557C,啼,0557c,0,unicode
제,U+5824,堤,05824,0,unicode
제,U+59FC,姼,059fc,0,unicode
제,U+5A23,娣,05a23,0,unicode
제,U+5A9E,媞,05a9e,0,unicode
제,U+5E1D,帝,05e1d,0,unicode
제,U+5F1F,弟,05f1f,0,unicode
제,U+608C,悌,0608c,0,unicode
제,U+63D0,提,063d0,0,unicode
제,U+64E0,擠,064e0,0,unicode
제,U+6662,晢,06662,0,unicode
제,U+68AF,梯,068af,0,unicode
제,U+6DDB,淛,06ddb,0,unicode
제,U+6E08,済,06e08,0,unicode
제,U+6E27,渧,06e27,0,unicode
제,U+6F08,漈,06f08,0,unicode
제,U+6FDF,濟,06fdf,0,unicode
제,U+7318,猘,07318,0,unicode
제,U+7445,瑅,07445,0,unicode
제,U+7747,睇,07747,0,unicode
제,U+796D,祭,0796d,0,unicode
제,U+7994,禔,07994,0,unicode
제,U+7A0A,稊,07a0a,0,unicode
제,U+7B2C,第,07b2c,0,unicode
제,U+7DF9,緹,07df9,0,unicode
제,U+81CD,臍,081cd,0,unicode
제,U+82D0,苐,082d0,0,unicode
제,U+85BA,薺,085ba,0,unicode
제,U+88FD,製,088fd,0,unicode
제,U+8AF8,諸,08af8,0,unicode
제,U+8E36,踶,08e36,0,unicode
제,U+8E44,蹄,08e44,0,unicode
제,U+8E4F,蹏,08e4f,0,unicode
제,U+8E8B,躋,08e8b,0,unicode
제,U+918D,醍,0918d,0,unicode
제,U+9357,鍗,09357,0,unicode
제,U+9664,除,09664,0,unicode
제,U+9684,隄,09684,0,unicode
제,U+969B,際,0969b,0,unicode
제,U+96AE,隮,096ae,0,unicode
제,U+973D,霽,0973d,0,unicode
제,U+97F2,韲,097f2,0,unicode
제,U+984C,題,0984c,0,unicode
제,U+9BA7,鮧,09ba7,0,unicode
제,U+9BF7,鯷,09bf7,0,unicode
제,U+9F4A,齊,09f4a,0,unicode
제,,,a01d7,A,internal_code_A
제,U+F0A90,,f0a90,F,private_use_F
조,U+3716,㜖,03716,0,unicode
조,U+4890,䢐,04890,0,unicode
조,U+4F7B,佻,04f7b,0,unicode
조,U+4FCE,俎,04fce,0,unicode
조,U+50AE,傮,050ae,0,unicode
조,U+5146,兆,05146,0,unicode
조,U+51CB,凋,051cb,0,unicode
조,U+5201,刁,05201,0,unicode
조,U+52A9,助,052a9,0,unicode
조,U+539D,厝,0539d,0,unicode
조,U+5541,啁,05541,0,unicode
조,U+5608,嘈,05608,0,unicode
조,U+5632,嘲,05632,0,unicode
조,U+566A,噪,0566a,0,unicode
조,U+595D,奝,0595d,0,unicode
조,U+5B25,嬥,05b25,0,unicode
조,U+5D86,嶆,05d86,0,unicode
조,U+5F14,弔,05f14,0,unicode
조,U+5F6B,彫,05f6b,0,unicode
조,U+5F82,徂,05f82,0,unicode
조,U+61C6,懆,061c6,0,unicode
조,U+627E,找,0627e,0,unicode
조,U+63AA,措,063aa,0,unicode
조,U+64CD,操,064cd,0,unicode
조,U+65E9,早,065e9,0,unicode
조,U+662D,昭,0662d,0,unicode
조,U+6640,晀,06640,0,unicode
조,U+6641,晁,06641,0,unicode
조,U+66F9,曹,066f9,0,unicode
조,U+66FA,曺,066fa,0,unicode
조,U+671D,朝,0671d,0,unicode
조,U+689D,條,0689d,0,unicode
조,U+68D7,棗,068d7,0,unicode
조,U+69FD,槽,069fd,0,unicode
조,U+6B82,殂,06b82,0,unicode
조,U+6F15,漕,06f15,0,unicode
조,U+6F6E,潮,06f6e,0,unicode
조,U+6FA1,澡,06fa1,0,unicode
조,U+70A4,炤,070a4,0,unicode
조,U+7167,照,07167,0,unicode
조,U+71E5,燥,071e5,0,unicode
조,U+722A,爪,0722a,0,unicode
조,U+73C7,珇,073c7,0,unicode
조,U+7431,琱,07431,0,unicode
조,U+74AA,璪,074aa,0,unicode
조,U+7681,皁,07681,0,unicode
조,U+773A,眺,0773a,0,unicode
조,U+7889,碉,07889,0,unicode
조,U+7956,祖,07956,0,unicode
조,U+795A,祚,0795a,0,unicode
조,U+7967,祧,07967,0,unicode
조,U+79DF,租,079df,0,unicode
조,U+7A20,稠,07a20,0,unicode
조,U+7A95,窕,07a95,0,unicode
조,U+7AC8,竈,07ac8,0,unicode
조,U+7B0A,笊,07b0a,0,unicode
조,U+7C97,粗,07c97,0,unicode
조,U+7CD9,糙,07cd9,0,unicode
조,U+7CDF,糟,07cdf,0,unicode
조,U+7CF6,糶,07cf6,0,unicode
조,U+7D44,組,07d44,0,unicode
조,U+7D5B,絛,07d5b,0,unicode
조,U+7D69,絩,07d69,0,unicode
조,U+7E70,繰,07e70,0,unicode
조,U+8087,肇,08087,0,unicode
조,U+80D9,胙,080d9,0,unicode
조,U+81CA,臊,081ca,0,unicode
조,U+825A,艚,0825a,0,unicode
조,U+8526,蔦,08526,0,unicode
조,U+85FB,藻,085fb,0,unicode
조,U+86A4,蚤,086a4,0,unicode
조,U+8729,蜩,08729,0,unicode
조,U+899C,覜,0899c,0,unicode
조,U+8A54,詔,08a54,0,unicode
조,U+8A82,誂,08a82,0,unicode
조,U+8ABF,調,08abf,0,unicode
조,U+8B5F,譟,08b5f,0,unicode
조,U+8D99,趙,08d99,0,unicode
조,U+8E81,躁,08e81,0,unicode
조,U+9020,造,09020,0,unicode
조,U+906D,遭,0906d,0,unicode
조,U+9135,鄵,09135,0,unicode
조,U+91E3,釣,091e3,0,unicode
조,U+921F,鈟,0921f,0,unicode
조,U+929A,銚,0929a,0,unicode
조,U+92FD,鋽,092fd,0,unicode
조,U+963B,阻,0963b,0,unicode
조,U+96D5,雕,096d5,0,unicode
조,U+9BDB,鯛,09bdb,0,unicode
조,U+9CE5,鳥,09ce5,0,unicode
조,U+9D70,鵰,09d70,0,unicode
조,U+9F02,鼂,09f02,0,unicode
조,U+2012C,𠄬,2012c,2,unicode
조,,,a010f,A,internal_code_A
조,,,a01d8,A,internal_code_A
조,U+F346D,,f346d,F,private_use_F
족,U+65CF,族,065cf,0,unicode
족,U+762F,瘯,0762f,0,unicode
족,U+7C07,簇,07c07,0,unicode
족,U+8DB3,足,08db3,0,unicode
족,U+93C3,鏃,093c3,0,unicode
존,U+5B58,存,05b58,0,unicode
존,U+5C0A,尊,05c0a,0,unicode
존,U+62F5,拵,062f5,0,unicode
졸,U+5352,卒,05352,0,unicode
졸,U+62D9,拙,062d9,0,unicode
졸,U+731D,猝,0731d,0,unicode
종,U+38ED,㣭,038ed,0,unicode
종,U+4F00,伀,04f00,0,unicode
종,U+5027,倧,05027,0,unicode
종,U+5839,堹,05839,0,unicode
종,U+5B6E,孮,05b6e,0,unicode
종,U+5B97,宗,05b97,0,unicode
종,U+5D4F,嵏,05d4f,0,unicode
종,U+5D77,嵷,05d77,0,unicode
종,U+5D78,嵸,05d78,0,unicode
종,U+5F96,徖,05f96,0,unicode
종,U+5F9E,從,05f9e,0,unicode
종,U+60B0,悰,060b0,0,unicode
종,U+6152,慒,06152,0,unicode
종,U+616B,慫,0616b,0,unicode
종,U+67CA,柊,067ca,0,unicode
종,U+68D5,棕,068d5,0,unicode
종,U+6936,椶,06936,0,unicode
종,U+6A05,樅,06a05,0,unicode
종,U+6DD9,淙,06dd9,0,unicode
종,U+6F68,潨,06f68,0,unicode
종,U+7082,炂,07082,0,unicode
종,U+7144,煄,07144,0,unicode
종,U+742E,琮,0742e,0,unicode
종,U+747D,瑽,0747d,0,unicode
종,U+7607,瘇,07607,0,unicode
종,U+7A2E,種,07a2e,0,unicode
종,U+7D42,終,07d42,0,unicode
종,U+7D9C,綜,07d9c,0,unicode
종,U+7E31,縱,07e31,0,unicode
종,U+816B,腫,0816b,0,unicode
종,U+87BD,螽,087bd,0,unicode
종,U+8908,褈,08908,0,unicode
종,U+8E2A,踪,08e2a,0,unicode
종,U+8E35,踵,08e35,0,unicode
종,U+8E64,蹤,08e64,0,unicode
종,U+931D,錝,0931d,0,unicode
종,U+937E,鍾,0937e,0,unicode
종,U+9418,鐘,09418,0,unicode
종,U+9B37,鬷,09b37,0,unicode
좌,U+4F50,佐,04f50,0,unicode
좌,U+5249,剉,05249,0,unicode
좌,U+5750,坐,05750,0,unicode
좌,U+5DE6,左,05de6,0,unicode
좌,U+5EA7,座,05ea7,0,unicode
좌,U+632B,挫,0632b,0,unicode
좌,U+75E4,痤,075e4,0,unicode
좌,U+839D,莝,0839d,0,unicode
좌,U+9AFD,髽,09afd,0,unicode
죄,U+7F6A,罪,07f6a,0,unicode
주,U+3AF6,㫶,03af6,0,unicode
주,U+43BB,䎻,043bb,0,unicode
주,U+46C6,䛆,046c6,0,unicode
주,U+476C,䝬,0476c,0,unicode
주,U+4E1F,丟,04e1f,0,unicode
주,U+4E3B,主,04e3b,0,unicode
주,U+4F37,伷,04f37,0,unicode
주,U+4F4F,住,04f4f,0,unicode
주,U+4F8F,侏,04f8f,0,unicode
주,U+4F9C,侜,04f9c,0,unicode
주,U+505A,做,0505a,0,unicode
주,U+5114,儔,05114,0,unicode
주,U+5191,冑,05191,0,unicode
주,U+51D1,凑,051d1,0,unicode
주,U+5468,周,05468,0,unicode
주,U+546A,呪,0546a,0,unicode
주,U+54AE,咮,054ae,0,unicode
주,U+5541,啁,05541,0,unicode
주,U+55FE,嗾,055fe,0,unicode
주,U+594F,奏,0594f,0,unicode
주,U+59B5,妵,059b5,0,unicode
주,U+59DD,姝,059dd,0,unicode
주,U+5A64,婤,05a64,0,unicode
주,U+5B99,宙,05b99,0,unicode
주,U+5C0C,尌,05c0c,0,unicode
주,U+5DDE,州,05dde,0,unicode
주,U+5E6C,幬,05e6c,0,unicode
주,U+5EDA,廚,05eda,0,unicode
주,U+62C4,拄,062c4,0,unicode
주,U+665D,晝,0665d,0,unicode
주,U+666D,晭,0666d,0,unicode
주,U+6731,朱,06731,0,unicode
주,U+67F1,柱,067f1,0,unicode
주,U+682A,株,0682a,0,unicode
주,U+6906,椆,06906,0,unicode
주,U+6971,楱,06971,0,unicode
주,U+6CE8,注,06ce8,0,unicode
주,U+6D00,洀,06d00,0,unicode
주,U+6D32,洲,06d32,0,unicode
주,U+6DCD,淍,06dcd,0,unicode
주,U+6F8D,澍,06f8d,0,unicode
주,U+70B7,炷,070b7,0,unicode
주,U+71FD,燽,071fd,0,unicode
주,U+73D8,珘,073d8,0,unicode
주,U+73E0,珠,073e0,0,unicode
주,U+7587,疇,07587,0,unicode
주,U+7697,皗,07697,0,unicode
주,U+776D,睭,0776d,0,unicode
주,U+7843,硃,07843,0,unicode
주,U+7C4C,籌,07c4c,0,unicode
주,U+7C52,籒,07c52,0,unicode
주,U+7C99,粙,07c99,0,unicode
주,U+7D02,紂,07d02,0,unicode
주,U+7D2C,紬,07d2c,0,unicode
주,U+7D38,紸,07d38,0,unicode
주,U+7D51,絑,07d51,0,unicode
주,U+7DA2,綢,07da2,0,unicode
주,U+80C4,胄,080c4,0,unicode
주,U+80D5,胕,080d5,0,unicode
주,U+8160,腠,08160,0,unicode
주,U+821F,舟,0821f,0,unicode
주,U+851F,蔟,0851f,0,unicode
주,U+86C0,蛀,086c0,0,unicode
주,U+86DB,蛛,086db,0,unicode
주,U+88EF,裯,088ef,0,unicode
주,U+8A3B,註,08a3b,0,unicode
주,U+8A4B,詋,08a4b,0,unicode
주,U+8A76,詶,08a76,0,unicode
주,U+8A85,誅,08a85,0,unicode
주,U+8ABF,調,08abf,0,unicode
주,U+8CD9,賙,08cd9,0,unicode
주,U+8D70,走,08d70,0,unicode
주,U+8D8E,趎,08d8e,0,unicode
주,U+8E8A,躊,08e8a,0,unicode
주,U+8F08,輈,08f08,0,unicode
주,U+8F16,輖,08f16,0,unicode
주,U+8F33,輳,08f33,0,unicode
주,U+900E,逎,0900e,0,unicode
주,U+9031,週,09031,0,unicode
주,U+9052,遒,09052,0,unicode
주,U+90BE,邾,090be,0,unicode
주,U+914E,酎,0914e,0,unicode
주,U+9152,酒,09152,0,unicode
주,U+9252,鉒,09252,0,unicode
주,U+9282,銂,09282,0,unicode
주,U+9444,鑄,09444,0,unicode
주,U+970C,霌,0970c,0,unicode
주,U+9714,霔,09714,0,unicode
주,U+99D0,駐,099d0,0,unicode
주,U+9E88,麈,09e88,0,unicode
주,U+9F04,鼄,09f04,0,unicode
주,,,a023a,A,internal_code_A
죽,U+7AF9,竹,07af9,0,unicode
죽,U+7CA5,粥,07ca5,0,unicode
준,U+472D,䜭,0472d,0,unicode
준,U+47AD,䞭,047ad,0,unicode
준,U+4FCA,俊,04fca,0,unicode
준,U+5046,偆,05046,0,unicode
준,U+50CE,僎,050ce,0,unicode
준,U+50D4,僔,050d4,0,unicode
준,U+5101,儁,05101,0,unicode
준,U+51C6,准,051c6,0,unicode
준,U+51D6,凖,051d6,0,unicode
준,U+57C8,埈,057c8,0,unicode
준,U+57FB,埻,057fb,0,unicode
준,U+58AB,墫,058ab,0,unicode
준,U+590B,夋,0590b,0,unicode
준,U+5BEF,寯,05bef,0,unicode
준,U+5CFB,峻,05cfb,0,unicode
준,U+5D9F,嶟,05d9f,0,unicode
준,U+60F7,惷,060f7,0,unicode
준,U+61CF,懏,061cf,0,unicode
준,U+6358,捘,06358,0,unicode
준,U+6499,撙,06499,0,unicode
준,U+6659,晙,06659,0,unicode
준,U+6A3D,樽,06a3d,0,unicode
준,U+6D5A,浚,06d5a,0,unicode
준,U+6E96,準,06e96,0,unicode
준,U+6FEC,濬,06fec,0,unicode
준,U+710C,焌,0710c,0,unicode
준,U+756F,畯,0756f,0,unicode
준,U+76B4,皴,076b4,0,unicode
준,U+7743,睃,07743,0,unicode
준,U+7A15,稕,07a15,0,unicode
준,U+7AE3,竣,07ae3,0,unicode
준,U+7AF4,竴,07af4,0,unicode
준,U+7D14,純,07d14,0,unicode
준,U+7DA7,綧,07da7,0,unicode
준,U+7F47,罇,07f47,0,unicode
준,U+8470,葰,08470,0,unicode
준,U+8822,蠢,08822,0,unicode
준,U+8CD0,賐,08cd0,0,unicode
준,U+8E06,踆,08e06,0,unicode
준,U+8E72,蹲,08e72,0,unicode
준,U+8FFF,迿,08fff,0,unicode
준,U+9021,逡,09021,0,unicode
준,U+9075,遵,09075,0,unicode
준,U+940F,鐏,0940f,0,unicode
준,U+9656,陖,09656,0,unicode
준,U+96BC,隼,096bc,0,unicode
준,U+96CB,雋,096cb,0,unicode
준,U+9915,餕,09915,0,unicode
준,U+99FF,駿,099ff,0,unicode
준,U+9C52,鱒,09c52,0,unicode
준,U+9D54,鵔,09d54,0,unicode
준,U+224ED,𢓭,224ed,2,unicode
준,U+28D8A,𨶊,28d8a,2,unicode
준,,,a0221,A,internal_code_A
줄,U+4E7C,乼,04e7c,0,unicode
줄,U+8301,茁,08301,0,unicode
줄,,,a01d9,A,internal_code_A
중,U+4E2D,中,04e2d,0,unicode
중,U+4EF2,仲,04ef2,0,unicode
중,U+773E,眾,0773e,0,unicode
중,U+7DDF,緟,07ddf,0,unicode
중,U+8846,衆,08846,0,unicode
중,U+8908,褈,08908,0,unicode
중,U+91CD,重,091cd,0,unicode
즉,U+5373,即,05373,0,unicode
즉,U+537D,卽,0537d,0,unicode
즉,U+559E,喞,0559e,0,unicode
즐,U+6ADB,櫛,06adb,0,unicode
즐,U+9A2D,騭,09a2d,0,unicode
즙,U+696B,楫,0696b,0,unicode
즙,U+6A9D,檝,06a9d,0,unicode
즙,U+6C41,汁,06c41,0,unicode
즙,U+6FC8,濈,06fc8,0,unicode
즙,U+847A,葺,0847a,0,unicode
즙,U+857A,蕺,0857a,0,unicode
즙,,,a01da,A,internal_code_A
증,U+589E,增,0589e,0,unicode
증,U+5D92,嶒,05d92,0,unicode
증,U+618E,憎,0618e,0,unicode
증,U+62EF,拯,062ef,0,unicode
증,U+66FE,曾,066fe,0,unicode
증,U+70DD,烝,070dd,0,unicode
증,U+7511,甑,07511,0,unicode
증,U+75C7,症,075c7,0,unicode
증,U+77F0,矰,077f0,0,unicode
증,U+7E52,繒,07e52,0,unicode
증,U+7F7E,罾,07f7e,0,unicode
증,U+84B8,蒸,084b8,0,unicode
증,U+8B49,證,08b49,0,unicode
증,U+8D08,贈,08d08,0,unicode
증,U+912B,鄫,0912b,0,unicode
증,,,a01db,A,internal_code_A
지,U+3A7C,㩼,03a7c,0,unicode
지,U+4E4B,之,04e4b,0,unicode
지,U+52A7,劧,052a7,0,unicode
지,U+538E,厎,0538e,0,unicode
지,U+53EA,只,053ea,0,unicode
지,U+5431,吱,05431,0,unicode
지,U+54AB,咫,054ab,0,unicode
지,U+5730,地,05730,0,unicode
지,U+5740,址,05740,0,unicode
지,U+5741,坁,05741,0,unicode
지,U+577B,坻,0577b,0,unicode
지,U+5880,墀,05880,0,unicode
지,U+5BE6,實,05be6,0,unicode
지,U+5FD7,志,05fd7,0,unicode
지,U+5FEF,忯,05fef,0,unicode
지,U+627A,扺,0627a,0,unicode
지,U+6301,持,06301,0,unicode
지,U+6307,指,06307,0,unicode
지,U+6418,搘,06418,0,unicode
지,U+646F,摯,0646f,0,unicode
지,U+652F,支,0652f,0,unicode
지,U+65E8,旨,065e8,0,unicode
지,U+667A,智,0667a,0,unicode
지,U+676B,杫,0676b,0,unicode
지,U+679D,枝,0679d,0,unicode
지,U+67B3,枳,067b3,0,unicode
지,U+69B0,榰,069b0,0,unicode
지,U+6B62,止,06b62,0,unicode
지,U+6C60,池,06c60,0,unicode
지,U+6C65,汥,06c65,0,unicode
지,U+6C66,汦,06c66,0,unicode
지,U+6C9A,沚,06c9a,0,unicode
지,U+6CDC,泜,06cdc,0,unicode
지,U+6D14,洔,06d14,0,unicode
지,U+6F2C,漬,06f2c,0,unicode
지,U+6F6A,潪,06f6a,0,unicode
지,U+75E3,痣,075e3,0,unicode
지,U+77E5,知,077e5,0,unicode
지,U+7825,砥,07825,0,unicode
지,U+7947,祇,07947,0,unicode
지,U+7949,祉,07949,0,unicode
지,U+7957,祗,07957,0,unicode
지,U+7994,禔,07994,0,unicode
지,U+79D6,秖,079d6,0,unicode
지,U+79EA,秪,079ea,0,unicode
지,U+7BEA,篪,07bea,0,unicode
지,U+7D19,紙,07d19,0,unicode
지,U+80A2,肢,080a2,0,unicode
지,U+8102,脂,08102,0,unicode
지,U+81F3,至,081f3,0,unicode
지,U+81F8,臸,081f8,0,unicode
지,U+8210,舐,08210,0,unicode
지,U+829D,芝,0829d,0,unicode
지,U+82B7,芷,082b7,0,unicode
지,U+8718,蜘,08718,0,unicode
지,U+8879,衹,08879,0,unicode
지,U+887C,衼,0887c,0,unicode
지,U+899F,覟,0899f,0,unicode
지,U+89D7,觗,089d7,0,unicode
지,U+8A8C,誌,08a8c,0,unicode
지,U+8B58,識,08b58,0,unicode
지,U+8D04,贄,08d04,0,unicode
지,U+8DBE,趾,08dbe,0,unicode
지,U+8E1F,踟,08e1f,0,unicode
지,U+8E93,躓,08e93,0,unicode
지,U+8EF9,軹,08ef9,0,unicode
지,U+9072,遲,09072,0,unicode
지,U+92D5,鋕,092d5,0,unicode
지,U+962F,阯,0962f,0,unicode
지,U+99B6,馶,099b6,0,unicode
지,U+9BA8,鮨,09ba8,0,unicode
지,U+9CF7,鳷,09cf7,0,unicode
지,U+9DD9,鷙,09dd9,0,unicode
지,U+253B5,𥎵,253b5,2,unicode
지,U+253FE,𥏾,253fe,2,unicode
지,,,a01dc,A,internal_code_A
지,,,a01dd,A,internal_code_A
지,,,a021b,A,internal_code_A
지,U+F0A90,,f0a90,F,private_use_F
지,U+F34B6,,f34b6,F,private_use_F
직,U+76F4,直,076f4,0,unicode
직,U+799D,禝,0799d,0,unicode
직,U+7A19,稙,07a19,0,unicode
직,U+7A37,稷,07a37,0,unicode
직,U+7E54,織,07e54,0,unicode
직,U+8077,職,08077,0,unicode
진,U+3C80,㲀,03c80,0,unicode
진,U+40A6,䂦,040a6,0,unicode
진,U+4450,䑐,04450,0,unicode
진,U+4CF2,䳲,04cf2,0,unicode
진,U+4FB2,侲,04fb2,0,unicode
진,U+5118,儘,05118,0,unicode
진,U+5507,唇,05507,0,unicode
진,U+55D4,嗔,055d4,0,unicode
진,U+5861,塡,05861,0,unicode
진,U+5875,塵,05875,0,unicode
진,U+5C3D,尽,05c3d,0,unicode
진,U+613C,愼,0613c,0,unicode
진,U+62AE,抮,062ae,0,unicode
진,U+632F,振,0632f,0,unicode
진,U+6422,搢,06422,0,unicode
진,U+6438,搸,06438,0,unicode
진,U+6550,敐,06550,0,unicode
진,U+6552,敒,06552,0,unicode
진,U+6576,敶,06576,0,unicode
진,U+6623,昣,06623,0,unicode
진,U+6649,晉,06649,0,unicode
진,U+664B,晋,0664b,0,unicode
진,U+6783,枃,06783,0,unicode
진,U+686D,桭,0686d,0,unicode
진,U+699B,榛,0699b,0,unicode
진,U+69C7,槇,069c7,0,unicode
진,U+6B84,殄,06b84,0,unicode
진,U+6D25,津,06d25,0,unicode
진,U+6E8D,溍,06e8d,0,unicode
진,U+6EB1,溱,06eb1,0,unicode
진,U+6EC7,滇,06ec7,0,unicode
진,U+6FDC,濜,06fdc,0,unicode
진,U+73CD,珍,073cd,0,unicode
진,U+73CE,珎,073ce,0,unicode
진,U+73D2,珒,073d2,0,unicode
진,U+7468,瑨,07468,0,unicode
진,U+7471,瑱,07471,0,unicode
진,U+74A1,璡,074a1,0,unicode
진,U+755B,畛,0755b,0,unicode
진,U+75B9,疹,075b9,0,unicode
진,U+76E1,盡,076e1,0,unicode
진,U+7715,眕,07715,0,unicode
진,U+771E,眞,0771e,0,unicode
진,U+771F,真,0771f,0,unicode
진,U+7739,眹,07739,0,unicode
진,U+778B,瞋,0778b,0,unicode
진,U+799B,禛,0799b,0,unicode
진,U+79E6,秦,079e6,0,unicode
진,U+7A39,稹,07a39,0,unicode
진,U+7D3E,紾,07d3e,0,unicode
진,U+7E09,縉,07e09,0,unicode
진,U+7E1D,縝,07e1d,0,unicode
진,U+8044,聄,08044,0,unicode
진,U+80D7,胗,080d7,0,unicode
진,U+81FB,臻,081fb,0,unicode
진,U+84C1,蓁,084c1,0,unicode
진,U+852F,蔯,0852f,0,unicode
진,U+87B4,螴,087b4,0,unicode
진,U+8897,袗,08897,0,unicode
진,U+88D6,裖,088d6,0,unicode
진,U+8A3A,診,08a3a,0,unicode
진,U+8AAB,誫,08aab,0,unicode
진,U+8CD1,賑,08cd1,0,unicode
진,U+8D81,趁,08d81,0,unicode
진,U+8EEB,軫,08eeb,0,unicode
진,U+8F43,轃,08f43,0,unicode
진,U+8FB0,辰,08fb0,0,unicode
진,U+9032,進,09032,0,unicode
진,U+9241,鉁,09241,0,unicode
진,U+93AD,鎭,093ad,0,unicode
진,U+9663,陣,09663,0,unicode
진,U+9673,陳,09673,0,unicode
진,U+9707,震,09707,0,unicode
진,U+9755,靕,09755,0,unicode
진,U+9B12,鬒,09b12,0,unicode
진,U+24A01,𤨁,24a01,2,unicode
진,,,a01de,A,internal_code_A
진,,,a0222,A,internal_code_A
진,U+F12FE,,f12fe,F,private_use_F
진,U+F298A,,f298a,F,private_use_F
질,U+4F84,侄,04f84,0,unicode
질,U+53F1,叱,053f1,0,unicode
질,U+57A4,垤,057a4,0,unicode
질,U+59B7,妷,059b7,0,unicode
질,U+59EA,姪,059ea,0,unicode
질,U+5AC9,嫉,05ac9,0,unicode
질,U+5E19,帙,05e19,0,unicode
질,U+664A,晊,0664a,0,unicode
질,U+684E,桎,0684e,0,unicode
질,U+74C6,瓆,074c6,0,unicode
질,U+75BE,疾,075be,0,unicode
질,U+79E9,秩,079e9,0,unicode
질,U+7A92,窒,07a92,0,unicode
질,U+7D70,絰,07d70,0,unicode
질,U+81A3,膣,081a3,0,unicode
질,U+84BA,蒺,084ba,0,unicode
질,U+86ED,蛭,086ed,0,unicode
질,U+8CEA,質,08cea,0,unicode
질,U+8DCC,跌,08dcc,0,unicode
질,U+8FED,迭,08fed,0,unicode
질,U+90C5,郅,090c5,0,unicode
질,U+9455,鑕,09455,0,unicode
짐,U+659F,斟,0659f,0,unicode
짐,U+6715,朕,06715,0,unicode
짐,U+9D06,鴆,09d06,0,unicode
집,U+366B,㙫,0366b,0,unicode
집,U+4EC0,什,04ec0,0,unicode
집,U+5359,卙,05359,0,unicode
집,U+54A0,咠,054a0,0,unicode
집,U+57F7,執,057f7,0,unicode
집,U+6222,戢,06222,0,unicode
집,U+696B,楫,0696b,0,unicode
집,U+6F57,潗,06f57,0,unicode
집,U+6FC8,濈,06fc8,0,unicode
집,U+7DDD,緝,07ddd,0,unicode
집,U+8F2F,輯,08f2f,0,unicode
집,U+93F6,鏶,093f6,0,unicode
집,U+96C6,集,096c6,0,unicode
집,,,a022d,A,internal_code_A
징,U+5FB5,徵,05fb5,0,unicode
징,U+61F2,懲,061f2,0,unicode
징,U+6F82,澂,06f82,0,unicode
징,U+6F84,澄,06f84,0,unicode
징,U+7013,瀓,07013,0,unicode
징,U+7665,癥,07665,0,unicode
징,U+77AA,瞪,077aa,0,unicode
차,U+48DC,䣜,048dc,0,unicode
차,U+4E14,且,04e14,0,unicode
차,U+4F7D,佽,04f7d,0,unicode
차,U+4F98,侘,04f98,0,unicode
차,U+501F,借,0501f,0,unicode
차,U+53C9,叉,053c9,0,unicode
차,U+55DF,嗟,055df,0,unicode
차,U+5972,奲,05972,0,unicode
차,U+59F9,姹,059f9,0,unicode
차,U+5C94,岔,05c94,0,unicode
차,U+5D6F,嵯,05d6f,0,unicode
차,U+5DEE,差,05dee,0,unicode
차,U+5FA3,徣,05fa3,0,unicode
차,U+6260,扠,06260,0,unicode
차,U+6313,挓,06313,0,unicode
차,U+69CE,槎,069ce,0,unicode
차,U+6B21,次,06b21,0,unicode
차,U+6B64,此,06b64,0,unicode
차,U+7473,瑳,07473,0,unicode
차,U+7868,硨,07868,0,unicode
차,U+78CB,磋,078cb,0,unicode
차,U+7B9A,箚,07b9a,0,unicode
차,U+8336,茶,08336,0,unicode
차,U+8E49,蹉,08e49,0,unicode
차,U+8ECA,車,08eca,0,unicode
차,U+906E,遮,0906e,0,unicode
차,U+9388,鎈,09388,0,unicode
차,U+9E7A,鹺,09e7a,0,unicode
차,,,a0138,A,internal_code_A
착,U+6233,戳,06233,0,unicode
착,U+6349,捉,06349,0,unicode
착,U+643E,搾,0643e,0,unicode
착,U+64C9,擉,064c9,0,unicode
착,U+65B2,斲,065b2,0,unicode
착,U+7740,着,07740,0,unicode
착,U+7A84,窄,07a84,0,unicode
착,U+932F,錯,0932f,0,unicode
착,U+947F,鑿,0947f,0,unicode
착,U+9F6A,齪,09f6a,0,unicode
찬,U+373A,㜺,0373a,0,unicode
찬,U+5127,儧,05127,0,unicode
찬,U+5139,儹,05139,0,unicode
찬,U+5297,劗,05297,0,unicode
찬,U+5DD1,巑,05dd1,0,unicode
찬,U+64B0,撰,064b0,0,unicode
찬,U+651B,攛,0651b,0,unicode
찬,U+6522,攢,06522,0,unicode
찬,U+6B11,欑,06b11,0,unicode
찬,U+6FAF,澯,06faf,0,unicode
찬,U+7052,灒,07052,0,unicode
찬,U+71E6,燦,071e6,0,unicode
찬,U+7228,爨,07228,0,unicode
찬,U+74A8,璨,074a8,0,unicode
찬,U+74DA,瓚,074da,0,unicode
찬,U+7A73,穳,07a73,0,unicode
찬,U+7AC4,竄,07ac4,0,unicode
찬,U+7BE1,篡,07be1,0,unicode
찬,U+7C12,簒,07c12,0,unicode
찬,U+7CB2,粲,07cb2,0,unicode
찬,U+7E82,纂,07e82,0,unicode
찬,U+7E98,纘,07e98,0,unicode
찬,U+8B83,讃,08b83,0,unicode
찬,U+8B9A,讚,08b9a,0,unicode
찬,U+8CDB,賛,08cdb,0,unicode
찬,U+8D0A,贊,08d0a,0,unicode
찬,U+8DB2,趲,08db2,0,unicode
찬,U+9147,酇,09147,0,unicode
찬,U+947D,鑽,0947d,0,unicode
찬,U+9910,餐,09910,0,unicode
찬,U+994C,饌,0994c,0,unicode
찰,U+5239,刹,05239,0,unicode
찰,U+5BDF,察,05bdf,0,unicode
찰,U+624E,扎,0624e,0,unicode
찰,U+64E6,擦,064e6,0,unicode
찰,U+672D,札,0672d,0,unicode
찰,U+7D2E,紮,07d2e,0,unicode
참,U+3C2B,㰫,03c2b,0,unicode
참,U+50ED,僭,050ed,0,unicode
참,U+5133,儳,05133,0,unicode
참,U+53C3,參,053c3,0,unicode
참,U+5879,塹,05879,0,unicode
참,U+5D84,嶄,05d84,0,unicode
참,U+5DC9,巉,05dc9,0,unicode
참,U+6158,慘,06158,0,unicode
참,U+6159,慙,06159,0,unicode
참,U+615A,慚,0615a,0,unicode
참,U+61AF,憯,061af,0,unicode
참,U+61FA,懺,061fa,0,unicode
참,U+6519,攙,06519,0,unicode
참,U+65AC,斬,065ac,0,unicode
참,U+65F5,旵,065f5,0,unicode
참,U+69E7,槧,069e7,0,unicode
참,U+6B03,欃,06b03,0,unicode
참,U+6BDA,毚,06bda,0,unicode
참,U+7AD9,站,07ad9,0,unicode
참,U+8B56,譖,08b56,0,unicode
참,U+8B92,讒,08b92,0,unicode
참,U+8B96,讖,08b96,0,unicode
참,U+93E8,鏨,093e8,0,unicode
참,U+9471,鑱,09471,0,unicode
참,U+995E,饞,0995e,0,unicode
참,U+9A42,驂,09a42,0,unicode
참,U+9EF2,黲,09ef2,0,unicode
창,U+5000,倀,05000,0,unicode
창,U+5009,倉,05009,0,unicode
창,U+5021,倡,05021,0,unicode
창,U+5096,傖,05096,0,unicode
창,U+51D4,凔,051d4,0,unicode
창,U+5231,刱,05231,0,unicode
창,U+5275,創,05275,0,unicode
창,U+5531,唱,05531,0,unicode
창,U+5A3C,娼,05a3c,0,unicode
창,U+5D62,嵢,05d62,0,unicode
창,U+5EE0,廠,05ee0,0,unicode
창,U+5F70,彰,05f70,0,unicode
창,U+60B5,悵,060b5,0,unicode
창,U+60DD,惝,060dd,0,unicode
창,U+6134,愴,06134,0,unicode
창,U+6227,戧,06227,0,unicode
창,U+6436,搶,06436,0,unicode
창,U+655E,敞,0655e,0,unicode
창,U+660C,昌,0660c,0,unicode
창,U+6636,昶,06636,0,unicode
창,U+667F,晿,0667f,0,unicode
창,U+66A2,暢,066a2,0,unicode
창,U+69CD,槍,069cd,0,unicode
창,U+6C05,氅,06c05,0,unicode
창,U+6DCC,淌,06dcc,0,unicode
창,U+6DD0,淐,06dd0,0,unicode
창,U+6EC4,滄,06ec4,0,unicode
창,U+6F32,漲,06f32,0,unicode
창,U+6F3A,漺,06f3a,0,unicode
창,U+7316,猖,07316,0,unicode
창,U+7429,琩,07429,0,unicode
창,U+7452,瑒,07452,0,unicode
창,U+7472,瑲,07472,0,unicode
창,U+757C,畼,0757c,0,unicode
창,U+7621,瘡,07621,0,unicode
창,U+7A93,窓,07a93,0,unicode
창,U+7A97,窗,07a97,0,unicode
창,U+8139,脹,08139,0,unicode
창,U+8259,艙,08259,0,unicode
창,U+83D6,菖,083d6,0,unicode
창,U+84BC,蒼,084bc,0,unicode
창,U+8AAF,誯,08aaf,0,unicode
창,U+8E4C,蹌,08e4c,0,unicode
창,U+92F9,鋹,092f9,0,unicode
창,U+9329,錩,09329,0,unicode
창,U+95B6,閶,095b6,0,unicode
창,U+9B2F,鬯,09b2f,0,unicode
창,U+9DAC,鶬,09dac,0,unicode
창,,,a01e0,A,internal_code_A
창,,,a01e1,A,internal_code_A
채,U+50B5,債,050b5,0,unicode
채,U+57F0,埰,057f0,0,unicode
채,U+5A47,婇,05a47,0,unicode
채,U+5BC0,寀,05bc0,0,unicode
채,U+5BE8,寨,05be8,0,unicode
채,U+5F69,彩,05f69,0,unicode
채,U+63A1,採,063a1,0,unicode
채,U+68CC,棌,068cc,0,unicode
채,U+7417,琗,07417,0,unicode
채,U+776C,睬,0776c,0,unicode
채,U+7826,砦,07826,0,unicode
채,U+796D,祭,0796d,0,unicode
채,U+7DB5,綵,07db5,0,unicode
채,U+831D,茝,0831d,0,unicode
채,U+83DC,菜,083dc,0,unicode
채,U+8521,蔡,08521,0,unicode
채,U+8CAC,責,08cac,0,unicode
채,U+91C7,采,091c7,0,unicode
채,U+91F5,釵,091f5,0,unicode
채,,,a01e2,A,internal_code_A
채,,,a01e3,A,internal_code_A
책,U+518A,冊,0518a,0,unicode
책,U+518C,册,0518c,0,unicode
책,U+5616,嘖,05616,0,unicode
책,U+5E58,幘,05e58,0,unicode
책,U+67F5,柵,067f5,0,unicode
책,U+78D4,磔,078d4,0,unicode
책,U+7B27,笧,07b27,0,unicode
책,U+7B56,策,07b56,0,unicode
책,U+7C00,簀,07c00,0,unicode
책,U+86B1,蚱,086b1,0,unicode
책,U+8CAC,責,08cac,0,unicode
처,U+51C4,凄,051c4,0,unicode
처,U+51E6,処,051e6,0,unicode
처,U+59BB,妻,059bb,0,unicode
처,U+60BD,悽,060bd,0,unicode
처,U+6DD2,淒,06dd2,0,unicode
처,U+7ACC,竌,07acc,0,unicode
처,U+840B,萋,0840b,0,unicode
처,U+8655,處,08655,0,unicode
처,U+89B7,覷,089b7,0,unicode
처,U+90EA,郪,090ea,0,unicode
척,U+501C,倜,0501c,0,unicode
척,U+523A,刺,0523a,0,unicode
척,U+5254,剔,05254,0,unicode
척,U+5767,坧,05767,0,unicode
척,U+5849,塉,05849,0,unicode
척,U+588C,墌,0588c,0,unicode
척,U+5C3A,尺,05c3a,0,unicode
척,U+60D5,惕,060d5,0,unicode
척,U+617C,慼,0617c,0,unicode
척,U+617D,慽,0617d,0,unicode
척,U+621A,戚,0621a,0,unicode
척,U+62D3,拓,062d3,0,unicode
척,U+6357,捗,06357,0,unicode
척,U+646D,摭,0646d,0,unicode
척,U+64F2,擲,064f2,0,unicode
척,U+65A5,斥,065a5,0,unicode
척,U+6ECC,滌,06ecc,0,unicode
척,U+7620,瘠,07620,0,unicode
척,U+7869,硩,07869,0,unicode
척,U+810A,脊,0810a,0,unicode
척,U+8734,蜴,08734,0,unicode
척,U+8DD6,跖,08dd6,0,unicode
척,U+8E60,蹠,08e60,0,unicode
척,U+8E91,躑,08e91,0,unicode
척,U+965F,陟,0965f,0,unicode
척,U+96BB,隻,096bb,0,unicode
천,U+4EDF,仟,04edf,0,unicode
천,U+4FF4,俴,04ff4,0,unicode
천,U+5029,倩,05029,0,unicode
천,U+50E2,僢,050e2,0,unicode
천,U+5103,儃,05103,0,unicode
천,U+5343,千,05343,0,unicode
천,U+5598,喘,05598,0,unicode
천,U+5929,天,05929,0,unicode
천,U+5DDD,川,05ddd,0,unicode
천,U+64C5,擅,064c5,0,unicode
천,U+6CC9,泉,06cc9,0,unicode
천,U+6D0A,洊,06d0a,0,unicode
천,U+6DFA,淺,06dfa,0,unicode
천,U+6FFA,濺,06ffa,0,unicode
천,U+705B,灛,0705b,0,unicode
천,U+7065,灥,07065,0,unicode
천,U+71C0,燀,071c0,0,unicode
천,U+7394,玔,07394,0,unicode
천,U+7946,祆,07946,0,unicode
천,U+7A7F,穿,07a7f,0,unicode
천,U+81F6,臶,081f6,0,unicode
천,U+821B,舛,0821b,0,unicode
천,U+828A,芊,0828a,0,unicode
천,U+831C,茜,0831c,0,unicode
천,U+8350,荐,08350,0,unicode
천,U+84A8,蒨,084a8,0,unicode
천,U+8546,蕆,08546,0,unicode
천,U+85A6,薦,085a6,0,unicode
천,U+8CE4,賤,08ce4,0,unicode
천,U+8E10,踐,08e10,0,unicode
천,U+8FBF,辿,08fbf,0,unicode
천,U+9077,遷,09077,0,unicode
천,U+91E7,釧,091e7,0,unicode
천,U+95E1,闡,095e1,0,unicode
천,U+9621,阡,09621,0,unicode
천,U+975D,靝,0975d,0,unicode
천,U+97C6,韆,097c6,0,unicode
천,,,a01e4,A,internal_code_A
천,,,a0223,A,internal_code_A
철,U+3B1A,㬚,03b1a,0,unicode
철,U+3BD9,㯙,03bd9,0,unicode
철,U+51F8,凸,051f8,0,unicode
철,U+525F,剟,0525f,0,unicode
철,U+54F2,哲,054f2,0,unicode
철,U+555C,啜,0555c,0,unicode
철,U+5586,喆,05586,0,unicode
철,U+57D1,埑,057d1,0,unicode
철,U+5FB9,徹,05fb9,0,unicode
철,U+608A,悊,0608a,0,unicode
철,U+60D9,惙,060d9,0,unicode
철,U+6387,掇,06387,0,unicode
철,U+64A4,撤,064a4,0,unicode
철,U+6B60,歠,06b60,0,unicode
철,U+6F88,澈,06f88,0,unicode
철,U+70F2,烲,070f2,0,unicode
철,U+77AE,瞮,077ae,0,unicode
철,U+7869,硩,07869,0,unicode
철,U+7DB4,綴,07db4,0,unicode
철,U+8F1F,輟,08f1f,0,unicode
철,U+8F4D,轍,08f4d,0,unicode
철,U+9244,鉄,09244,0,unicode
철,U+9295,銕,09295,0,unicode
철,U+9323,錣,09323,0,unicode
철,U+9435,鐵,09435,0,unicode
철,U+98FB,飻,098fb,0,unicode
철,U+992E,餮,0992e,0,unicode
철,U+9A56,驖,09a56,0,unicode
첨,U+50C9,僉,050c9,0,unicode
첨,U+5C16,尖,05c16,0,unicode
첨,U+5E68,幨,05e68,0,unicode
첨,U+5FDD,忝,05fdd,0,unicode
첨,U+60C9,惉,060c9,0,unicode
첨,U+6A90,檐,06a90,0,unicode
첨,U+6AFC,櫼,06afc,0,unicode
첨,U+6CBE,沾,06cbe,0,unicode
첨,U+6DFB,添,06dfb,0,unicode
첨,U+7038,瀸,07038,0,unicode
첨,U+704A,灊,0704a,0,unicode
첨,U+7154,煔,07154,0,unicode
첨,U+751B,甛,0751b,0,unicode
첨,U+751C,甜,0751c,0,unicode
첨,U+77BB,瞻,077bb,0,unicode
첨,U+7C37,簷,07c37,0,unicode
첨,U+7C3D,簽,07c3d,0,unicode
첨,U+7C64,籤,07c64,0,unicode
첨,U+895C,襜,0895c,0,unicode
첨,U+8A79,詹,08a79,0,unicode
첨,U+8AC2,諂,08ac2,0,unicode
첩,U+5022,倢,05022,0,unicode
첩,U+546B,呫,0546b,0,unicode
첩,U+558B,喋,0558b,0,unicode
첩,U+581E,堞,0581e,0,unicode
첩,U+59BE,妾,059be,0,unicode
첩,U+5A55,婕,05a55,0,unicode
첩,U+5E16,帖,05e16,0,unicode
첩,U+6017,怗,06017,0,unicode
첩,U+6377,捷,06377,0,unicode
첩,U+7252,牒,07252,0,unicode
첩,U+758A,疊,0758a,0,unicode
첩,U+776B,睫,0776b,0,unicode
첩,U+893A,褺,0893a,0,unicode
첩,U+8ADC,諜,08adc,0,unicode
첩,U+8CBC,貼,08cbc,0,unicode
첩,U+8F12,輒,08f12,0,unicode
청,U+51CA,凊,051ca,0,unicode
청,U+570A,圊,0570a,0,unicode
청,U+5A67,婧,05a67,0,unicode
청,U+5EF3,廳,05ef3,0,unicode
청,U+6674,晴,06674,0,unicode
청,U+6DF8,淸,06df8,0,unicode
청,U+6E05,清,06e05,0,unicode
청,U+807D,聽,0807d,0,unicode
청,U+83C1,菁,083c1,0,unicode
청,U+873B,蜻,0873b,0,unicode
청,U+8ACB,請,08acb,0,unicode
청,U+9751,靑,09751,0,unicode
청,U+9752,青,09752,0,unicode
청,U+9BD6,鯖,09bd6,0,unicode
청,U+9D84,鶄,09d84,0,unicode
청,,,a007b,A,internal_code_A
청,,,a0087,A,internal_code_A
청,,,a01e5,A,internal_code_A
체,U+4038,䀸,04038,0,unicode
체,U+5207,切,05207,0,unicode
체,U+5243,剃,05243,0,unicode
체,U+5886,墆,05886,0,unicode
체,U+5D39,崹,05d39,0,unicode
체,U+5F58,彘,05f58,0,unicode
체,U+6470,摰,06470,0,unicode
체,U+66FF,替,066ff,0,unicode
체,U+6755,杕,06755,0,unicode
체,U+68E3,棣,068e3,0,unicode
체,U+6BA2,殢,06ba2,0,unicode
체,U+6D95,涕,06d95,0,unicode
체,U+6EEF,滯,06eef,0,unicode
체,U+73BC,玼,073bc,0,unicode
체,U+780C,砌,0780c,0,unicode
체,U+7DE0,締,07de0,0,unicode
체,U+8482,蒂,08482,0,unicode
체,U+8515,蔕,08515,0,unicode
체,U+8ADF,諟,08adf,0,unicode
체,U+8AE6,諦,08ae6,0,unicode
체,U+902E,逮,0902e,0,unicode
체,U+905E,遞,0905e,0,unicode
체,U+91F1,釱,091f1,0,unicode
체,U+9746,靆,09746,0,unicode
체,U+9AD4,體,09ad4,0,unicode
체,U+9AF0,髰,09af0,0,unicode
초,U+4658,䙘,04658,0,unicode
초,U+4FCF,俏,04fcf,0,unicode
초,U+5062,偢,05062,0,unicode
초,U+50EC,僬,050ec,0,unicode
초,U+521D,初,0521d,0,unicode
초,U+527F,剿,0527f,0,unicode
초,U+52E6,勦,052e6,0,unicode
초,U+54E8,哨,054e8,0,unicode
초,U+564D,噍,0564d,0,unicode
초,U+59B1,妱,059b1,0,unicode
초,U+5AF6,嫶,05af6,0,unicode
초,U+5CA7,岧,05ca7,0,unicode
초,U+5CED,峭,05ced,0,unicode
초,U+5D95,嶕,05d95,0,unicode
초,U+600A,怊,0600a,0,unicode
초,U+6084,悄,06084,0,unicode
초,U+6100,愀,06100,0,unicode
초,U+6194,憔,06194,0,unicode
초,U+6284,抄,06284,0,unicode
초,U+62DB,招,062db,0,unicode
초,U+676A,杪,0676a,0,unicode
초,U+68A2,梢,068a2,0,unicode
초,U+6912,椒,06912,0,unicode
초,U+695A,楚,0695a,0,unicode
초,U+6A35,樵,06a35,0,unicode
초,U+6B29,欩,06b29,0,unicode
초,U+6FCB,濋,06fcb,0,unicode
초,U+7071,灱,07071,0,unicode
초,U+7092,炒,07092,0,unicode
초,U+7126,焦,07126,0,unicode
초,U+71CB,燋,071cb,0,unicode
초,U+785D,硝,0785d,0,unicode
초,U+7901,礁,07901,0,unicode
초,U+790E,礎,0790e,0,unicode
초,U+7952,祒,07952,0,unicode
초,U+79D2,秒,079d2,0,unicode
초,U+7A0D,稍,07a0d,0,unicode
초,U+7D83,綃,07d83,0,unicode
초,U+8016,耖,08016,0,unicode
초,U+8096,肖,08096,0,unicode
초,U+8278,艸,08278,0,unicode
초,U+82D5,苕,082d5,0,unicode
초,U+8349,草,08349,0,unicode
초,U+8549,蕉,08549,0,unicode
초,U+8A2C,訬,08a2c,0,unicode
초,U+8A9A,誚,08a9a,0,unicode
초,U+8B59,譙,08b59,0,unicode
초,U+8C82,貂,08c82,0,unicode
초,U+8D85,超,08d85,0,unicode
초,U+8DA0,趠,08da0,0,unicode
초,U+8EFA,軺,08efa,0,unicode
초,U+8FE2,迢,08fe2,0,unicode
초,U+9162,酢,09162,0,unicode
초,U+918B,醋,0918b,0,unicode
초,U+91AE,醮,091ae,0,unicode
초,U+91E5,釥,091e5,0,unicode
초,U+9214,鈔,09214,0,unicode
초,U+936B,鍫,0936b,0,unicode
초,U+936C,鍬,0936c,0,unicode
초,U+9657,陗,09657,0,unicode
초,U+9798,鞘,09798,0,unicode
초,U+9866,顦,09866,0,unicode
초,U+9AEB,髫,09aeb,0,unicode
초,U+9DE6,鷦,09de6,0,unicode
초,U+9F60,齠,09f60,0,unicode
초,U+2A4D0,𪓐,2a4d0,2,unicode
초,,,a01e6,A,internal_code_A
초,,,a01e7,A,internal_code_A
초,,,a01e8,A,internal_code_A
촉,U+4FC3,促,04fc3,0,unicode
촉,U+56D1,囑,056d1,0,unicode
촉,U+66EF,曯,066ef,0,unicode
촉,U+71ED,燭,071ed,0,unicode
촉,U+7225,爥,07225,0,unicode
촉,U+77D7,矗,077d7,0,unicode
촉,U+77DA,矚,077da,0,unicode
촉,U+85A5,薥,085a5,0,unicode
촉,U+8700,蜀,08700,0,unicode
촉,U+89F8,觸,089f8,0,unicode
촉,U+8E85,躅,08e85,0,unicode
촉,U+9AD1,髑,09ad1,0,unicode
촌,U+540B,吋,0540b,0,unicode
촌,U+5BF8,寸,05bf8,0,unicode
촌,U+5FD6,忖,05fd6,0,unicode
촌,U+6751,村,06751,0,unicode
촌,U+90A8,邨,090a8,0,unicode
총,U+51A2,冢,051a2,0,unicode
총,U+53E2,叢,053e2,0,unicode
총,U+585A,塚,0585a,0,unicode
총,U+5BF5,寵,05bf5,0,unicode
총,U+60A4,悤,060a4,0,unicode
총,U+6181,憁,06181,0,unicode
총,U+6460,摠,06460,0,unicode
총,U+6F0E,漎,06f0e,0,unicode
총,U+6F68,潨,06f68,0,unicode
총,U+7DCF,総,07dcf,0,unicode
총,U+7E3D,總,07e3d,0,unicode
총,U+8061,聡,08061,0,unicode
총,U+8070,聰,08070,0,unicode
총,U+8471,葱,08471,0,unicode
총,U+84EF,蓯,084ef,0,unicode
총,U+8525,蔥,08525,0,unicode
총,U+9283,銃,09283,0,unicode
총,U+93E6,鏦,093e6,0,unicode
총,U+9A44,驄,09a44,0,unicode
총,,,a01e9,A,internal_code_A
촬,U+64AE,撮,064ae,0,unicode
최,U+50AC,催,050ac,0,unicode
최,U+562C,嘬,0562c,0,unicode
최,U+5D14,崔,05d14,0,unicode
최,U+6467,摧,06467,0,unicode
최,U+6700,最,06700,0,unicode
최,U+69B1,榱,069b1,0,unicode
최,U+6F3C,漼,06f3c,0,unicode
최,U+7480,璀,07480,0,unicode
최,U+78EA,磪,078ea,0,unicode
최,U+7E17,縗,07e17,0,unicode
최,U+8127,脧,08127,0,unicode
추,U+50E6,僦,050e6,0,unicode
추,U+557E,啾,0557e,0,unicode
추,U+57FE,埾,057fe,0,unicode
추,U+589C,墜,0589c,0,unicode
추,U+5A35,娵,05a35,0,unicode
추,U+5E1A,帚,05e1a,0,unicode
추,U+601E,怞,0601e,0,unicode
추,U+60C6,惆,060c6,0,unicode
추,U+62BD,抽,062bd,0,unicode
추,U+6376,捶,06376,0,unicode
추,U+63A8,推,063a8,0,unicode
추,U+63C2,揂,063c2,0,unicode
추,U+63EA,揪,063ea,0,unicode
추,U+63EB,揫,063eb,0,unicode
추,U+6425,搥,06425,0,unicode
추,U+690E,椎,0690e,0,unicode
추,U+6978,楸,06978,0,unicode
추,U+6A1E,樞,06a1e,0,unicode
추,U+6E6B,湫,06e6b,0,unicode
추,U+7503,甃,07503,0,unicode
추,U+7633,瘳,07633,0,unicode
추,U+76BA,皺,076ba,0,unicode
추,U+79CB,秋,079cb,0,unicode
추,U+7BA0,箠,07ba0,0,unicode
추,U+7C09,簉,07c09,0,unicode
추,U+7E0B,縋,07e0b,0,unicode
추,U+7E10,縐,07e10,0,unicode
추,U+82BB,芻,082bb,0,unicode
추,U+8429,萩,08429,0,unicode
추,U+84AD,蒭,084ad,0,unicode
추,U+8ACF,諏,08acf,0,unicode
추,U+8DA1,趡,08da1,0,unicode
추,U+8DA8,趨,08da8,0,unicode
추,U+8FFD,追,08ffd,0,unicode
추,U+9112,鄒,09112,0,unicode
추,U+914B,酋,0914b,0,unicode
추,U+919C,醜,0919c,0,unicode
추,U+9310,錐,09310,0,unicode
추,U+9318,錘,09318,0,unicode
추,U+939A,鎚,0939a,0,unicode
추,U+966C,陬,0966c,0,unicode
추,U+96B9,隹,096b9,0,unicode
추,U+96DB,雛,096db,0,unicode
추,U+97A6,鞦,097a6,0,unicode
추,U+9A05,騅,09a05,0,unicode
추,U+9A36,騶,09a36,0,unicode
추,U+9B4B,魋,09b4b,0,unicode
추,U+9C0C,鰌,09c0c,0,unicode
추,U+9C0D,鰍,09c0d,0,unicode
추,U+9D7B,鵻,09d7b,0,unicode
추,U+9D96,鶖,09d96,0,unicode
추,U+9DB5,鶵,09db5,0,unicode
추,U+9EA4,麤,09ea4,0,unicode
추,U+9F9D,龝,09f9d,0,unicode
추,,,a01ea,A,internal_code_A
축,U+4658,䙘,04658,0,unicode
축,U+4E11,丑,04e11,0,unicode
축,U+59AF,妯,059af,0,unicode
축,U+755C,畜,0755c,0,unicode
축,U+795D,祝,0795d,0,unicode
축,U+7AFA,竺,07afa,0,unicode
축,U+7B51,筑,07b51,0,unicode
축,U+7BC9,築,07bc9,0,unicode
축,U+7E2E,縮,07e2e,0,unicode
축,U+8233,舳,08233,0,unicode
축,U+84C4,蓄,084c4,0,unicode
축,U+8C56,豖,08c56,0,unicode
축,U+8E59,蹙,08e59,0,unicode
축,U+8E5C,蹜,08e5c,0,unicode
축,U+8E74,蹴,08e74,0,unicode
축,U+8EF8,軸,08ef8,0,unicode
축,U+9010,逐,09010,0,unicode
축,U+9F00,鼀,09f00,0,unicode
축,,,a01eb,A,internal_code_A
축,U+F346F,,f346f,F,private_use_F
춘,U+5A8B,媋,05a8b,0,unicode
춘,U+6625,春,06625,0,unicode
춘,U+6776,杶,06776,0,unicode
춘,U+693F,椿,0693f,0,unicode
춘,U+7443,瑃,07443,0,unicode
춘,U+8CF0,賰,08cf0,0,unicode
출,U+51FA,出,051fa,0,unicode
출,U+672E,朮,0672e,0,unicode
출,U+6CCF,泏,06ccf,0,unicode
출,U+79EB,秫,079eb,0,unicode
출,U+9EDC,黜,09edc,0,unicode
충,U+3CD8,㳘,03cd8,0,unicode
충,U+5145,充,05145,0,unicode
충,U+51B2,冲,051b2,0,unicode
충,U+5FE0,忠,05fe0,0,unicode
충,U+5FE1,忡,05fe1,0,unicode
충,U+6C96,沖,06c96,0,unicode
충,U+6F34,漴,06f34,0,unicode
충,U+73EB,珫,073eb,0,unicode
충,U+866B,虫,0866b,0,unicode
충,U+87F2,蟲,087f2,0,unicode
충,U+885D,衝,0885d,0,unicode
충,U+8877,衷,08877,0,unicode
췌,U+60B4,悴,060b4,0,unicode
췌,U+60F4,惴,060f4,0,unicode
췌,U+63E3,揣,063e3,0,unicode
췌,U+7601,瘁,07601,0,unicode
췌,U+81B5,膵,081b5,0,unicode
췌,U+8403,萃,08403,0,unicode
췌,U+8D05,贅,08d05,0,unicode
췌,U+9847,顇,09847,0,unicode
췌,,,a01ec,A,internal_code_A
췌,,,a01ed,A,internal_code_A
취,U+51A3,冣,051a3,0,unicode
취,U+53D6,取,053d6,0,unicode
취,U+5439,吹,05439,0,unicode
취,U+5634,嘴,05634,0,unicode
취,U+5A36,娶,05a36,0,unicode
취,U+5C31,就,05c31,0,unicode
취,U+6A47,橇,06a47,0,unicode
취,U+6BF3,毳,06bf3,0,unicode
취,U+708A,炊,0708a,0,unicode
취,U+7FE0,翠,07fe0,0,unicode
취,U+805A,聚,0805a,0,unicode
취,U+8106,脆,08106,0,unicode
취,U+81ED,臭,081ed,0,unicode
취,U+8DA3,趣,08da3,0,unicode
취,U+9189,醉,09189,0,unicode
취,U+9A5F,驟,09a5f,0,unicode
취,U+9DF2,鷲,09df2,0,unicode
측,U+4EC4,仄,04ec4,0,unicode
측,U+5074,側,05074,0,unicode
측,U+53A0,厠,053a0,0,unicode
측,U+5EC1,廁,05ec1,0,unicode
측,U+60FB,惻,060fb,0,unicode
측,U+6603,昃,06603,0,unicode
측,U+6E2C,測,06e2c,0,unicode
층,U+5C64,層,05c64,0,unicode
치,U+388B,㢋,0388b,0,unicode
치,U+4F88,侈,04f88,0,unicode
치,U+5024,値,05024,0,unicode
치,U+536E,卮,0536e,0,unicode
치,U+5376,卶,05376,0,unicode
치,U+54C6,哆,054c6,0,unicode
치,U+55E4,嗤,055e4,0,unicode
치,U+5BD8,寘,05bd8,0,unicode
치,U+5CD9,峙,05cd9,0,unicode
치,U+5E5F,幟,05e5f,0,unicode
치,U+6040,恀,06040,0,unicode
치,U+6065,恥,06065,0,unicode
치,U+6894,梔,06894,0,unicode
치,U+6CBB,治,06cbb,0,unicode
치,U+6DC4,淄,06dc4,0,unicode
치,U+71BE,熾,071be,0,unicode
치,U+7564,畤,07564,0,unicode
치,U+75D3,痓,075d3,0,unicode
치,U+75D4,痔,075d4,0,unicode
치,U+75F4,痴,075f4,0,unicode
치,U+7661,癡,07661,0,unicode
치,U+7A1A,稚,07a1a,0,unicode
치,U+7A49,穉,07a49,0,unicode
치,U+7D7A,絺,07d7a,0,unicode
치,U+7DC7,緇,07dc7,0,unicode
치,U+7DFB,緻,07dfb,0,unicode
치,U+7F6E,置,07f6e,0,unicode
치,U+81F4,致,081f4,0,unicode
치,U+83D1,菑,083d1,0,unicode
치,U+8599,薙,08599,0,unicode
치,U+86A9,蚩,086a9,0,unicode
치,U+892B,褫,0892b,0,unicode
치,U+8C78,豸,08c78,0,unicode
치,U+8DF1,跱,08df1,0,unicode
치,U+8F1C,輜,08f1c,0,unicode
치,U+90D7,郗,090d7,0,unicode
치,U+9319,錙,09319,0,unicode
치,U+9624,阤,09624,0,unicode
치,U+96C9,雉,096c9,0,unicode
치,U+99B3,馳,099b3,0,unicode
치,U+9BD4,鯔,09bd4,0,unicode
치,U+9D19,鴙,09d19,0,unicode
치,U+9D1F,鴟,09d1f,0,unicode
치,U+9D44,鵄,09d44,0,unicode
치,U+9F52,齒,09f52,0,unicode
칙,U+5247,則,05247,0,unicode
칙,U+52C5,勅,052c5,0,unicode
칙,U+6555,敕,06555,0,unicode
칙,U+98ED,飭,098ed,0,unicode
친,U+56AB,嚫,056ab,0,unicode
친,U+6AEC,櫬,06aec,0,unicode
친,U+896F,襯,0896f,0,unicode
친,U+89AA,親,089aa,0,unicode
칠,U+4E03,七,04e03,0,unicode
칠,U+67D2,柒,067d2,0,unicode
칠,U+6F06,漆,06f06,0,unicode
침,U+4FB5,侵,04fb5,0,unicode
침,U+5BD6,寖,05bd6,0,unicode
침,U+5BE2,寢,05be2,0,unicode
침,U+5FF1,忱,05ff1,0,unicode
침,U+6795,枕,06795,0,unicode
침,U+68FD,棽,068fd,0,unicode
침,U+6939,椹,06939,0,unicode
침,U+6C88,沈,06c88,0,unicode
침,U+6D78,浸,06d78,0,unicode
침,U+741B,琛,0741b,0,unicode
침,U+7827,砧,07827,0,unicode
침,U+8CDD,賝,08cdd,0,unicode
침,U+90F4,郴,090f4,0,unicode
침,U+91DD,針,091dd,0,unicode
침,U+92DF,鋟,092df,0,unicode
침,U+937C,鍼,0937c,0,unicode
침,U+99F8,駸,099f8,0,unicode
칩,U+87C4,蟄,087c4,0,unicode
칭,U+79E4,秤,079e4,0,unicode
칭,U+7A31,稱,07a31,0,unicode
쾌,U+5672,噲,05672,0,unicode
쾌,U+592C,夬,0592c,0,unicode
쾌,U+5FEB,快,05feb,0,unicode
타,U+36C6,㛆,036c6,0,unicode
타,U+4ED6,他,04ed6,0,unicode
타,U+4F57,佗,04f57,0,unicode
타,U+54A4,咤,054a4,0,unicode
타,U+553E,唾,0553e,0,unicode
타,U+5768,坨,05768,0,unicode
타,U+58AE,墮,058ae,0,unicode
타,U+597C,奼,0597c,0,unicode
타,U+59A5,妥,059a5,0,unicode
타,U+60F0,惰,060f0,0,unicode
타,U+6253,打,06253,0,unicode
타,U+62D5,拕,062d5,0,unicode
타,U+62D6,拖,062d6,0,unicode
타,U+6736,朶,06736,0,unicode
타,U+6755,杕,06755,0,unicode
타,U+67C1,柁,067c1,0,unicode
타,U+6857,桗,06857,0,unicode
타,U+6955,楕,06955,0,unicode
타,U+6A62,橢,06a62,0,unicode
타,U+6CB1,沱,06cb1,0,unicode
타,U+8235,舵,08235,0,unicode
타,U+8A51,詑,08a51,0,unicode
타,U+8A6B,詫,08a6b,0,unicode
타,U+8DCE,跎,08dce,0,unicode
타,U+8EB1,躱,08eb1,0,unicode
타,U+9640,陀,09640,0,unicode
타,U+964F,陏,0964f,0,unicode
타,U+99B1,馱,099b1,0,unicode
타,U+99DD,駝,099dd,0,unicode
타,U+99DE,駞,099de,0,unicode
타,U+9B80,鮀,09b80,0,unicode
타,U+9D15,鴕,09d15,0,unicode
타,U+9F09,鼉,09f09,0,unicode
탁,U+391E,㤞,0391e,0,unicode
탁,U+502C,倬,0502c,0,unicode
탁,U+5353,卓,05353,0,unicode
탁,U+5544,啄,05544,0,unicode
탁,U+577C,坼,0577c,0,unicode
탁,U+5EA6,度,05ea6,0,unicode
탁,U+6258,托,06258,0,unicode
탁,U+62C6,拆,062c6,0,unicode
탁,U+62D3,拓,062d3,0,unicode
탁,U+64E2,擢,064e2,0,unicode
탁,U+666B,晫,0666b,0,unicode
탁,U+67DD,柝,067dd,0,unicode
탁,U+69D6,槖,069d6,0,unicode
탁,U+6A50,橐,06a50,0,unicode
탁,U+6CB0,沰,06cb0,0,unicode
탁,U+6DBF,涿,06dbf,0,unicode
탁,U+6FC1,濁,06fc1,0,unicode
탁,U+6FEF,濯,06fef,0,unicode
탁,U+7422,琢,07422,0,unicode
탁,U+7438,琸,07438,0,unicode
탁,U+77FA,矺,077fa,0,unicode
탁,U+7C5C,籜,07c5c,0,unicode
탁,U+8600,蘀,08600,0,unicode
탁,U+8A17,託,08a17,0,unicode
탁,U+8E14,踔,08e14,0,unicode
탁,U+9034,逴,09034,0,unicode
탁,U+9438,鐸,09438,0,unicode
탄,U+5451,呑,05451,0,unicode
탄,U+5606,嘆,05606,0,unicode
탄,U+5766,坦,05766,0,unicode
탄,U+5F48,彈,05f48,0,unicode
탄,U+619A,憚,0619a,0,unicode
탄,U+61BB,憻,061bb,0,unicode
탄,U+6524,攤,06524,0,unicode
탄,U+66BA,暺,066ba,0,unicode
탄,U+6B4E,歎,06b4e,0,unicode
탄,U+6BAB,殫,06bab,0,unicode
탄,U+7058,灘,07058,0,unicode
탄,U+70AD,炭,070ad,0,unicode
탄,U+7671,癱,07671,0,unicode
탄,U+7DBB,綻,07dbb,0,unicode
탄,U+8A95,誕,08a95,0,unicode
탄,U+9A52,驒,09a52,0,unicode
탈,U+4FBB,侻,04fbb,0,unicode
탈,U+596A,奪,0596a,0,unicode
탈,U+812B,脫,0812b,0,unicode
탐,U+55FF,嗿,055ff,0,unicode
탐,U+5FD0,忐,05fd0,0,unicode
탐,U+63A2,探,063a2,0,unicode
탐,U+7708,眈,07708,0,unicode
탐,U+803D,耽,0803d,0,unicode
탐,U+8CAA,貪,08caa,0,unicode
탐,U+9156,酖,09156,0,unicode
탑,U+509D,傝,0509d,0,unicode
탑,U+584C,塌,0584c,0,unicode
탑,U+5854,塔,05854,0,unicode
탑,U+6428,搨,06428,0,unicode
탑,U+69BB,榻,069bb,0,unicode
탑,,,a01ee,A,internal_code_A
탕,U+5B95,宕,05b95,0,unicode
탕,U+5E11,帑,05e11,0,unicode
탕,U+6E6F,湯,06e6f,0,unicode
탕,U+71D9,燙,071d9,0,unicode
탕,U+7452,瑒,07452,0,unicode
탕,U+76EA,盪,076ea,0,unicode
탕,U+78AD,碭,078ad,0,unicode
탕,U+7CD6,糖,07cd6,0,unicode
탕,U+8569,蕩,08569,0,unicode
탕,U+862F,蘯,0862f,0,unicode
탕,,,a01ef,A,internal_code_A
태,U+4B08,䬈,04b08,0,unicode
태,U+514C,兌,0514c,0,unicode
태,U+53F0,台,053f0,0,unicode
태,U+57ED,埭,057ed,0,unicode
태,U+592A,太,0592a,0,unicode
태,U+5A27,娧,05a27,0,unicode
태,U+5B61,孡,05b61,0,unicode
태,U+5FD5,忕,05fd5,0,unicode
태,U+6020,怠,06020,0,unicode
태,U+614B,態,0614b,0,unicode
태,U+6584,斄,06584,0,unicode
태,U+6B86,殆,06b86,0,unicode
태,U+6C70,汰,06c70,0,unicode
태,U+6CF0,泰,06cf0,0,unicode
태,U+6E99,溙,06e99,0,unicode
태,U+70B1,炱,070b1,0,unicode
태,U+73C6,珆,073c6,0,unicode
태,U+7B1E,笞,07b1e,0,unicode
태,U+80CE,胎,080ce,0,unicode
태,U+812B,脫,0812b,0,unicode
태,U+82D4,苔,082d4,0,unicode
태,U+8A52,詒,08a52,0,unicode
태,U+8DC6,跆,08dc6,0,unicode
태,U+8FE8,迨,08fe8,0,unicode
태,U+90B0,邰,090b0,0,unicode
태,U+9226,鈦,09226,0,unicode
태,U+98B1,颱,098b1,0,unicode
태,U+99C4,駄,099c4,0,unicode
태,U+99D8,駘,099d8,0,unicode
태,U+9B90,鮐,09b90,0,unicode
태,,,a01f0,A,internal_code_A
택,U+579E,垞,0579e,0,unicode
택,U+5B85,宅,05b85,0,unicode
택,U+64C7,擇,064c7,0,unicode
택,U+6FA4,澤,06fa4,0,unicode
탱,U+6490,撐,06490,0,unicode
탱,U+6491,撑,06491,0,unicode
탱,U+725A,牚,0725a,0,unicode
터,U+6504,攄,06504,0,unicode
토,U+514E,兎,0514e,0,unicode
토,U+5154,兔,05154,0,unicode
토,U+5410,吐,05410,0,unicode
토,U+571F,土,0571f,0,unicode
토,U+8A0E,討,08a0e,0,unicode
톤,U+564B,噋,0564b,0,unicode
통,U+606B,恫,0606b,0,unicode
통,U+615F,慟,0615f,0,unicode
통,U+6345,捅,06345,0,unicode
통,U+6876,桶,06876,0,unicode
통,U+6A0B,樋,06a0b,0,unicode
통,U+6D1E,洞,06d1e,0,unicode
통,U+75DB,痛,075db,0,unicode
통,U+7B52,筒,07b52,0,unicode
통,U+7B69,筩,07b69,0,unicode
통,U+7D71,統,07d71,0,unicode
통,U+901A,通,0901a,0,unicode
퇴,U+5806,堆,05806,0,unicode
퇴,U+69CC,槌,069cc,0,unicode
퇴,U+817F,腿,0817f,0,unicode
퇴,U+892A,褪,0892a,0,unicode
퇴,U+9000,退,09000,0,unicode
퇴,U+96A4,隤,096a4,0,unicode
퇴,U+9839,頹,09839,0,unicode
투,U+5078,偸,05078,0,unicode
투,U+5957,套,05957,0,unicode
투,U+5992,妒,05992,0,unicode
투,U+59AC,妬,059ac,0,unicode
투,U+6295,投,06295,0,unicode
투,U+6E1D,渝,06e1d,0,unicode
투,U+900F,透,0900f,0,unicode
투,U+9AB0,骰,09ab0,0,unicode
투,U+9B2A,鬪,09b2a,0,unicode
퉁,U+4F5F,佟,04f5f,0,unicode
특,U+5FD2,忒,05fd2,0,unicode
특,U+615D,慝,0615d,0,unicode
특,U+7279,特,07279,0,unicode
특,,,a025a,A,internal_code_A
틈,U+95D6,闖,095d6,0,unicode
파,U+53F5,叵,053f5,0,unicode
파,U+5761,坡,05761,0,unicode
파,U+58E9,壩,058e9,0,unicode
파,U+5991,妑,05991,0,unicode
파,U+5A46,婆,05a46,0,unicode
파,U+5CA5,岥,05ca5,0,unicode
파,U+5D93,嶓,05d93,0,unicode
파,U+5DF4,巴,05df4,0,unicode
파,U+6015,怕,06015,0,unicode
파,U+628A,把,0628a,0,unicode
파,U+64AD,播,064ad,0,unicode
파,U+64FA,擺,064fa,0,unicode
파,U+6777,杷,06777,0,unicode
파,U+6CE2,波,06ce2,0,unicode
파,U+6D3E,派,06d3e,0,unicode
파,U+705E,灞,0705e,0,unicode
파,U+722C,爬,0722c,0,unicode
파,U+7238,爸,07238,0,unicode
파,U+73BB,玻,073bb,0,unicode
파,U+7436,琶,07436,0,unicode
파,U+76A4,皤,076a4,0,unicode
파,U+7834,破,07834,0,unicode
파,U+7B06,笆,07b06,0,unicode
파,U+7C38,簸,07c38,0,unicode
파,U+7F77,罷,07f77,0,unicode
파,U+8019,耙,08019,0,unicode
파,U+82AD,芭,082ad,0,unicode
파,U+83E0,菠,083e0,0,unicode
파,U+8469,葩,08469,0,unicode
파,U+8DDB,跛,08ddb,0,unicode
파,U+9131,鄱,09131,0,unicode
파,U+9817,頗,09817,0,unicode
파,,,a01f1,A,internal_code_A
판,U+5224,判,05224,0,unicode
판,U+5742,坂,05742,0,unicode
판,U+6604,昄,06604,0,unicode
판,U+677F,板,0677f,0,unicode
판,U+7248,版,07248,0,unicode
판,U+74E3,瓣,074e3,0,unicode
판,U+8CA9,販,08ca9,0,unicode
판,U+8FA6,辦,08fa6,0,unicode
판,U+9211,鈑,09211,0,unicode
판,U+962A,阪,0962a,0,unicode
팔,U+516B,八,0516b,0,unicode
팔,U+53ED,叭,053ed,0,unicode
팔,U+634C,捌,0634c,0,unicode
팔,U+6733,朳,06733,0,unicode
팔,U+6C43,汃,06c43,0,unicode
패,U+4F69,佩,04f69,0,unicode
패,U+5504,唄,05504,0,unicode
패,U+58E9,壩,058e9,0,unicode
패,U+5B5B,孛,05b5b,0,unicode
패,U+6096,悖,06096,0,unicode
패,U+6557,敗,06557,0,unicode
패,U+65C6,旆,065c6,0,unicode
패,U+6C9B,沛,06c9b,0,unicode
패,U+6D7F,浿,06d7f,0,unicode
패,U+724C,牌,0724c,0,unicode
패,U+72FD,狽,072fd,0,unicode
패,U+73EE,珮,073ee,0,unicode
패,U+7A17,稗,07a17,0,unicode
패,U+8987,覇,08987,0,unicode
패,U+8C9D,貝,08c9d,0,unicode
패,U+9708,霈,09708,0,unicode
패,U+9738,霸,09738,0,unicode
팽,U+4F3B,伻,04f3b,0,unicode
팽,U+5F6D,彭,05f6d,0,unicode
팽,U+6F8E,澎,06f8e,0,unicode
팽,U+70F9,烹,070f9,0,unicode
팽,U+7830,砰,07830,0,unicode
팽,U+794A,祊,0794a,0,unicode
팽,U+81A8,膨,081a8,0,unicode
팽,U+87DA,蟚,087da,0,unicode
팽,U+87DB,蟛,087db,0,unicode
퍅,U+610E,愎,0610e,0,unicode
편,U+4FBF,便,04fbf,0,unicode
편,U+504F,偏,0504f,0,unicode
편,U+533E,匾,0533e,0,unicode
편,U+5FA7,徧,05fa7,0,unicode
편,U+60FC,惼,060fc,0,unicode
편,U+6241,扁,06241,0,unicode
편,U+7247,片,07247,0,unicode
편,U+7BC7,篇,07bc7,0,unicode
편,U+7DE8,編,07de8,0,unicode
편,U+7DF6,緶,07df6,0,unicode
편,U+7FE9,翩,07fe9,0,unicode
편,U+8251,艑,08251,0,unicode
편,U+8439,萹,08439,0,unicode
편,U+8759,蝙,08759,0,unicode
편,U+890A,褊,0890a,0,unicode
편,U+8ADE,諞,08ade,0,unicode
편,U+904D,遍,0904d,0,unicode
편,U+97AD,鞭,097ad,0,unicode
편,U+9A19,騙,09a19,0,unicode
폄,U+782D,砭,0782d,0,unicode
폄,U+7A86,窆,07a86,0,unicode
폄,U+8CB6,貶,08cb6,0,unicode
평,U+5309,匉,05309,0,unicode
평,U+576A,坪,0576a,0,unicode
평,U+5E73,平,05e73,0,unicode
평,U+6026,怦,06026,0,unicode
평,U+62A8,抨,062a8,0,unicode
평,U+67B0,枰,067b0,0,unicode
평,U+6CD9,泙,06cd9,0,unicode
평,U+82F9,苹,082f9,0,unicode
평,U+840D,萍,0840d,0,unicode
평,U+84F1,蓱,084f1,0,unicode
평,U+8A55,評,08a55,0,unicode
평,U+9B83,鮃,09b83,0,unicode
평,,,a01f2,A,internal_code_A
폐,U+5420,吠,05420,0,unicode
폐,U+5B16,嬖,05b16,0,unicode
폐,U+5E63,幣,05e63,0,unicode
폐,U+5EE2,廢,05ee2,0,unicode
폐,U+5F0A,弊,05f0a,0,unicode
폐,U+655D,敝,0655d,0,unicode
폐,U+6583,斃,06583,0,unicode
폐,U+72F4,狴,072f4,0,unicode
폐,U+7358,獘,07358,0,unicode
폐,U+7648,癈,07648,0,unicode
폐,U+80BA,肺,080ba,0,unicode
폐,U+853D,蔽,0853d,0,unicode
폐,U+9589,閉,09589,0,unicode
폐,U+965B,陛,0965b,0,unicode
폐,,,a01f3,A,internal_code_A
포,U+4F48,佈,04f48,0,unicode
포,U+5124,儤,05124,0,unicode
포,U+5305,包,05305,0,unicode
포,U+530D,匍,0530d,0,unicode
포,U+530F,匏,0530f,0,unicode
포,U+5486,咆,05486,0,unicode
포,U+54FA,哺,054fa,0,unicode
포,U+5703,圃,05703,0,unicode
포,U+5E03,布,05e03,0,unicode
포,U+5E96,庖,05e96,0,unicode
포,U+6016,怖,06016,0,unicode
포,U+629B,抛,0629b,0,unicode
포,U+62B1,抱,062b1,0,unicode
포,U+62CB,拋,062cb,0,unicode
포,U+6355,捕,06355,0,unicode
포,U+6661,晡,06661,0,unicode
포,U+66B4,暴,066b4,0,unicode
포,U+66D3,曓,066d3,0,unicode
포,U+67B9,枹,067b9,0,unicode
포,U+6CE1,泡,06ce1,0,unicode
포,U+6D66,浦,06d66,0,unicode
포,U+70AE,炮,070ae,0,unicode
포,U+70B0,炰,070b0,0,unicode
포,U+75B1,疱,075b1,0,unicode
포,U+7832,砲,07832,0,unicode
포,U+80DE,胞,080de,0,unicode
포,U+812F,脯,0812f,0,unicode
포,U+82DE,苞,082de,0,unicode
포,U+8386,莆,08386,0,unicode
포,U+8461,葡,08461,0,unicode
포,U+84B2,蒲,084b2,0,unicode
포,U+888D,袍,0888d,0,unicode
포,U+8912,褒,08912,0,unicode
포,U+8AA7,誧,08aa7,0,unicode
포,U+900B,逋,0900b,0,unicode
포,U+924B,鉋,0924b,0,unicode
포,U+92EA,鋪,092ea,0,unicode
포,U+9784,鞄,09784,0,unicode
포,U+98FD,飽,098fd,0,unicode
포,U+9914,餔,09914,0,unicode
포,U+9B91,鮑,09b91,0,unicode
포,U+9BC6,鯆,09bc6,0,unicode
포,,,a01f4,A,internal_code_A
포,,,a01f5,A,internal_code_A
포,,,a01f6,A,internal_code_A
폭,U+5E45,幅,05e45,0,unicode
폭,U+66B4,暴,066b4,0,unicode
폭,U+66DD,曝,066dd,0,unicode
폭,U+7011,瀑,07011,0,unicode
폭,U+7206,爆,07206,0,unicode
폭,U+8F3B,輻,08f3b,0,unicode
표,U+43C7,䏇,043c7,0,unicode
표,U+4FF5,俵,04ff5,0,unicode
표,U+50C4,僄,050c4,0,unicode
표,U+527D,剽,0527d,0,unicode
표,U+52E1,勡,052e1,0,unicode
표,U+560C,嘌,0560c,0,unicode
표,U+5AD6,嫖,05ad6,0,unicode
표,U+5F6A,彪,05f6a,0,unicode
표,U+6153,慓,06153,0,unicode
표,U+647D,摽,0647d,0,unicode
표,U+6753,杓,06753,0,unicode
표,U+6A19,標,06a19,0,unicode
표,U+6B8D,殍,06b8d,0,unicode
표,U+6F02,漂,06f02,0,unicode
표,U+719B,熛,0719b,0,unicode
표,U+74E2,瓢,074e2,0,unicode
표,U+7968,票,07968,0,unicode
표,U+7E39,縹,07e39,0,unicode
표,U+7FF2,翲,07ff2,0,unicode
표,U+8868,表,08868,0,unicode
표,U+88F1,裱,088f1,0,unicode
표,U+8AD8,諘,08ad8,0,unicode
표,U+8C79,豹,08c79,0,unicode
표,U+93E2,鏢,093e2,0,unicode
표,U+9463,鑣,09463,0,unicode
표,U+98C4,飄,098c4,0,unicode
표,U+98C6,飆,098c6,0,unicode
표,U+98C7,飇,098c7,0,unicode
표,U+9A43,驃,09a43,0,unicode
표,U+9ADF,髟,09adf,0,unicode
표,U+9C3E,鰾,09c3e,0,unicode
품,U+54C1,品,054c1,0,unicode
품,U+7A1F,稟,07a1f,0,unicode
풍,U+6953,楓,06953,0,unicode
풍,U+760B,瘋,0760b,0,unicode
풍,U+8AF7,諷,08af7,0,unicode
풍,U+8C4A,豊,08c4a,0,unicode
풍,U+8C50,豐,08c50,0,unicode
풍,U+98A8,風,098a8,0,unicode
풍,U+99AE,馮,099ae,0,unicode
피,U+5F7C,彼,05f7c,0,unicode
피,U+62AB,披,062ab,0,unicode
피,U+75B2,疲,075b2,0,unicode
피,U+76AE,皮,076ae,0,unicode
피,U+88AB,被,088ab,0,unicode
피,U+8A56,詖,08a56,0,unicode
피,U+907F,避,0907f,0,unicode
피,U+9642,陂,09642,0,unicode
피,U+9781,鞁,09781,0,unicode
피,U+9AF2,髲,09af2,0,unicode
픽,U+8177,腷,08177,0,unicode
필,U+3AA4,㪤,03aa4,0,unicode
필,U+3CFC,㳼,03cfc,0,unicode
필,U+4F56,佖,04f56,0,unicode
필,U+5339,匹,05339,0,unicode
필,U+5487,咇,05487,0,unicode
필,U+59BC,妼,059bc,0,unicode
필,U+5F3C,弼,05f3c,0,unicode
필,U+5FC5,必,05fc5,0,unicode
필,U+67F2,柲,067f2,0,unicode
필,U+6CCC,泌,06ccc,0,unicode
필,U+6EED,滭,06eed,0,unicode
필,U+719A,熚,0719a,0,unicode
필,U+73CC,珌,073cc,0,unicode
필,U+7562,畢,07562,0,unicode
필,U+758B,疋,0758b,0,unicode
필,U+7B46,筆,07b46,0,unicode
필,U+7BF3,篳,07bf3,0,unicode
필,U+7F7C,罼,07f7c,0,unicode
필,U+82FE,苾,082fe,0,unicode
필,U+84FD,蓽,084fd,0,unicode
필,U+89F1,觱,089f1,0,unicode
필,U+8E55,蹕,08e55,0,unicode
필,U+90B2,邲,090b2,0,unicode
필,U+924D,鉍,0924d,0,unicode
필,U+97B8,鞸,097b8,0,unicode
필,U+97E0,韠,097e0,0,unicode
필,U+999D,馝,0999d,0,unicode
필,U+99DC,駜,099dc,0,unicode
필,U+9D6F,鵯,09d6f,0,unicode
필,,,a01f7,A,internal_code_A
핍,U+4E4F,乏,04e4f,0,unicode
핍,U+506A,偪,0506a,0,unicode
핍,U+7550,畐,07550,0,unicode
핍,U+903C,逼,0903c,0,unicode
하,U+35FF,㗿,035ff,0,unicode
하,U+3986,㦆,03986,0,unicode
하,U+3C24,㰤,03c24,0,unicode
하,U+4E0B,下,04e0b,0,unicode
하,U+4F55,何,04f55,0,unicode
하,U+53A6,厦,053a6,0,unicode
하,U+5440,呀,05440,0,unicode
하,U+54EC,哬,054ec,0,unicode
하,U+560F,嘏,0560f,0,unicode
하,U+5687,嚇,05687,0,unicode
하,U+590F,夏,0590f,0,unicode
하,U+5C88,岈,05c88,0,unicode
하,U+5EC8,廈,05ec8,0,unicode
하,U+61D7,懗,061d7,0,unicode
하,U+62B2,抲,062b2,0,unicode
하,U+6630,昰,06630,0,unicode
하,U+6CB3,河,06cb3,0,unicode
하,U+7146,煆,07146,0,unicode
하,U+7455,瑕,07455,0,unicode
하,U+7615,瘕,07615,0,unicode
하,U+78AC,碬,078ac,0,unicode
하,U+7F45,罅,07f45,0,unicode
하,U+8377,荷,08377,0,unicode
하,U+83CF,菏,083cf,0,unicode
하,U+8578,蕸,08578,0,unicode
하,U+8766,蝦,08766,0,unicode
하,U+8CC0,賀,08cc0,0,unicode
하,U+8D6E,赮,08d6e,0,unicode
하,U+9050,遐,09050,0,unicode
하,U+935C,鍜,0935c,0,unicode
하,U+959C,閜,0959c,0,unicode
하,U+971E,霞,0971e,0,unicode
하,U+9C15,鰕,09c15,0,unicode
하,U+27B02,𧬂,27b02,2,unicode
하,,,a01f8,A,internal_code_A
학,U+55C3,嗃,055c3,0,unicode
학,U+58C6,壆,058c6,0,unicode
학,U+58D1,壑,058d1,0,unicode
학,U+5B66,学,05b66,0,unicode
학,U+5B78,學,05b78,0,unicode
학,U+72E2,狢,072e2,0,unicode
학,U+7627,瘧,07627,0,unicode
학,U+76AC,皬,076ac,0,unicode
학,U+786E,确,0786e,0,unicode
학,U+7FEF,翯,07fef,0,unicode
학,U+8650,虐,08650,0,unicode
학,U+8B14,謔,08b14,0,unicode
학,U+8B1E,謞,08b1e,0,unicode
학,U+90DD,郝,090dd,0,unicode
학,U+96BA,隺,096ba,0,unicode
학,U+9DB4,鶴,09db4,0,unicode
학,U+9DFD,鷽,09dfd,0,unicode
한,U+49A5,䦥,049a5,0,unicode
한,U+50E9,僩,050e9,0,unicode
한,U+5AFA,嫺,05afa,0,unicode
한,U+5AFB,嫻,05afb,0,unicode
한,U+5BD2,寒,05bd2,0,unicode
한,U+5FD3,忓,05fd3,0,unicode
한,U+6068,恨,06068,0,unicode
한,U+608D,悍,0608d,0,unicode
한,U+61AA,憪,061aa,0,unicode
한,U+625E,扞,0625e,0,unicode
한,U+634D,捍,0634d,0,unicode
한,U+65F1,旱,065f1,0,unicode
한,U+6658,晘,06658,0,unicode
한,U+66B5,暵,066b5,0,unicode
한,U+6A4C,橌,06a4c,0,unicode
한,U+6C57,汗,06c57,0,unicode
한,U+6F22,漢,06f22,0,unicode
한,U+6F96,澖,06f96,0,unicode
한,U+6FA3,澣,06fa3,0,unicode
한,U+701A,瀚,0701a,0,unicode
한,U+71AF,熯,071af,0,unicode
한,U+7F55,罕,07f55,0,unicode
한,U+7FF0,翰,07ff0,0,unicode
한,U+9097,邗,09097,0,unicode
한,U+90AF,邯,090af,0,unicode
한,U+91EC,釬,091ec,0,unicode
한,U+92B2,銲,092b2,0,unicode
한,U+9588,閈,09588,0,unicode
한,U+9591,閑,09591,0,unicode
한,U+9592,閒,09592,0,unicode
한,U+9650,限,09650,0,unicode
한,U+96D7,雗,096d7,0,unicode
한,U+97D3,韓,097d3,0,unicode
한,U+99FB,駻,099fb,0,unicode
한,U+9DF3,鷳,09df3,0,unicode
한,U+9F3E,鼾,09f3e,0,unicode
한,U+21F5C,𡽜,21f5c,2,unicode
할,U+5272,割,05272,0,unicode
할,U+778E,瞎,0778e,0,unicode
할,U+7848,硈,07848,0,unicode
할,U+8F44,轄,08f44,0,unicode
함,U+51FD,函,051fd,0,unicode
함,U+542B,含,0542b,0,unicode
함,U+54B8,咸,054b8,0,unicode
함,U+5563,啣,05563,0,unicode
함,U+558A,喊,0558a,0,unicode
함,U+6ABB,檻,06abb,0,unicode
함,U+6B26,欦,06b26,0,unicode
함,U+6DB5,涵,06db5,0,unicode
함,U+744A,瑊,0744a,0,unicode
함,U+7DD8,緘,07dd8,0,unicode
함,U+80A3,肣,080a3,0,unicode
함,U+8266,艦,08266,0,unicode
함,U+839F,莟,0839f,0,unicode
함,U+83E1,菡,083e1,0,unicode
함,U+8AF4,諴,08af4,0,unicode
함,U+8F5E,轞,08f5e,0,unicode
함,U+929C,銜,0929c,0,unicode
함,U+95DE,闞,095de,0,unicode
함,U+9677,陷,09677,0,unicode
함,U+9E79,鹹,09e79,0,unicode
함,,,a0263,A,internal_code_A
합,U+530C,匌,0530c,0,unicode
합,U+5408,合,05408,0,unicode
합,U+54C8,哈,054c8,0,unicode
합,U+55D1,嗑,055d1,0,unicode
합,U+67D9,柙,067d9,0,unicode
합,U+69BC,榼,069bc,0,unicode
합,U+6E98,溘,06e98,0,unicode
합,U+76CD,盍,076cd,0,unicode
합,U+76D2,盒,076d2,0,unicode
합,U+86E4,蛤,086e4,0,unicode
합,U+8A65,詥,08a65,0,unicode
합,U+90C3,郃,090c3,0,unicode
합,U+95A4,閤,095a4,0,unicode
합,U+95D4,闔,095d4,0,unicode
합,U+965C,陜,0965c,0,unicode
항,U+4EA2,亢,04ea2,0,unicode
항,U+4F09,伉,04f09,0,unicode
항,U+592F,夯,0592f,0,unicode
항,U+59EE,姮,059ee,0,unicode
항,U+5AE6,嫦,05ae6,0,unicode
항,U+5DF7,巷,05df7,0,unicode
항,U+6046,恆,06046,0,unicode
항,U+6052,恒,06052,0,unicode
항,U+6297,抗,06297,0,unicode
항,U+676D,杭,0676d,0,unicode
항,U+6841,桁,06841,0,unicode
항,U+6C86,沆,06c86,0,unicode
항,U+7095,炕,07095,0,unicode
항,U+7F38,缸,07f38,0,unicode
항,U+7F3F,缿,07f3f,0,unicode
항,U+809B,肛,0809b,0,unicode
항,U+822A,航,0822a,0,unicode
항,U+884C,行,0884c,0,unicode
항,U+8CA5,貥,08ca5,0,unicode
항,U+964D,降,0964d,0,unicode
항,U+9805,項,09805,0,unicode
항,U+980F,頏,0980f,0,unicode
항,U+F153F,,f153f,F,private_use_F
해,U+3C29,㰩,03c29,0,unicode
해,U+402D,䀭,0402d,0,unicode
해,U+4EA5,亥,04ea5,0,unicode
해,U+4F85,侅,04f85,0,unicode
해,U+5055,偕,05055,0,unicode
해,U+548D,咍,0548d,0,unicode
해,U+54B3,咳,054b3,0,unicode
해,U+5793,垓,05793,0,unicode
해,U+595A,奚,0595a,0,unicode
해,U+59DF,姟,059df,0,unicode
해,U+5B69,孩,05b69,0,unicode
해,U+5BB3,害,05bb3,0,unicode
해,U+5DB0,嶰,05db0,0,unicode
해,U+5EE8,廨,05ee8,0,unicode
해,U+61C8,懈,061c8,0,unicode
해,U+6650,晐,06650,0,unicode
해,U+6977,楷,06977,0,unicode
해,U+6B2C,欬,06b2c,0,unicode
해,U+6D77,海,06d77,0,unicode
해,U+6E5D,湝,06e5d,0,unicode
해,U+6FA5,澥,06fa5,0,unicode
해,U+7023,瀣,07023,0,unicode
해,U+736C,獬,0736c,0,unicode
해,U+744E,瑎,0744e,0,unicode
해,U+75CE,痎,075ce,0,unicode
해,U+7944,祄,07944,0,unicode
해,U+7D6F,絯,07d6f,0,unicode
해,U+8344,荄,08344,0,unicode
해,U+85A4,薤,085a4,0,unicode
해,U+87F9,蟹,087f9,0,unicode
해,U+8878,衸,08878,0,unicode
해,U+89E3,解,089e3,0,unicode
해,U+8A72,該,08a72,0,unicode
해,U+8AE7,諧,08ae7,0,unicode
해,U+8CC5,賅,08cc5,0,unicode
해,U+9082,邂,09082,0,unicode
해,U+90CB,郋,090cb,0,unicode
해,U+91A2,醢,091a2,0,unicode
해,U+9654,陔,09654,0,unicode
해,U+9826,頦,09826,0,unicode
해,U+99ED,駭,099ed,0,unicode
해,U+9AB8,骸,09ab8,0,unicode
해,U+9BAD,鮭,09bad,0,unicode
해,U+9FA4,龤,09fa4,0,unicode
해,,,a0290,A,internal_code_A
해,U+F1543,,f1543,F,private_use_F
해,U+F2B67,,f2b67,F,private_use_F
핵,U+52BE,劾,052be,0,unicode
핵,U+6838,核,06838,0,unicode
핵,U+7FEE,翮,07fee,0,unicode
핵,U+8988,覈,08988,0,unicode
행,U+5016,倖,05016,0,unicode
행,U+5A5E,婞,05a5e,0,unicode
행,U+5E78,幸,05e78,0,unicode
행,U+60BB,悻,060bb,0,unicode
행,U+674F,杏,0674f,0,unicode
행,U+6DAC,涬,06dac,0,unicode
행,U+70C6,烆,070c6,0,unicode
행,U+8347,荇,08347,0,unicode
행,U+884C,行,0884c,0,unicode
행,,,a01f9,A,internal_code_A
향,U+4168,䅨,04168,0,unicode
향,U+4EAB,享,04eab,0,unicode
향,U+5411,向,05411,0,unicode
향,U+56AE,嚮,056ae,0,unicode
향,U+6651,晑,06651,0,unicode
향,U+66CF,曏,066cf,0,unicode
향,U+697F,楿,0697f,0,unicode
향,U+73E6,珦,073e6,0,unicode
향,U+842B,萫,0842b,0,unicode
향,U+858C,薌,0858c,0,unicode
향,U+9115,鄕,09115,0,unicode
향,U+97FF,響,097ff,0,unicode
향,U+9909,餉,09909,0,unicode
향,U+9957,饗,09957,0,unicode
향,U+9999,香,09999,0,unicode
향,U+9E98,麘,09e98,0,unicode
허,U+5653,噓,05653,0,unicode
허,U+589F,墟,0589f,0,unicode
허,U+6B54,歔,06b54,0,unicode
허,U+865B,虛,0865b,0,unicode
허,U+8A31,許,08a31,0,unicode
허,U+9126,鄦,09126,0,unicode
헌,U+39A5,㦥,039a5,0,unicode
헌,U+4863,䡣,04863,0,unicode
헌,U+5DD8,巘,05dd8,0,unicode
헌,U+5DDA,巚,05dda,0,unicode
헌,U+5E70,幰,05e70,0,unicode
헌,U+61B2,憲,061b2,0,unicode
헌,U+6507,攇,06507,0,unicode
헌,U+660D,昍,0660d,0,unicode
헌,U+6AF6,櫶,06af6,0,unicode
헌,U+737B,獻,0737b,0,unicode
헌,U+8ED2,軒,08ed2,0,unicode
헐,U+6B47,歇,06b47,0,unicode
험,U+5DAE,嶮,05dae,0,unicode
험,U+736B,獫,0736b,0,unicode
험,U+7381,玁,07381,0,unicode
험,U+96AA,險,096aa,0,unicode
험,U+9A57,驗,09a57,0,unicode
혁,U+4682,䚂,04682,0,unicode
혁,U+4F90,侐,04f90,0,unicode
혁,U+5687,嚇,05687,0,unicode
혁,U+5955,奕,05955,0,unicode
혁,U+5F08,弈,05f08,0,unicode
혁,U+6D2B,洫,06d2b,0,unicode
혁,U+7103,焃,07103,0,unicode
혁,U+7131,焱,07131,0,unicode
혁,U+7142,煂,07142,0,unicode
혁,U+7200,爀,07200,0,unicode
혁,U+8D65,赥,08d65,0,unicode
혁,U+8D69,赩,08d69,0,unicode
혁,U+8D6B,赫,08d6b,0,unicode
혁,U+9769,革,09769,0,unicode
혁,U+9B29,鬩,09b29,0,unicode
혁,U+27E7D,𧹽,27e7d,2,unicode
현,U+38BA,㢺,038ba,0,unicode
현,U+3B0E,㬎,03b0e,0,unicode
현,U+3B79,㭹,03b79,0,unicode
현,U+476E,䝮,0476e,0,unicode
현,U+49CB,䧋,049cb,0,unicode
현,U+4CBB,䲻,04cbb,0,unicode
현,U+4EDA,仚,04eda,0,unicode
현,U+4FD4,俔,04fd4,0,unicode
현,U+5107,儇,05107,0,unicode
현,U+545F,呟,0545f,0,unicode
현,U+57CD,埍,057cd,0,unicode
현,U+59B6,妶,059b6,0,unicode
현,U+5A0A,娊,05a0a,0,unicode
현,U+5A39,娹,05a39,0,unicode
현,U+5B1B,嬛,05b1b,0,unicode
현,U+5CF4,峴,05cf4,0,unicode
현,U+5F26,弦,05f26,0,unicode
현,U+6030,怰,06030,0,unicode
현,U+61F8,懸,061f8,0,unicode
현,U+6621,昡,06621,0,unicode
현,U+665B,晛,0665b,0,unicode
현,U+6CEB,泫,06ceb,0,unicode
현,U+7066,灦,07066,0,unicode
현,U+70AB,炫,070ab,0,unicode
현,U+7384,玄,07384,0,unicode
현,U+73B9,玹,073b9,0,unicode
현,U+73FE,現,073fe,0,unicode
현,U+7404,琄,07404,0,unicode
현,U+75C3,痃,075c3,0,unicode
현,U+7729,眩,07729,0,unicode
현,U+774D,睍,0774d,0,unicode
현,U+77CE,矎,077ce,0,unicode
현,U+7D43,絃,07d43,0,unicode
현,U+7D62,絢,07d62,0,unicode
현,U+7E23,縣,07e23,0,unicode
현,U+7E6F,繯,07e6f,0,unicode
현,U+7FFE,翾,07ffe,0,unicode
현,U+80D8,胘,080d8,0,unicode
현,U+8237,舷,08237,0,unicode
현,U+83A7,莧,083a7,0,unicode
현,U+8664,虤,08664,0,unicode
현,U+8706,蜆,08706,0,unicode
현,U+8852,衒,08852,0,unicode
현,U+88A8,袨,088a8,0,unicode
현,U+898B,見,0898b,0,unicode
현,U+8AA2,誢,08aa2,0,unicode
현,U+8B5E,譞,08b5e,0,unicode
현,U+8B82,讂,08b82,0,unicode
현,U+8CE2,賢,08ce2,0,unicode
현,U+9249,鉉,09249,0,unicode
현,U+92D7,鋗,092d7,0,unicode
현,U+92E7,鋧,092e7,0,unicode
현,U+9855,顕,09855,0,unicode
현,U+986F,顯,0986f,0,unicode
현,U+99FD,駽,099fd,0,unicode
혈,U+5B51,孑,05b51,0,unicode
혈,U+7A74,穴,07a74,0,unicode
혈,U+7D5C,絜,07d5c,0,unicode
혈,U+8840,血,08840,0,unicode
혈,U+8D90,趐,08d90,0,unicode
혈,U+9801,頁,09801,0,unicode
혐,U+5ACC,嫌,05acc,0,unicode
협,U+4FE0,俠,04fe0,0,unicode
협,U+51BE,冾,051be,0,unicode
협,U+52A6,劦,052a6,0,unicode
협,U+5327,匧,05327,0,unicode
협,U+5354,協,05354,0,unicode
협,U+53F6,叶,053f6,0,unicode
협,U+57C9,埉,057c9,0,unicode
협,U+593E,夾,0593e,0,unicode
협,U+5CFD,峽,05cfd,0,unicode
협,U+604A,恊,0604a,0,unicode
협,U+608F,悏,0608f,0,unicode
협,U+611C,愜,0611c,0,unicode
협,U+62F9,拹,062f9,0,unicode
협,U+633E,挾,0633e,0,unicode
협,U+6D79,浹,06d79,0,unicode
협,U+72F9,狹,072f9,0,unicode
협,U+7864,硤,07864,0,unicode
협,U+7BCB,篋,07bcb,0,unicode
협,U+8105,脅,08105,0,unicode
협,U+8107,脇,08107,0,unicode
협,U+83A2,莢,083a2,0,unicode
협,U+92CF,鋏,092cf,0,unicode
협,U+9830,頰,09830,0,unicode
협,,,a01fa,A,internal_code_A
형,U+36BE,㚾,036be,0,unicode
형,U+4EA8,亨,04ea8,0,unicode
형,U+4F80,侀,04f80,0,unicode
형,U+5144,兄,05144,0,unicode
형,U+5211,刑,05211,0,unicode
형,U+578B,型,0578b,0,unicode
형,U+5910,夐,05910,0,unicode
형,U+5A19,娙,05a19,0,unicode
형,U+5D64,嵤,05d64,0,unicode
형,U+5F62,形,05f62,0,unicode
형,U+6CC2,泂,06cc2,0,unicode
형,U+6D7B,浻,06d7b,0,unicode
형,U+6ECE,滎,06ece,0,unicode
형,U+7005,瀅,07005,0,unicode
형,U+7050,灐,07050,0,unicode
형,U+70AF,炯,070af,0,unicode
형,U+7192,熒,07192,0,unicode
형,U+73E9,珩,073e9,0,unicode
형,U+7469,瑩,07469,0,unicode
형,U+77CE,矎,077ce,0,unicode
형,U+811D,脝,0811d,0,unicode
형,U+834A,荊,0834a,0,unicode
형,U+8605,蘅,08605,0,unicode
형,U+87A2,螢,087a2,0,unicode
형,U+8861,衡,08861,0,unicode
형,U+8A57,詗,08a57,0,unicode
형,U+8FE5,迥,08fe5,0,unicode
형,U+9008,逈,09008,0,unicode
형,U+90A2,邢,090a2,0,unicode
형,U+93A3,鎣,093a3,0,unicode
형,U+9658,陘,09658,0,unicode
형,U+99A8,馨,099a8,0,unicode
형,,,a01fb,A,internal_code_A
혜,U+3A19,㨙,03a19,0,unicode
혜,U+46B7,䚷,046b7,0,unicode
혜,U+5092,傒,05092,0,unicode
혜,U+50E1,僡,050e1,0,unicode
혜,U+516E,兮,0516e,0,unicode
혜,U+5338,匸,05338,0,unicode
혜,U+5612,嘒,05612,0,unicode
혜,U+5BED,寭,05bed,0,unicode
혜,U+5F57,彗,05f57,0,unicode
혜,U+5FAF,徯,05faf,0,unicode
혜,U+6075,恵,06075,0,unicode
혜,U+60E0,惠,060e0,0,unicode
혜,U+6167,慧,06167,0,unicode
혜,U+6193,憓,06193,0,unicode
혜,U+66B3,暳,066b3,0,unicode
혜,U+69BD,榽,069bd,0,unicode
혜,U+69E5,槥,069e5,0,unicode
혜,U+6A5E,橞,06a5e,0,unicode
혜,U+6F53,潓,06f53,0,unicode
혜,U+76FB,盻,076fb,0,unicode
혜,U+8559,蕙,08559,0,unicode
혜,U+8B11,謑,08b11,0,unicode
혜,U+8B53,譓,08b53,0,unicode
혜,U+8B7F,譿,08b7f,0,unicode
혜,U+8E4A,蹊,08e4a,0,unicode
혜,U+91AF,醯,091af,0,unicode
혜,U+93F8,鏸,093f8,0,unicode
혜,U+978B,鞋,0978b,0,unicode
혜,,,a01fc,A,internal_code_A
호,U+4E4E,乎,04e4e,0,unicode
호,U+4E92,互,04e92,0,unicode
호,U+512B,儫,0512b,0,unicode
호,U+51B1,冱,051b1,0,unicode
호,U+53F7,号,053f7,0,unicode
호,U+547C,呼,0547c,0,unicode
호,U+54E0,哠,054e0,0,unicode
호,U+552C,唬,0552c,0,unicode
호,U+5637,嘷,05637,0,unicode
호,U+568E,嚎,0568e,0,unicode
호,U+5780,垀,05780,0,unicode
호,U+58D5,壕,058d5,0,unicode
호,U+58FA,壺,058fa,0,unicode
호,U+5930,夰,05930,0,unicode
호,U+597D,好,0597d,0,unicode
호,U+5A4B,婋,05a4b,0,unicode
호,U+5AED,嫭,05aed,0,unicode
호,U+5AEE,嫮,05aee,0,unicode
호,U+5CB5,岵,05cb5,0,unicode
호,U+5CFC,峼,05cfc,0,unicode
호,U+5F27,弧,05f27,0,unicode
호,U+6019,怙,06019,0,unicode
호,U+6236,戶,06236,0,unicode
호,U+6248,扈,06248,0,unicode
호,U+6608,昈,06608,0,unicode
호,U+660A,昊,0660a,0,unicode
호,U+6667,晧,06667,0,unicode
호,U+66A4,暤,066a4,0,unicode
호,U+6772,杲,06772,0,unicode
호,U+6791,枑,06791,0,unicode
호,U+695B,楛,0695b,0,unicode
호,U+695C,楜,0695c,0,unicode
호,U+6BEB,毫,06beb,0,unicode
호,U+6C8D,沍,06c8d,0,unicode
호,U+6D69,浩,06d69,0,unicode
호,U+6DCF,淏,06dcf,0,unicode
호,U+6E56,湖,06e56,0,unicode
호,U+6EC8,滈,06ec8,0,unicode
호,U+6EEC,滬,06eec,0,unicode
호,U+6EF8,滸,06ef8,0,unicode
호,U+6EF9,滹,06ef9,0,unicode
호,U+6F94,澔,06f94,0,unicode
호,U+6FE0,濠,06fe0,0,unicode
호,U+6FE9,濩,06fe9,0,unicode
호,U+705D,灝,0705d,0,unicode
호,U+71A9,熩,071a9,0,unicode
호,U+7292,犒,07292,0,unicode
호,U+72D0,狐,072d0,0,unicode
호,U+7322,猢,07322,0,unicode
호,U+7425,琥,07425,0,unicode
호,U+745A,瑚,0745a,0,unicode
호,U+74E0,瓠,074e0,0,unicode
호,U+74F3,瓳,074f3,0,unicode
호,U+7693,皓,07693,0,unicode
호,U+769C,皜,0769c,0,unicode
호,U+769E,皞,0769e,0,unicode
호,U+795C,祜,0795c,0,unicode
호,U+7CCA,糊,07cca,0,unicode
호,U+7E1E,縞,07e1e,0,unicode
호,U+8055,聕,08055,0,unicode
호,U+80E1,胡,080e1,0,unicode
호,U+8290,芐,08290,0,unicode
호,U+82A6,芦,082a6,0,unicode
호,U+846B,葫,0846b,0,unicode
호,U+84BF,蒿,084bf,0,unicode
호,U+8530,蔰,08530,0,unicode
호,U+864D,虍,0864d,0,unicode
호,U+864E,虎,0864e,0,unicode
호,U+865F,號,0865f,0,unicode
호,U+8774,蝴,08774,0,unicode
호,U+8B77,護,08b77,0,unicode
호,U+8B79,譹,08b79,0,unicode
호,U+8C6A,豪,08c6a,0,unicode
호,U+9117,鄗,09117,0,unicode
호,U+9190,醐,09190,0,unicode
호,U+9378,鍸,09378,0,unicode
호,U+93AC,鎬,093ac,0,unicode
호,U+9800,頀,09800,0,unicode
호,U+9865,顥,09865,0,unicode
호,U+992C,餬,0992c,0,unicode
호,U+9B0D,鬍,09b0d,0,unicode
호,,,a01fd,A,internal_code_A
호,,,a01fe,A,internal_code_A
호,,,a01ff,A,internal_code_A
호,,,a0200,A,internal_code_A
호,,,a0201,A,internal_code_A
호,,,a0202,A,internal_code_A
호,,,a026d,A,internal_code_A
호,,,a02d5,A,internal_code_A
호,U+F346E,,f346e,F,private_use_F
혹,U+60D1,惑,060d1,0,unicode
혹,U+6216,或,06216,0,unicode
혹,U+7187,熇,07187,0,unicode
혹,U+9177,酷,09177,0,unicode
혼,U+4ADF,䫟,04adf,0,unicode
혼,U+4FD2,俒,04fd2,0,unicode
혼,U+5702,圂,05702,0,unicode
혼,U+5A5A,婚,05a5a,0,unicode
혼,U+660F,昏,0660f,0,unicode
혼,U+6DF7,混,06df7,0,unicode
혼,U+6E3E,渾,06e3e,0,unicode
혼,U+6E63,湣,06e63,0,unicode
혼,U+6EB7,溷,06eb7,0,unicode
혼,U+711C,焜,0711c,0,unicode
혼,U+743F,琿,0743f,0,unicode
혼,U+95BD,閽,095bd,0,unicode
혼,U+9B42,魂,09b42,0,unicode
홀,U+56EB,囫,056eb,0,unicode
홀,U+5FFD,忽,05ffd,0,unicode
홀,U+60DA,惚,060da,0,unicode
홀,U+7B0F,笏,07b0f,0,unicode
홍,U+472B,䜫,0472b,0,unicode
홍,U+4EDC,仜,04edc,0,unicode
홍,U+54C4,哄,054c4,0,unicode
홍,U+5F18,弘,05f18,0,unicode
홍,U+664E,晎,0664e,0,unicode
홍,U+6C5E,汞,06c5e,0,unicode
홍,U+6CD3,泓,06cd3,0,unicode
홍,U+6D1A,洚,06d1a,0,unicode
홍,U+6D2A,洪,06d2a,0,unicode
홍,U+6F92,澒,06f92,0,unicode
홍,U+7074,灴,07074,0,unicode
홍,U+70D8,烘,070d8,0,unicode
홍,U+7BCA,篊,07bca,0,unicode
홍,U+7D05,紅,07d05,0,unicode
홍,U+8679,虹,08679,0,unicode
홍,U+8A0C,訌,08a0c,0,unicode
홍,U+9277,鉷,09277,0,unicode
홍,U+92BE,銾,092be,0,unicode
홍,U+9B28,鬨,09b28,0,unicode
홍,U+9D3B,鴻,09d3b,0,unicode
화,U+3DA1,㶡,03da1,0,unicode
화,U+4F19,伙,04f19,0,unicode
화,U+4FF0,俰,04ff0,0,unicode
화,U+5316,化,05316,0,unicode
화,U+548C,和,0548c,0,unicode
화,U+5629,嘩,05629,0,unicode
화,U+59C0,姀,059c0,0,unicode
화,U+5B05,嬅,05b05,0,unicode
화,U+6779,杹,06779,0,unicode
화,U+6A3A,樺,06a3a,0,unicode
화,U+6F95,澕,06f95,0,unicode
화,U+706B,火,0706b,0,unicode
화,U+756B,畫,0756b,0,unicode
화,U+7575,畵,07575,0,unicode
화,U+798D,禍,0798d,0,unicode
화,U+79BE,禾,079be,0,unicode
화,U+82B1,花,082b1,0,unicode
화,U+83EF,華,083ef,0,unicode
화,U+8A38,訸,08a38,0,unicode
화,U+8A71,話,08a71,0,unicode
화,U+8B41,譁,08b41,0,unicode
화,U+8CA8,貨,08ca8,0,unicode
화,U+924C,鉌,0924c,0,unicode
화,U+93F5,鏵,093f5,0,unicode
화,U+9774,靴,09774,0,unicode
화,U+9A4A,驊,09a4a,0,unicode
화,U+9FA2,龢,09fa2,0,unicode
화,,,a0203,A,internal_code_A
화,,,a0204,A,internal_code_A
화,,,a0205,A,internal_code_A
화,,,a0206,A,internal_code_A
화,,,a0207,A,internal_code_A
화,,,a0264,A,internal_code_A
화,U+F3477,,f3477,F,private_use_F
확,U+5ED3,廓,05ed3,0,unicode
확,U+64F4,擴,064f4,0,unicode
확,U+652B,攫,0652b,0,unicode
확,U+66E4,曤,066e4,0,unicode
확,U+77CD,矍,077cd,0,unicode
확,U+77E1,矡,077e1,0,unicode
확,U+78BA,確,078ba,0,unicode
확,U+78BB,碻,078bb,0,unicode
확,U+792D,礭,0792d,0,unicode
확,U+7A6B,穫,07a6b,0,unicode
확,U+944A,鑊,0944a,0,unicode
확,,,a0208,A,internal_code_A
환,U+4E38,丸,04e38,0,unicode
환,U+559A,喚,0559a,0,unicode
환,U+571C,圜,0571c,0,unicode
환,U+5950,奐,05950,0,unicode
환,U+5BA6,宦,05ba6,0,unicode
환,U+5BF0,寰,05bf0,0,unicode
환,U+5CD8,峘,05cd8,0,unicode
환,U+5E7B,幻,05e7b,0,unicode
환,U+60A3,患,060a3,0,unicode
환,U+610C,愌,0610c,0,unicode
환,U+61C1,懁,061c1,0,unicode
환,U+61FD,懽,061fd,0,unicode
환,U+63DB,換,063db,0,unicode
환,U+64D0,擐,064d0,0,unicode
환,U+6665,晥,06665,0,unicode
환,U+6853,桓,06853,0,unicode
환,U+6B61,歡,06b61,0,unicode
환,U+6D39,洹,06d39,0,unicode
환,U+6E19,渙,06e19,0,unicode
환,U+6FB4,澴,06fb4,0,unicode
환,U+7165,煥,07165,0,unicode
환,U+744D,瑍,0744d,0,unicode
환,U+74B0,環,074b0,0,unicode
환,U+74DB,瓛,074db,0,unicode
환,U+7696,皖,07696,0,unicode
환,U+7746,睆,07746,0,unicode
환,U+7D08,紈,07d08,0,unicode
환,U+7D59,絙,07d59,0,unicode
환,U+8284,芄,08284,0,unicode
환,U+8B99,讙,08b99,0,unicode
환,U+8C62,豢,08c62,0,unicode
환,U+8F58,轘,08f58,0,unicode
환,U+9084,還,09084,0,unicode
환,U+92CE,鋎,092ce,0,unicode
환,U+9370,鍰,09370,0,unicode
환,U+9436,鐶,09436,0,unicode
환,U+9A69,驩,09a69,0,unicode
환,U+9B1F,鬟,09b1f,0,unicode
환,U+9C25,鰥,09c25,0,unicode
환,,,a0209,A,internal_code_A
환,,,a020a,A,internal_code_A
활,U+6D3B,活,06d3b,0,unicode
활,U+6ED1,滑,06ed1,0,unicode
활,U+6FF6,濶,06ff6,0,unicode
활,U+733E,猾,0733e,0,unicode
활,U+86DE,蛞,086de,0,unicode
활,U+8C41,豁,08c41,0,unicode
활,U+95CA,闊,095ca,0,unicode
황,U+5164,兤,05164,0,unicode
황,U+51F0,凰,051f0,0,unicode
황,U+55A4,喤,055a4,0,unicode
황,U+582D,堭,0582d,0,unicode
황,U+595B,奛,0595b,0,unicode
황,U+5A93,媓,05a93,0,unicode
황,U+5E4C,幌,05e4c,0,unicode
황,U+5FA8,徨,05fa8,0,unicode
황,U+6033,怳,06033,0,unicode
황,U+604D,恍,0604d,0,unicode
황,U+60F6,惶,060f6,0,unicode
황,U+6130,愰,06130,0,unicode
황,U+614C,慌,0614c,0,unicode
황,U+6643,晃,06643,0,unicode
황,U+6644,晄,06644,0,unicode
황,U+697B,楻,0697b,0,unicode
황,U+69A5,榥,069a5,0,unicode
황,U+6CC1,況,06cc1,0,unicode
황,U+6E5F,湟,06e5f,0,unicode
황,U+6EC9,滉,06ec9,0,unicode
황,U+6F62,潢,06f62,0,unicode
황,U+714C,煌,0714c,0,unicode
황,U+7180,熀,07180,0,unicode
황,U+71BF,熿,071bf,0,unicode
황,U+745D,瑝,0745d,0,unicode
황,U+749C,璜,0749c,0,unicode
황,U+7687,皇,07687,0,unicode
황,U+769D,皝,0769d,0,unicode
황,U+7BC1,篁,07bc1,0,unicode
황,U+7C27,簧,07c27,0,unicode
황,U+8093,肓,08093,0,unicode
황,U+8352,荒,08352,0,unicode
황,U+845F,葟,0845f,0,unicode
황,U+8757,蝗,08757,0,unicode
황,U+8CBA,貺,08cba,0,unicode
황,U+9051,遑,09051,0,unicode
황,U+9360,鍠,09360,0,unicode
황,U+93A4,鎤,093a4,0,unicode
황,U+968D,隍,0968d,0,unicode
황,U+9EC3,黃,09ec3,0,unicode
황,,,a020b,A,internal_code_A
황,,,a020c,A,internal_code_A
회,U+4F1A,会,04f1a,0,unicode
회,U+4F6A,佪,04f6a,0,unicode
회,U+532F,匯,0532f,0,unicode
회,U+56DE,回,056de,0,unicode
회,U+5EFB,廻,05efb,0,unicode
회,U+5F8A,徊,05f8a,0,unicode
회,U+6062,恢,06062,0,unicode
회,U+6094,悔,06094,0,unicode
회,U+61F7,懷,061f7,0,unicode
회,U+6666,晦,06666,0,unicode
회,U+6703,會,06703,0,unicode
회,U+6A9C,檜,06a9c,0,unicode
회,U+6D04,洄,06d04,0,unicode
회,U+6DEE,淮,06dee,0,unicode
회,U+6FAE,澮,06fae,0,unicode
회,U+7024,瀤,07024,0,unicode
회,U+7070,灰,07070,0,unicode
회,U+736A,獪,0736a,0,unicode
회,U+76D4,盔,076d4,0,unicode
회,U+7D75,絵,07d75,0,unicode
회,U+7E6A,繪,07e6a,0,unicode
회,U+81BE,膾,081be,0,unicode
회,U+8334,茴,08334,0,unicode
회,U+86D4,蛔,086d4,0,unicode
회,U+8A7C,詼,08a7c,0,unicode
회,U+8AA8,誨,08aa8,0,unicode
회,U+8CC4,賄,08cc4,0,unicode
회,U+8FF4,迴,08ff4,0,unicode
회,U+9136,鄶,09136,0,unicode
회,U+982E,頮,0982e,0,unicode
회,U+9C60,鱠,09c60,0,unicode
회,,,a020d,A,internal_code_A
획,U+5283,劃,05283,0,unicode
획,U+5684,嚄,05684,0,unicode
획,U+7372,獲,07372,0,unicode
획,U+753B,画,0753b,0,unicode
획,,,a020e,A,internal_code_A
횡,U+5B96,宖,05b96,0,unicode
횡,U+6A6B,橫,06a6b,0,unicode
횡,U+6F8B,澋,06f8b,0,unicode
횡,U+7AD1,竑,07ad1,0,unicode
횡,U+921C,鈜,0921c,0,unicode
횡,U+9404,鐄,09404,0,unicode
횡,U+9445,鑅,09445,0,unicode
횡,U+9ECC,黌,09ecc,0,unicode
효,U+390A,㤊,0390a,0,unicode
효,U+3B81,㮁,03b81,0,unicode
효,U+3D7F,㵿,03d7f,0,unicode
효,U+4FBE,侾,04fbe,0,unicode
효,U+509A,傚,0509a,0,unicode
효,U+52B9,効,052b9,0,unicode
효,U+54EE,哮,054ee,0,unicode
효,U+5635,嘵,05635,0,unicode
효,U+5686,嚆,05686,0,unicode
효,U+56C2,囂,056c2,0,unicode
효,U+5A4B,婋,05a4b,0,unicode
효,U+5B5D,孝,05b5d,0,unicode
효,U+5D24,崤,05d24,0,unicode
효,U+5EA8,庨,05ea8,0,unicode
효,U+6054,恔,06054,0,unicode
효,U+6548,效,06548,0,unicode
효,U+6585,斅,06585,0,unicode
효,U+66C9,曉,066c9,0,unicode
효,U+689F,梟,0689f,0,unicode
효,U+6B4A,歊,06b4a,0,unicode
효,U+6BBD,殽,06bbd,0,unicode
효,U+6D28,洨,06d28,0,unicode
효,U+6D8D,涍,06d8d,0,unicode
효,U+6DC6,淆,06dc6,0,unicode
효,U+7071,灱,07071,0,unicode
효,U+70CB,烋,070cb,0,unicode
효,U+7187,熇,07187,0,unicode
효,U+723B,爻,0723b,0,unicode
효,U+769B,皛,0769b,0,unicode
효,U+7A99,窙,07a99,0,unicode
효,U+80B4,肴,080b4,0,unicode
효,U+8653,虓,08653,0,unicode
효,U+8A68,詨,08a68,0,unicode
효,U+8B3C,謼,08b3c,0,unicode
효,U+90E9,郩,090e9,0,unicode
효,U+9175,酵,09175,0,unicode
효,U+991A,餚,0991a,0,unicode
효,U+9A4D,驍,09a4d,0,unicode
효,,,a0259,A,internal_code_A
후,U+3C2D,㰭,03c2d,0,unicode
후,U+4FAF,侯,04faf,0,unicode
후,U+5019,候,05019,0,unicode
후,U+539A,厚,0539a,0,unicode
후,U+540E,后,0540e,0,unicode
후,U+543C,吼,0543c,0,unicode
후,U+543D,吽,0543d,0,unicode
후,U+5589,喉,05589,0,unicode
후,U+55A3,喣,055a3,0,unicode
후,U+55C5,嗅,055c5,0,unicode
후,U+5795,垕,05795,0,unicode
후,U+5820,堠,05820,0,unicode
후,U+59C1,姁,059c1,0,unicode
후,U+5E3F,帿,05e3f,0,unicode
후,U+5F8C,後,05f8c,0,unicode
후,U+673D,朽,0673d,0,unicode
후,U+7166,煦,07166,0,unicode
후,U+7334,猴,07334,0,unicode
후,U+73DD,珝,073dd,0,unicode
후,U+77E6,矦,077e6,0,unicode
후,U+7BCC,篌,07bcc,0,unicode
후,U+828B,芋,0828b,0,unicode
후,U+8A61,詡,08a61,0,unicode
후,U+8B43,譃,08b43,0,unicode
후,U+9005,逅,09005,0,unicode
후,U+90C8,郈,090c8,0,unicode
후,U+9107,鄇,09107,0,unicode
후,U+9157,酗,09157,0,unicode
후,U+9931,餱,09931,0,unicode
후,,,a01b5,A,internal_code_A
후,,,a0275,A,internal_code_A
훈,U+52DB,勛,052db,0,unicode
훈,U+52F2,勲,052f2,0,unicode
훈,U+52F3,勳,052f3,0,unicode
훈,U+5864,塤,05864,0,unicode
훈,U+58CE,壎,058ce,0,unicode
훈,U+6688,暈,06688,0,unicode
훈,U+66DB,曛,066db,0,unicode
훈,U+7104,焄,07104,0,unicode
훈,U+7147,煇,07147,0,unicode
훈,U+718F,熏,0718f,0,unicode
훈,U+71FB,燻,071fb,0,unicode
훈,U+736F,獯,0736f,0,unicode
훈,U+7E81,纁,07e81,0,unicode
훈,U+8477,葷,08477,0,unicode
훈,U+85AB,薫,085ab,0,unicode
훈,U+85B0,薰,085b0,0,unicode
훈,U+860D,蘍,0860d,0,unicode
훈,U+8A13,訓,08a13,0,unicode
훈,U+9442,鑂,09442,0,unicode
훈,U+242F1,𤋱,242f1,2,unicode
훈,,,a020f,A,internal_code_A
훈,,,a026c,A,internal_code_A
훈,,,a02d6,A,internal_code_A
훈,U+F17B8,,f17b8,F,private_use_F
훌,U+6B3B,欻,06b3b,0,unicode
훙,U+85A8,薨,085a8,0,unicode
훙,,,a0210,A,internal_code_A
훤,U+55A7,喧,055a7,0,unicode
훤,U+6103,愃,06103,0,unicode
훤,U+660D,昍,0660d,0,unicode
훤,U+6684,暄,06684,0,unicode
훤,U+70DC,烜,070dc,0,unicode
훤,U+714A,煊,0714a,0,unicode
훤,U+8431,萱,08431,0,unicode
훤,U+8AE0,諠,08ae0,0,unicode
훤,U+8AFC,諼,08afc,0,unicode
훤,U+8B99,讙,08b99,0,unicode
훤,,,a0211,A,internal_code_A
훼,U+5349,卉,05349,0,unicode
훼,U+5599,喙,05599,0,unicode
훼,U+6BC0,毀,06bc0,0,unicode
훼,U+6BC1,毁,06bc1,0,unicode
훼,U+71EC,燬,071ec,0,unicode
훼,U+8294,芔,08294,0,unicode
훼,U+867A,虺,0867a,0,unicode
훼,,,a0256,A,internal_code_A
휘,U+5F59,彙,05f59,0,unicode
휘,U+5FBD,徽,05fbd,0,unicode
휘,U+63EE,揮,063ee,0,unicode
휘,U+649D,撝,0649d,0,unicode
휘,U+6689,暉,06689,0,unicode
휘,U+694E,楎,0694e,0,unicode
휘,U+7147,煇,07147,0,unicode
휘,U+7152,煒,07152,0,unicode
휘,U+7FEC,翬,07fec,0,unicode
휘,U+8AF1,諱,08af1,0,unicode
휘,U+8F1D,輝,08f1d,0,unicode
휘,U+9EBE,麾,09ebe,0,unicode
휴,U+4F11,休,04f11,0,unicode
휴,U+54BB,咻,054bb,0,unicode
휴,U+5EA5,庥,05ea5,0,unicode
휴,U+643A,携,0643a,0,unicode
휴,U+651C,攜,0651c,0,unicode
휴,U+70CB,烋,070cb,0,unicode
휴,U+7566,畦,07566,0,unicode
휴,U+8667,虧,08667,0,unicode
휴,U+96B3,隳,096b3,0,unicode
휴,U+9AF9,髹,09af9,0,unicode
휴,U+9D42,鵂,09d42,0,unicode
휼,U+5379,卹,05379,0,unicode
휼,U+6064,恤,06064,0,unicode
휼,U+8B4E,譎,08b4e,0,unicode
휼,U+9079,遹,09079,0,unicode
휼,U+940D,鐍,0940d,0,unicode
휼,U+9731,霱,09731,0,unicode
휼,U+9DF8,鷸,09df8,0,unicode
흉,U+5147,兇,05147,0,unicode
흉,U+51F6,凶,051f6,0,unicode
흉,U+5308,匈,05308,0,unicode
흉,U+605F,恟,0605f,0,unicode
흉,U+6D36,洶,06d36,0,unicode
흉,U+80F7,胷,080f7,0,unicode
흉,U+80F8,胸,080f8,0,unicode
흑,U+9ED1,黑,09ed1,0,unicode
흔,U+46E5,䛥,046e5,0,unicode
흔,U+4FFD,俽,04ffd,0,unicode
흔,U+59A1,妡,059a1,0,unicode
흔,U+5F88,很,05f88,0,unicode
흔,U+5FFB,忻,05ffb,0,unicode
흔,U+60DE,惞,060de,0,unicode
흔,U+62EB,拫,062eb,0,unicode
흔,U+6380,掀,06380,0,unicode
흔,U+6615,昕,06615,0,unicode
흔,U+6B23,欣,06b23,0,unicode
흔,U+7098,炘,07098,0,unicode
흔,U+712E,焮,0712e,0,unicode
흔,U+75D5,痕,075d5,0,unicode
흔,U+91C1,釁,091c1,0,unicode
흘,U+4EE1,仡,04ee1,0,unicode
흘,U+5403,吃,05403,0,unicode
흘,U+5C79,屹,05c79,0,unicode
흘,U+6C54,汔,06c54,0,unicode
흘,U+7599,疙,07599,0,unicode
흘,U+7D07,紇,07d07,0,unicode
흘,U+8A16,訖,08a16,0,unicode
흘,U+8FC4,迄,08fc4,0,unicode
흘,U+9F55,齕,09f55,0,unicode
흠,U+5EDE,廞,05ede,0,unicode
흠,U+6B20,欠,06b20,0,unicode
흠,U+6B3D,欽,06b3d,0,unicode
흠,U+6B46,歆,06b46,0,unicode
흠,U+946B,鑫,0946b,0,unicode
흡,U+5438,吸,05438,0,unicode
흡,U+564F,噏,0564f,0,unicode
흡,U+6070,恰,06070,0,unicode
흡,U+6B59,歙,06b59,0,unicode
흡,U+6D3D,洽,06d3d,0,unicode
흡,U+6F5D,潝,06f5d,0,unicode
흡,U+7FD5,翕,07fd5,0,unicode
흡,U+7FD6,翖,07fd6,0,unicode
흥,U+8208,興,08208,0,unicode
희,U+372F,㜯,0372f,0,unicode
희,U+3C46,㱆,03c46,0,unicode
희,U+46E5,䛥,046e5,0,unicode
희,U+4FD9,俙,04fd9,0,unicode
희,U+50D6,僖,050d6,0,unicode
희,U+51DE,凞,051de,0,unicode
희,U+54A5,咥,054a5,0,unicode
희,U+550F,唏,0550f,0,unicode
희,U+559C,喜,0559c,0,unicode
희,U+563B,嘻,0563b,0,unicode
희,U+566B,噫,0566b,0,unicode
희,U+56CD,囍,056cd,0,unicode
희,U+59EB,姫,059eb,0,unicode
희,U+5B09,嬉,05b09,0,unicode
희,U+5C6D,屭,05c6d,0,unicode
희,U+5DF8,巸,05df8,0,unicode
희,U+5E0C,希,05e0c,0,unicode
희,U+6095,悕,06095,0,unicode
희,U+6198,憘,06198,0,unicode
희,U+6199,憙,06199,0,unicode
희,U+6231,戱,06231,0,unicode
희,U+6232,戲,06232,0,unicode
희,U+665E,晞,0665e,0,unicode
희,U+66BF,暿,066bf,0,unicode
희,U+66E6,曦,066e6,0,unicode
희,U+6878,桸,06878,0,unicode
희,U+6A72,橲,06a72,0,unicode
희,U+6B37,欷,06b37,0,unicode
희,U+6B56,歖,06b56,0,unicode
희,U+70EF,烯,070ef,0,unicode
희,U+7155,煕,07155,0,unicode
희,U+7182,熂,07182,0,unicode
희,U+7188,熈,07188,0,unicode
희,U+7199,熙,07199,0,unicode
희,U+71B9,熹,071b9,0,unicode
희,U+71BA,熺,071ba,0,unicode
희,U+71F9,燹,071f9,0,unicode
희,U+7214,爔,07214,0,unicode
희,U+72A7,犧,072a7,0,unicode
희,U+740B,琋,0740b,0,unicode
희,U+774E,睎,0774e,0,unicode
희,U+79A7,禧,079a7,0,unicode
희,U+7A00,稀,07a00,0,unicode
희,U+7E65,繥,07e65,0,unicode
희,U+7FB2,羲,07fb2,0,unicode
희,U+8383,莃,08383,0,unicode
희,U+8A92,誒,08a92,0,unicode
희,U+8B46,譆,08b46,0,unicode
희,U+8C68,豨,08c68,0,unicode
희,U+993C,餼,0993c,0,unicode
희,,,a0050,A,internal_code_A
희,U+F347D,,f347d,F,private_use_F
히,U+5C4E,屎,05c4e,0,unicode
힐,U+6B2F,欯,06b2f,0,unicode
힐,U+72B5,犵,072b5,0,unicode
힐,U+7E88,纈,07e88,0,unicode
힐,U+896D,襭,0896d,0,unicode
힐,U+8A70,詰,08a70,0,unicode
힐,U+9821,頡,09821,0,unicode
힐,U+9EE0,黠,09ee0,0,unicode
늘,U+4E7B,乻,04e7b,0,unicode
녈,U+6D85,涅,06d85,0,unicode
놜,U+8C80,貀,08c80,0,unicode
휵,U+6149,慉,06149,0,unicode
